C:\Users\hitbo\Downloads\Navine AI\navine\image\model.py:245: UserWarning: enable_nested_tensor is True, but self.use_nested_tensor is False because encoder_layer.norm_first was True
  self.encoder = nn.TransformerEncoder(layer, num_layers=num_layers)

Training Navine AI Image:   0%|          | 0/4000 [00:00<?, ?it/s]
Training Navine AI Image:   0%|          | 1/4000 [00:32<35:44:30, 32.18s/it]
Training Navine AI Image:   0%|          | 1/4000 [00:32<35:44:30, 32.18s/it, loss=1.1212]
Training Navine AI Image:   0%|          | 2/4000 [00:32<15:05:43, 13.59s/it, loss=1.1212]
Training Navine AI Image:   0%|          | 2/4000 [00:32<15:05:43, 13.59s/it, loss=1.1704]
Training Navine AI Image:   0%|          | 3/4000 [00:33<8:27:21,  7.62s/it, loss=1.1704] 
Training Navine AI Image:   0%|          | 3/4000 [00:33<8:27:21,  7.62s/it, loss=0.8219]
Training Navine AI Image:   0%|          | 4/4000 [00:33<5:21:46,  4.83s/it, loss=0.8219]
Training Navine AI Image:   0%|          | 4/4000 [00:33<5:21:46,  4.83s/it, loss=0.7411]
Training Navine AI Image:   0%|          | 5/4000 [00:34<3:39:03,  3.29s/it, loss=0.7411]
Training Navine AI Image:   0%|          | 5/4000 [00:34<3:39:03,  3.29s/it, loss=0.6695]
Training Navine AI Image:   0%|          | 6/4000 [00:34<2:37:35,  2.37s/it, loss=0.6695]
Training Navine AI Image:   0%|          | 6/4000 [00:35<2:37:35,  2.37s/it, loss=0.5036]
Training Navine AI Image:   0%|          | 7/4000 [00:35<1:59:13,  1.79s/it, loss=0.5036]
Training Navine AI Image:   0%|          | 7/4000 [00:35<1:59:13,  1.79s/it, loss=0.4805]
Training Navine AI Image:   0%|          | 8/4000 [00:36<1:33:55,  1.41s/it, loss=0.4805]
Training Navine AI Image:   0%|          | 8/4000 [00:36<1:33:55,  1.41s/it, loss=0.4272]
Training Navine AI Image:   0%|          | 9/4000 [00:36<1:17:10,  1.16s/it, loss=0.4272]
Training Navine AI Image:   0%|          | 9/4000 [00:36<1:17:10,  1.16s/it, loss=0.2931]
Training Navine AI Image:   0%|          | 10/4000 [00:37<1:03:47,  1.04it/s, loss=0.2931]
Training Navine AI Image:   0%|          | 10/4000 [00:37<1:03:47,  1.04it/s, loss=0.1336]
Training Navine AI Image:   0%|          | 11/4000 [00:37<55:44,  1.19it/s, loss=0.1336]  
Training Navine AI Image:   0%|          | 11/4000 [00:37<55:44,  1.19it/s, loss=0.0999]
Training Navine AI Image:   0%|          | 12/4000 [00:38<50:13,  1.32it/s, loss=0.0999]
Training Navine AI Image:   0%|          | 12/4000 [00:38<50:13,  1.32it/s, loss=0.1199]
Training Navine AI Image:   0%|          | 13/4000 [00:39<47:26,  1.40it/s, loss=0.1199]
Training Navine AI Image:   0%|          | 13/4000 [00:39<47:26,  1.40it/s, loss=0.2217]
Training Navine AI Image:   0%|          | 14/4000 [00:39<44:44,  1.48it/s, loss=0.2217]
Training Navine AI Image:   0%|          | 14/4000 [00:39<44:44,  1.48it/s, loss=0.1308]
Training Navine AI Image:   0%|          | 15/4000 [00:40<42:50,  1.55it/s, loss=0.1308]
Training Navine AI Image:   0%|          | 15/4000 [00:40<42:50,  1.55it/s, loss=0.1257]
Training Navine AI Image:   0%|          | 16/4000 [00:40<42:00,  1.58it/s, loss=0.1257]
Training Navine AI Image:   0%|          | 16/4000 [00:40<42:00,  1.58it/s, loss=0.1697]
Training Navine AI Image:   0%|          | 17/4000 [00:41<39:41,  1.67it/s, loss=0.1697]
Training Navine AI Image:   0%|          | 17/4000 [00:41<39:41,  1.67it/s, loss=0.0877]
Training Navine AI Image:   0%|          | 18/4000 [00:41<38:47,  1.71it/s, loss=0.0877]
Training Navine AI Image:   0%|          | 18/4000 [00:41<38:47,  1.71it/s, loss=0.1501]
Training Navine AI Image:   0%|          | 19/4000 [00:42<38:18,  1.73it/s, loss=0.1501]
Training Navine AI Image:   0%|          | 19/4000 [00:42<38:18,  1.73it/s, loss=0.0972]
Training Navine AI Image:   0%|          | 20/4000 [00:42<38:06,  1.74it/s, loss=0.0972]
Training Navine AI Image:   0%|          | 20/4000 [00:43<38:06,  1.74it/s, loss=0.1157]
Training Navine AI Image:   1%|          | 21/4000 [00:43<37:30,  1.77it/s, loss=0.1157]
Training Navine AI Image:   1%|          | 21/4000 [00:43<37:30,  1.77it/s, loss=0.1061]
Training Navine AI Image:   1%|          | 22/4000 [00:44<37:59,  1.75it/s, loss=0.1061]
Training Navine AI Image:   1%|          | 22/4000 [00:44<37:59,  1.75it/s, loss=0.0752]
Training Navine AI Image:   1%|          | 23/4000 [00:44<36:45,  1.80it/s, loss=0.0752]
Training Navine AI Image:   1%|          | 23/4000 [00:44<36:45,  1.80it/s, loss=0.0819]
Training Navine AI Image:   1%|          | 24/4000 [00:45<37:02,  1.79it/s, loss=0.0819]
Training Navine AI Image:   1%|          | 24/4000 [00:45<37:02,  1.79it/s, loss=0.0634]
Training Navine AI Image:   1%|          | 25/4000 [00:45<38:57,  1.70it/s, loss=0.0634]
Training Navine AI Image:   1%|          | 25/4000 [00:45<38:57,  1.70it/s, loss=0.0706]
Training Navine AI Image:   1%|          | 26/4000 [00:46<38:23,  1.73it/s, loss=0.0706]
Training Navine AI Image:   1%|          | 26/4000 [00:46<38:23,  1.73it/s, loss=0.0599]
Training Navine AI Image:   1%|          | 27/4000 [00:46<37:41,  1.76it/s, loss=0.0599]
Training Navine AI Image:   1%|          | 27/4000 [00:47<37:41,  1.76it/s, loss=0.2692]
Training Navine AI Image:   1%|          | 28/4000 [00:47<37:40,  1.76it/s, loss=0.2692]
Training Navine AI Image:   1%|          | 28/4000 [00:47<37:40,  1.76it/s, loss=0.0585]
Training Navine AI Image:   1%|          | 29/4000 [00:48<37:58,  1.74it/s, loss=0.0585]
Training Navine AI Image:   1%|          | 29/4000 [00:48<37:58,  1.74it/s, loss=0.0664]
Training Navine AI Image:   1%|          | 30/4000 [00:48<37:20,  1.77it/s, loss=0.0664]
Training Navine AI Image:   1%|          | 30/4000 [00:48<37:20,  1.77it/s, loss=0.0491]
Training Navine AI Image:   1%|          | 31/4000 [00:49<37:05,  1.78it/s, loss=0.0491]
Training Navine AI Image:   1%|          | 31/4000 [00:49<37:05,  1.78it/s, loss=0.0719]
Training Navine AI Image:   1%|          | 32/4000 [00:49<37:09,  1.78it/s, loss=0.0719]
Training Navine AI Image:   1%|          | 32/4000 [00:49<37:09,  1.78it/s, loss=0.0548]
Training Navine AI Image:   1%|          | 33/4000 [00:50<37:27,  1.77it/s, loss=0.0548]
Training Navine AI Image:   1%|          | 33/4000 [00:50<37:27,  1.77it/s, loss=0.0752]
Training Navine AI Image:   1%|          | 34/4000 [00:50<38:03,  1.74it/s, loss=0.0752]
Training Navine AI Image:   1%|          | 34/4000 [00:50<38:03,  1.74it/s, loss=0.0604]
Training Navine AI Image:   1%|          | 35/4000 [00:51<36:31,  1.81it/s, loss=0.0604]
Training Navine AI Image:   1%|          | 35/4000 [00:51<36:31,  1.81it/s, loss=0.0621]
Training Navine AI Image:   1%|          | 36/4000 [00:52<36:42,  1.80it/s, loss=0.0621]
Training Navine AI Image:   1%|          | 36/4000 [00:52<36:42,  1.80it/s, loss=0.0952]
Training Navine AI Image:   1%|          | 37/4000 [00:52<36:39,  1.80it/s, loss=0.0952]
Training Navine AI Image:   1%|          | 37/4000 [00:52<36:39,  1.80it/s, loss=0.0448]
Training Navine AI Image:   1%|          | 38/4000 [00:53<36:52,  1.79it/s, loss=0.0448]
Training Navine AI Image:   1%|          | 38/4000 [00:53<36:52,  1.79it/s, loss=0.0537]
Training Navine AI Image:   1%|          | 39/4000 [00:53<37:55,  1.74it/s, loss=0.0537]
Training Navine AI Image:   1%|          | 39/4000 [00:53<37:55,  1.74it/s, loss=0.0444]
Training Navine AI Image:   1%|1         | 40/4000 [00:54<37:20,  1.77it/s, loss=0.0444]
Training Navine AI Image:   1%|1         | 40/4000 [00:54<37:20,  1.77it/s, loss=0.0816]
Training Navine AI Image:   1%|1         | 41/4000 [00:54<36:20,  1.82it/s, loss=0.0816]
Training Navine AI Image:   1%|1         | 41/4000 [00:54<36:20,  1.82it/s, loss=0.0435]
Training Navine AI Image:   1%|1         | 42/4000 [00:55<36:28,  1.81it/s, loss=0.0435]
Training Navine AI Image:   1%|1         | 42/4000 [00:55<36:28,  1.81it/s, loss=0.0464]
Training Navine AI Image:   1%|1         | 43/4000 [00:55<37:50,  1.74it/s, loss=0.0464]
Training Navine AI Image:   1%|1         | 43/4000 [00:55<37:50,  1.74it/s, loss=0.0560]
Training Navine AI Image:   1%|1         | 44/4000 [00:56<36:45,  1.79it/s, loss=0.0560]
Training Navine AI Image:   1%|1         | 44/4000 [00:56<36:45,  1.79it/s, loss=0.0478]
Training Navine AI Image:   1%|1         | 45/4000 [00:57<36:43,  1.79it/s, loss=0.0478]
Training Navine AI Image:   1%|1         | 45/4000 [00:57<36:43,  1.79it/s, loss=0.0478]
Training Navine AI Image:   1%|1         | 46/4000 [00:57<36:53,  1.79it/s, loss=0.0478]
Training Navine AI Image:   1%|1         | 46/4000 [00:57<36:53,  1.79it/s, loss=0.0433]
Training Navine AI Image:   1%|1         | 47/4000 [00:58<37:15,  1.77it/s, loss=0.0433]
Training Navine AI Image:   1%|1         | 47/4000 [00:58<37:15,  1.77it/s, loss=0.0580]
Training Navine AI Image:   1%|1         | 48/4000 [00:58<38:09,  1.73it/s, loss=0.0580]
Training Navine AI Image:   1%|1         | 48/4000 [00:58<38:09,  1.73it/s, loss=0.0705]
Training Navine AI Image:   1%|1         | 49/4000 [00:59<36:34,  1.80it/s, loss=0.0705]
Training Navine AI Image:   1%|1         | 49/4000 [00:59<36:34,  1.80it/s, loss=0.0427]
Training Navine AI Image:   1%|1         | 50/4000 [00:59<37:03,  1.78it/s, loss=0.0427]
Training Navine AI Image:   1%|1         | 50/4000 [00:59<37:03,  1.78it/s, loss=0.0582]
Training Navine AI Image:   1%|1         | 51/4000 [01:00<36:59,  1.78it/s, loss=0.0582]
Training Navine AI Image:   1%|1         | 51/4000 [01:00<36:59,  1.78it/s, loss=0.0584]
Training Navine AI Image:   1%|1         | 52/4000 [01:01<37:48,  1.74it/s, loss=0.0584]
Training Navine AI Image:   1%|1         | 52/4000 [01:01<37:48,  1.74it/s, loss=0.0367]
Training Navine AI Image:   1%|1         | 53/4000 [01:01<37:41,  1.75it/s, loss=0.0367]
Training Navine AI Image:   1%|1         | 53/4000 [01:01<37:41,  1.75it/s, loss=0.0615]
Training Navine AI Image:   1%|1         | 54/4000 [01:02<36:41,  1.79it/s, loss=0.0615]
Training Navine AI Image:   1%|1         | 54/4000 [01:02<36:41,  1.79it/s, loss=0.0594]
Training Navine AI Image:   1%|1         | 55/4000 [01:02<36:53,  1.78it/s, loss=0.0594]
Training Navine AI Image:   1%|1         | 55/4000 [01:02<36:53,  1.78it/s, loss=0.0769]
Training Navine AI Image:   1%|1         | 56/4000 [01:03<36:56,  1.78it/s, loss=0.0769]
Training Navine AI Image:   1%|1         | 56/4000 [01:03<36:56,  1.78it/s, loss=0.0348]
Training Navine AI Image:   1%|1         | 57/4000 [01:03<36:57,  1.78it/s, loss=0.0348]
Training Navine AI Image:   1%|1         | 57/4000 [01:03<36:57,  1.78it/s, loss=0.0432]
Training Navine AI Image:   1%|1         | 58/4000 [01:04<36:46,  1.79it/s, loss=0.0432]
Training Navine AI Image:   1%|1         | 58/4000 [01:04<36:46,  1.79it/s, loss=0.0319]
Training Navine AI Image:   1%|1         | 59/4000 [01:04<36:44,  1.79it/s, loss=0.0319]
Training Navine AI Image:   1%|1         | 59/4000 [01:05<36:44,  1.79it/s, loss=0.0343]
Training Navine AI Image:   2%|1         | 60/4000 [01:05<36:40,  1.79it/s, loss=0.0343]
Training Navine AI Image:   2%|1         | 60/4000 [01:05<36:40,  1.79it/s, loss=0.0436]
Training Navine AI Image:   2%|1         | 61/4000 [01:06<37:52,  1.73it/s, loss=0.0436]
Training Navine AI Image:   2%|1         | 61/4000 [01:06<37:52,  1.73it/s, loss=0.0696]
Training Navine AI Image:   2%|1         | 62/4000 [01:06<36:56,  1.78it/s, loss=0.0696]
Training Navine AI Image:   2%|1         | 62/4000 [01:06<36:56,  1.78it/s, loss=0.0389]
Training Navine AI Image:   2%|1         | 63/4000 [01:07<36:44,  1.79it/s, loss=0.0389]
Training Navine AI Image:   2%|1         | 63/4000 [01:07<36:44,  1.79it/s, loss=0.0336]
Training Navine AI Image:   2%|1         | 64/4000 [01:07<36:23,  1.80it/s, loss=0.0336]
Training Navine AI Image:   2%|1         | 64/4000 [01:07<36:23,  1.80it/s, loss=0.0295]
Training Navine AI Image:   2%|1         | 65/4000 [01:08<36:39,  1.79it/s, loss=0.0295]
Training Navine AI Image:   2%|1         | 65/4000 [01:08<36:39,  1.79it/s, loss=0.0305]
Training Navine AI Image:   2%|1         | 66/4000 [01:08<38:11,  1.72it/s, loss=0.0305]
Training Navine AI Image:   2%|1         | 66/4000 [01:08<38:11,  1.72it/s, loss=0.1569]
Training Navine AI Image:   2%|1         | 67/4000 [01:09<37:11,  1.76it/s, loss=0.1569]
Training Navine AI Image:   2%|1         | 67/4000 [01:09<37:11,  1.76it/s, loss=0.0383]
Training Navine AI Image:   2%|1         | 68/4000 [01:10<36:54,  1.78it/s, loss=0.0383]
Training Navine AI Image:   2%|1         | 68/4000 [01:10<36:54,  1.78it/s, loss=0.0371]
Training Navine AI Image:   2%|1         | 69/4000 [01:10<37:00,  1.77it/s, loss=0.0371]
Training Navine AI Image:   2%|1         | 69/4000 [01:10<37:00,  1.77it/s, loss=0.0745]
Training Navine AI Image:   2%|1         | 70/4000 [01:11<37:43,  1.74it/s, loss=0.0745]
Training Navine AI Image:   2%|1         | 70/4000 [01:11<37:43,  1.74it/s, loss=0.0525]
Training Navine AI Image:   2%|1         | 71/4000 [01:12<45:36,  1.44it/s, loss=0.0525]
Training Navine AI Image:   2%|1         | 71/4000 [01:12<45:36,  1.44it/s, loss=0.0669]
Training Navine AI Image:   2%|1         | 72/4000 [01:12<43:02,  1.52it/s, loss=0.0669]
Training Navine AI Image:   2%|1         | 72/4000 [01:12<43:02,  1.52it/s, loss=0.0562]
Training Navine AI Image:   2%|1         | 73/4000 [01:13<40:53,  1.60it/s, loss=0.0562]
Training Navine AI Image:   2%|1         | 73/4000 [01:13<40:53,  1.60it/s, loss=0.0326]
Training Navine AI Image:   2%|1         | 74/4000 [01:13<40:15,  1.63it/s, loss=0.0326]
Training Navine AI Image:   2%|1         | 74/4000 [01:13<40:15,  1.63it/s, loss=0.0495]
Training Navine AI Image:   2%|1         | 75/4000 [01:14<38:45,  1.69it/s, loss=0.0495]
Training Navine AI Image:   2%|1         | 75/4000 [01:14<38:45,  1.69it/s, loss=0.0444]
Training Navine AI Image:   2%|1         | 76/4000 [01:15<38:10,  1.71it/s, loss=0.0444]
Training Navine AI Image:   2%|1         | 76/4000 [01:15<38:10,  1.71it/s, loss=0.0355]
Training Navine AI Image:   2%|1         | 77/4000 [01:15<38:06,  1.72it/s, loss=0.0355]
Training Navine AI Image:   2%|1         | 77/4000 [01:15<38:06,  1.72it/s, loss=0.0381]
Training Navine AI Image:   2%|1         | 78/4000 [01:16<45:45,  1.43it/s, loss=0.0381]
Training Navine AI Image:   2%|1         | 78/4000 [01:16<45:45,  1.43it/s, loss=0.0294]
Training Navine AI Image:   2%|1         | 79/4000 [01:17<44:32,  1.47it/s, loss=0.0294]
Training Navine AI Image:   2%|1         | 79/4000 [01:17<44:32,  1.47it/s, loss=0.0849]
Training Navine AI Image:   2%|2         | 80/4000 [01:17<42:27,  1.54it/s, loss=0.0849]
Training Navine AI Image:   2%|2         | 80/4000 [01:17<42:27,  1.54it/s, loss=0.0684]
Training Navine AI Image:   2%|2         | 81/4000 [01:18<42:02,  1.55it/s, loss=0.0684]
Training Navine AI Image:   2%|2         | 81/4000 [01:18<42:02,  1.55it/s, loss=0.0368]
Training Navine AI Image:   2%|2         | 82/4000 [01:18<39:47,  1.64it/s, loss=0.0368]
Training Navine AI Image:   2%|2         | 82/4000 [01:18<39:47,  1.64it/s, loss=0.0972]
Training Navine AI Image:   2%|2         | 83/4000 [01:19<38:40,  1.69it/s, loss=0.0972]
Training Navine AI Image:   2%|2         | 83/4000 [01:19<38:40,  1.69it/s, loss=0.0270]
Training Navine AI Image:   2%|2         | 84/4000 [01:20<38:08,  1.71it/s, loss=0.0270]
Training Navine AI Image:   2%|2         | 84/4000 [01:20<38:08,  1.71it/s, loss=0.0326]
Training Navine AI Image:   2%|2         | 85/4000 [01:20<39:24,  1.66it/s, loss=0.0326]
Training Navine AI Image:   2%|2         | 85/4000 [01:20<39:24,  1.66it/s, loss=0.0576]
Training Navine AI Image:   2%|2         | 86/4000 [01:21<38:28,  1.70it/s, loss=0.0576]
Training Navine AI Image:   2%|2         | 86/4000 [01:21<38:28,  1.70it/s, loss=0.0356]
Training Navine AI Image:   2%|2         | 87/4000 [01:21<38:32,  1.69it/s, loss=0.0356]
Training Navine AI Image:   2%|2         | 87/4000 [01:21<38:32,  1.69it/s, loss=0.0527]
Training Navine AI Image:   2%|2         | 88/4000 [01:22<37:25,  1.74it/s, loss=0.0527]
Training Navine AI Image:   2%|2         | 88/4000 [01:22<37:25,  1.74it/s, loss=0.0328]
Training Navine AI Image:   2%|2         | 89/4000 [01:23<44:19,  1.47it/s, loss=0.0328]
Training Navine AI Image:   2%|2         | 89/4000 [01:23<44:19,  1.47it/s, loss=0.0245]
Training Navine AI Image:   2%|2         | 90/4000 [01:23<42:17,  1.54it/s, loss=0.0245]
Training Navine AI Image:   2%|2         | 90/4000 [01:23<42:17,  1.54it/s, loss=0.0339]
Training Navine AI Image:   2%|2         | 91/4000 [01:24<41:25,  1.57it/s, loss=0.0339]
Training Navine AI Image:   2%|2         | 91/4000 [01:24<41:25,  1.57it/s, loss=0.0333]
Training Navine AI Image:   2%|2         | 92/4000 [01:25<39:13,  1.66it/s, loss=0.0333]
Training Navine AI Image:   2%|2         | 92/4000 [01:25<39:13,  1.66it/s, loss=0.0600]
Training Navine AI Image:   2%|2         | 93/4000 [01:25<38:50,  1.68it/s, loss=0.0600]
Training Navine AI Image:   2%|2         | 93/4000 [01:25<38:50,  1.68it/s, loss=0.0349]
Training Navine AI Image:   2%|2         | 94/4000 [01:26<38:01,  1.71it/s, loss=0.0349]
Training Navine AI Image:   2%|2         | 94/4000 [01:26<38:01,  1.71it/s, loss=0.0354]
Training Navine AI Image:   2%|2         | 95/4000 [01:26<37:32,  1.73it/s, loss=0.0354]
Training Navine AI Image:   2%|2         | 95/4000 [01:26<37:32,  1.73it/s, loss=0.0295]
Training Navine AI Image:   2%|2         | 96/4000 [01:27<37:32,  1.73it/s, loss=0.0295]
Training Navine AI Image:   2%|2         | 96/4000 [01:27<37:32,  1.73it/s, loss=0.0710]
Training Navine AI Image:   2%|2         | 97/4000 [01:27<37:36,  1.73it/s, loss=0.0710]
Training Navine AI Image:   2%|2         | 97/4000 [01:27<37:36,  1.73it/s, loss=0.0340]
Training Navine AI Image:   2%|2         | 98/4000 [01:28<37:16,  1.74it/s, loss=0.0340]
Training Navine AI Image:   2%|2         | 98/4000 [01:28<37:16,  1.74it/s, loss=0.0255]
Training Navine AI Image:   2%|2         | 99/4000 [01:29<38:28,  1.69it/s, loss=0.0255]
Training Navine AI Image:   2%|2         | 99/4000 [01:29<38:28,  1.69it/s, loss=0.0378]
Training Navine AI Image:   2%|2         | 100/4000 [01:29<37:22,  1.74it/s, loss=0.0378]
Training Navine AI Image:   2%|2         | 100/4000 [01:29<37:22,  1.74it/s, loss=0.0356]
Training Navine AI Image:   3%|2         | 101/4000 [01:30<37:24,  1.74it/s, loss=0.0356]
Training Navine AI Image:   3%|2         | 101/4000 [01:30<37:24,  1.74it/s, loss=0.0238]
Training Navine AI Image:   3%|2         | 102/4000 [01:30<37:08,  1.75it/s, loss=0.0238]
Training Navine AI Image:   3%|2         | 102/4000 [01:30<37:08,  1.75it/s, loss=0.0314]
Training Navine AI Image:   3%|2         | 103/4000 [01:31<37:36,  1.73it/s, loss=0.0314]
Training Navine AI Image:   3%|2         | 103/4000 [01:31<37:36,  1.73it/s, loss=0.0303]
Training Navine AI Image:   3%|2         | 104/4000 [01:31<37:02,  1.75it/s, loss=0.0303]
Training Navine AI Image:   3%|2         | 104/4000 [01:31<37:02,  1.75it/s, loss=0.0337]
Training Navine AI Image:   3%|2         | 105/4000 [01:32<36:45,  1.77it/s, loss=0.0337]
Training Navine AI Image:   3%|2         | 105/4000 [01:32<36:45,  1.77it/s, loss=0.0609]
Training Navine AI Image:   3%|2         | 106/4000 [01:32<35:40,  1.82it/s, loss=0.0609]
Training Navine AI Image:   3%|2         | 106/4000 [01:33<35:40,  1.82it/s, loss=0.0333]
Training Navine AI Image:   3%|2         | 107/4000 [01:33<39:06,  1.66it/s, loss=0.0333]
Training Navine AI Image:   3%|2         | 107/4000 [01:33<39:06,  1.66it/s, loss=0.0642]
Training Navine AI Image:   3%|2         | 108/4000 [01:34<39:09,  1.66it/s, loss=0.0642]
Training Navine AI Image:   3%|2         | 108/4000 [01:34<39:09,  1.66it/s, loss=0.0363]
Training Navine AI Image:   3%|2         | 109/4000 [01:34<38:33,  1.68it/s, loss=0.0363]
Training Navine AI Image:   3%|2         | 109/4000 [01:34<38:33,  1.68it/s, loss=0.0249]
Training Navine AI Image:   3%|2         | 110/4000 [01:35<38:06,  1.70it/s, loss=0.0249]
Training Navine AI Image:   3%|2         | 110/4000 [01:35<38:06,  1.70it/s, loss=0.0527]
Training Navine AI Image:   3%|2         | 111/4000 [01:36<37:38,  1.72it/s, loss=0.0527]
Training Navine AI Image:   3%|2         | 111/4000 [01:36<37:38,  1.72it/s, loss=0.0244]
Training Navine AI Image:   3%|2         | 112/4000 [01:36<37:10,  1.74it/s, loss=0.0244]
Training Navine AI Image:   3%|2         | 112/4000 [01:36<37:10,  1.74it/s, loss=0.0216]
Training Navine AI Image:   3%|2         | 113/4000 [01:37<37:31,  1.73it/s, loss=0.0216]
Training Navine AI Image:   3%|2         | 113/4000 [01:37<37:31,  1.73it/s, loss=0.0386]
Training Navine AI Image:   3%|2         | 114/4000 [01:37<36:29,  1.77it/s, loss=0.0386]
Training Navine AI Image:   3%|2         | 114/4000 [01:37<36:29,  1.77it/s, loss=0.0357]
Training Navine AI Image:   3%|2         | 115/4000 [01:38<36:35,  1.77it/s, loss=0.0357]
Training Navine AI Image:   3%|2         | 115/4000 [01:38<36:35,  1.77it/s, loss=0.0250]
Training Navine AI Image:   3%|2         | 116/4000 [01:38<37:39,  1.72it/s, loss=0.0250]
Training Navine AI Image:   3%|2         | 116/4000 [01:38<37:39,  1.72it/s, loss=0.0188]
Training Navine AI Image:   3%|2         | 117/4000 [01:39<37:02,  1.75it/s, loss=0.0188]
Training Navine AI Image:   3%|2         | 117/4000 [01:39<37:02,  1.75it/s, loss=0.0224]
Training Navine AI Image:   3%|2         | 118/4000 [01:40<37:01,  1.75it/s, loss=0.0224]
Training Navine AI Image:   3%|2         | 118/4000 [01:40<37:01,  1.75it/s, loss=0.0211]
Training Navine AI Image:   3%|2         | 119/4000 [01:40<36:48,  1.76it/s, loss=0.0211]
Training Navine AI Image:   3%|2         | 119/4000 [01:40<36:48,  1.76it/s, loss=0.0402]
Training Navine AI Image:   3%|3         | 120/4000 [01:41<36:59,  1.75it/s, loss=0.0402]
Training Navine AI Image:   3%|3         | 120/4000 [01:41<36:59,  1.75it/s, loss=0.0253]
Training Navine AI Image:   3%|3         | 121/4000 [01:41<36:15,  1.78it/s, loss=0.0253]
Training Navine AI Image:   3%|3         | 121/4000 [01:41<36:15,  1.78it/s, loss=0.1161]
Training Navine AI Image:   3%|3         | 122/4000 [01:42<36:08,  1.79it/s, loss=0.1161]
Training Navine AI Image:   3%|3         | 122/4000 [01:42<36:08,  1.79it/s, loss=0.0280]
Training Navine AI Image:   3%|3         | 123/4000 [01:42<36:21,  1.78it/s, loss=0.0280]
Training Navine AI Image:   3%|3         | 123/4000 [01:42<36:21,  1.78it/s, loss=0.0196]
Training Navine AI Image:   3%|3         | 124/4000 [01:43<37:09,  1.74it/s, loss=0.0196]
Training Navine AI Image:   3%|3         | 124/4000 [01:43<37:09,  1.74it/s, loss=0.0211]
Training Navine AI Image:   3%|3         | 125/4000 [01:43<36:48,  1.75it/s, loss=0.0211]
Training Navine AI Image:   3%|3         | 125/4000 [01:43<36:48,  1.75it/s, loss=0.0248]
Training Navine AI Image:   3%|3         | 126/4000 [01:44<35:39,  1.81it/s, loss=0.0248]
Training Navine AI Image:   3%|3         | 126/4000 [01:44<35:39,  1.81it/s, loss=0.0685]
Training Navine AI Image:   3%|3         | 127/4000 [01:45<35:48,  1.80it/s, loss=0.0685]
Training Navine AI Image:   3%|3         | 127/4000 [01:45<35:48,  1.80it/s, loss=0.0191]
Training Navine AI Image:   3%|3         | 128/4000 [01:45<35:57,  1.79it/s, loss=0.0191]
Training Navine AI Image:   3%|3         | 128/4000 [01:45<35:57,  1.79it/s, loss=0.0370]
Training Navine AI Image:   3%|3         | 129/4000 [01:46<36:04,  1.79it/s, loss=0.0370]
Training Navine AI Image:   3%|3         | 129/4000 [01:46<36:04,  1.79it/s, loss=0.0280]
Training Navine AI Image:   3%|3         | 130/4000 [01:46<36:25,  1.77it/s, loss=0.0280]
Training Navine AI Image:   3%|3         | 130/4000 [01:46<36:25,  1.77it/s, loss=0.0337]
Training Navine AI Image:   3%|3         | 131/4000 [01:47<37:46,  1.71it/s, loss=0.0337]
Training Navine AI Image:   3%|3         | 131/4000 [01:47<37:46,  1.71it/s, loss=0.0287]
Training Navine AI Image:   3%|3         | 132/4000 [01:47<38:08,  1.69it/s, loss=0.0287]
Training Navine AI Image:   3%|3         | 132/4000 [01:47<38:08,  1.69it/s, loss=0.0511]
Training Navine AI Image:   3%|3         | 133/4000 [01:48<37:41,  1.71it/s, loss=0.0511]
Training Navine AI Image:   3%|3         | 133/4000 [01:48<37:41,  1.71it/s, loss=0.0243]
Training Navine AI Image:   3%|3         | 134/4000 [01:49<37:35,  1.71it/s, loss=0.0243]
Training Navine AI Image:   3%|3         | 134/4000 [01:49<37:35,  1.71it/s, loss=0.0227]
Training Navine AI Image:   3%|3         | 135/4000 [01:49<36:55,  1.74it/s, loss=0.0227]
Training Navine AI Image:   3%|3         | 135/4000 [01:49<36:55,  1.74it/s, loss=0.1859]
Training Navine AI Image:   3%|3         | 136/4000 [01:50<37:19,  1.73it/s, loss=0.1859]
Training Navine AI Image:   3%|3         | 136/4000 [01:50<37:19,  1.73it/s, loss=0.0392]
Training Navine AI Image:   3%|3         | 137/4000 [01:50<36:13,  1.78it/s, loss=0.0392]
Training Navine AI Image:   3%|3         | 137/4000 [01:50<36:13,  1.78it/s, loss=0.0449]
Training Navine AI Image:   3%|3         | 138/4000 [01:51<35:58,  1.79it/s, loss=0.0449]
Training Navine AI Image:   3%|3         | 138/4000 [01:51<35:58,  1.79it/s, loss=0.0196]
Training Navine AI Image:   3%|3         | 139/4000 [01:51<36:54,  1.74it/s, loss=0.0196]
Training Navine AI Image:   3%|3         | 139/4000 [01:52<36:54,  1.74it/s, loss=0.0630]
Training Navine AI Image:   4%|3         | 140/4000 [01:52<36:52,  1.74it/s, loss=0.0630]
Training Navine AI Image:   4%|3         | 140/4000 [01:52<36:52,  1.74it/s, loss=0.0226]
Training Navine AI Image:   4%|3         | 141/4000 [01:53<37:03,  1.74it/s, loss=0.0226]
Training Navine AI Image:   4%|3         | 141/4000 [01:53<37:03,  1.74it/s, loss=0.0177]
Training Navine AI Image:   4%|3         | 142/4000 [01:53<37:26,  1.72it/s, loss=0.0177]
Training Navine AI Image:   4%|3         | 142/4000 [01:53<37:26,  1.72it/s, loss=0.0277]
Training Navine AI Image:   4%|3         | 143/4000 [01:54<35:52,  1.79it/s, loss=0.0277]
Training Navine AI Image:   4%|3         | 143/4000 [01:54<35:52,  1.79it/s, loss=0.0881]
Training Navine AI Image:   4%|3         | 144/4000 [01:54<35:56,  1.79it/s, loss=0.0881]
Training Navine AI Image:   4%|3         | 144/4000 [01:54<35:56,  1.79it/s, loss=0.0247]
Training Navine AI Image:   4%|3         | 145/4000 [01:55<36:17,  1.77it/s, loss=0.0247]
Training Navine AI Image:   4%|3         | 145/4000 [01:55<36:17,  1.77it/s, loss=0.0186]
Training Navine AI Image:   4%|3         | 146/4000 [01:55<36:19,  1.77it/s, loss=0.0186]
Training Navine AI Image:   4%|3         | 146/4000 [01:55<36:19,  1.77it/s, loss=0.0163]
Training Navine AI Image:   4%|3         | 147/4000 [01:56<39:25,  1.63it/s, loss=0.0163]
Training Navine AI Image:   4%|3         | 147/4000 [01:56<39:25,  1.63it/s, loss=0.0178]
Training Navine AI Image:   4%|3         | 148/4000 [01:57<39:00,  1.65it/s, loss=0.0178]
Training Navine AI Image:   4%|3         | 148/4000 [01:57<39:00,  1.65it/s, loss=0.0531]
Training Navine AI Image:   4%|3         | 149/4000 [01:57<38:09,  1.68it/s, loss=0.0531]
Training Navine AI Image:   4%|3         | 149/4000 [01:57<38:09,  1.68it/s, loss=0.0352]
Training Navine AI Image:   4%|3         | 150/4000 [01:58<37:37,  1.71it/s, loss=0.0352]
Training Navine AI Image:   4%|3         | 150/4000 [01:58<37:37,  1.71it/s, loss=0.0756]
Training Navine AI Image:   4%|3         | 151/4000 [01:59<38:32,  1.66it/s, loss=0.0756]
Training Navine AI Image:   4%|3         | 151/4000 [01:59<38:32,  1.66it/s, loss=0.0428]
Training Navine AI Image:   4%|3         | 152/4000 [01:59<37:40,  1.70it/s, loss=0.0428]
Training Navine AI Image:   4%|3         | 152/4000 [01:59<37:40,  1.70it/s, loss=0.0310]
Training Navine AI Image:   4%|3         | 153/4000 [02:00<36:39,  1.75it/s, loss=0.0310]
Training Navine AI Image:   4%|3         | 153/4000 [02:00<36:39,  1.75it/s, loss=0.0231]
Training Navine AI Image:   4%|3         | 154/4000 [02:00<36:30,  1.76it/s, loss=0.0231]
Training Navine AI Image:   4%|3         | 154/4000 [02:00<36:30,  1.76it/s, loss=0.0172]
Training Navine AI Image:   4%|3         | 155/4000 [02:01<37:30,  1.71it/s, loss=0.0172]
Training Navine AI Image:   4%|3         | 155/4000 [02:01<37:30,  1.71it/s, loss=0.0251]
Training Navine AI Image:   4%|3         | 156/4000 [02:01<36:51,  1.74it/s, loss=0.0251]
Training Navine AI Image:   4%|3         | 156/4000 [02:01<36:51,  1.74it/s, loss=0.0221]
Training Navine AI Image:   4%|3         | 157/4000 [02:02<35:44,  1.79it/s, loss=0.0221]
Training Navine AI Image:   4%|3         | 157/4000 [02:02<35:44,  1.79it/s, loss=0.0300]
Training Navine AI Image:   4%|3         | 158/4000 [02:02<36:12,  1.77it/s, loss=0.0300]
Training Navine AI Image:   4%|3         | 158/4000 [02:02<36:12,  1.77it/s, loss=0.0367]
Training Navine AI Image:   4%|3         | 159/4000 [02:03<36:00,  1.78it/s, loss=0.0367]
Training Navine AI Image:   4%|3         | 159/4000 [02:03<36:00,  1.78it/s, loss=0.1025]
Training Navine AI Image:   4%|4         | 160/4000 [02:04<37:04,  1.73it/s, loss=0.1025]
Training Navine AI Image:   4%|4         | 160/4000 [02:04<37:04,  1.73it/s, loss=0.0311]
Training Navine AI Image:   4%|4         | 161/4000 [02:04<36:07,  1.77it/s, loss=0.0311]
Training Navine AI Image:   4%|4         | 161/4000 [02:04<36:07,  1.77it/s, loss=0.0245]
Training Navine AI Image:   4%|4         | 162/4000 [02:05<35:52,  1.78it/s, loss=0.0245]
Training Navine AI Image:   4%|4         | 162/4000 [02:05<35:52,  1.78it/s, loss=0.0195]
Training Navine AI Image:   4%|4         | 163/4000 [02:05<35:42,  1.79it/s, loss=0.0195]
Training Navine AI Image:   4%|4         | 163/4000 [02:05<35:42,  1.79it/s, loss=0.0151]
Training Navine AI Image:   4%|4         | 164/4000 [02:06<36:14,  1.76it/s, loss=0.0151]
Training Navine AI Image:   4%|4         | 164/4000 [02:06<36:14,  1.76it/s, loss=0.0938]
Training Navine AI Image:   4%|4         | 165/4000 [02:06<37:00,  1.73it/s, loss=0.0938]
Training Navine AI Image:   4%|4         | 165/4000 [02:06<37:00,  1.73it/s, loss=0.0444]
Training Navine AI Image:   4%|4         | 166/4000 [02:07<35:54,  1.78it/s, loss=0.0444]
Training Navine AI Image:   4%|4         | 166/4000 [02:07<35:54,  1.78it/s, loss=0.0287]
Training Navine AI Image:   4%|4         | 167/4000 [02:08<35:42,  1.79it/s, loss=0.0287]
Training Navine AI Image:   4%|4         | 167/4000 [02:08<35:42,  1.79it/s, loss=0.0627]
Training Navine AI Image:   4%|4         | 168/4000 [02:08<36:42,  1.74it/s, loss=0.0627]
Training Navine AI Image:   4%|4         | 168/4000 [02:08<36:42,  1.74it/s, loss=0.0466]
Training Navine AI Image:   4%|4         | 169/4000 [02:09<35:59,  1.77it/s, loss=0.0466]
Training Navine AI Image:   4%|4         | 169/4000 [02:09<35:59,  1.77it/s, loss=0.0399]
Training Navine AI Image:   4%|4         | 170/4000 [02:09<36:44,  1.74it/s, loss=0.0399]
Training Navine AI Image:   4%|4         | 170/4000 [02:09<36:44,  1.74it/s, loss=0.0217]
Training Navine AI Image:   4%|4         | 171/4000 [02:10<37:37,  1.70it/s, loss=0.0217]
Training Navine AI Image:   4%|4         | 171/4000 [02:10<37:37,  1.70it/s, loss=0.0461]
Training Navine AI Image:   4%|4         | 172/4000 [02:10<37:08,  1.72it/s, loss=0.0461]
Training Navine AI Image:   4%|4         | 172/4000 [02:10<37:08,  1.72it/s, loss=0.0276]
Training Navine AI Image:   4%|4         | 173/4000 [02:11<36:44,  1.74it/s, loss=0.0276]
Training Navine AI Image:   4%|4         | 173/4000 [02:11<36:44,  1.74it/s, loss=0.0230]
Training Navine AI Image:   4%|4         | 174/4000 [02:12<37:20,  1.71it/s, loss=0.0230]
Training Navine AI Image:   4%|4         | 174/4000 [02:12<37:20,  1.71it/s, loss=0.0467]
Training Navine AI Image:   4%|4         | 175/4000 [02:12<36:01,  1.77it/s, loss=0.0467]
Training Navine AI Image:   4%|4         | 175/4000 [02:12<36:01,  1.77it/s, loss=0.0584]
Training Navine AI Image:   4%|4         | 176/4000 [02:13<35:49,  1.78it/s, loss=0.0584]
Training Navine AI Image:   4%|4         | 176/4000 [02:13<35:49,  1.78it/s, loss=0.0302]
Training Navine AI Image:   4%|4         | 177/4000 [02:13<35:35,  1.79it/s, loss=0.0302]
Training Navine AI Image:   4%|4         | 177/4000 [02:13<35:35,  1.79it/s, loss=0.0312]
Training Navine AI Image:   4%|4         | 178/4000 [02:14<36:14,  1.76it/s, loss=0.0312]
Training Navine AI Image:   4%|4         | 178/4000 [02:14<36:14,  1.76it/s, loss=0.0226]
Training Navine AI Image:   4%|4         | 179/4000 [02:14<36:24,  1.75it/s, loss=0.0226]
Training Navine AI Image:   4%|4         | 179/4000 [02:14<36:24,  1.75it/s, loss=0.0202]
Training Navine AI Image:   4%|4         | 180/4000 [02:15<35:52,  1.77it/s, loss=0.0202]
Training Navine AI Image:   4%|4         | 180/4000 [02:15<35:52,  1.77it/s, loss=0.0102]
Training Navine AI Image:   5%|4         | 181/4000 [02:16<37:27,  1.70it/s, loss=0.0102]
Training Navine AI Image:   5%|4         | 181/4000 [02:16<37:27,  1.70it/s, loss=0.0201]
Training Navine AI Image:   5%|4         | 182/4000 [02:16<37:47,  1.68it/s, loss=0.0201]
Training Navine AI Image:   5%|4         | 182/4000 [02:16<37:47,  1.68it/s, loss=0.0221]
Training Navine AI Image:   5%|4         | 183/4000 [02:17<36:29,  1.74it/s, loss=0.0221]
Training Navine AI Image:   5%|4         | 183/4000 [02:17<36:29,  1.74it/s, loss=0.0157]
Training Navine AI Image:   5%|4         | 184/4000 [02:17<36:40,  1.73it/s, loss=0.0157]
Training Navine AI Image:   5%|4         | 184/4000 [02:17<36:40,  1.73it/s, loss=0.0352]
Training Navine AI Image:   5%|4         | 185/4000 [02:18<37:27,  1.70it/s, loss=0.0352]
Training Navine AI Image:   5%|4         | 185/4000 [02:18<37:27,  1.70it/s, loss=0.0167]
Training Navine AI Image:   5%|4         | 186/4000 [02:18<36:45,  1.73it/s, loss=0.0167]
Training Navine AI Image:   5%|4         | 186/4000 [02:19<36:45,  1.73it/s, loss=0.0144]
Training Navine AI Image:   5%|4         | 187/4000 [02:19<36:18,  1.75it/s, loss=0.0144]
Training Navine AI Image:   5%|4         | 187/4000 [02:19<36:18,  1.75it/s, loss=0.0388]
Training Navine AI Image:   5%|4         | 188/4000 [02:20<35:48,  1.77it/s, loss=0.0388]
Training Navine AI Image:   5%|4         | 188/4000 [02:20<35:48,  1.77it/s, loss=0.0600]
Training Navine AI Image:   5%|4         | 189/4000 [02:20<36:25,  1.74it/s, loss=0.0600]
Training Navine AI Image:   5%|4         | 189/4000 [02:20<36:25,  1.74it/s, loss=0.0584]
Training Navine AI Image:   5%|4         | 190/4000 [02:21<35:13,  1.80it/s, loss=0.0584]
Training Navine AI Image:   5%|4         | 190/4000 [02:21<35:13,  1.80it/s, loss=0.0243]
Training Navine AI Image:   5%|4         | 191/4000 [02:21<35:24,  1.79it/s, loss=0.0243]
Training Navine AI Image:   5%|4         | 191/4000 [02:21<35:24,  1.79it/s, loss=0.0155]
Training Navine AI Image:   5%|4         | 192/4000 [02:22<35:43,  1.78it/s, loss=0.0155]
Training Navine AI Image:   5%|4         | 192/4000 [02:22<35:43,  1.78it/s, loss=0.0149]
Training Navine AI Image:   5%|4         | 193/4000 [02:22<37:11,  1.71it/s, loss=0.0149]
Training Navine AI Image:   5%|4         | 193/4000 [02:23<37:11,  1.71it/s, loss=0.0158]
Training Navine AI Image:   5%|4         | 194/4000 [02:23<36:27,  1.74it/s, loss=0.0158]
Training Navine AI Image:   5%|4         | 194/4000 [02:23<36:27,  1.74it/s, loss=0.0530]
Training Navine AI Image:   5%|4         | 195/4000 [02:24<36:00,  1.76it/s, loss=0.0530]
Training Navine AI Image:   5%|4         | 195/4000 [02:24<36:00,  1.76it/s, loss=0.0159]
Training Navine AI Image:   5%|4         | 196/4000 [02:24<35:58,  1.76it/s, loss=0.0159]
Training Navine AI Image:   5%|4         | 196/4000 [02:24<35:58,  1.76it/s, loss=0.0290]
Training Navine AI Image:   5%|4         | 197/4000 [02:25<35:54,  1.76it/s, loss=0.0290]
Training Navine AI Image:   5%|4         | 197/4000 [02:25<35:54,  1.76it/s, loss=0.0189]
Training Navine AI Image:   5%|4         | 198/4000 [02:25<35:59,  1.76it/s, loss=0.0189]
Training Navine AI Image:   5%|4         | 198/4000 [02:25<35:59,  1.76it/s, loss=0.0289]
Training Navine AI Image:   5%|4         | 199/4000 [02:26<35:54,  1.76it/s, loss=0.0289]
Training Navine AI Image:   5%|4         | 199/4000 [02:26<35:54,  1.76it/s, loss=0.0268]
Training Navine AI Image:   5%|5         | 200/4000 [02:26<35:52,  1.77it/s, loss=0.0268]
Training Navine AI Image:   5%|5         | 200/4000 [02:26<35:52,  1.77it/s, loss=0.0454]
Training Navine AI Image:   5%|5         | 201/4000 [02:27<36:32,  1.73it/s, loss=0.0454]
Training Navine AI Image:   5%|5         | 201/4000 [02:27<36:32,  1.73it/s, loss=0.0140]
Training Navine AI Image:   5%|5         | 202/4000 [02:28<36:32,  1.73it/s, loss=0.0140]
Training Navine AI Image:   5%|5         | 202/4000 [02:28<36:32,  1.73it/s, loss=0.0139]
Training Navine AI Image:   5%|5         | 203/4000 [02:28<35:25,  1.79it/s, loss=0.0139]
Training Navine AI Image:   5%|5         | 203/4000 [02:28<35:25,  1.79it/s, loss=0.0263]
Training Navine AI Image:   5%|5         | 204/4000 [02:29<35:17,  1.79it/s, loss=0.0263]
Training Navine AI Image:   5%|5         | 204/4000 [02:29<35:17,  1.79it/s, loss=0.0287]
Training Navine AI Image:   5%|5         | 205/4000 [02:29<35:27,  1.78it/s, loss=0.0287]
Training Navine AI Image:   5%|5         | 205/4000 [02:29<35:27,  1.78it/s, loss=0.0225]
Training Navine AI Image:   5%|5         | 206/4000 [02:30<36:25,  1.74it/s, loss=0.0225]
Training Navine AI Image:   5%|5         | 206/4000 [02:30<36:25,  1.74it/s, loss=0.0079]
Training Navine AI Image:   5%|5         | 207/4000 [02:30<36:14,  1.74it/s, loss=0.0079]
Training Navine AI Image:   5%|5         | 207/4000 [02:30<36:14,  1.74it/s, loss=0.0262]
Training Navine AI Image:   5%|5         | 208/4000 [02:31<35:49,  1.76it/s, loss=0.0262]
Training Navine AI Image:   5%|5         | 208/4000 [02:31<35:49,  1.76it/s, loss=0.0163]
Training Navine AI Image:   5%|5         | 209/4000 [02:32<36:28,  1.73it/s, loss=0.0163]
Training Navine AI Image:   5%|5         | 209/4000 [02:32<36:28,  1.73it/s, loss=0.0261]
Training Navine AI Image:   5%|5         | 210/4000 [02:32<35:10,  1.80it/s, loss=0.0261]
Training Navine AI Image:   5%|5         | 210/4000 [02:32<35:10,  1.80it/s, loss=0.0221]
Training Navine AI Image:   5%|5         | 211/4000 [02:33<34:54,  1.81it/s, loss=0.0221]
Training Navine AI Image:   5%|5         | 211/4000 [02:33<34:54,  1.81it/s, loss=0.0183]
Training Navine AI Image:   5%|5         | 212/4000 [02:33<35:34,  1.77it/s, loss=0.0183]
Training Navine AI Image:   5%|5         | 212/4000 [02:33<35:34,  1.77it/s, loss=0.0113]
Training Navine AI Image:   5%|5         | 213/4000 [02:34<34:21,  1.84it/s, loss=0.0113]
Training Navine AI Image:   5%|5         | 213/4000 [02:34<34:21,  1.84it/s, loss=0.0113]
Training Navine AI Image:   5%|5         | 214/4000 [02:34<35:04,  1.80it/s, loss=0.0113]
Training Navine AI Image:   5%|5         | 214/4000 [02:34<35:04,  1.80it/s, loss=0.0163]
Training Navine AI Image:   5%|5         | 215/4000 [02:35<36:22,  1.73it/s, loss=0.0163]
Training Navine AI Image:   5%|5         | 215/4000 [02:35<36:22,  1.73it/s, loss=0.0285]
Training Navine AI Image:   5%|5         | 216/4000 [02:35<36:09,  1.74it/s, loss=0.0285]
Training Navine AI Image:   5%|5         | 216/4000 [02:36<36:09,  1.74it/s, loss=0.0220]
Training Navine AI Image:   5%|5         | 217/4000 [02:36<36:50,  1.71it/s, loss=0.0220]
Training Navine AI Image:   5%|5         | 217/4000 [02:36<36:50,  1.71it/s, loss=0.0124]
Training Navine AI Image:   5%|5         | 218/4000 [02:37<36:41,  1.72it/s, loss=0.0124]
Training Navine AI Image:   5%|5         | 218/4000 [02:37<36:41,  1.72it/s, loss=0.0945]
Training Navine AI Image:   5%|5         | 219/4000 [02:37<35:20,  1.78it/s, loss=0.0945]
Training Navine AI Image:   5%|5         | 219/4000 [02:37<35:20,  1.78it/s, loss=0.0140]
Training Navine AI Image:   6%|5         | 220/4000 [02:38<35:19,  1.78it/s, loss=0.0140]
Training Navine AI Image:   6%|5         | 220/4000 [02:38<35:19,  1.78it/s, loss=0.0388]
Training Navine AI Image:   6%|5         | 221/4000 [02:38<35:30,  1.77it/s, loss=0.0388]
Training Navine AI Image:   6%|5         | 221/4000 [02:38<35:30,  1.77it/s, loss=0.0207]
Training Navine AI Image:   6%|5         | 222/4000 [02:39<36:37,  1.72it/s, loss=0.0207]
Training Navine AI Image:   6%|5         | 222/4000 [02:39<36:37,  1.72it/s, loss=0.0153]
Training Navine AI Image:   6%|5         | 223/4000 [02:40<41:39,  1.51it/s, loss=0.0153]
Training Navine AI Image:   6%|5         | 223/4000 [02:40<41:39,  1.51it/s, loss=0.0478]
Training Navine AI Image:   6%|5         | 224/4000 [02:40<39:37,  1.59it/s, loss=0.0478]
Training Navine AI Image:   6%|5         | 224/4000 [02:40<39:37,  1.59it/s, loss=0.0501]
Training Navine AI Image:   6%|5         | 225/4000 [02:41<38:41,  1.63it/s, loss=0.0501]
Training Navine AI Image:   6%|5         | 225/4000 [02:41<38:41,  1.63it/s, loss=0.0166]
Training Navine AI Image:   6%|5         | 226/4000 [02:42<39:44,  1.58it/s, loss=0.0166]
Training Navine AI Image:   6%|5         | 226/4000 [02:42<39:44,  1.58it/s, loss=0.0226]
Training Navine AI Image:   6%|5         | 227/4000 [02:42<38:18,  1.64it/s, loss=0.0226]
Training Navine AI Image:   6%|5         | 227/4000 [02:42<38:18,  1.64it/s, loss=0.0437]
Training Navine AI Image:   6%|5         | 228/4000 [02:43<38:32,  1.63it/s, loss=0.0437]
Training Navine AI Image:   6%|5         | 228/4000 [02:43<38:32,  1.63it/s, loss=0.0299]
Training Navine AI Image:   6%|5         | 229/4000 [02:43<37:46,  1.66it/s, loss=0.0299]
Training Navine AI Image:   6%|5         | 229/4000 [02:43<37:46,  1.66it/s, loss=0.0975]
Training Navine AI Image:   6%|5         | 230/4000 [02:44<36:08,  1.74it/s, loss=0.0975]
Training Navine AI Image:   6%|5         | 230/4000 [02:44<36:08,  1.74it/s, loss=0.0361]
Training Navine AI Image:   6%|5         | 231/4000 [02:44<35:46,  1.76it/s, loss=0.0361]
Training Navine AI Image:   6%|5         | 231/4000 [02:44<35:46,  1.76it/s, loss=0.0253]
Training Navine AI Image:   6%|5         | 232/4000 [02:45<36:52,  1.70it/s, loss=0.0253]
Training Navine AI Image:   6%|5         | 232/4000 [02:45<36:52,  1.70it/s, loss=0.0200]
Training Navine AI Image:   6%|5         | 233/4000 [02:46<35:40,  1.76it/s, loss=0.0200]
Training Navine AI Image:   6%|5         | 233/4000 [02:46<35:40,  1.76it/s, loss=0.0188]
Training Navine AI Image:   6%|5         | 234/4000 [02:46<36:15,  1.73it/s, loss=0.0188]
Training Navine AI Image:   6%|5         | 234/4000 [02:46<36:15,  1.73it/s, loss=0.0335]
Training Navine AI Image:   6%|5         | 235/4000 [02:47<37:19,  1.68it/s, loss=0.0335]
Training Navine AI Image:   6%|5         | 235/4000 [02:47<37:19,  1.68it/s, loss=0.0141]
Training Navine AI Image:   6%|5         | 236/4000 [02:47<39:10,  1.60it/s, loss=0.0141]
Training Navine AI Image:   6%|5         | 236/4000 [02:47<39:10,  1.60it/s, loss=0.0143]
Training Navine AI Image:   6%|5         | 237/4000 [02:48<37:21,  1.68it/s, loss=0.0143]
Training Navine AI Image:   6%|5         | 237/4000 [02:48<37:21,  1.68it/s, loss=0.0256]
Training Navine AI Image:   6%|5         | 238/4000 [02:49<36:44,  1.71it/s, loss=0.0256]
Training Navine AI Image:   6%|5         | 238/4000 [02:49<36:44,  1.71it/s, loss=0.0358]
Training Navine AI Image:   6%|5         | 239/4000 [02:49<36:14,  1.73it/s, loss=0.0358]
Training Navine AI Image:   6%|5         | 239/4000 [02:49<36:14,  1.73it/s, loss=0.0252]
Training Navine AI Image:   6%|6         | 240/4000 [02:50<37:13,  1.68it/s, loss=0.0252]
Training Navine AI Image:   6%|6         | 240/4000 [02:50<37:13,  1.68it/s, loss=0.0337]
Training Navine AI Image:   6%|6         | 241/4000 [02:50<36:39,  1.71it/s, loss=0.0337]
Training Navine AI Image:   6%|6         | 241/4000 [02:50<36:39,  1.71it/s, loss=0.0242]
Training Navine AI Image:   6%|6         | 242/4000 [02:51<35:46,  1.75it/s, loss=0.0242]
Training Navine AI Image:   6%|6         | 242/4000 [02:51<35:46,  1.75it/s, loss=0.0129]
Training Navine AI Image:   6%|6         | 243/4000 [02:51<36:31,  1.71it/s, loss=0.0129]
Training Navine AI Image:   6%|6         | 243/4000 [02:51<36:31,  1.71it/s, loss=0.0136]
Training Navine AI Image:   6%|6         | 244/4000 [02:52<35:48,  1.75it/s, loss=0.0136]
Training Navine AI Image:   6%|6         | 244/4000 [02:52<35:48,  1.75it/s, loss=0.0243]
Training Navine AI Image:   6%|6         | 245/4000 [02:53<35:58,  1.74it/s, loss=0.0243]
Training Navine AI Image:   6%|6         | 245/4000 [02:53<35:58,  1.74it/s, loss=0.0203]
Training Navine AI Image:   6%|6         | 246/4000 [02:53<35:51,  1.74it/s, loss=0.0203]
Training Navine AI Image:   6%|6         | 246/4000 [02:53<35:51,  1.74it/s, loss=0.0135]
Training Navine AI Image:   6%|6         | 247/4000 [02:54<36:29,  1.71it/s, loss=0.0135]
Training Navine AI Image:   6%|6         | 247/4000 [02:54<36:29,  1.71it/s, loss=0.1243]
Training Navine AI Image:   6%|6         | 248/4000 [02:55<41:49,  1.49it/s, loss=0.1243]
Training Navine AI Image:   6%|6         | 248/4000 [02:55<41:49,  1.49it/s, loss=0.0159]
Training Navine AI Image:   6%|6         | 249/4000 [02:55<39:42,  1.57it/s, loss=0.0159]
Training Navine AI Image:   6%|6         | 249/4000 [02:55<39:42,  1.57it/s, loss=0.0140]
Training Navine AI Image:   6%|6         | 250/4000 [02:56<38:18,  1.63it/s, loss=0.0140]
Training Navine AI Image:   6%|6         | 250/4000 [02:56<38:18,  1.63it/s, loss=0.0160]
Training Navine AI Image:   6%|6         | 251/4000 [02:57<50:01,  1.25it/s, loss=0.0160]
Training Navine AI Image:   6%|6         | 251/4000 [02:57<50:01,  1.25it/s, loss=0.0292]
Training Navine AI Image:   6%|6         | 252/4000 [02:58<45:20,  1.38it/s, loss=0.0292]
Training Navine AI Image:   6%|6         | 252/4000 [02:58<45:20,  1.38it/s, loss=0.0655]
Training Navine AI Image:   6%|6         | 253/4000 [02:58<42:20,  1.47it/s, loss=0.0655]
Training Navine AI Image:   6%|6         | 253/4000 [02:58<42:20,  1.47it/s, loss=0.0325]
Training Navine AI Image:   6%|6         | 254/4000 [02:59<40:22,  1.55it/s, loss=0.0325]
Training Navine AI Image:   6%|6         | 254/4000 [02:59<40:22,  1.55it/s, loss=0.0205]
Training Navine AI Image:   6%|6         | 255/4000 [02:59<38:48,  1.61it/s, loss=0.0205]
Training Navine AI Image:   6%|6         | 255/4000 [02:59<38:48,  1.61it/s, loss=0.0605]
Training Navine AI Image:   6%|6         | 256/4000 [03:00<37:51,  1.65it/s, loss=0.0605]
Training Navine AI Image:   6%|6         | 256/4000 [03:00<37:51,  1.65it/s, loss=0.0174]
Training Navine AI Image:   6%|6         | 257/4000 [03:00<36:58,  1.69it/s, loss=0.0174]
Training Navine AI Image:   6%|6         | 257/4000 [03:00<36:58,  1.69it/s, loss=0.0294]
Training Navine AI Image:   6%|6         | 258/4000 [03:01<37:03,  1.68it/s, loss=0.0294]
Training Navine AI Image:   6%|6         | 258/4000 [03:01<37:03,  1.68it/s, loss=0.0173]
Training Navine AI Image:   6%|6         | 259/4000 [03:02<36:46,  1.70it/s, loss=0.0173]
Training Navine AI Image:   6%|6         | 259/4000 [03:02<36:46,  1.70it/s, loss=0.0184]
Training Navine AI Image:   6%|6         | 260/4000 [03:02<37:16,  1.67it/s, loss=0.0184]
Training Navine AI Image:   6%|6         | 260/4000 [03:02<37:16,  1.67it/s, loss=0.0312]
Training Navine AI Image:   7%|6         | 261/4000 [03:03<36:47,  1.69it/s, loss=0.0312]
Training Navine AI Image:   7%|6         | 261/4000 [03:03<36:47,  1.69it/s, loss=0.0168]
Training Navine AI Image:   7%|6         | 262/4000 [03:03<36:36,  1.70it/s, loss=0.0168]
Training Navine AI Image:   7%|6         | 262/4000 [03:03<36:36,  1.70it/s, loss=0.0333]
Training Navine AI Image:   7%|6         | 263/4000 [03:04<36:01,  1.73it/s, loss=0.0333]
Training Navine AI Image:   7%|6         | 263/4000 [03:04<36:01,  1.73it/s, loss=0.0249]
Training Navine AI Image:   7%|6         | 264/4000 [03:05<36:22,  1.71it/s, loss=0.0249]
Training Navine AI Image:   7%|6         | 264/4000 [03:05<36:22,  1.71it/s, loss=0.0237]
Training Navine AI Image:   7%|6         | 265/4000 [03:05<35:04,  1.77it/s, loss=0.0237]
Training Navine AI Image:   7%|6         | 265/4000 [03:05<35:04,  1.77it/s, loss=0.0142]
Training Navine AI Image:   7%|6         | 266/4000 [03:06<34:57,  1.78it/s, loss=0.0142]
Training Navine AI Image:   7%|6         | 266/4000 [03:06<34:57,  1.78it/s, loss=0.0205]
Training Navine AI Image:   7%|6         | 267/4000 [03:06<34:59,  1.78it/s, loss=0.0205]
Training Navine AI Image:   7%|6         | 267/4000 [03:06<34:59,  1.78it/s, loss=0.0158]
Training Navine AI Image:   7%|6         | 268/4000 [03:07<35:49,  1.74it/s, loss=0.0158]
Training Navine AI Image:   7%|6         | 268/4000 [03:07<35:49,  1.74it/s, loss=0.0127]
Training Navine AI Image:   7%|6         | 269/4000 [03:07<35:14,  1.76it/s, loss=0.0127]
Training Navine AI Image:   7%|6         | 269/4000 [03:07<35:14,  1.76it/s, loss=0.0310]
Training Navine AI Image:   7%|6         | 270/4000 [03:08<35:14,  1.76it/s, loss=0.0310]
Training Navine AI Image:   7%|6         | 270/4000 [03:08<35:14,  1.76it/s, loss=0.0371]
Training Navine AI Image:   7%|6         | 271/4000 [03:09<36:48,  1.69it/s, loss=0.0371]
Training Navine AI Image:   7%|6         | 271/4000 [03:09<36:48,  1.69it/s, loss=0.0308]
Training Navine AI Image:   7%|6         | 272/4000 [03:09<36:27,  1.70it/s, loss=0.0308]
Training Navine AI Image:   7%|6         | 272/4000 [03:09<36:27,  1.70it/s, loss=0.0474]
Training Navine AI Image:   7%|6         | 273/4000 [03:10<35:59,  1.73it/s, loss=0.0474]
Training Navine AI Image:   7%|6         | 273/4000 [03:10<35:59,  1.73it/s, loss=0.0191]
Training Navine AI Image:   7%|6         | 274/4000 [03:10<36:53,  1.68it/s, loss=0.0191]
Training Navine AI Image:   7%|6         | 274/4000 [03:10<36:53,  1.68it/s, loss=0.0302]
Training Navine AI Image:   7%|6         | 275/4000 [03:11<36:37,  1.70it/s, loss=0.0302]
Training Navine AI Image:   7%|6         | 275/4000 [03:11<36:37,  1.70it/s, loss=0.0260]
Training Navine AI Image:   7%|6         | 276/4000 [03:11<36:52,  1.68it/s, loss=0.0260]
Training Navine AI Image:   7%|6         | 276/4000 [03:11<36:52,  1.68it/s, loss=0.0151]
Training Navine AI Image:   7%|6         | 277/4000 [03:12<36:06,  1.72it/s, loss=0.0151]
Training Navine AI Image:   7%|6         | 277/4000 [03:12<36:06,  1.72it/s, loss=0.0117]
Training Navine AI Image:   7%|6         | 278/4000 [03:13<35:12,  1.76it/s, loss=0.0117]
Training Navine AI Image:   7%|6         | 278/4000 [03:13<35:12,  1.76it/s, loss=0.0083]
Training Navine AI Image:   7%|6         | 279/4000 [03:13<36:23,  1.70it/s, loss=0.0083]
Training Navine AI Image:   7%|6         | 279/4000 [03:13<36:23,  1.70it/s, loss=0.0405]
Training Navine AI Image:   7%|7         | 280/4000 [03:14<35:34,  1.74it/s, loss=0.0405]
Training Navine AI Image:   7%|7         | 280/4000 [03:14<35:34,  1.74it/s, loss=0.0117]
Training Navine AI Image:   7%|7         | 281/4000 [03:14<35:13,  1.76it/s, loss=0.0117]
Training Navine AI Image:   7%|7         | 281/4000 [03:14<35:13,  1.76it/s, loss=0.0223]
Training Navine AI Image:   7%|7         | 282/4000 [03:15<35:00,  1.77it/s, loss=0.0223]
Training Navine AI Image:   7%|7         | 282/4000 [03:15<35:00,  1.77it/s, loss=0.0179]
Training Navine AI Image:   7%|7         | 283/4000 [03:15<35:01,  1.77it/s, loss=0.0179]
Training Navine AI Image:   7%|7         | 283/4000 [03:15<35:01,  1.77it/s, loss=0.0121]
Training Navine AI Image:   7%|7         | 284/4000 [03:16<36:35,  1.69it/s, loss=0.0121]
Training Navine AI Image:   7%|7         | 284/4000 [03:16<36:35,  1.69it/s, loss=0.0091]
Training Navine AI Image:   7%|7         | 285/4000 [03:17<35:09,  1.76it/s, loss=0.0091]
Training Navine AI Image:   7%|7         | 285/4000 [03:17<35:09,  1.76it/s, loss=0.0172]
Training Navine AI Image:   7%|7         | 286/4000 [03:17<35:10,  1.76it/s, loss=0.0172]
Training Navine AI Image:   7%|7         | 286/4000 [03:17<35:10,  1.76it/s, loss=0.0088]
Training Navine AI Image:   7%|7         | 287/4000 [03:18<35:14,  1.76it/s, loss=0.0088]
Training Navine AI Image:   7%|7         | 287/4000 [03:18<35:14,  1.76it/s, loss=0.0090]
Training Navine AI Image:   7%|7         | 288/4000 [03:18<35:42,  1.73it/s, loss=0.0090]
Training Navine AI Image:   7%|7         | 288/4000 [03:18<35:42,  1.73it/s, loss=0.0125]
Training Navine AI Image:   7%|7         | 289/4000 [03:19<34:45,  1.78it/s, loss=0.0125]
Training Navine AI Image:   7%|7         | 289/4000 [03:19<34:45,  1.78it/s, loss=0.0114]
Training Navine AI Image:   7%|7         | 290/4000 [03:19<34:55,  1.77it/s, loss=0.0114]
Training Navine AI Image:   7%|7         | 290/4000 [03:19<34:55,  1.77it/s, loss=0.0110]
Training Navine AI Image:   7%|7         | 291/4000 [03:20<35:15,  1.75it/s, loss=0.0110]
Training Navine AI Image:   7%|7         | 291/4000 [03:20<35:15,  1.75it/s, loss=0.0235]
Training Navine AI Image:   7%|7         | 292/4000 [03:21<35:56,  1.72it/s, loss=0.0235]
Training Navine AI Image:   7%|7         | 292/4000 [03:21<35:56,  1.72it/s, loss=0.0132]
Training Navine AI Image:   7%|7         | 293/4000 [03:21<35:14,  1.75it/s, loss=0.0132]
Training Navine AI Image:   7%|7         | 293/4000 [03:21<35:14,  1.75it/s, loss=0.0450]
Training Navine AI Image:   7%|7         | 294/4000 [03:22<35:17,  1.75it/s, loss=0.0450]
Training Navine AI Image:   7%|7         | 294/4000 [03:22<35:17,  1.75it/s, loss=0.0202]
Training Navine AI Image:   7%|7         | 295/4000 [03:22<36:18,  1.70it/s, loss=0.0202]
Training Navine AI Image:   7%|7         | 295/4000 [03:22<36:18,  1.70it/s, loss=0.0309]
Training Navine AI Image:   7%|7         | 296/4000 [03:23<34:57,  1.77it/s, loss=0.0309]
Training Navine AI Image:   7%|7         | 296/4000 [03:23<34:57,  1.77it/s, loss=0.0168]
Training Navine AI Image:   7%|7         | 297/4000 [03:23<35:06,  1.76it/s, loss=0.0168]
Training Navine AI Image:   7%|7         | 297/4000 [03:23<35:06,  1.76it/s, loss=0.0146]
Training Navine AI Image:   7%|7         | 298/4000 [03:24<37:55,  1.63it/s, loss=0.0146]
Training Navine AI Image:   7%|7         | 298/4000 [03:24<37:55,  1.63it/s, loss=0.0127]
Training Navine AI Image:   7%|7         | 299/4000 [03:25<37:00,  1.67it/s, loss=0.0127]
Training Navine AI Image:   7%|7         | 299/4000 [03:25<37:00,  1.67it/s, loss=0.0119]
Training Navine AI Image:   8%|7         | 300/4000 [03:25<36:23,  1.69it/s, loss=0.0119]
Training Navine AI Image:   8%|7         | 300/4000 [03:25<36:23,  1.69it/s, loss=0.0101]
Training Navine AI Image:   8%|7         | 301/4000 [03:26<35:59,  1.71it/s, loss=0.0101]
Training Navine AI Image:   8%|7         | 301/4000 [03:26<35:59,  1.71it/s, loss=0.0240]
Training Navine AI Image:   8%|7         | 302/4000 [03:26<35:31,  1.74it/s, loss=0.0240]
Training Navine AI Image:   8%|7         | 302/4000 [03:26<35:31,  1.74it/s, loss=0.0204]
Training Navine AI Image:   8%|7         | 303/4000 [03:27<35:11,  1.75it/s, loss=0.0204]
Training Navine AI Image:   8%|7         | 303/4000 [03:27<35:11,  1.75it/s, loss=0.0104]
Training Navine AI Image:   8%|7         | 304/4000 [03:28<35:35,  1.73it/s, loss=0.0104]
Training Navine AI Image:   8%|7         | 304/4000 [03:28<35:35,  1.73it/s, loss=0.0260]
Training Navine AI Image:   8%|7         | 305/4000 [03:28<40:52,  1.51it/s, loss=0.0260]
Training Navine AI Image:   8%|7         | 305/4000 [03:28<40:52,  1.51it/s, loss=0.0223]
Training Navine AI Image:   8%|7         | 306/4000 [03:29<38:53,  1.58it/s, loss=0.0223]
Training Navine AI Image:   8%|7         | 306/4000 [03:29<38:53,  1.58it/s, loss=0.0160]
Training Navine AI Image:   8%|7         | 307/4000 [03:30<38:40,  1.59it/s, loss=0.0160]
Training Navine AI Image:   8%|7         | 307/4000 [03:30<38:40,  1.59it/s, loss=0.0237]
Training Navine AI Image:   8%|7         | 308/4000 [03:30<37:13,  1.65it/s, loss=0.0237]
Training Navine AI Image:   8%|7         | 308/4000 [03:30<37:13,  1.65it/s, loss=0.0098]
Training Navine AI Image:   8%|7         | 309/4000 [03:31<36:53,  1.67it/s, loss=0.0098]
Training Navine AI Image:   8%|7         | 309/4000 [03:31<36:53,  1.67it/s, loss=0.0186]
Training Navine AI Image:   8%|7         | 310/4000 [03:31<36:43,  1.67it/s, loss=0.0186]
Training Navine AI Image:   8%|7         | 310/4000 [03:31<36:43,  1.67it/s, loss=0.0468]
Training Navine AI Image:   8%|7         | 311/4000 [03:32<37:16,  1.65it/s, loss=0.0468]
Training Navine AI Image:   8%|7         | 311/4000 [03:32<37:16,  1.65it/s, loss=0.0133]
Training Navine AI Image:   8%|7         | 312/4000 [03:33<36:22,  1.69it/s, loss=0.0133]
Training Navine AI Image:   8%|7         | 312/4000 [03:33<36:22,  1.69it/s, loss=0.0191]
Training Navine AI Image:   8%|7         | 313/4000 [03:33<34:56,  1.76it/s, loss=0.0191]
Training Navine AI Image:   8%|7         | 313/4000 [03:33<34:56,  1.76it/s, loss=0.0583]
Training Navine AI Image:   8%|7         | 314/4000 [03:34<34:44,  1.77it/s, loss=0.0583]
Training Navine AI Image:   8%|7         | 314/4000 [03:34<34:44,  1.77it/s, loss=0.0340]
Training Navine AI Image:   8%|7         | 315/4000 [03:34<35:47,  1.72it/s, loss=0.0340]
Training Navine AI Image:   8%|7         | 315/4000 [03:34<35:47,  1.72it/s, loss=0.0422]
Training Navine AI Image:   8%|7         | 316/4000 [03:35<34:31,  1.78it/s, loss=0.0422]
Training Navine AI Image:   8%|7         | 316/4000 [03:35<34:31,  1.78it/s, loss=0.0105]
Training Navine AI Image:   8%|7         | 317/4000 [03:35<34:48,  1.76it/s, loss=0.0105]
Training Navine AI Image:   8%|7         | 317/4000 [03:35<34:48,  1.76it/s, loss=0.0222]
Training Navine AI Image:   8%|7         | 318/4000 [03:36<34:49,  1.76it/s, loss=0.0222]
Training Navine AI Image:   8%|7         | 318/4000 [03:36<34:49,  1.76it/s, loss=0.0126]
Training Navine AI Image:   8%|7         | 319/4000 [03:36<34:44,  1.77it/s, loss=0.0126]
Training Navine AI Image:   8%|7         | 319/4000 [03:36<34:44,  1.77it/s, loss=0.0168]
Training Navine AI Image:   8%|8         | 320/4000 [03:37<35:36,  1.72it/s, loss=0.0168]
Training Navine AI Image:   8%|8         | 320/4000 [03:37<35:36,  1.72it/s, loss=0.0134]
Training Navine AI Image:   8%|8         | 321/4000 [03:38<34:34,  1.77it/s, loss=0.0134]
Training Navine AI Image:   8%|8         | 321/4000 [03:38<34:34,  1.77it/s, loss=0.0483]
Training Navine AI Image:   8%|8         | 322/4000 [03:38<34:52,  1.76it/s, loss=0.0483]
Training Navine AI Image:   8%|8         | 322/4000 [03:38<34:52,  1.76it/s, loss=0.0284]
Training Navine AI Image:   8%|8         | 323/4000 [03:39<34:56,  1.75it/s, loss=0.0284]
Training Navine AI Image:   8%|8         | 323/4000 [03:39<34:56,  1.75it/s, loss=0.0171]
Training Navine AI Image:   8%|8         | 324/4000 [03:39<34:38,  1.77it/s, loss=0.0171]
Training Navine AI Image:   8%|8         | 324/4000 [03:39<34:38,  1.77it/s, loss=0.0079]
Training Navine AI Image:   8%|8         | 325/4000 [03:40<34:44,  1.76it/s, loss=0.0079]
Training Navine AI Image:   8%|8         | 325/4000 [03:40<34:44,  1.76it/s, loss=0.0120]
Training Navine AI Image:   8%|8         | 326/4000 [03:40<34:49,  1.76it/s, loss=0.0120]
Training Navine AI Image:   8%|8         | 326/4000 [03:40<34:49,  1.76it/s, loss=0.0773]
Training Navine AI Image:   8%|8         | 327/4000 [03:41<34:58,  1.75it/s, loss=0.0773]
Training Navine AI Image:   8%|8         | 327/4000 [03:41<34:58,  1.75it/s, loss=0.0166]
Training Navine AI Image:   8%|8         | 328/4000 [03:42<34:47,  1.76it/s, loss=0.0166]
Training Navine AI Image:   8%|8         | 328/4000 [03:42<34:47,  1.76it/s, loss=0.0208]
Training Navine AI Image:   8%|8         | 329/4000 [03:42<35:06,  1.74it/s, loss=0.0208]
Training Navine AI Image:   8%|8         | 329/4000 [03:42<35:06,  1.74it/s, loss=0.0268]
Training Navine AI Image:   8%|8         | 330/4000 [03:43<35:02,  1.75it/s, loss=0.0268]
Training Navine AI Image:   8%|8         | 330/4000 [03:43<35:02,  1.75it/s, loss=0.0098]
Training Navine AI Image:   8%|8         | 331/4000 [03:43<35:59,  1.70it/s, loss=0.0098]
Training Navine AI Image:   8%|8         | 331/4000 [03:43<35:59,  1.70it/s, loss=0.0246]
Training Navine AI Image:   8%|8         | 332/4000 [03:44<35:23,  1.73it/s, loss=0.0246]
Training Navine AI Image:   8%|8         | 332/4000 [03:44<35:23,  1.73it/s, loss=0.0210]
Training Navine AI Image:   8%|8         | 333/4000 [03:44<35:00,  1.75it/s, loss=0.0210]
Training Navine AI Image:   8%|8         | 333/4000 [03:45<35:00,  1.75it/s, loss=0.0177]
Training Navine AI Image:   8%|8         | 334/4000 [03:45<35:15,  1.73it/s, loss=0.0177]
Training Navine AI Image:   8%|8         | 334/4000 [03:45<35:15,  1.73it/s, loss=0.0107]
Training Navine AI Image:   8%|8         | 335/4000 [03:46<35:07,  1.74it/s, loss=0.0107]
Training Navine AI Image:   8%|8         | 335/4000 [03:46<35:07,  1.74it/s, loss=0.0251]
Training Navine AI Image:   8%|8         | 336/4000 [03:46<34:01,  1.80it/s, loss=0.0251]
Training Navine AI Image:   8%|8         | 336/4000 [03:46<34:01,  1.80it/s, loss=0.0102]
Training Navine AI Image:   8%|8         | 337/4000 [03:47<34:08,  1.79it/s, loss=0.0102]
Training Navine AI Image:   8%|8         | 337/4000 [03:47<34:08,  1.79it/s, loss=0.0149]
Training Navine AI Image:   8%|8         | 338/4000 [03:47<34:26,  1.77it/s, loss=0.0149]
Training Navine AI Image:   8%|8         | 338/4000 [03:47<34:26,  1.77it/s, loss=0.0146]
Training Navine AI Image:   8%|8         | 339/4000 [03:48<34:42,  1.76it/s, loss=0.0146]
Training Navine AI Image:   8%|8         | 339/4000 [03:48<34:42,  1.76it/s, loss=0.0259]
Training Navine AI Image:   8%|8         | 340/4000 [03:48<34:24,  1.77it/s, loss=0.0259]
Training Navine AI Image:   8%|8         | 340/4000 [03:48<34:24,  1.77it/s, loss=0.2585]
Training Navine AI Image:   9%|8         | 341/4000 [03:49<34:15,  1.78it/s, loss=0.2585]
Training Navine AI Image:   9%|8         | 341/4000 [03:49<34:15,  1.78it/s, loss=0.0896]
Training Navine AI Image:   9%|8         | 342/4000 [03:50<34:12,  1.78it/s, loss=0.0896]
Training Navine AI Image:   9%|8         | 342/4000 [03:50<34:12,  1.78it/s, loss=0.1068]
Training Navine AI Image:   9%|8         | 343/4000 [03:50<34:08,  1.79it/s, loss=0.1068]
Training Navine AI Image:   9%|8         | 343/4000 [03:50<34:08,  1.79it/s, loss=0.0086]
Training Navine AI Image:   9%|8         | 344/4000 [03:51<35:18,  1.73it/s, loss=0.0086]
Training Navine AI Image:   9%|8         | 344/4000 [03:51<35:18,  1.73it/s, loss=0.0360]
Training Navine AI Image:   9%|8         | 345/4000 [03:51<34:12,  1.78it/s, loss=0.0360]
Training Navine AI Image:   9%|8         | 345/4000 [03:51<34:12,  1.78it/s, loss=0.0193]
Training Navine AI Image:   9%|8         | 346/4000 [03:52<33:51,  1.80it/s, loss=0.0193]
Training Navine AI Image:   9%|8         | 346/4000 [03:52<33:51,  1.80it/s, loss=0.0377]
Training Navine AI Image:   9%|8         | 347/4000 [03:52<33:46,  1.80it/s, loss=0.0377]
Training Navine AI Image:   9%|8         | 347/4000 [03:52<33:46,  1.80it/s, loss=0.0246]
Training Navine AI Image:   9%|8         | 348/4000 [03:53<34:53,  1.74it/s, loss=0.0246]
Training Navine AI Image:   9%|8         | 348/4000 [03:53<34:53,  1.74it/s, loss=0.0199]
Training Navine AI Image:   9%|8         | 349/4000 [03:54<34:51,  1.75it/s, loss=0.0199]
Training Navine AI Image:   9%|8         | 349/4000 [03:54<34:51,  1.75it/s, loss=0.0948]
Training Navine AI Image:   9%|8         | 350/4000 [03:54<33:50,  1.80it/s, loss=0.0948]
Training Navine AI Image:   9%|8         | 350/4000 [03:54<33:50,  1.80it/s, loss=0.0335]
Training Navine AI Image:   9%|8         | 351/4000 [03:55<34:02,  1.79it/s, loss=0.0335]
Training Navine AI Image:   9%|8         | 351/4000 [03:55<34:02,  1.79it/s, loss=0.0278]
Training Navine AI Image:   9%|8         | 352/4000 [03:55<34:02,  1.79it/s, loss=0.0278]
Training Navine AI Image:   9%|8         | 352/4000 [03:55<34:02,  1.79it/s, loss=0.0109]
Training Navine AI Image:   9%|8         | 353/4000 [03:56<35:16,  1.72it/s, loss=0.0109]
Training Navine AI Image:   9%|8         | 353/4000 [03:56<35:16,  1.72it/s, loss=0.0176]
Training Navine AI Image:   9%|8         | 354/4000 [03:56<34:22,  1.77it/s, loss=0.0176]
Training Navine AI Image:   9%|8         | 354/4000 [03:56<34:22,  1.77it/s, loss=0.0687]
Training Navine AI Image:   9%|8         | 355/4000 [03:57<34:26,  1.76it/s, loss=0.0687]
Training Navine AI Image:   9%|8         | 355/4000 [03:57<34:26,  1.76it/s, loss=0.0143]
Training Navine AI Image:   9%|8         | 356/4000 [03:57<34:57,  1.74it/s, loss=0.0143]
Training Navine AI Image:   9%|8         | 356/4000 [03:58<34:57,  1.74it/s, loss=0.0501]
Training Navine AI Image:   9%|8         | 357/4000 [03:58<34:40,  1.75it/s, loss=0.0501]
Training Navine AI Image:   9%|8         | 357/4000 [03:58<34:40,  1.75it/s, loss=0.0160]
Training Navine AI Image:   9%|8         | 358/4000 [03:59<34:18,  1.77it/s, loss=0.0160]
Training Navine AI Image:   9%|8         | 358/4000 [03:59<34:18,  1.77it/s, loss=0.0433]
Training Navine AI Image:   9%|8         | 359/4000 [03:59<33:53,  1.79it/s, loss=0.0433]
Training Navine AI Image:   9%|8         | 359/4000 [03:59<33:53,  1.79it/s, loss=0.0318]
Training Navine AI Image:   9%|9         | 360/4000 [04:00<33:54,  1.79it/s, loss=0.0318]
Training Navine AI Image:   9%|9         | 360/4000 [04:00<33:54,  1.79it/s, loss=0.0249]
Training Navine AI Image:   9%|9         | 361/4000 [04:00<33:57,  1.79it/s, loss=0.0249]
Training Navine AI Image:   9%|9         | 361/4000 [04:00<33:57,  1.79it/s, loss=0.0152]
Training Navine AI Image:   9%|9         | 362/4000 [04:01<37:20,  1.62it/s, loss=0.0152]
Training Navine AI Image:   9%|9         | 362/4000 [04:01<37:20,  1.62it/s, loss=0.0270]
Training Navine AI Image:   9%|9         | 363/4000 [04:02<35:24,  1.71it/s, loss=0.0270]
Training Navine AI Image:   9%|9         | 363/4000 [04:02<35:24,  1.71it/s, loss=0.0260]
Training Navine AI Image:   9%|9         | 364/4000 [04:02<35:15,  1.72it/s, loss=0.0260]
Training Navine AI Image:   9%|9         | 364/4000 [04:02<35:15,  1.72it/s, loss=0.0566]
Training Navine AI Image:   9%|9         | 365/4000 [04:03<35:12,  1.72it/s, loss=0.0566]
Training Navine AI Image:   9%|9         | 365/4000 [04:03<35:12,  1.72it/s, loss=0.0771]
Training Navine AI Image:   9%|9         | 366/4000 [04:03<35:08,  1.72it/s, loss=0.0771]
Training Navine AI Image:   9%|9         | 366/4000 [04:03<35:08,  1.72it/s, loss=0.0155]
Training Navine AI Image:   9%|9         | 367/4000 [04:04<34:49,  1.74it/s, loss=0.0155]
Training Navine AI Image:   9%|9         | 367/4000 [04:04<34:49,  1.74it/s, loss=0.0156]
Training Navine AI Image:   9%|9         | 368/4000 [04:04<34:31,  1.75it/s, loss=0.0156]
Training Navine AI Image:   9%|9         | 368/4000 [04:04<34:31,  1.75it/s, loss=0.0179]
Training Navine AI Image:   9%|9         | 369/4000 [04:05<34:33,  1.75it/s, loss=0.0179]
Training Navine AI Image:   9%|9         | 369/4000 [04:05<34:33,  1.75it/s, loss=0.0176]
Training Navine AI Image:   9%|9         | 370/4000 [04:06<34:44,  1.74it/s, loss=0.0176]
Training Navine AI Image:   9%|9         | 370/4000 [04:06<34:44,  1.74it/s, loss=0.0307]
Training Navine AI Image:   9%|9         | 371/4000 [04:06<34:57,  1.73it/s, loss=0.0307]
Training Navine AI Image:   9%|9         | 371/4000 [04:06<34:57,  1.73it/s, loss=0.0115]
Training Navine AI Image:   9%|9         | 372/4000 [04:07<34:05,  1.77it/s, loss=0.0115]
Training Navine AI Image:   9%|9         | 372/4000 [04:07<34:05,  1.77it/s, loss=0.0194]
Training Navine AI Image:   9%|9         | 373/4000 [04:07<33:57,  1.78it/s, loss=0.0194]
Training Navine AI Image:   9%|9         | 373/4000 [04:07<33:57,  1.78it/s, loss=0.0132]
Training Navine AI Image:   9%|9         | 374/4000 [04:08<34:57,  1.73it/s, loss=0.0132]
Training Navine AI Image:   9%|9         | 374/4000 [04:08<34:57,  1.73it/s, loss=0.0278]
Training Navine AI Image:   9%|9         | 375/4000 [04:08<33:46,  1.79it/s, loss=0.0278]
Training Navine AI Image:   9%|9         | 375/4000 [04:08<33:46,  1.79it/s, loss=0.0239]
Training Navine AI Image:   9%|9         | 376/4000 [04:09<33:59,  1.78it/s, loss=0.0239]
Training Navine AI Image:   9%|9         | 376/4000 [04:09<33:59,  1.78it/s, loss=0.0666]
Training Navine AI Image:   9%|9         | 377/4000 [04:09<34:12,  1.76it/s, loss=0.0666]
Training Navine AI Image:   9%|9         | 377/4000 [04:10<34:12,  1.76it/s, loss=0.0428]
Training Navine AI Image:   9%|9         | 378/4000 [04:10<34:41,  1.74it/s, loss=0.0428]
Training Navine AI Image:   9%|9         | 378/4000 [04:10<34:41,  1.74it/s, loss=0.0104]
Training Navine AI Image:   9%|9         | 379/4000 [04:11<35:08,  1.72it/s, loss=0.0104]
Training Navine AI Image:   9%|9         | 379/4000 [04:11<35:08,  1.72it/s, loss=0.0481]
Training Navine AI Image:  10%|9         | 380/4000 [04:11<33:57,  1.78it/s, loss=0.0481]
Training Navine AI Image:  10%|9         | 380/4000 [04:11<33:57,  1.78it/s, loss=0.0707]
Training Navine AI Image:  10%|9         | 381/4000 [04:12<34:06,  1.77it/s, loss=0.0707]
Training Navine AI Image:  10%|9         | 381/4000 [04:12<34:06,  1.77it/s, loss=0.0091]
Training Navine AI Image:  10%|9         | 382/4000 [04:12<35:07,  1.72it/s, loss=0.0091]
Training Navine AI Image:  10%|9         | 382/4000 [04:12<35:07,  1.72it/s, loss=0.0293]
Training Navine AI Image:  10%|9         | 383/4000 [04:13<33:56,  1.78it/s, loss=0.0293]
Training Navine AI Image:  10%|9         | 383/4000 [04:13<33:56,  1.78it/s, loss=0.0238]
Training Navine AI Image:  10%|9         | 384/4000 [04:13<34:02,  1.77it/s, loss=0.0238]
Training Navine AI Image:  10%|9         | 384/4000 [04:14<34:02,  1.77it/s, loss=0.0379]
Training Navine AI Image:  10%|9         | 385/4000 [04:14<34:06,  1.77it/s, loss=0.0379]
Training Navine AI Image:  10%|9         | 385/4000 [04:14<34:06,  1.77it/s, loss=0.0163]
Training Navine AI Image:  10%|9         | 386/4000 [04:15<34:59,  1.72it/s, loss=0.0163]
Training Navine AI Image:  10%|9         | 386/4000 [04:15<34:59,  1.72it/s, loss=0.0274]
Training Navine AI Image:  10%|9         | 387/4000 [04:15<34:29,  1.75it/s, loss=0.0274]
Training Navine AI Image:  10%|9         | 387/4000 [04:15<34:29,  1.75it/s, loss=0.0111]
Training Navine AI Image:  10%|9         | 388/4000 [04:16<33:35,  1.79it/s, loss=0.0111]
Training Navine AI Image:  10%|9         | 388/4000 [04:16<33:35,  1.79it/s, loss=0.1530]
Training Navine AI Image:  10%|9         | 389/4000 [04:16<33:42,  1.79it/s, loss=0.1530]
Training Navine AI Image:  10%|9         | 389/4000 [04:16<33:42,  1.79it/s, loss=0.0112]
Training Navine AI Image:  10%|9         | 390/4000 [04:17<34:41,  1.73it/s, loss=0.0112]
Training Navine AI Image:  10%|9         | 390/4000 [04:17<34:41,  1.73it/s, loss=0.0105]
Training Navine AI Image:  10%|9         | 391/4000 [04:17<34:18,  1.75it/s, loss=0.0105]
Training Navine AI Image:  10%|9         | 391/4000 [04:17<34:18,  1.75it/s, loss=0.0204]
Training Navine AI Image:  10%|9         | 392/4000 [04:18<33:26,  1.80it/s, loss=0.0204]
Training Navine AI Image:  10%|9         | 392/4000 [04:18<33:26,  1.80it/s, loss=0.0381]
Training Navine AI Image:  10%|9         | 393/4000 [04:19<35:39,  1.69it/s, loss=0.0381]
Training Navine AI Image:  10%|9         | 393/4000 [04:19<35:39,  1.69it/s, loss=0.0240]
Training Navine AI Image:  10%|9         | 394/4000 [04:19<35:03,  1.71it/s, loss=0.0240]
Training Navine AI Image:  10%|9         | 394/4000 [04:19<35:03,  1.71it/s, loss=0.0483]
Training Navine AI Image:  10%|9         | 395/4000 [04:20<33:33,  1.79it/s, loss=0.0483]
Training Navine AI Image:  10%|9         | 395/4000 [04:20<33:33,  1.79it/s, loss=0.0439]
Training Navine AI Image:  10%|9         | 396/4000 [04:20<34:09,  1.76it/s, loss=0.0439]
Training Navine AI Image:  10%|9         | 396/4000 [04:20<34:09,  1.76it/s, loss=0.0209]
Training Navine AI Image:  10%|9         | 397/4000 [04:21<34:24,  1.75it/s, loss=0.0209]
Training Navine AI Image:  10%|9         | 397/4000 [04:21<34:24,  1.75it/s, loss=0.0098]
Training Navine AI Image:  10%|9         | 398/4000 [04:22<34:59,  1.72it/s, loss=0.0098]
Training Navine AI Image:  10%|9         | 398/4000 [04:22<34:59,  1.72it/s, loss=0.0163]
Training Navine AI Image:  10%|9         | 399/4000 [04:22<33:52,  1.77it/s, loss=0.0163]
Training Navine AI Image:  10%|9         | 399/4000 [04:22<33:52,  1.77it/s, loss=0.0475]
Training Navine AI Image:  10%|#         | 400/4000 [04:23<34:19,  1.75it/s, loss=0.0475]
Training Navine AI Image:  10%|#         | 400/4000 [04:23<34:19,  1.75it/s, loss=0.0131]
Training Navine AI Image:  10%|#         | 401/4000 [04:23<35:03,  1.71it/s, loss=0.0131]
Training Navine AI Image:  10%|#         | 401/4000 [04:23<35:03,  1.71it/s, loss=0.0365]
Training Navine AI Image:  10%|#         | 402/4000 [04:24<33:55,  1.77it/s, loss=0.0365]
Training Navine AI Image:  10%|#         | 402/4000 [04:24<33:55,  1.77it/s, loss=0.0232]
Training Navine AI Image:  10%|#         | 403/4000 [04:24<34:03,  1.76it/s, loss=0.0232]
Training Navine AI Image:  10%|#         | 403/4000 [04:24<34:03,  1.76it/s, loss=0.0658]
Training Navine AI Image:  10%|#         | 404/4000 [04:25<33:44,  1.78it/s, loss=0.0658]
Training Navine AI Image:  10%|#         | 404/4000 [04:25<33:44,  1.78it/s, loss=0.0135]
Training Navine AI Image:  10%|#         | 405/4000 [04:25<34:29,  1.74it/s, loss=0.0135]
Training Navine AI Image:  10%|#         | 405/4000 [04:25<34:29,  1.74it/s, loss=0.0243]
Training Navine AI Image:  10%|#         | 406/4000 [04:26<34:17,  1.75it/s, loss=0.0243]
Training Navine AI Image:  10%|#         | 406/4000 [04:26<34:17,  1.75it/s, loss=0.0142]
Training Navine AI Image:  10%|#         | 407/4000 [04:27<33:54,  1.77it/s, loss=0.0142]
Training Navine AI Image:  10%|#         | 407/4000 [04:27<33:54,  1.77it/s, loss=0.0098]
Training Navine AI Image:  10%|#         | 408/4000 [04:27<33:47,  1.77it/s, loss=0.0098]
Training Navine AI Image:  10%|#         | 408/4000 [04:27<33:47,  1.77it/s, loss=0.0191]
Training Navine AI Image:  10%|#         | 409/4000 [04:28<33:27,  1.79it/s, loss=0.0191]
Training Navine AI Image:  10%|#         | 409/4000 [04:28<33:27,  1.79it/s, loss=0.0262]
Training Navine AI Image:  10%|#         | 410/4000 [04:28<34:44,  1.72it/s, loss=0.0262]
Training Navine AI Image:  10%|#         | 410/4000 [04:28<34:44,  1.72it/s, loss=0.0317]
Training Navine AI Image:  10%|#         | 411/4000 [04:29<34:26,  1.74it/s, loss=0.0317]
Training Navine AI Image:  10%|#         | 411/4000 [04:29<34:26,  1.74it/s, loss=0.0132]
Training Navine AI Image:  10%|#         | 412/4000 [04:30<34:59,  1.71it/s, loss=0.0132]
Training Navine AI Image:  10%|#         | 412/4000 [04:30<34:59,  1.71it/s, loss=0.0256]
Training Navine AI Image:  10%|#         | 413/4000 [04:30<34:01,  1.76it/s, loss=0.0256]
Training Navine AI Image:  10%|#         | 413/4000 [04:30<34:01,  1.76it/s, loss=0.0914]
Training Navine AI Image:  10%|#         | 414/4000 [04:31<36:40,  1.63it/s, loss=0.0914]
Training Navine AI Image:  10%|#         | 414/4000 [04:31<36:40,  1.63it/s, loss=0.0193]
Training Navine AI Image:  10%|#         | 415/4000 [04:31<35:56,  1.66it/s, loss=0.0193]
Training Navine AI Image:  10%|#         | 415/4000 [04:31<35:56,  1.66it/s, loss=0.0081]
Training Navine AI Image:  10%|#         | 416/4000 [04:32<37:05,  1.61it/s, loss=0.0081]
Training Navine AI Image:  10%|#         | 416/4000 [04:32<37:05,  1.61it/s, loss=0.0095]
Training Navine AI Image:  10%|#         | 417/4000 [04:33<35:05,  1.70it/s, loss=0.0095]
Training Navine AI Image:  10%|#         | 417/4000 [04:33<35:05,  1.70it/s, loss=0.0119]
Training Navine AI Image:  10%|#         | 418/4000 [04:33<34:17,  1.74it/s, loss=0.0119]
Training Navine AI Image:  10%|#         | 418/4000 [04:33<34:17,  1.74it/s, loss=0.0153]
Training Navine AI Image:  10%|#         | 419/4000 [04:34<33:46,  1.77it/s, loss=0.0153]
Training Navine AI Image:  10%|#         | 419/4000 [04:34<33:46,  1.77it/s, loss=0.1079]
Training Navine AI Image:  10%|#         | 420/4000 [04:34<33:49,  1.76it/s, loss=0.1079]
Training Navine AI Image:  10%|#         | 420/4000 [04:34<33:49,  1.76it/s, loss=0.0283]
Training Navine AI Image:  11%|#         | 421/4000 [04:35<33:58,  1.76it/s, loss=0.0283]
Training Navine AI Image:  11%|#         | 421/4000 [04:35<33:58,  1.76it/s, loss=0.1372]
Training Navine AI Image:  11%|#         | 422/4000 [04:35<35:34,  1.68it/s, loss=0.1372]
Training Navine AI Image:  11%|#         | 422/4000 [04:35<35:34,  1.68it/s, loss=0.0113]
Training Navine AI Image:  11%|#         | 423/4000 [04:36<35:37,  1.67it/s, loss=0.0113]
Training Navine AI Image:  11%|#         | 423/4000 [04:36<35:37,  1.67it/s, loss=0.0201]
Training Navine AI Image:  11%|#         | 424/4000 [04:37<34:03,  1.75it/s, loss=0.0201]
Training Navine AI Image:  11%|#         | 424/4000 [04:37<34:03,  1.75it/s, loss=0.0277]
Training Navine AI Image:  11%|#         | 425/4000 [04:37<34:10,  1.74it/s, loss=0.0277]
Training Navine AI Image:  11%|#         | 425/4000 [04:37<34:10,  1.74it/s, loss=0.0375]
Training Navine AI Image:  11%|#         | 426/4000 [04:38<34:03,  1.75it/s, loss=0.0375]
Training Navine AI Image:  11%|#         | 426/4000 [04:38<34:03,  1.75it/s, loss=0.0331]
Training Navine AI Image:  11%|#         | 427/4000 [04:38<34:42,  1.72it/s, loss=0.0331]
Training Navine AI Image:  11%|#         | 427/4000 [04:38<34:42,  1.72it/s, loss=0.0224]
Training Navine AI Image:  11%|#         | 428/4000 [04:39<34:14,  1.74it/s, loss=0.0224]
Training Navine AI Image:  11%|#         | 428/4000 [04:39<34:14,  1.74it/s, loss=0.0308]
Training Navine AI Image:  11%|#         | 429/4000 [04:39<33:08,  1.80it/s, loss=0.0308]
Training Navine AI Image:  11%|#         | 429/4000 [04:39<33:08,  1.80it/s, loss=0.0596]
Training Navine AI Image:  11%|#         | 430/4000 [04:40<33:06,  1.80it/s, loss=0.0596]
Training Navine AI Image:  11%|#         | 430/4000 [04:40<33:06,  1.80it/s, loss=0.0118]
Training Navine AI Image:  11%|#         | 431/4000 [04:41<34:33,  1.72it/s, loss=0.0118]
Training Navine AI Image:  11%|#         | 431/4000 [04:41<34:33,  1.72it/s, loss=0.0092]
Training Navine AI Image:  11%|#         | 432/4000 [04:41<33:56,  1.75it/s, loss=0.0092]
Training Navine AI Image:  11%|#         | 432/4000 [04:41<33:56,  1.75it/s, loss=0.0129]
Training Navine AI Image:  11%|#         | 433/4000 [04:42<34:42,  1.71it/s, loss=0.0129]
Training Navine AI Image:  11%|#         | 433/4000 [04:42<34:42,  1.71it/s, loss=0.0216]
Training Navine AI Image:  11%|#         | 434/4000 [04:42<35:22,  1.68it/s, loss=0.0216]
Training Navine AI Image:  11%|#         | 434/4000 [04:42<35:22,  1.68it/s, loss=0.0462]
Training Navine AI Image:  11%|#         | 435/4000 [04:43<34:50,  1.70it/s, loss=0.0462]
Training Navine AI Image:  11%|#         | 435/4000 [04:43<34:50,  1.70it/s, loss=0.0121]
Training Navine AI Image:  11%|#         | 436/4000 [04:43<34:38,  1.71it/s, loss=0.0121]
Training Navine AI Image:  11%|#         | 436/4000 [04:44<34:38,  1.71it/s, loss=0.0078]
Training Navine AI Image:  11%|#         | 437/4000 [04:44<34:29,  1.72it/s, loss=0.0078]
Training Navine AI Image:  11%|#         | 437/4000 [04:44<34:29,  1.72it/s, loss=0.0401]
Training Navine AI Image:  11%|#         | 438/4000 [04:45<37:13,  1.59it/s, loss=0.0401]
Training Navine AI Image:  11%|#         | 438/4000 [04:45<37:13,  1.59it/s, loss=0.0091]
Training Navine AI Image:  11%|#         | 439/4000 [04:45<35:05,  1.69it/s, loss=0.0091]
Training Navine AI Image:  11%|#         | 439/4000 [04:45<35:05,  1.69it/s, loss=0.0176]
Training Navine AI Image:  11%|#1        | 440/4000 [04:46<34:35,  1.72it/s, loss=0.0176]
Training Navine AI Image:  11%|#1        | 440/4000 [04:46<34:35,  1.72it/s, loss=0.0170]
Training Navine AI Image:  11%|#1        | 441/4000 [04:46<34:06,  1.74it/s, loss=0.0170]
Training Navine AI Image:  11%|#1        | 441/4000 [04:46<34:06,  1.74it/s, loss=0.0130]
Training Navine AI Image:  11%|#1        | 442/4000 [04:47<33:52,  1.75it/s, loss=0.0130]
Training Navine AI Image:  11%|#1        | 442/4000 [04:47<33:52,  1.75it/s, loss=0.0115]
Training Navine AI Image:  11%|#1        | 443/4000 [04:48<35:03,  1.69it/s, loss=0.0115]
Training Navine AI Image:  11%|#1        | 443/4000 [04:48<35:03,  1.69it/s, loss=0.0405]
Training Navine AI Image:  11%|#1        | 444/4000 [04:48<34:37,  1.71it/s, loss=0.0405]
Training Navine AI Image:  11%|#1        | 444/4000 [04:48<34:37,  1.71it/s, loss=0.0148]
Training Navine AI Image:  11%|#1        | 445/4000 [04:49<34:50,  1.70it/s, loss=0.0148]
Training Navine AI Image:  11%|#1        | 445/4000 [04:49<34:50,  1.70it/s, loss=0.0127]
Training Navine AI Image:  11%|#1        | 446/4000 [04:49<34:10,  1.73it/s, loss=0.0127]
Training Navine AI Image:  11%|#1        | 446/4000 [04:49<34:10,  1.73it/s, loss=0.0132]
Training Navine AI Image:  11%|#1        | 447/4000 [04:50<33:39,  1.76it/s, loss=0.0132]
Training Navine AI Image:  11%|#1        | 447/4000 [04:50<33:39,  1.76it/s, loss=0.0221]
Training Navine AI Image:  11%|#1        | 448/4000 [04:50<32:33,  1.82it/s, loss=0.0221]
Training Navine AI Image:  11%|#1        | 448/4000 [04:50<32:33,  1.82it/s, loss=0.0914]
Training Navine AI Image:  11%|#1        | 449/4000 [04:51<32:37,  1.81it/s, loss=0.0914]
Training Navine AI Image:  11%|#1        | 449/4000 [04:51<32:37,  1.81it/s, loss=0.0090]
Training Navine AI Image:  11%|#1        | 450/4000 [04:51<32:34,  1.82it/s, loss=0.0090]
Training Navine AI Image:  11%|#1        | 450/4000 [04:52<32:34,  1.82it/s, loss=0.0137]
Training Navine AI Image:  11%|#1        | 451/4000 [04:52<33:42,  1.75it/s, loss=0.0137]
Training Navine AI Image:  11%|#1        | 451/4000 [04:52<33:42,  1.75it/s, loss=0.0240]
Training Navine AI Image:  11%|#1        | 452/4000 [04:53<33:30,  1.76it/s, loss=0.0240]
Training Navine AI Image:  11%|#1        | 452/4000 [04:53<33:30,  1.76it/s, loss=0.0268]
Training Navine AI Image:  11%|#1        | 453/4000 [04:53<32:43,  1.81it/s, loss=0.0268]
Training Navine AI Image:  11%|#1        | 453/4000 [04:53<32:43,  1.81it/s, loss=0.0142]
Training Navine AI Image:  11%|#1        | 454/4000 [04:54<32:33,  1.82it/s, loss=0.0142]
Training Navine AI Image:  11%|#1        | 454/4000 [04:54<32:33,  1.82it/s, loss=0.0451]
Training Navine AI Image:  11%|#1        | 455/4000 [04:54<32:50,  1.80it/s, loss=0.0451]
Training Navine AI Image:  11%|#1        | 455/4000 [04:54<32:50,  1.80it/s, loss=0.0292]
Training Navine AI Image:  11%|#1        | 456/4000 [04:55<32:48,  1.80it/s, loss=0.0292]
Training Navine AI Image:  11%|#1        | 456/4000 [04:55<32:48,  1.80it/s, loss=0.0070]
Training Navine AI Image:  11%|#1        | 457/4000 [04:55<34:04,  1.73it/s, loss=0.0070]
Training Navine AI Image:  11%|#1        | 457/4000 [04:55<34:04,  1.73it/s, loss=0.0087]
Training Navine AI Image:  11%|#1        | 458/4000 [04:56<33:59,  1.74it/s, loss=0.0087]
Training Navine AI Image:  11%|#1        | 458/4000 [04:56<33:59,  1.74it/s, loss=0.0178]
Training Navine AI Image:  11%|#1        | 459/4000 [04:57<34:17,  1.72it/s, loss=0.0178]
Training Navine AI Image:  11%|#1        | 459/4000 [04:57<34:17,  1.72it/s, loss=0.0176]
Training Navine AI Image:  12%|#1        | 460/4000 [04:57<33:58,  1.74it/s, loss=0.0176]
Training Navine AI Image:  12%|#1        | 460/4000 [04:57<33:58,  1.74it/s, loss=0.0156]
Training Navine AI Image:  12%|#1        | 461/4000 [04:58<33:12,  1.78it/s, loss=0.0156]
Training Navine AI Image:  12%|#1        | 461/4000 [04:58<33:12,  1.78it/s, loss=0.0382]
Training Navine AI Image:  12%|#1        | 462/4000 [04:58<32:53,  1.79it/s, loss=0.0382]
Training Navine AI Image:  12%|#1        | 462/4000 [04:58<32:53,  1.79it/s, loss=0.0412]
Training Navine AI Image:  12%|#1        | 463/4000 [04:59<32:56,  1.79it/s, loss=0.0412]
Training Navine AI Image:  12%|#1        | 463/4000 [04:59<32:56,  1.79it/s, loss=0.0088]
Training Navine AI Image:  12%|#1        | 464/4000 [04:59<33:53,  1.74it/s, loss=0.0088]
Training Navine AI Image:  12%|#1        | 464/4000 [04:59<33:53,  1.74it/s, loss=0.0155]
Training Navine AI Image:  12%|#1        | 465/4000 [05:00<33:03,  1.78it/s, loss=0.0155]
Training Navine AI Image:  12%|#1        | 465/4000 [05:00<33:03,  1.78it/s, loss=0.0201]
Training Navine AI Image:  12%|#1        | 466/4000 [05:01<32:58,  1.79it/s, loss=0.0201]
Training Navine AI Image:  12%|#1        | 466/4000 [05:01<32:58,  1.79it/s, loss=0.0171]
Training Navine AI Image:  12%|#1        | 467/4000 [05:01<32:55,  1.79it/s, loss=0.0171]
Training Navine AI Image:  12%|#1        | 467/4000 [05:01<32:55,  1.79it/s, loss=0.0207]
Training Navine AI Image:  12%|#1        | 468/4000 [05:02<32:52,  1.79it/s, loss=0.0207]
Training Navine AI Image:  12%|#1        | 468/4000 [05:02<32:52,  1.79it/s, loss=0.0119]
Training Navine AI Image:  12%|#1        | 469/4000 [05:02<33:43,  1.74it/s, loss=0.0119]
Training Navine AI Image:  12%|#1        | 469/4000 [05:02<33:43,  1.74it/s, loss=0.0107]
Training Navine AI Image:  12%|#1        | 470/4000 [05:03<32:44,  1.80it/s, loss=0.0107]
Training Navine AI Image:  12%|#1        | 470/4000 [05:03<32:44,  1.80it/s, loss=0.0126]
Training Navine AI Image:  12%|#1        | 471/4000 [05:03<33:03,  1.78it/s, loss=0.0126]
Training Navine AI Image:  12%|#1        | 471/4000 [05:03<33:03,  1.78it/s, loss=0.0226]
Training Navine AI Image:  12%|#1        | 472/4000 [05:04<34:00,  1.73it/s, loss=0.0226]
Training Navine AI Image:  12%|#1        | 472/4000 [05:04<34:00,  1.73it/s, loss=0.0597]
Training Navine AI Image:  12%|#1        | 473/4000 [05:05<33:14,  1.77it/s, loss=0.0597]
Training Navine AI Image:  12%|#1        | 473/4000 [05:05<33:14,  1.77it/s, loss=0.0192]
Training Navine AI Image:  12%|#1        | 474/4000 [05:05<33:29,  1.75it/s, loss=0.0192]
Training Navine AI Image:  12%|#1        | 474/4000 [05:05<33:29,  1.75it/s, loss=0.0121]
Training Navine AI Image:  12%|#1        | 475/4000 [05:06<33:43,  1.74it/s, loss=0.0121]
Training Navine AI Image:  12%|#1        | 475/4000 [05:06<33:43,  1.74it/s, loss=0.0237]
Training Navine AI Image:  12%|#1        | 476/4000 [05:06<34:07,  1.72it/s, loss=0.0237]
Training Navine AI Image:  12%|#1        | 476/4000 [05:06<34:07,  1.72it/s, loss=0.0168]
Training Navine AI Image:  12%|#1        | 477/4000 [05:07<32:54,  1.78it/s, loss=0.0168]
Training Navine AI Image:  12%|#1        | 477/4000 [05:07<32:54,  1.78it/s, loss=0.0357]
Training Navine AI Image:  12%|#1        | 478/4000 [05:07<32:58,  1.78it/s, loss=0.0357]
Training Navine AI Image:  12%|#1        | 478/4000 [05:07<32:58,  1.78it/s, loss=0.0447]
Training Navine AI Image:  12%|#1        | 479/4000 [05:08<32:57,  1.78it/s, loss=0.0447]
Training Navine AI Image:  12%|#1        | 479/4000 [05:08<32:57,  1.78it/s, loss=0.0277]
Training Navine AI Image:  12%|#2        | 480/4000 [05:08<32:55,  1.78it/s, loss=0.0277]
Training Navine AI Image:  12%|#2        | 480/4000 [05:09<32:55,  1.78it/s, loss=0.0101]
Training Navine AI Image:  12%|#2        | 481/4000 [05:09<33:43,  1.74it/s, loss=0.0101]
Training Navine AI Image:  12%|#2        | 481/4000 [05:09<33:43,  1.74it/s, loss=0.0111]
Training Navine AI Image:  12%|#2        | 482/4000 [05:10<33:23,  1.76it/s, loss=0.0111]
Training Navine AI Image:  12%|#2        | 482/4000 [05:10<33:23,  1.76it/s, loss=0.0294]
Training Navine AI Image:  12%|#2        | 483/4000 [05:10<32:22,  1.81it/s, loss=0.0294]
Training Navine AI Image:  12%|#2        | 483/4000 [05:10<32:22,  1.81it/s, loss=0.0319]
Training Navine AI Image:  12%|#2        | 484/4000 [05:11<32:27,  1.81it/s, loss=0.0319]
Training Navine AI Image:  12%|#2        | 484/4000 [05:11<32:27,  1.81it/s, loss=0.0245]
Training Navine AI Image:  12%|#2        | 485/4000 [05:11<32:44,  1.79it/s, loss=0.0245]
Training Navine AI Image:  12%|#2        | 485/4000 [05:11<32:44,  1.79it/s, loss=0.0416]
Training Navine AI Image:  12%|#2        | 486/4000 [05:12<32:53,  1.78it/s, loss=0.0416]
Training Navine AI Image:  12%|#2        | 486/4000 [05:12<32:53,  1.78it/s, loss=0.0285]
Training Navine AI Image:  12%|#2        | 487/4000 [05:13<39:29,  1.48it/s, loss=0.0285]
Training Navine AI Image:  12%|#2        | 487/4000 [05:13<39:29,  1.48it/s, loss=0.0463]
Training Navine AI Image:  12%|#2        | 488/4000 [05:13<37:57,  1.54it/s, loss=0.0463]
Training Navine AI Image:  12%|#2        | 488/4000 [05:13<37:57,  1.54it/s, loss=0.0127]
Training Navine AI Image:  12%|#2        | 489/4000 [05:14<37:27,  1.56it/s, loss=0.0127]
Training Navine AI Image:  12%|#2        | 489/4000 [05:14<37:27,  1.56it/s, loss=0.0156]
Training Navine AI Image:  12%|#2        | 490/4000 [05:15<35:20,  1.66it/s, loss=0.0156]
Training Navine AI Image:  12%|#2        | 490/4000 [05:15<35:20,  1.66it/s, loss=0.0241]
Training Navine AI Image:  12%|#2        | 491/4000 [05:15<34:35,  1.69it/s, loss=0.0241]
Training Navine AI Image:  12%|#2        | 491/4000 [05:15<34:35,  1.69it/s, loss=0.0158]
Training Navine AI Image:  12%|#2        | 492/4000 [05:16<34:13,  1.71it/s, loss=0.0158]
Training Navine AI Image:  12%|#2        | 492/4000 [05:16<34:13,  1.71it/s, loss=0.0085]
Training Navine AI Image:  12%|#2        | 493/4000 [05:16<34:33,  1.69it/s, loss=0.0085]
Training Navine AI Image:  12%|#2        | 493/4000 [05:16<34:33,  1.69it/s, loss=0.0210]
Training Navine AI Image:  12%|#2        | 494/4000 [05:17<33:34,  1.74it/s, loss=0.0210]
Training Navine AI Image:  12%|#2        | 494/4000 [05:17<33:34,  1.74it/s, loss=0.0092]
Training Navine AI Image:  12%|#2        | 495/4000 [05:17<33:22,  1.75it/s, loss=0.0092]
Training Navine AI Image:  12%|#2        | 495/4000 [05:17<33:22,  1.75it/s, loss=0.0166]
Training Navine AI Image:  12%|#2        | 496/4000 [05:18<33:24,  1.75it/s, loss=0.0166]
Training Navine AI Image:  12%|#2        | 496/4000 [05:18<33:24,  1.75it/s, loss=0.0082]
Training Navine AI Image:  12%|#2        | 497/4000 [05:18<33:01,  1.77it/s, loss=0.0082]
Training Navine AI Image:  12%|#2        | 497/4000 [05:19<33:01,  1.77it/s, loss=0.0195]
Training Navine AI Image:  12%|#2        | 498/4000 [05:19<33:16,  1.75it/s, loss=0.0195]
Training Navine AI Image:  12%|#2        | 498/4000 [05:19<33:16,  1.75it/s, loss=0.1448]
Training Navine AI Image:  12%|#2        | 499/4000 [05:20<32:46,  1.78it/s, loss=0.1448]
Training Navine AI Image:  12%|#2        | 499/4000 [05:20<32:46,  1.78it/s, loss=0.0083]
Training Navine AI Image:  12%|#2        | 500/4000 [05:20<33:26,  1.74it/s, loss=0.0083]
Training Navine AI Image:  12%|#2        | 500/4000 [05:20<33:26,  1.74it/s, loss=0.0300]
Training Navine AI Image:  13%|#2        | 501/4000 [08:41<58:48:48, 60.51s/it, loss=0.0300]
Training Navine AI Image:  13%|#2        | 501/4000 [08:41<58:48:48, 60.51s/it, loss=0.0173]
Training Navine AI Image:  13%|#2        | 502/4000 [08:41<41:19:48, 42.54s/it, loss=0.0173]
Training Navine AI Image:  13%|#2        | 502/4000 [08:41<41:19:48, 42.54s/it, loss=0.0181]
Training Navine AI Image:  13%|#2        | 503/4000 [08:42<29:05:46, 29.95s/it, loss=0.0181]
Training Navine AI Image:  13%|#2        | 503/4000 [08:42<29:05:46, 29.95s/it, loss=0.0402]
Training Navine AI Image:  13%|#2        | 504/4000 [08:42<20:32:22, 21.15s/it, loss=0.0402]
Training Navine AI Image:  13%|#2        | 504/4000 [08:42<20:32:22, 21.15s/it, loss=0.0728]
Training Navine AI Image:  13%|#2        | 505/4000 [08:43<14:31:52, 14.97s/it, loss=0.0728]
Training Navine AI Image:  13%|#2        | 505/4000 [08:43<14:31:52, 14.97s/it, loss=0.0360]
Training Navine AI Image:  13%|#2        | 506/4000 [08:43<10:20:12, 10.65s/it, loss=0.0360]
Training Navine AI Image:  13%|#2        | 506/4000 [08:44<10:20:12, 10.65s/it, loss=0.0143]
Training Navine AI Image:  13%|#2        | 507/4000 [08:44<7:24:25,  7.63s/it, loss=0.0143] 
Training Navine AI Image:  13%|#2        | 507/4000 [08:44<7:24:25,  7.63s/it, loss=0.0212]
Training Navine AI Image:  13%|#2        | 508/4000 [08:45<5:20:56,  5.51s/it, loss=0.0212]
Training Navine AI Image:  13%|#2        | 508/4000 [08:45<5:20:56,  5.51s/it, loss=0.0185]
Training Navine AI Image:  13%|#2        | 509/4000 [08:45<3:55:13,  4.04s/it, loss=0.0185]
Training Navine AI Image:  13%|#2        | 509/4000 [08:45<3:55:13,  4.04s/it, loss=0.0151]
Training Navine AI Image:  13%|#2        | 510/4000 [08:46<2:53:38,  2.99s/it, loss=0.0151]
Training Navine AI Image:  13%|#2        | 510/4000 [08:46<2:53:38,  2.99s/it, loss=0.0071]
Training Navine AI Image:  13%|#2        | 511/4000 [08:46<2:11:26,  2.26s/it, loss=0.0071]
Training Navine AI Image:  13%|#2        | 511/4000 [08:46<2:11:26,  2.26s/it, loss=0.0035]
Training Navine AI Image:  13%|#2        | 512/4000 [08:47<1:42:40,  1.77s/it, loss=0.0035]
Training Navine AI Image:  13%|#2        | 512/4000 [08:47<1:42:40,  1.77s/it, loss=0.0190]
Training Navine AI Image:  13%|#2        | 513/4000 [08:47<1:21:04,  1.40s/it, loss=0.0190]
Training Navine AI Image:  13%|#2        | 513/4000 [08:48<1:21:04,  1.40s/it, loss=0.0225]
Training Navine AI Image:  13%|#2        | 514/4000 [08:48<1:06:42,  1.15s/it, loss=0.0225]
Training Navine AI Image:  13%|#2        | 514/4000 [08:48<1:06:42,  1.15s/it, loss=0.0526]
Training Navine AI Image:  13%|#2        | 515/4000 [08:49<57:39,  1.01it/s, loss=0.0526]  
Training Navine AI Image:  13%|#2        | 515/4000 [08:49<57:39,  1.01it/s, loss=0.0258]
Training Navine AI Image:  13%|#2        | 516/4000 [08:49<50:16,  1.16it/s, loss=0.0258]
Training Navine AI Image:  13%|#2        | 516/4000 [08:49<50:16,  1.16it/s, loss=0.0153]
Training Navine AI Image:  13%|#2        | 517/4000 [08:50<45:11,  1.28it/s, loss=0.0153]
Training Navine AI Image:  13%|#2        | 517/4000 [08:50<45:11,  1.28it/s, loss=0.0180]
Training Navine AI Image:  13%|#2        | 518/4000 [08:50<41:34,  1.40it/s, loss=0.0180]
Training Navine AI Image:  13%|#2        | 518/4000 [08:50<41:34,  1.40it/s, loss=0.0640]
Training Navine AI Image:  13%|#2        | 519/4000 [08:51<39:20,  1.47it/s, loss=0.0640]
Training Navine AI Image:  13%|#2        | 519/4000 [08:51<39:20,  1.47it/s, loss=0.0418]
Training Navine AI Image:  13%|#3        | 520/4000 [08:52<36:52,  1.57it/s, loss=0.0418]
Training Navine AI Image:  13%|#3        | 520/4000 [08:52<36:52,  1.57it/s, loss=0.0158]
Training Navine AI Image:  13%|#3        | 521/4000 [08:52<35:48,  1.62it/s, loss=0.0158]
Training Navine AI Image:  13%|#3        | 521/4000 [08:52<35:48,  1.62it/s, loss=0.0327]
Training Navine AI Image:  13%|#3        | 522/4000 [08:53<34:58,  1.66it/s, loss=0.0327]
Training Navine AI Image:  13%|#3        | 522/4000 [08:53<34:58,  1.66it/s, loss=0.0148]
Training Navine AI Image:  13%|#3        | 523/4000 [08:53<34:15,  1.69it/s, loss=0.0148]
Training Navine AI Image:  13%|#3        | 523/4000 [08:53<34:15,  1.69it/s, loss=0.0163]
Training Navine AI Image:  13%|#3        | 524/4000 [08:54<34:00,  1.70it/s, loss=0.0163]
Training Navine AI Image:  13%|#3        | 524/4000 [08:54<34:00,  1.70it/s, loss=0.0137]
Training Navine AI Image:  13%|#3        | 525/4000 [08:54<33:32,  1.73it/s, loss=0.0137]
Training Navine AI Image:  13%|#3        | 525/4000 [08:54<33:32,  1.73it/s, loss=0.0004]
Training Navine AI Image:  13%|#3        | 526/4000 [08:55<33:24,  1.73it/s, loss=0.0004]
Training Navine AI Image:  13%|#3        | 526/4000 [08:55<33:24,  1.73it/s, loss=0.0084]
Training Navine AI Image:  13%|#3        | 527/4000 [08:56<34:05,  1.70it/s, loss=0.0084]
Training Navine AI Image:  13%|#3        | 527/4000 [08:56<34:05,  1.70it/s, loss=0.0190]
Training Navine AI Image:  13%|#3        | 528/4000 [08:56<34:06,  1.70it/s, loss=0.0190]
Training Navine AI Image:  13%|#3        | 528/4000 [08:56<34:06,  1.70it/s, loss=0.0099]
Training Navine AI Image:  13%|#3        | 529/4000 [08:57<32:58,  1.75it/s, loss=0.0099]
Training Navine AI Image:  13%|#3        | 529/4000 [08:57<32:58,  1.75it/s, loss=0.0093]
Training Navine AI Image:  13%|#3        | 530/4000 [08:57<33:09,  1.74it/s, loss=0.0093]
Training Navine AI Image:  13%|#3        | 530/4000 [08:57<33:09,  1.74it/s, loss=0.0162]
Training Navine AI Image:  13%|#3        | 531/4000 [08:58<33:13,  1.74it/s, loss=0.0162]
Training Navine AI Image:  13%|#3        | 531/4000 [08:58<33:13,  1.74it/s, loss=0.0204]
Training Navine AI Image:  13%|#3        | 532/4000 [08:58<33:23,  1.73it/s, loss=0.0204]
Training Navine AI Image:  13%|#3        | 532/4000 [08:58<33:23,  1.73it/s, loss=0.0098]
Training Navine AI Image:  13%|#3        | 533/4000 [08:59<33:16,  1.74it/s, loss=0.0098]
Training Navine AI Image:  13%|#3        | 533/4000 [08:59<33:16,  1.74it/s, loss=0.0182]
Training Navine AI Image:  13%|#3        | 534/4000 [09:00<33:12,  1.74it/s, loss=0.0182]
Training Navine AI Image:  13%|#3        | 534/4000 [09:00<33:12,  1.74it/s, loss=0.0089]
Training Navine AI Image:  13%|#3        | 535/4000 [09:00<33:13,  1.74it/s, loss=0.0089]
Training Navine AI Image:  13%|#3        | 535/4000 [09:00<33:13,  1.74it/s, loss=0.0171]
Training Navine AI Image:  13%|#3        | 536/4000 [09:01<33:23,  1.73it/s, loss=0.0171]
Training Navine AI Image:  13%|#3        | 536/4000 [09:01<33:23,  1.73it/s, loss=0.0164]
Training Navine AI Image:  13%|#3        | 537/4000 [09:01<34:01,  1.70it/s, loss=0.0164]
Training Navine AI Image:  13%|#3        | 537/4000 [09:01<34:01,  1.70it/s, loss=0.0100]
Training Navine AI Image:  13%|#3        | 538/4000 [09:02<34:40,  1.66it/s, loss=0.0100]
Training Navine AI Image:  13%|#3        | 538/4000 [09:02<34:40,  1.66it/s, loss=0.0116]
Training Navine AI Image:  13%|#3        | 539/4000 [09:02<33:15,  1.73it/s, loss=0.0116]
Training Navine AI Image:  13%|#3        | 539/4000 [09:03<33:15,  1.73it/s, loss=0.0154]
Training Navine AI Image:  14%|#3        | 540/4000 [09:03<33:43,  1.71it/s, loss=0.0154]
Training Navine AI Image:  14%|#3        | 540/4000 [09:03<33:43,  1.71it/s, loss=0.0225]
Training Navine AI Image:  14%|#3        | 541/4000 [09:04<33:37,  1.71it/s, loss=0.0225]
Training Navine AI Image:  14%|#3        | 541/4000 [09:04<33:37,  1.71it/s, loss=0.0326]
Training Navine AI Image:  14%|#3        | 542/4000 [09:04<34:21,  1.68it/s, loss=0.0326]
Training Navine AI Image:  14%|#3        | 542/4000 [09:04<34:21,  1.68it/s, loss=0.0237]
Training Navine AI Image:  14%|#3        | 543/4000 [09:05<33:01,  1.74it/s, loss=0.0237]
Training Navine AI Image:  14%|#3        | 543/4000 [09:05<33:01,  1.74it/s, loss=0.0075]
Training Navine AI Image:  14%|#3        | 544/4000 [09:05<32:45,  1.76it/s, loss=0.0075]
Training Navine AI Image:  14%|#3        | 544/4000 [09:05<32:45,  1.76it/s, loss=0.0133]
Training Navine AI Image:  14%|#3        | 545/4000 [09:06<32:30,  1.77it/s, loss=0.0133]
Training Navine AI Image:  14%|#3        | 545/4000 [09:06<32:30,  1.77it/s, loss=0.0097]
Training Navine AI Image:  14%|#3        | 546/4000 [09:07<34:14,  1.68it/s, loss=0.0097]
Training Navine AI Image:  14%|#3        | 546/4000 [09:07<34:14,  1.68it/s, loss=0.0344]
Training Navine AI Image:  14%|#3        | 547/4000 [09:07<33:18,  1.73it/s, loss=0.0344]
Training Navine AI Image:  14%|#3        | 547/4000 [09:07<33:18,  1.73it/s, loss=0.0178]
Training Navine AI Image:  14%|#3        | 548/4000 [09:08<33:51,  1.70it/s, loss=0.0178]
Training Navine AI Image:  14%|#3        | 548/4000 [09:08<33:51,  1.70it/s, loss=0.0198]
Training Navine AI Image:  14%|#3        | 549/4000 [09:08<33:38,  1.71it/s, loss=0.0198]
Training Navine AI Image:  14%|#3        | 549/4000 [09:08<33:38,  1.71it/s, loss=0.0121]
Training Navine AI Image:  14%|#3        | 550/4000 [09:09<33:25,  1.72it/s, loss=0.0121]
Training Navine AI Image:  14%|#3        | 550/4000 [09:09<33:25,  1.72it/s, loss=0.0128]
Training Navine AI Image:  14%|#3        | 551/4000 [09:10<34:40,  1.66it/s, loss=0.0128]
Training Navine AI Image:  14%|#3        | 551/4000 [09:10<34:40,  1.66it/s, loss=0.0225]
Training Navine AI Image:  14%|#3        | 552/4000 [09:10<33:14,  1.73it/s, loss=0.0225]
Training Navine AI Image:  14%|#3        | 552/4000 [09:10<33:14,  1.73it/s, loss=0.0110]
Training Navine AI Image:  14%|#3        | 553/4000 [09:11<33:34,  1.71it/s, loss=0.0110]
Training Navine AI Image:  14%|#3        | 553/4000 [09:11<33:34,  1.71it/s, loss=0.0083]
Training Navine AI Image:  14%|#3        | 554/4000 [09:11<33:53,  1.69it/s, loss=0.0083]
Training Navine AI Image:  14%|#3        | 554/4000 [09:11<33:53,  1.69it/s, loss=0.0091]
Training Navine AI Image:  14%|#3        | 555/4000 [09:12<33:29,  1.71it/s, loss=0.0091]
Training Navine AI Image:  14%|#3        | 555/4000 [09:12<33:29,  1.71it/s, loss=0.0258]
Training Navine AI Image:  14%|#3        | 556/4000 [09:12<32:23,  1.77it/s, loss=0.0258]
Training Navine AI Image:  14%|#3        | 556/4000 [09:12<32:23,  1.77it/s, loss=0.0166]
Training Navine AI Image:  14%|#3        | 557/4000 [09:13<32:07,  1.79it/s, loss=0.0166]
Training Navine AI Image:  14%|#3        | 557/4000 [09:13<32:07,  1.79it/s, loss=0.0114]
Training Navine AI Image:  14%|#3        | 558/4000 [09:13<32:22,  1.77it/s, loss=0.0114]
Training Navine AI Image:  14%|#3        | 558/4000 [09:14<32:22,  1.77it/s, loss=0.0116]
Training Navine AI Image:  14%|#3        | 559/4000 [09:14<32:49,  1.75it/s, loss=0.0116]
Training Navine AI Image:  14%|#3        | 559/4000 [09:14<32:49,  1.75it/s, loss=0.0257]
Training Navine AI Image:  14%|#4        | 560/4000 [09:15<33:39,  1.70it/s, loss=0.0257]
Training Navine AI Image:  14%|#4        | 560/4000 [09:15<33:39,  1.70it/s, loss=0.0139]
Training Navine AI Image:  14%|#4        | 561/4000 [09:15<32:48,  1.75it/s, loss=0.0139]
Training Navine AI Image:  14%|#4        | 561/4000 [09:15<32:48,  1.75it/s, loss=0.0487]
Training Navine AI Image:  14%|#4        | 562/4000 [09:16<33:25,  1.71it/s, loss=0.0487]
Training Navine AI Image:  14%|#4        | 562/4000 [09:16<33:25,  1.71it/s, loss=0.0169]
Training Navine AI Image:  14%|#4        | 563/4000 [09:16<32:39,  1.75it/s, loss=0.0169]
Training Navine AI Image:  14%|#4        | 563/4000 [09:16<32:39,  1.75it/s, loss=0.0709]
Training Navine AI Image:  14%|#4        | 564/4000 [09:17<32:30,  1.76it/s, loss=0.0709]
Training Navine AI Image:  14%|#4        | 564/4000 [09:17<32:30,  1.76it/s, loss=0.0108]
Training Navine AI Image:  14%|#4        | 565/4000 [09:18<33:32,  1.71it/s, loss=0.0108]
Training Navine AI Image:  14%|#4        | 565/4000 [09:18<33:32,  1.71it/s, loss=0.0101]
Training Navine AI Image:  14%|#4        | 566/4000 [09:18<33:16,  1.72it/s, loss=0.0101]
Training Navine AI Image:  14%|#4        | 566/4000 [09:18<33:16,  1.72it/s, loss=0.0076]
Training Navine AI Image:  14%|#4        | 567/4000 [09:19<32:07,  1.78it/s, loss=0.0076]
Training Navine AI Image:  14%|#4        | 567/4000 [09:19<32:07,  1.78it/s, loss=0.0075]
Training Navine AI Image:  14%|#4        | 568/4000 [09:19<32:07,  1.78it/s, loss=0.0075]
Training Navine AI Image:  14%|#4        | 568/4000 [09:19<32:07,  1.78it/s, loss=0.0120]
Training Navine AI Image:  14%|#4        | 569/4000 [09:20<32:35,  1.75it/s, loss=0.0120]
Training Navine AI Image:  14%|#4        | 569/4000 [09:20<32:35,  1.75it/s, loss=0.0703]
Training Navine AI Image:  14%|#4        | 570/4000 [09:20<32:51,  1.74it/s, loss=0.0703]
Training Navine AI Image:  14%|#4        | 570/4000 [09:20<32:51,  1.74it/s, loss=0.0112]
Training Navine AI Image:  14%|#4        | 571/4000 [09:21<32:21,  1.77it/s, loss=0.0112]
Training Navine AI Image:  14%|#4        | 571/4000 [09:21<32:21,  1.77it/s, loss=0.1047]
Training Navine AI Image:  14%|#4        | 572/4000 [09:22<32:39,  1.75it/s, loss=0.1047]
Training Navine AI Image:  14%|#4        | 572/4000 [09:22<32:39,  1.75it/s, loss=0.0209]
Training Navine AI Image:  14%|#4        | 573/4000 [09:22<33:53,  1.69it/s, loss=0.0209]
Training Navine AI Image:  14%|#4        | 573/4000 [09:22<33:53,  1.69it/s, loss=0.0321]
Training Navine AI Image:  14%|#4        | 574/4000 [09:23<32:43,  1.74it/s, loss=0.0321]
Training Navine AI Image:  14%|#4        | 574/4000 [09:23<32:43,  1.74it/s, loss=0.0178]
Training Navine AI Image:  14%|#4        | 575/4000 [09:23<32:42,  1.75it/s, loss=0.0178]
Training Navine AI Image:  14%|#4        | 575/4000 [09:23<32:42,  1.75it/s, loss=0.0213]
Training Navine AI Image:  14%|#4        | 576/4000 [09:24<33:26,  1.71it/s, loss=0.0213]
Training Navine AI Image:  14%|#4        | 576/4000 [09:24<33:26,  1.71it/s, loss=0.0259]
Training Navine AI Image:  14%|#4        | 577/4000 [09:24<32:23,  1.76it/s, loss=0.0259]
Training Navine AI Image:  14%|#4        | 577/4000 [09:24<32:23,  1.76it/s, loss=0.0198]
Training Navine AI Image:  14%|#4        | 578/4000 [09:25<32:39,  1.75it/s, loss=0.0198]
Training Navine AI Image:  14%|#4        | 578/4000 [09:25<32:39,  1.75it/s, loss=0.0246]
Training Navine AI Image:  14%|#4        | 579/4000 [09:26<38:31,  1.48it/s, loss=0.0246]
Training Navine AI Image:  14%|#4        | 579/4000 [09:26<38:31,  1.48it/s, loss=0.0335]
Training Navine AI Image:  14%|#4        | 580/4000 [09:27<37:29,  1.52it/s, loss=0.0335]
Training Navine AI Image:  14%|#4        | 580/4000 [09:27<37:29,  1.52it/s, loss=0.0189]
Training Navine AI Image:  15%|#4        | 581/4000 [09:27<35:00,  1.63it/s, loss=0.0189]
Training Navine AI Image:  15%|#4        | 581/4000 [09:27<35:00,  1.63it/s, loss=0.0087]
Training Navine AI Image:  15%|#4        | 582/4000 [09:28<33:56,  1.68it/s, loss=0.0087]
Training Navine AI Image:  15%|#4        | 582/4000 [09:28<33:56,  1.68it/s, loss=0.0309]
Training Navine AI Image:  15%|#4        | 583/4000 [09:28<33:52,  1.68it/s, loss=0.0309]
Training Navine AI Image:  15%|#4        | 583/4000 [09:28<33:52,  1.68it/s, loss=0.0563]
Training Navine AI Image:  15%|#4        | 584/4000 [09:29<34:05,  1.67it/s, loss=0.0563]
Training Navine AI Image:  15%|#4        | 584/4000 [09:29<34:05,  1.67it/s, loss=0.0117]
Training Navine AI Image:  15%|#4        | 585/4000 [09:29<32:45,  1.74it/s, loss=0.0117]
Training Navine AI Image:  15%|#4        | 585/4000 [09:29<32:45,  1.74it/s, loss=0.0101]
Training Navine AI Image:  15%|#4        | 586/4000 [09:30<32:31,  1.75it/s, loss=0.0101]
Training Navine AI Image:  15%|#4        | 586/4000 [09:30<32:31,  1.75it/s, loss=0.0440]
Training Navine AI Image:  15%|#4        | 587/4000 [09:31<33:56,  1.68it/s, loss=0.0440]
Training Navine AI Image:  15%|#4        | 587/4000 [09:31<33:56,  1.68it/s, loss=0.0192]
Training Navine AI Image:  15%|#4        | 588/4000 [09:31<33:19,  1.71it/s, loss=0.0192]
Training Navine AI Image:  15%|#4        | 588/4000 [09:31<33:19,  1.71it/s, loss=0.0153]
Training Navine AI Image:  15%|#4        | 589/4000 [09:32<33:05,  1.72it/s, loss=0.0153]
Training Navine AI Image:  15%|#4        | 589/4000 [09:32<33:05,  1.72it/s, loss=0.1295]
Training Navine AI Image:  15%|#4        | 590/4000 [09:32<33:26,  1.70it/s, loss=0.1295]
Training Navine AI Image:  15%|#4        | 590/4000 [09:32<33:26,  1.70it/s, loss=0.0091]
Training Navine AI Image:  15%|#4        | 591/4000 [09:33<32:14,  1.76it/s, loss=0.0091]
Training Navine AI Image:  15%|#4        | 591/4000 [09:33<32:14,  1.76it/s, loss=0.0150]
Training Navine AI Image:  15%|#4        | 592/4000 [09:33<32:35,  1.74it/s, loss=0.0150]
Training Navine AI Image:  15%|#4        | 592/4000 [09:33<32:35,  1.74it/s, loss=0.0134]
Training Navine AI Image:  15%|#4        | 593/4000 [09:34<32:35,  1.74it/s, loss=0.0134]
Training Navine AI Image:  15%|#4        | 593/4000 [09:34<32:35,  1.74it/s, loss=0.0209]
Training Navine AI Image:  15%|#4        | 594/4000 [09:35<32:42,  1.74it/s, loss=0.0209]
Training Navine AI Image:  15%|#4        | 594/4000 [09:35<32:42,  1.74it/s, loss=0.0136]
Training Navine AI Image:  15%|#4        | 595/4000 [09:35<32:21,  1.75it/s, loss=0.0136]
Training Navine AI Image:  15%|#4        | 595/4000 [09:35<32:21,  1.75it/s, loss=0.0107]
Training Navine AI Image:  15%|#4        | 596/4000 [09:36<32:38,  1.74it/s, loss=0.0107]
Training Navine AI Image:  15%|#4        | 596/4000 [09:36<32:38,  1.74it/s, loss=0.0162]
Training Navine AI Image:  15%|#4        | 597/4000 [09:36<32:48,  1.73it/s, loss=0.0162]
Training Navine AI Image:  15%|#4        | 597/4000 [09:36<32:48,  1.73it/s, loss=0.0174]
Training Navine AI Image:  15%|#4        | 598/4000 [09:37<32:37,  1.74it/s, loss=0.0174]
Training Navine AI Image:  15%|#4        | 598/4000 [09:37<32:37,  1.74it/s, loss=0.0076]
Training Navine AI Image:  15%|#4        | 599/4000 [09:37<33:20,  1.70it/s, loss=0.0076]
Training Navine AI Image:  15%|#4        | 599/4000 [09:37<33:20,  1.70it/s, loss=0.0367]
Training Navine AI Image:  15%|#5        | 600/4000 [09:38<33:04,  1.71it/s, loss=0.0367]
Training Navine AI Image:  15%|#5        | 600/4000 [09:38<33:04,  1.71it/s, loss=0.0258]
Training Navine AI Image:  15%|#5        | 601/4000 [09:39<32:57,  1.72it/s, loss=0.0258]
Training Navine AI Image:  15%|#5        | 601/4000 [09:39<32:57,  1.72it/s, loss=0.0155]
Training Navine AI Image:  15%|#5        | 602/4000 [09:39<31:53,  1.78it/s, loss=0.0155]
Training Navine AI Image:  15%|#5        | 602/4000 [09:39<31:53,  1.78it/s, loss=0.0213]
Training Navine AI Image:  15%|#5        | 603/4000 [09:40<31:51,  1.78it/s, loss=0.0213]
Training Navine AI Image:  15%|#5        | 603/4000 [09:40<31:51,  1.78it/s, loss=0.0133]
Training Navine AI Image:  15%|#5        | 604/4000 [09:40<31:47,  1.78it/s, loss=0.0133]
Training Navine AI Image:  15%|#5        | 604/4000 [09:40<31:47,  1.78it/s, loss=0.0154]
Training Navine AI Image:  15%|#5        | 605/4000 [09:41<32:40,  1.73it/s, loss=0.0154]
Training Navine AI Image:  15%|#5        | 605/4000 [09:41<32:40,  1.73it/s, loss=0.0119]
Training Navine AI Image:  15%|#5        | 606/4000 [09:41<32:32,  1.74it/s, loss=0.0119]
Training Navine AI Image:  15%|#5        | 606/4000 [09:41<32:32,  1.74it/s, loss=0.0124]
Training Navine AI Image:  15%|#5        | 607/4000 [09:42<31:46,  1.78it/s, loss=0.0124]
Training Navine AI Image:  15%|#5        | 607/4000 [09:42<31:46,  1.78it/s, loss=0.0939]
Training Navine AI Image:  15%|#5        | 608/4000 [09:43<31:54,  1.77it/s, loss=0.0939]
Training Navine AI Image:  15%|#5        | 608/4000 [09:43<31:54,  1.77it/s, loss=0.0177]
Training Navine AI Image:  15%|#5        | 609/4000 [09:43<32:21,  1.75it/s, loss=0.0177]
Training Navine AI Image:  15%|#5        | 609/4000 [09:43<32:21,  1.75it/s, loss=0.0159]
Training Navine AI Image:  15%|#5        | 610/4000 [09:44<32:05,  1.76it/s, loss=0.0159]
Training Navine AI Image:  15%|#5        | 610/4000 [09:44<32:05,  1.76it/s, loss=0.0198]
Training Navine AI Image:  15%|#5        | 611/4000 [09:44<32:25,  1.74it/s, loss=0.0198]
Training Navine AI Image:  15%|#5        | 611/4000 [09:44<32:25,  1.74it/s, loss=0.0165]
Training Navine AI Image:  15%|#5        | 612/4000 [09:45<32:27,  1.74it/s, loss=0.0165]
Training Navine AI Image:  15%|#5        | 612/4000 [09:45<32:27,  1.74it/s, loss=0.0078]
Training Navine AI Image:  15%|#5        | 613/4000 [09:46<33:59,  1.66it/s, loss=0.0078]
Training Navine AI Image:  15%|#5        | 613/4000 [09:46<33:59,  1.66it/s, loss=0.0116]
Training Navine AI Image:  15%|#5        | 614/4000 [09:46<34:45,  1.62it/s, loss=0.0116]
Training Navine AI Image:  15%|#5        | 614/4000 [09:46<34:45,  1.62it/s, loss=0.0298]
Training Navine AI Image:  15%|#5        | 615/4000 [09:47<33:51,  1.67it/s, loss=0.0298]
Training Navine AI Image:  15%|#5        | 615/4000 [09:47<33:51,  1.67it/s, loss=0.0080]
Training Navine AI Image:  15%|#5        | 616/4000 [09:47<33:22,  1.69it/s, loss=0.0080]
Training Navine AI Image:  15%|#5        | 616/4000 [09:47<33:22,  1.69it/s, loss=0.0554]
Training Navine AI Image:  15%|#5        | 617/4000 [09:48<33:50,  1.67it/s, loss=0.0554]
Training Navine AI Image:  15%|#5        | 617/4000 [09:48<33:50,  1.67it/s, loss=0.0898]
Training Navine AI Image:  15%|#5        | 618/4000 [09:48<32:36,  1.73it/s, loss=0.0898]
Training Navine AI Image:  15%|#5        | 618/4000 [09:48<32:36,  1.73it/s, loss=0.0109]
Training Navine AI Image:  15%|#5        | 619/4000 [09:49<32:20,  1.74it/s, loss=0.0109]
Training Navine AI Image:  15%|#5        | 619/4000 [09:49<32:20,  1.74it/s, loss=0.0091]
Training Navine AI Image:  16%|#5        | 620/4000 [09:50<32:45,  1.72it/s, loss=0.0091]
Training Navine AI Image:  16%|#5        | 620/4000 [09:50<32:45,  1.72it/s, loss=0.0336]
Training Navine AI Image:  16%|#5        | 621/4000 [09:50<32:11,  1.75it/s, loss=0.0336]
Training Navine AI Image:  16%|#5        | 621/4000 [09:50<32:11,  1.75it/s, loss=0.0168]
Training Navine AI Image:  16%|#5        | 622/4000 [09:51<32:22,  1.74it/s, loss=0.0168]
Training Navine AI Image:  16%|#5        | 622/4000 [09:51<32:22,  1.74it/s, loss=0.0080]
Training Navine AI Image:  16%|#5        | 623/4000 [09:51<32:09,  1.75it/s, loss=0.0080]
Training Navine AI Image:  16%|#5        | 623/4000 [09:51<32:09,  1.75it/s, loss=0.1098]
Training Navine AI Image:  16%|#5        | 624/4000 [09:52<32:58,  1.71it/s, loss=0.1098]
Training Navine AI Image:  16%|#5        | 624/4000 [09:52<32:58,  1.71it/s, loss=0.0202]
Training Navine AI Image:  16%|#5        | 625/4000 [09:52<31:51,  1.77it/s, loss=0.0202]
Training Navine AI Image:  16%|#5        | 625/4000 [09:52<31:51,  1.77it/s, loss=0.0476]
Training Navine AI Image:  16%|#5        | 626/4000 [09:53<32:08,  1.75it/s, loss=0.0476]
Training Navine AI Image:  16%|#5        | 626/4000 [09:53<32:08,  1.75it/s, loss=0.0084]
Training Navine AI Image:  16%|#5        | 627/4000 [09:54<38:05,  1.48it/s, loss=0.0084]
Training Navine AI Image:  16%|#5        | 627/4000 [09:54<38:05,  1.48it/s, loss=0.0184]
Training Navine AI Image:  16%|#5        | 628/4000 [09:55<36:07,  1.56it/s, loss=0.0184]
Training Navine AI Image:  16%|#5        | 628/4000 [09:55<36:07,  1.56it/s, loss=0.0072]
Training Navine AI Image:  16%|#5        | 629/4000 [09:55<35:31,  1.58it/s, loss=0.0072]
Training Navine AI Image:  16%|#5        | 629/4000 [09:55<35:31,  1.58it/s, loss=0.0108]
Training Navine AI Image:  16%|#5        | 630/4000 [09:56<35:54,  1.56it/s, loss=0.0108]
Training Navine AI Image:  16%|#5        | 630/4000 [09:56<35:54,  1.56it/s, loss=0.0095]
Training Navine AI Image:  16%|#5        | 631/4000 [09:56<33:56,  1.65it/s, loss=0.0095]
Training Navine AI Image:  16%|#5        | 631/4000 [09:56<33:56,  1.65it/s, loss=0.0217]
Training Navine AI Image:  16%|#5        | 632/4000 [09:57<33:07,  1.69it/s, loss=0.0217]
Training Navine AI Image:  16%|#5        | 632/4000 [09:57<33:07,  1.69it/s, loss=0.0180]
Training Navine AI Image:  16%|#5        | 633/4000 [09:57<32:40,  1.72it/s, loss=0.0180]
Training Navine AI Image:  16%|#5        | 633/4000 [09:57<32:40,  1.72it/s, loss=0.0127]
Training Navine AI Image:  16%|#5        | 634/4000 [09:58<33:26,  1.68it/s, loss=0.0127]
Training Navine AI Image:  16%|#5        | 634/4000 [09:58<33:26,  1.68it/s, loss=0.0302]
Training Navine AI Image:  16%|#5        | 635/4000 [09:59<34:54,  1.61it/s, loss=0.0302]
Training Navine AI Image:  16%|#5        | 635/4000 [09:59<34:54,  1.61it/s, loss=0.0088]
Training Navine AI Image:  16%|#5        | 636/4000 [09:59<34:05,  1.64it/s, loss=0.0088]
Training Navine AI Image:  16%|#5        | 636/4000 [09:59<34:05,  1.64it/s, loss=0.0376]
Training Navine AI Image:  16%|#5        | 637/4000 [10:00<34:37,  1.62it/s, loss=0.0376]
Training Navine AI Image:  16%|#5        | 637/4000 [10:00<34:37,  1.62it/s, loss=0.0194]
Training Navine AI Image:  16%|#5        | 638/4000 [10:00<33:43,  1.66it/s, loss=0.0194]
Training Navine AI Image:  16%|#5        | 638/4000 [10:01<33:43,  1.66it/s, loss=0.0367]
Training Navine AI Image:  16%|#5        | 639/4000 [10:01<32:30,  1.72it/s, loss=0.0367]
Training Navine AI Image:  16%|#5        | 639/4000 [10:01<32:30,  1.72it/s, loss=0.0080]
Training Navine AI Image:  16%|#6        | 640/4000 [10:02<32:27,  1.73it/s, loss=0.0080]
Training Navine AI Image:  16%|#6        | 640/4000 [10:02<32:27,  1.73it/s, loss=0.0067]
Training Navine AI Image:  16%|#6        | 641/4000 [10:02<32:20,  1.73it/s, loss=0.0067]
Training Navine AI Image:  16%|#6        | 641/4000 [10:02<32:20,  1.73it/s, loss=0.0241]
Training Navine AI Image:  16%|#6        | 642/4000 [10:03<32:23,  1.73it/s, loss=0.0241]
Training Navine AI Image:  16%|#6        | 642/4000 [10:03<32:23,  1.73it/s, loss=0.0590]
Training Navine AI Image:  16%|#6        | 643/4000 [10:03<32:06,  1.74it/s, loss=0.0590]
Training Navine AI Image:  16%|#6        | 643/4000 [10:03<32:06,  1.74it/s, loss=0.0160]
Training Navine AI Image:  16%|#6        | 644/4000 [10:04<31:58,  1.75it/s, loss=0.0160]
Training Navine AI Image:  16%|#6        | 644/4000 [10:04<31:58,  1.75it/s, loss=0.1220]
Training Navine AI Image:  16%|#6        | 645/4000 [10:04<31:59,  1.75it/s, loss=0.1220]
Training Navine AI Image:  16%|#6        | 645/4000 [10:05<31:59,  1.75it/s, loss=0.0169]
Training Navine AI Image:  16%|#6        | 646/4000 [10:05<32:19,  1.73it/s, loss=0.0169]
Training Navine AI Image:  16%|#6        | 646/4000 [10:05<32:19,  1.73it/s, loss=0.0164]
Training Navine AI Image:  16%|#6        | 647/4000 [10:06<32:09,  1.74it/s, loss=0.0164]
Training Navine AI Image:  16%|#6        | 647/4000 [10:06<32:09,  1.74it/s, loss=0.0157]
Training Navine AI Image:  16%|#6        | 648/4000 [10:06<32:45,  1.71it/s, loss=0.0157]
Training Navine AI Image:  16%|#6        | 648/4000 [10:06<32:45,  1.71it/s, loss=0.1150]
Training Navine AI Image:  16%|#6        | 649/4000 [10:07<32:41,  1.71it/s, loss=0.1150]
Training Navine AI Image:  16%|#6        | 649/4000 [10:07<32:41,  1.71it/s, loss=0.0350]
Training Navine AI Image:  16%|#6        | 650/4000 [10:07<32:27,  1.72it/s, loss=0.0350]
Training Navine AI Image:  16%|#6        | 650/4000 [10:07<32:27,  1.72it/s, loss=0.1122]
Training Navine AI Image:  16%|#6        | 651/4000 [10:08<32:52,  1.70it/s, loss=0.1122]
Training Navine AI Image:  16%|#6        | 651/4000 [10:08<32:52,  1.70it/s, loss=0.0154]
Training Navine AI Image:  16%|#6        | 652/4000 [10:09<31:48,  1.75it/s, loss=0.0154]
Training Navine AI Image:  16%|#6        | 652/4000 [10:09<31:48,  1.75it/s, loss=0.0143]
Training Navine AI Image:  16%|#6        | 653/4000 [10:09<31:54,  1.75it/s, loss=0.0143]
Training Navine AI Image:  16%|#6        | 653/4000 [10:09<31:54,  1.75it/s, loss=0.0054]
Training Navine AI Image:  16%|#6        | 654/4000 [10:10<32:03,  1.74it/s, loss=0.0054]
Training Navine AI Image:  16%|#6        | 654/4000 [10:10<32:03,  1.74it/s, loss=0.0152]
Training Navine AI Image:  16%|#6        | 655/4000 [10:10<32:31,  1.71it/s, loss=0.0152]
Training Navine AI Image:  16%|#6        | 655/4000 [10:10<32:31,  1.71it/s, loss=0.0110]
Training Navine AI Image:  16%|#6        | 656/4000 [10:11<32:14,  1.73it/s, loss=0.0110]
Training Navine AI Image:  16%|#6        | 656/4000 [10:11<32:14,  1.73it/s, loss=0.0112]
Training Navine AI Image:  16%|#6        | 657/4000 [10:11<31:12,  1.79it/s, loss=0.0112]
Training Navine AI Image:  16%|#6        | 657/4000 [10:11<31:12,  1.79it/s, loss=0.0090]
Training Navine AI Image:  16%|#6        | 658/4000 [10:12<31:16,  1.78it/s, loss=0.0090]
Training Navine AI Image:  16%|#6        | 658/4000 [10:12<31:16,  1.78it/s, loss=0.0103]
Training Navine AI Image:  16%|#6        | 659/4000 [10:13<31:22,  1.77it/s, loss=0.0103]
Training Navine AI Image:  16%|#6        | 659/4000 [10:13<31:22,  1.77it/s, loss=0.0201]
Training Navine AI Image:  16%|#6        | 660/4000 [10:13<31:35,  1.76it/s, loss=0.0201]
Training Navine AI Image:  16%|#6        | 660/4000 [10:13<31:35,  1.76it/s, loss=0.0358]
Training Navine AI Image:  17%|#6        | 661/4000 [10:14<31:11,  1.78it/s, loss=0.0358]
Training Navine AI Image:  17%|#6        | 661/4000 [10:14<31:11,  1.78it/s, loss=0.0217]
Training Navine AI Image:  17%|#6        | 662/4000 [10:14<32:29,  1.71it/s, loss=0.0217]
Training Navine AI Image:  17%|#6        | 662/4000 [10:14<32:29,  1.71it/s, loss=0.0183]
Training Navine AI Image:  17%|#6        | 663/4000 [10:15<31:55,  1.74it/s, loss=0.0183]
Training Navine AI Image:  17%|#6        | 663/4000 [10:15<31:55,  1.74it/s, loss=0.0049]
Training Navine AI Image:  17%|#6        | 664/4000 [10:15<32:01,  1.74it/s, loss=0.0049]
Training Navine AI Image:  17%|#6        | 664/4000 [10:15<32:01,  1.74it/s, loss=0.0260]
Training Navine AI Image:  17%|#6        | 665/4000 [10:16<31:49,  1.75it/s, loss=0.0260]
Training Navine AI Image:  17%|#6        | 665/4000 [10:16<31:49,  1.75it/s, loss=0.0166]
Training Navine AI Image:  17%|#6        | 666/4000 [10:17<32:45,  1.70it/s, loss=0.0166]
Training Navine AI Image:  17%|#6        | 666/4000 [10:17<32:45,  1.70it/s, loss=0.0053]
Training Navine AI Image:  17%|#6        | 667/4000 [10:17<31:59,  1.74it/s, loss=0.0053]
Training Navine AI Image:  17%|#6        | 667/4000 [10:17<31:59,  1.74it/s, loss=0.0078]
Training Navine AI Image:  17%|#6        | 668/4000 [10:18<31:53,  1.74it/s, loss=0.0078]
Training Navine AI Image:  17%|#6        | 668/4000 [10:18<31:53,  1.74it/s, loss=0.0287]
Training Navine AI Image:  17%|#6        | 669/4000 [10:18<31:49,  1.74it/s, loss=0.0287]
Training Navine AI Image:  17%|#6        | 669/4000 [10:18<31:49,  1.74it/s, loss=0.0231]
Training Navine AI Image:  17%|#6        | 670/4000 [10:19<31:41,  1.75it/s, loss=0.0231]
Training Navine AI Image:  17%|#6        | 670/4000 [10:19<31:41,  1.75it/s, loss=0.0140]
Training Navine AI Image:  17%|#6        | 671/4000 [10:19<31:39,  1.75it/s, loss=0.0140]
Training Navine AI Image:  17%|#6        | 671/4000 [10:19<31:39,  1.75it/s, loss=0.0058]
Training Navine AI Image:  17%|#6        | 672/4000 [10:20<31:43,  1.75it/s, loss=0.0058]
Training Navine AI Image:  17%|#6        | 672/4000 [10:20<31:43,  1.75it/s, loss=0.0285]
Training Navine AI Image:  17%|#6        | 673/4000 [10:21<31:25,  1.76it/s, loss=0.0285]
Training Navine AI Image:  17%|#6        | 673/4000 [10:21<31:25,  1.76it/s, loss=0.0177]
Training Navine AI Image:  17%|#6        | 674/4000 [10:21<31:35,  1.75it/s, loss=0.0177]
Training Navine AI Image:  17%|#6        | 674/4000 [10:21<31:35,  1.75it/s, loss=0.0256]
Training Navine AI Image:  17%|#6        | 675/4000 [10:22<31:37,  1.75it/s, loss=0.0256]
Training Navine AI Image:  17%|#6        | 675/4000 [10:22<31:37,  1.75it/s, loss=0.0055]
Training Navine AI Image:  17%|#6        | 676/4000 [10:22<31:21,  1.77it/s, loss=0.0055]
Training Navine AI Image:  17%|#6        | 676/4000 [10:22<31:21,  1.77it/s, loss=0.0370]
Training Navine AI Image:  17%|#6        | 677/4000 [10:23<32:19,  1.71it/s, loss=0.0370]
Training Navine AI Image:  17%|#6        | 677/4000 [10:23<32:19,  1.71it/s, loss=0.0086]
Training Navine AI Image:  17%|#6        | 678/4000 [10:23<31:26,  1.76it/s, loss=0.0086]
Training Navine AI Image:  17%|#6        | 678/4000 [10:23<31:26,  1.76it/s, loss=0.0059]
Training Navine AI Image:  17%|#6        | 679/4000 [10:24<31:43,  1.74it/s, loss=0.0059]
Training Navine AI Image:  17%|#6        | 679/4000 [10:24<31:43,  1.74it/s, loss=0.0417]
Training Navine AI Image:  17%|#7        | 680/4000 [10:25<32:17,  1.71it/s, loss=0.0417]
Training Navine AI Image:  17%|#7        | 680/4000 [10:25<32:17,  1.71it/s, loss=0.0058]
Training Navine AI Image:  17%|#7        | 681/4000 [10:25<31:16,  1.77it/s, loss=0.0058]
Training Navine AI Image:  17%|#7        | 681/4000 [10:25<31:16,  1.77it/s, loss=0.0219]
Training Navine AI Image:  17%|#7        | 682/4000 [10:26<31:22,  1.76it/s, loss=0.0219]
Training Navine AI Image:  17%|#7        | 682/4000 [10:26<31:22,  1.76it/s, loss=0.0055]
Training Navine AI Image:  17%|#7        | 683/4000 [10:26<31:25,  1.76it/s, loss=0.0055]
Training Navine AI Image:  17%|#7        | 683/4000 [10:26<31:25,  1.76it/s, loss=0.0078]
Training Navine AI Image:  17%|#7        | 684/4000 [10:27<31:02,  1.78it/s, loss=0.0078]
Training Navine AI Image:  17%|#7        | 684/4000 [10:27<31:02,  1.78it/s, loss=0.0083]
Training Navine AI Image:  17%|#7        | 685/4000 [10:27<31:47,  1.74it/s, loss=0.0083]
Training Navine AI Image:  17%|#7        | 685/4000 [10:27<31:47,  1.74it/s, loss=0.0054]
Training Navine AI Image:  17%|#7        | 686/4000 [10:28<31:35,  1.75it/s, loss=0.0054]
Training Navine AI Image:  17%|#7        | 686/4000 [10:28<31:35,  1.75it/s, loss=0.0097]
Training Navine AI Image:  17%|#7        | 687/4000 [10:29<30:51,  1.79it/s, loss=0.0097]
Training Navine AI Image:  17%|#7        | 687/4000 [10:29<30:51,  1.79it/s, loss=0.0151]
Training Navine AI Image:  17%|#7        | 688/4000 [10:29<31:11,  1.77it/s, loss=0.0151]
Training Navine AI Image:  17%|#7        | 688/4000 [10:29<31:11,  1.77it/s, loss=0.0295]
Training Navine AI Image:  17%|#7        | 689/4000 [10:30<31:16,  1.76it/s, loss=0.0295]
Training Navine AI Image:  17%|#7        | 689/4000 [10:30<31:16,  1.76it/s, loss=0.0325]
Training Navine AI Image:  17%|#7        | 690/4000 [10:30<31:53,  1.73it/s, loss=0.0325]
Training Navine AI Image:  17%|#7        | 690/4000 [10:30<31:53,  1.73it/s, loss=0.0075]
Training Navine AI Image:  17%|#7        | 691/4000 [10:31<30:55,  1.78it/s, loss=0.0075]
Training Navine AI Image:  17%|#7        | 691/4000 [10:31<30:55,  1.78it/s, loss=0.0060]
Training Navine AI Image:  17%|#7        | 692/4000 [10:31<31:09,  1.77it/s, loss=0.0060]
Training Navine AI Image:  17%|#7        | 692/4000 [10:31<31:09,  1.77it/s, loss=0.0270]
Training Navine AI Image:  17%|#7        | 693/4000 [10:32<32:15,  1.71it/s, loss=0.0270]
Training Navine AI Image:  17%|#7        | 693/4000 [10:32<32:15,  1.71it/s, loss=0.0096]
Training Navine AI Image:  17%|#7        | 694/4000 [10:33<32:57,  1.67it/s, loss=0.0096]
Training Navine AI Image:  17%|#7        | 694/4000 [10:33<32:57,  1.67it/s, loss=0.0107]
Training Navine AI Image:  17%|#7        | 695/4000 [10:33<32:55,  1.67it/s, loss=0.0107]
Training Navine AI Image:  17%|#7        | 695/4000 [10:33<32:55,  1.67it/s, loss=0.0077]
Training Navine AI Image:  17%|#7        | 696/4000 [10:34<31:24,  1.75it/s, loss=0.0077]
Training Navine AI Image:  17%|#7        | 696/4000 [10:34<31:24,  1.75it/s, loss=0.0095]
Training Navine AI Image:  17%|#7        | 697/4000 [10:34<31:15,  1.76it/s, loss=0.0095]
Training Navine AI Image:  17%|#7        | 697/4000 [10:34<31:15,  1.76it/s, loss=0.0305]
Training Navine AI Image:  17%|#7        | 698/4000 [10:35<31:17,  1.76it/s, loss=0.0305]
Training Navine AI Image:  17%|#7        | 698/4000 [10:35<31:17,  1.76it/s, loss=0.0646]
Training Navine AI Image:  17%|#7        | 699/4000 [10:35<32:09,  1.71it/s, loss=0.0646]
Training Navine AI Image:  17%|#7        | 699/4000 [10:35<32:09,  1.71it/s, loss=0.0167]
Training Navine AI Image:  18%|#7        | 700/4000 [10:36<31:30,  1.75it/s, loss=0.0167]
Training Navine AI Image:  18%|#7        | 700/4000 [10:36<31:30,  1.75it/s, loss=0.0100]
Training Navine AI Image:  18%|#7        | 701/4000 [10:37<30:45,  1.79it/s, loss=0.0100]
Training Navine AI Image:  18%|#7        | 701/4000 [10:37<30:45,  1.79it/s, loss=0.0140]
Training Navine AI Image:  18%|#7        | 702/4000 [10:37<30:52,  1.78it/s, loss=0.0140]
Training Navine AI Image:  18%|#7        | 702/4000 [10:37<30:52,  1.78it/s, loss=0.0169]
Training Navine AI Image:  18%|#7        | 703/4000 [10:38<31:46,  1.73it/s, loss=0.0169]
Training Navine AI Image:  18%|#7        | 703/4000 [10:38<31:46,  1.73it/s, loss=0.1274]
Training Navine AI Image:  18%|#7        | 704/4000 [10:38<31:30,  1.74it/s, loss=0.1274]
Training Navine AI Image:  18%|#7        | 704/4000 [10:38<31:30,  1.74it/s, loss=0.0116]
Training Navine AI Image:  18%|#7        | 705/4000 [10:39<30:51,  1.78it/s, loss=0.0116]
Training Navine AI Image:  18%|#7        | 705/4000 [10:39<30:51,  1.78it/s, loss=0.0067]
Training Navine AI Image:  18%|#7        | 706/4000 [10:39<31:00,  1.77it/s, loss=0.0067]
Training Navine AI Image:  18%|#7        | 706/4000 [10:39<31:00,  1.77it/s, loss=0.0085]
Training Navine AI Image:  18%|#7        | 707/4000 [10:40<31:56,  1.72it/s, loss=0.0085]
Training Navine AI Image:  18%|#7        | 707/4000 [10:40<31:56,  1.72it/s, loss=0.0634]
Training Navine AI Image:  18%|#7        | 708/4000 [10:41<30:55,  1.77it/s, loss=0.0634]
Training Navine AI Image:  18%|#7        | 708/4000 [10:41<30:55,  1.77it/s, loss=0.0054]
Training Navine AI Image:  18%|#7        | 709/4000 [10:41<31:13,  1.76it/s, loss=0.0054]
Training Navine AI Image:  18%|#7        | 709/4000 [10:41<31:13,  1.76it/s, loss=0.0102]
Training Navine AI Image:  18%|#7        | 710/4000 [10:42<32:00,  1.71it/s, loss=0.0102]
Training Navine AI Image:  18%|#7        | 710/4000 [10:42<32:00,  1.71it/s, loss=0.0259]
Training Navine AI Image:  18%|#7        | 711/4000 [10:42<31:33,  1.74it/s, loss=0.0259]
Training Navine AI Image:  18%|#7        | 711/4000 [10:42<31:33,  1.74it/s, loss=0.0087]
Training Navine AI Image:  18%|#7        | 712/4000 [10:43<32:06,  1.71it/s, loss=0.0087]
Training Navine AI Image:  18%|#7        | 712/4000 [10:43<32:06,  1.71it/s, loss=0.0152]
Training Navine AI Image:  18%|#7        | 713/4000 [10:43<31:59,  1.71it/s, loss=0.0152]
Training Navine AI Image:  18%|#7        | 713/4000 [10:44<31:59,  1.71it/s, loss=0.0092]
Training Navine AI Image:  18%|#7        | 714/4000 [10:44<31:25,  1.74it/s, loss=0.0092]
Training Navine AI Image:  18%|#7        | 714/4000 [10:44<31:25,  1.74it/s, loss=0.0356]
Training Navine AI Image:  18%|#7        | 715/4000 [10:45<31:25,  1.74it/s, loss=0.0356]
Training Navine AI Image:  18%|#7        | 715/4000 [10:45<31:25,  1.74it/s, loss=0.0109]
Training Navine AI Image:  18%|#7        | 716/4000 [10:45<31:19,  1.75it/s, loss=0.0109]
Training Navine AI Image:  18%|#7        | 716/4000 [10:45<31:19,  1.75it/s, loss=0.0182]
Training Navine AI Image:  18%|#7        | 717/4000 [10:46<31:22,  1.74it/s, loss=0.0182]
Training Navine AI Image:  18%|#7        | 717/4000 [10:46<31:22,  1.74it/s, loss=0.0129]
Training Navine AI Image:  18%|#7        | 718/4000 [10:46<31:06,  1.76it/s, loss=0.0129]
Training Navine AI Image:  18%|#7        | 718/4000 [10:46<31:06,  1.76it/s, loss=0.0066]
Training Navine AI Image:  18%|#7        | 719/4000 [10:47<31:03,  1.76it/s, loss=0.0066]
Training Navine AI Image:  18%|#7        | 719/4000 [10:47<31:03,  1.76it/s, loss=0.0487]
Training Navine AI Image:  18%|#8        | 720/4000 [10:47<30:54,  1.77it/s, loss=0.0487]
Training Navine AI Image:  18%|#8        | 720/4000 [10:47<30:54,  1.77it/s, loss=0.0081]
Training Navine AI Image:  18%|#8        | 721/4000 [10:48<30:57,  1.77it/s, loss=0.0081]
Training Navine AI Image:  18%|#8        | 721/4000 [10:48<30:57,  1.77it/s, loss=0.0527]
Training Navine AI Image:  18%|#8        | 722/4000 [10:49<31:30,  1.73it/s, loss=0.0527]
Training Navine AI Image:  18%|#8        | 722/4000 [10:49<31:30,  1.73it/s, loss=0.0979]
Training Navine AI Image:  18%|#8        | 723/4000 [10:49<31:21,  1.74it/s, loss=0.0979]
Training Navine AI Image:  18%|#8        | 723/4000 [10:49<31:21,  1.74it/s, loss=0.0898]
Training Navine AI Image:  18%|#8        | 724/4000 [10:50<32:04,  1.70it/s, loss=0.0898]
Training Navine AI Image:  18%|#8        | 724/4000 [10:50<32:04,  1.70it/s, loss=0.0133]
Training Navine AI Image:  18%|#8        | 725/4000 [10:50<31:55,  1.71it/s, loss=0.0133]
Training Navine AI Image:  18%|#8        | 725/4000 [10:50<31:55,  1.71it/s, loss=0.0068]
Training Navine AI Image:  18%|#8        | 726/4000 [10:51<31:20,  1.74it/s, loss=0.0068]
Training Navine AI Image:  18%|#8        | 726/4000 [10:51<31:20,  1.74it/s, loss=0.0081]
Training Navine AI Image:  18%|#8        | 727/4000 [10:52<32:02,  1.70it/s, loss=0.0081]
Training Navine AI Image:  18%|#8        | 727/4000 [10:52<32:02,  1.70it/s, loss=0.0264]
Training Navine AI Image:  18%|#8        | 728/4000 [10:52<30:54,  1.76it/s, loss=0.0264]
Training Navine AI Image:  18%|#8        | 728/4000 [10:52<30:54,  1.76it/s, loss=0.0069]
Training Navine AI Image:  18%|#8        | 729/4000 [10:53<31:09,  1.75it/s, loss=0.0069]
Training Navine AI Image:  18%|#8        | 729/4000 [10:53<31:09,  1.75it/s, loss=0.0078]
Training Navine AI Image:  18%|#8        | 730/4000 [10:53<30:59,  1.76it/s, loss=0.0078]
Training Navine AI Image:  18%|#8        | 730/4000 [10:53<30:59,  1.76it/s, loss=0.0210]
Training Navine AI Image:  18%|#8        | 731/4000 [10:54<31:44,  1.72it/s, loss=0.0210]
Training Navine AI Image:  18%|#8        | 731/4000 [10:54<31:44,  1.72it/s, loss=0.0191]
Training Navine AI Image:  18%|#8        | 732/4000 [10:54<31:26,  1.73it/s, loss=0.0191]
Training Navine AI Image:  18%|#8        | 732/4000 [10:54<31:26,  1.73it/s, loss=0.0117]
Training Navine AI Image:  18%|#8        | 733/4000 [10:55<31:14,  1.74it/s, loss=0.0117]
Training Navine AI Image:  18%|#8        | 733/4000 [10:55<31:14,  1.74it/s, loss=0.0078]
Training Navine AI Image:  18%|#8        | 734/4000 [10:56<31:27,  1.73it/s, loss=0.0078]
Training Navine AI Image:  18%|#8        | 734/4000 [10:56<31:27,  1.73it/s, loss=0.0076]
Training Navine AI Image:  18%|#8        | 735/4000 [10:56<31:18,  1.74it/s, loss=0.0076]
Training Navine AI Image:  18%|#8        | 735/4000 [10:56<31:18,  1.74it/s, loss=0.0065]
Training Navine AI Image:  18%|#8        | 736/4000 [10:57<30:51,  1.76it/s, loss=0.0065]
Training Navine AI Image:  18%|#8        | 736/4000 [10:57<30:51,  1.76it/s, loss=0.0143]
Training Navine AI Image:  18%|#8        | 737/4000 [10:57<30:56,  1.76it/s, loss=0.0143]
Training Navine AI Image:  18%|#8        | 737/4000 [10:57<30:56,  1.76it/s, loss=0.0386]
Training Navine AI Image:  18%|#8        | 738/4000 [10:58<30:51,  1.76it/s, loss=0.0386]
Training Navine AI Image:  18%|#8        | 738/4000 [10:58<30:51,  1.76it/s, loss=0.0102]
Training Navine AI Image:  18%|#8        | 739/4000 [10:58<32:07,  1.69it/s, loss=0.0102]
Training Navine AI Image:  18%|#8        | 739/4000 [10:58<32:07,  1.69it/s, loss=0.0159]
Training Navine AI Image:  18%|#8        | 740/4000 [10:59<31:47,  1.71it/s, loss=0.0159]
Training Navine AI Image:  18%|#8        | 740/4000 [10:59<31:47,  1.71it/s, loss=0.0186]
Training Navine AI Image:  19%|#8        | 741/4000 [11:00<32:30,  1.67it/s, loss=0.0186]
Training Navine AI Image:  19%|#8        | 741/4000 [11:00<32:30,  1.67it/s, loss=0.0092]
Training Navine AI Image:  19%|#8        | 742/4000 [11:00<32:03,  1.69it/s, loss=0.0092]
Training Navine AI Image:  19%|#8        | 742/4000 [11:00<32:03,  1.69it/s, loss=0.0109]
Training Navine AI Image:  19%|#8        | 743/4000 [11:01<32:15,  1.68it/s, loss=0.0109]
Training Navine AI Image:  19%|#8        | 743/4000 [11:01<32:15,  1.68it/s, loss=0.0189]
Training Navine AI Image:  19%|#8        | 744/4000 [11:01<31:30,  1.72it/s, loss=0.0189]
Training Navine AI Image:  19%|#8        | 744/4000 [11:01<31:30,  1.72it/s, loss=0.0186]
Training Navine AI Image:  19%|#8        | 745/4000 [11:02<30:45,  1.76it/s, loss=0.0186]
Training Navine AI Image:  19%|#8        | 745/4000 [11:02<30:45,  1.76it/s, loss=0.1021]
Training Navine AI Image:  19%|#8        | 746/4000 [11:02<30:44,  1.76it/s, loss=0.1021]
Training Navine AI Image:  19%|#8        | 746/4000 [11:03<30:44,  1.76it/s, loss=0.0044]
Training Navine AI Image:  19%|#8        | 747/4000 [11:03<30:48,  1.76it/s, loss=0.0044]
Training Navine AI Image:  19%|#8        | 747/4000 [11:03<30:48,  1.76it/s, loss=0.0157]
Training Navine AI Image:  19%|#8        | 748/4000 [11:04<30:48,  1.76it/s, loss=0.0157]
Training Navine AI Image:  19%|#8        | 748/4000 [11:04<30:48,  1.76it/s, loss=0.0213]
Training Navine AI Image:  19%|#8        | 749/4000 [11:04<33:21,  1.62it/s, loss=0.0213]
Training Navine AI Image:  19%|#8        | 749/4000 [11:04<33:21,  1.62it/s, loss=0.0161]
Training Navine AI Image:  19%|#8        | 750/4000 [11:05<31:55,  1.70it/s, loss=0.0161]
Training Navine AI Image:  19%|#8        | 750/4000 [11:05<31:55,  1.70it/s, loss=0.0495]
Training Navine AI Image:  19%|#8        | 751/4000 [11:06<40:17,  1.34it/s, loss=0.0495]
Training Navine AI Image:  19%|#8        | 751/4000 [11:06<40:17,  1.34it/s, loss=0.0061]
Training Navine AI Image:  19%|#8        | 752/4000 [11:07<38:25,  1.41it/s, loss=0.0061]
Training Navine AI Image:  19%|#8        | 752/4000 [11:07<38:25,  1.41it/s, loss=0.0104]
Training Navine AI Image:  19%|#8        | 753/4000 [11:07<37:20,  1.45it/s, loss=0.0104]
Training Navine AI Image:  19%|#8        | 753/4000 [11:07<37:20,  1.45it/s, loss=0.0510]
Training Navine AI Image:  19%|#8        | 754/4000 [11:08<35:24,  1.53it/s, loss=0.0510]
Training Navine AI Image:  19%|#8        | 754/4000 [11:08<35:24,  1.53it/s, loss=0.0056]
Training Navine AI Image:  19%|#8        | 755/4000 [11:08<34:03,  1.59it/s, loss=0.0056]
Training Navine AI Image:  19%|#8        | 755/4000 [11:08<34:03,  1.59it/s, loss=0.0088]
Training Navine AI Image:  19%|#8        | 756/4000 [11:09<33:21,  1.62it/s, loss=0.0088]
Training Navine AI Image:  19%|#8        | 756/4000 [11:09<33:21,  1.62it/s, loss=0.0201]
Training Navine AI Image:  19%|#8        | 757/4000 [11:10<33:08,  1.63it/s, loss=0.0201]
Training Navine AI Image:  19%|#8        | 757/4000 [11:10<33:08,  1.63it/s, loss=0.0069]
Training Navine AI Image:  19%|#8        | 758/4000 [11:10<32:05,  1.68it/s, loss=0.0069]
Training Navine AI Image:  19%|#8        | 758/4000 [11:10<32:05,  1.68it/s, loss=0.0297]
Training Navine AI Image:  19%|#8        | 759/4000 [11:11<31:41,  1.70it/s, loss=0.0297]
Training Navine AI Image:  19%|#8        | 759/4000 [11:11<31:41,  1.70it/s, loss=0.0459]
Training Navine AI Image:  19%|#9        | 760/4000 [11:11<32:41,  1.65it/s, loss=0.0459]
Training Navine AI Image:  19%|#9        | 760/4000 [11:11<32:41,  1.65it/s, loss=0.0203]
Training Navine AI Image:  19%|#9        | 761/4000 [11:12<32:03,  1.68it/s, loss=0.0203]
Training Navine AI Image:  19%|#9        | 761/4000 [11:12<32:03,  1.68it/s, loss=0.0226]
Training Navine AI Image:  19%|#9        | 762/4000 [11:12<31:40,  1.70it/s, loss=0.0226]
Training Navine AI Image:  19%|#9        | 762/4000 [11:13<31:40,  1.70it/s, loss=0.0080]
Training Navine AI Image:  19%|#9        | 763/4000 [11:13<31:22,  1.72it/s, loss=0.0080]
Training Navine AI Image:  19%|#9        | 763/4000 [11:13<31:22,  1.72it/s, loss=0.0080]
Training Navine AI Image:  19%|#9        | 764/4000 [11:14<31:01,  1.74it/s, loss=0.0080]
Training Navine AI Image:  19%|#9        | 764/4000 [11:14<31:01,  1.74it/s, loss=0.0077]
Training Navine AI Image:  19%|#9        | 765/4000 [11:14<31:00,  1.74it/s, loss=0.0077]
Training Navine AI Image:  19%|#9        | 765/4000 [11:14<31:00,  1.74it/s, loss=0.0154]
Training Navine AI Image:  19%|#9        | 766/4000 [11:15<30:52,  1.75it/s, loss=0.0154]
Training Navine AI Image:  19%|#9        | 766/4000 [11:15<30:52,  1.75it/s, loss=0.0064]
Training Navine AI Image:  19%|#9        | 767/4000 [11:15<31:26,  1.71it/s, loss=0.0064]
Training Navine AI Image:  19%|#9        | 767/4000 [11:15<31:26,  1.71it/s, loss=0.0110]
Training Navine AI Image:  19%|#9        | 768/4000 [11:16<30:33,  1.76it/s, loss=0.0110]
Training Navine AI Image:  19%|#9        | 768/4000 [11:16<30:33,  1.76it/s, loss=0.0076]
Training Navine AI Image:  19%|#9        | 769/4000 [11:16<30:48,  1.75it/s, loss=0.0076]
Training Navine AI Image:  19%|#9        | 769/4000 [11:17<30:48,  1.75it/s, loss=0.0168]
Training Navine AI Image:  19%|#9        | 770/4000 [11:17<30:56,  1.74it/s, loss=0.0168]
Training Navine AI Image:  19%|#9        | 770/4000 [11:17<30:56,  1.74it/s, loss=0.0172]
Training Navine AI Image:  19%|#9        | 771/4000 [11:18<31:01,  1.73it/s, loss=0.0172]
Training Navine AI Image:  19%|#9        | 771/4000 [11:18<31:01,  1.73it/s, loss=0.1651]
Training Navine AI Image:  19%|#9        | 772/4000 [11:18<30:50,  1.74it/s, loss=0.1651]
Training Navine AI Image:  19%|#9        | 772/4000 [11:18<30:50,  1.74it/s, loss=0.0089]
Training Navine AI Image:  19%|#9        | 773/4000 [11:19<30:46,  1.75it/s, loss=0.0089]
Training Navine AI Image:  19%|#9        | 773/4000 [11:19<30:46,  1.75it/s, loss=0.0475]
Training Navine AI Image:  19%|#9        | 774/4000 [11:19<31:15,  1.72it/s, loss=0.0475]
Training Navine AI Image:  19%|#9        | 774/4000 [11:19<31:15,  1.72it/s, loss=0.0157]
Training Navine AI Image:  19%|#9        | 775/4000 [11:20<30:44,  1.75it/s, loss=0.0157]
Training Navine AI Image:  19%|#9        | 775/4000 [11:20<30:44,  1.75it/s, loss=0.0081]
Training Navine AI Image:  19%|#9        | 776/4000 [11:21<31:48,  1.69it/s, loss=0.0081]
Training Navine AI Image:  19%|#9        | 776/4000 [11:21<31:48,  1.69it/s, loss=0.0156]
Training Navine AI Image:  19%|#9        | 777/4000 [11:21<32:01,  1.68it/s, loss=0.0156]
Training Navine AI Image:  19%|#9        | 777/4000 [11:21<32:01,  1.68it/s, loss=0.0279]
Training Navine AI Image:  19%|#9        | 778/4000 [11:22<30:54,  1.74it/s, loss=0.0279]
Training Navine AI Image:  19%|#9        | 778/4000 [11:22<30:54,  1.74it/s, loss=0.0134]
Training Navine AI Image:  19%|#9        | 779/4000 [11:22<30:41,  1.75it/s, loss=0.0134]
Training Navine AI Image:  19%|#9        | 779/4000 [11:22<30:41,  1.75it/s, loss=0.1245]
Training Navine AI Image:  20%|#9        | 780/4000 [11:23<30:41,  1.75it/s, loss=0.1245]
Training Navine AI Image:  20%|#9        | 780/4000 [11:23<30:41,  1.75it/s, loss=0.0214]
Training Navine AI Image:  20%|#9        | 781/4000 [11:23<31:12,  1.72it/s, loss=0.0214]
Training Navine AI Image:  20%|#9        | 781/4000 [11:23<31:12,  1.72it/s, loss=0.0161]
Training Navine AI Image:  20%|#9        | 782/4000 [11:24<30:46,  1.74it/s, loss=0.0161]
Training Navine AI Image:  20%|#9        | 782/4000 [11:24<30:46,  1.74it/s, loss=0.0303]
Training Navine AI Image:  20%|#9        | 783/4000 [11:25<30:31,  1.76it/s, loss=0.0303]
Training Navine AI Image:  20%|#9        | 783/4000 [11:25<30:31,  1.76it/s, loss=0.0122]
Training Navine AI Image:  20%|#9        | 784/4000 [11:25<30:41,  1.75it/s, loss=0.0122]
Training Navine AI Image:  20%|#9        | 784/4000 [11:25<30:41,  1.75it/s, loss=0.0106]
Training Navine AI Image:  20%|#9        | 785/4000 [11:26<31:00,  1.73it/s, loss=0.0106]
Training Navine AI Image:  20%|#9        | 785/4000 [11:26<31:00,  1.73it/s, loss=0.0284]
Training Navine AI Image:  20%|#9        | 786/4000 [11:26<30:52,  1.73it/s, loss=0.0284]
Training Navine AI Image:  20%|#9        | 786/4000 [11:26<30:52,  1.73it/s, loss=0.0111]
Training Navine AI Image:  20%|#9        | 787/4000 [11:27<31:30,  1.70it/s, loss=0.0111]
Training Navine AI Image:  20%|#9        | 787/4000 [11:27<31:30,  1.70it/s, loss=0.0456]
Training Navine AI Image:  20%|#9        | 788/4000 [11:27<30:44,  1.74it/s, loss=0.0456]
Training Navine AI Image:  20%|#9        | 788/4000 [11:27<30:44,  1.74it/s, loss=0.0105]
Training Navine AI Image:  20%|#9        | 789/4000 [11:28<30:35,  1.75it/s, loss=0.0105]
Training Navine AI Image:  20%|#9        | 789/4000 [11:28<30:35,  1.75it/s, loss=0.0099]
Training Navine AI Image:  20%|#9        | 790/4000 [11:29<30:32,  1.75it/s, loss=0.0099]
Training Navine AI Image:  20%|#9        | 790/4000 [11:29<30:32,  1.75it/s, loss=0.0396]
Training Navine AI Image:  20%|#9        | 791/4000 [11:29<30:51,  1.73it/s, loss=0.0396]
Training Navine AI Image:  20%|#9        | 791/4000 [11:29<30:51,  1.73it/s, loss=0.0119]
Training Navine AI Image:  20%|#9        | 792/4000 [11:30<30:42,  1.74it/s, loss=0.0119]
Training Navine AI Image:  20%|#9        | 792/4000 [11:30<30:42,  1.74it/s, loss=0.1167]
Training Navine AI Image:  20%|#9        | 793/4000 [11:30<30:30,  1.75it/s, loss=0.1167]
Training Navine AI Image:  20%|#9        | 793/4000 [11:30<30:30,  1.75it/s, loss=0.0233]
Training Navine AI Image:  20%|#9        | 794/4000 [11:31<31:08,  1.72it/s, loss=0.0233]
Training Navine AI Image:  20%|#9        | 794/4000 [11:31<31:08,  1.72it/s, loss=0.0106]
Training Navine AI Image:  20%|#9        | 795/4000 [11:31<30:30,  1.75it/s, loss=0.0106]
Training Navine AI Image:  20%|#9        | 795/4000 [11:32<30:30,  1.75it/s, loss=0.0100]
Training Navine AI Image:  20%|#9        | 796/4000 [11:32<30:10,  1.77it/s, loss=0.0100]
Training Navine AI Image:  20%|#9        | 796/4000 [11:32<30:10,  1.77it/s, loss=0.0189]
Training Navine AI Image:  20%|#9        | 797/4000 [11:33<30:05,  1.77it/s, loss=0.0189]
Training Navine AI Image:  20%|#9        | 797/4000 [11:33<30:05,  1.77it/s, loss=0.0058]
Training Navine AI Image:  20%|#9        | 798/4000 [11:33<31:25,  1.70it/s, loss=0.0058]
Training Navine AI Image:  20%|#9        | 798/4000 [11:33<31:25,  1.70it/s, loss=0.0157]
Training Navine AI Image:  20%|#9        | 799/4000 [11:34<30:28,  1.75it/s, loss=0.0157]
Training Navine AI Image:  20%|#9        | 799/4000 [11:34<30:28,  1.75it/s, loss=0.0155]
Training Navine AI Image:  20%|##        | 800/4000 [11:34<30:28,  1.75it/s, loss=0.0155]
Training Navine AI Image:  20%|##        | 800/4000 [11:34<30:28,  1.75it/s, loss=0.0141]
Training Navine AI Image:  20%|##        | 801/4000 [11:35<31:06,  1.71it/s, loss=0.0141]
Training Navine AI Image:  20%|##        | 801/4000 [11:35<31:06,  1.71it/s, loss=0.0541]
Training Navine AI Image:  20%|##        | 802/4000 [11:35<30:14,  1.76it/s, loss=0.0541]
Training Navine AI Image:  20%|##        | 802/4000 [11:36<30:14,  1.76it/s, loss=0.0062]
Training Navine AI Image:  20%|##        | 803/4000 [11:36<30:19,  1.76it/s, loss=0.0062]
Training Navine AI Image:  20%|##        | 803/4000 [11:36<30:19,  1.76it/s, loss=0.0226]
Training Navine AI Image:  20%|##        | 804/4000 [11:37<30:21,  1.75it/s, loss=0.0226]
Training Navine AI Image:  20%|##        | 804/4000 [11:37<30:21,  1.75it/s, loss=0.0119]
Training Navine AI Image:  20%|##        | 805/4000 [11:37<30:57,  1.72it/s, loss=0.0119]
Training Navine AI Image:  20%|##        | 805/4000 [11:37<30:57,  1.72it/s, loss=0.0242]
Training Navine AI Image:  20%|##        | 806/4000 [11:38<29:57,  1.78it/s, loss=0.0242]
Training Navine AI Image:  20%|##        | 806/4000 [11:38<29:57,  1.78it/s, loss=0.0142]
Training Navine AI Image:  20%|##        | 807/4000 [11:38<30:02,  1.77it/s, loss=0.0142]
Training Navine AI Image:  20%|##        | 807/4000 [11:38<30:02,  1.77it/s, loss=0.0082]
Training Navine AI Image:  20%|##        | 808/4000 [11:39<29:57,  1.78it/s, loss=0.0082]
Training Navine AI Image:  20%|##        | 808/4000 [11:39<29:57,  1.78it/s, loss=0.0066]
Training Navine AI Image:  20%|##        | 809/4000 [11:39<30:26,  1.75it/s, loss=0.0066]
Training Navine AI Image:  20%|##        | 809/4000 [11:40<30:26,  1.75it/s, loss=0.0052]
Training Navine AI Image:  20%|##        | 810/4000 [11:40<30:57,  1.72it/s, loss=0.0052]
Training Navine AI Image:  20%|##        | 810/4000 [11:40<30:57,  1.72it/s, loss=0.0057]
Training Navine AI Image:  20%|##        | 811/4000 [11:41<30:32,  1.74it/s, loss=0.0057]
Training Navine AI Image:  20%|##        | 811/4000 [11:41<30:32,  1.74it/s, loss=0.0189]
Training Navine AI Image:  20%|##        | 812/4000 [11:41<31:17,  1.70it/s, loss=0.0189]
Training Navine AI Image:  20%|##        | 812/4000 [11:41<31:17,  1.70it/s, loss=0.0192]
Training Navine AI Image:  20%|##        | 813/4000 [11:42<30:51,  1.72it/s, loss=0.0192]
Training Navine AI Image:  20%|##        | 813/4000 [11:42<30:51,  1.72it/s, loss=0.0137]
Training Navine AI Image:  20%|##        | 814/4000 [11:42<29:53,  1.78it/s, loss=0.0137]
Training Navine AI Image:  20%|##        | 814/4000 [11:42<29:53,  1.78it/s, loss=0.0120]
Training Navine AI Image:  20%|##        | 815/4000 [11:43<30:18,  1.75it/s, loss=0.0120]
Training Navine AI Image:  20%|##        | 815/4000 [11:43<30:18,  1.75it/s, loss=0.0120]
Training Navine AI Image:  20%|##        | 816/4000 [11:44<30:48,  1.72it/s, loss=0.0120]
Training Navine AI Image:  20%|##        | 816/4000 [11:44<30:48,  1.72it/s, loss=0.0024]
Training Navine AI Image:  20%|##        | 817/4000 [11:44<30:32,  1.74it/s, loss=0.0024]
Training Navine AI Image:  20%|##        | 817/4000 [11:44<30:32,  1.74it/s, loss=0.0075]
Training Navine AI Image:  20%|##        | 818/4000 [11:45<29:45,  1.78it/s, loss=0.0075]
Training Navine AI Image:  20%|##        | 818/4000 [11:45<29:45,  1.78it/s, loss=0.0385]
Training Navine AI Image:  20%|##        | 819/4000 [11:45<29:52,  1.77it/s, loss=0.0385]
Training Navine AI Image:  20%|##        | 819/4000 [11:45<29:52,  1.77it/s, loss=0.0072]
Training Navine AI Image:  20%|##        | 820/4000 [11:46<30:10,  1.76it/s, loss=0.0072]
Training Navine AI Image:  20%|##        | 820/4000 [11:46<30:10,  1.76it/s, loss=0.0268]
Training Navine AI Image:  21%|##        | 821/4000 [11:46<30:08,  1.76it/s, loss=0.0268]
Training Navine AI Image:  21%|##        | 821/4000 [11:46<30:08,  1.76it/s, loss=0.0054]
Training Navine AI Image:  21%|##        | 822/4000 [11:47<30:02,  1.76it/s, loss=0.0054]
Training Navine AI Image:  21%|##        | 822/4000 [11:47<30:02,  1.76it/s, loss=0.0116]
Training Navine AI Image:  21%|##        | 823/4000 [11:47<30:04,  1.76it/s, loss=0.0116]
Training Navine AI Image:  21%|##        | 823/4000 [11:48<30:04,  1.76it/s, loss=0.0066]
Training Navine AI Image:  21%|##        | 824/4000 [11:48<30:53,  1.71it/s, loss=0.0066]
Training Navine AI Image:  21%|##        | 824/4000 [11:48<30:53,  1.71it/s, loss=0.0231]
Training Navine AI Image:  21%|##        | 825/4000 [11:49<30:15,  1.75it/s, loss=0.0231]
Training Navine AI Image:  21%|##        | 825/4000 [11:49<30:15,  1.75it/s, loss=0.0045]
Training Navine AI Image:  21%|##        | 826/4000 [11:49<31:34,  1.68it/s, loss=0.0045]
Training Navine AI Image:  21%|##        | 826/4000 [11:49<31:34,  1.68it/s, loss=0.0053]
Training Navine AI Image:  21%|##        | 827/4000 [11:50<31:01,  1.70it/s, loss=0.0053]
Training Navine AI Image:  21%|##        | 827/4000 [11:50<31:01,  1.70it/s, loss=0.0120]
Training Navine AI Image:  21%|##        | 828/4000 [11:50<31:45,  1.67it/s, loss=0.0120]
Training Navine AI Image:  21%|##        | 828/4000 [11:50<31:45,  1.67it/s, loss=0.0108]
Training Navine AI Image:  21%|##        | 829/4000 [11:51<31:26,  1.68it/s, loss=0.0108]
Training Navine AI Image:  21%|##        | 829/4000 [11:51<31:26,  1.68it/s, loss=0.0048]
Training Navine AI Image:  21%|##        | 830/4000 [11:52<30:22,  1.74it/s, loss=0.0048]
Training Navine AI Image:  21%|##        | 830/4000 [11:52<30:22,  1.74it/s, loss=0.0101]
Training Navine AI Image:  21%|##        | 831/4000 [11:52<30:18,  1.74it/s, loss=0.0101]
Training Navine AI Image:  21%|##        | 831/4000 [11:52<30:18,  1.74it/s, loss=0.0206]
Training Navine AI Image:  21%|##        | 832/4000 [11:53<31:00,  1.70it/s, loss=0.0206]
Training Navine AI Image:  21%|##        | 832/4000 [11:53<31:00,  1.70it/s, loss=0.0158]
Training Navine AI Image:  21%|##        | 833/4000 [11:53<30:40,  1.72it/s, loss=0.0158]
Training Navine AI Image:  21%|##        | 833/4000 [11:53<30:40,  1.72it/s, loss=0.0091]
Training Navine AI Image:  21%|##        | 834/4000 [11:54<30:33,  1.73it/s, loss=0.0091]
Training Navine AI Image:  21%|##        | 834/4000 [11:54<30:33,  1.73it/s, loss=0.0840]
Training Navine AI Image:  21%|##        | 835/4000 [11:54<30:20,  1.74it/s, loss=0.0840]
Training Navine AI Image:  21%|##        | 835/4000 [11:55<30:20,  1.74it/s, loss=0.0041]
Training Navine AI Image:  21%|##        | 836/4000 [11:55<30:09,  1.75it/s, loss=0.0041]
Training Navine AI Image:  21%|##        | 836/4000 [11:55<30:09,  1.75it/s, loss=0.0119]
Training Navine AI Image:  21%|##        | 837/4000 [11:56<30:13,  1.74it/s, loss=0.0119]
Training Navine AI Image:  21%|##        | 837/4000 [11:56<30:13,  1.74it/s, loss=0.0090]
Training Navine AI Image:  21%|##        | 838/4000 [11:56<30:05,  1.75it/s, loss=0.0090]
Training Navine AI Image:  21%|##        | 838/4000 [11:56<30:05,  1.75it/s, loss=0.0112]
Training Navine AI Image:  21%|##        | 839/4000 [11:57<30:56,  1.70it/s, loss=0.0112]
Training Navine AI Image:  21%|##        | 839/4000 [11:57<30:56,  1.70it/s, loss=0.0041]
Training Navine AI Image:  21%|##1       | 840/4000 [11:57<30:11,  1.74it/s, loss=0.0041]
Training Navine AI Image:  21%|##1       | 840/4000 [11:57<30:11,  1.74it/s, loss=0.0154]
Training Navine AI Image:  21%|##1       | 841/4000 [11:58<30:08,  1.75it/s, loss=0.0154]
Training Navine AI Image:  21%|##1       | 841/4000 [11:58<30:08,  1.75it/s, loss=0.0660]
Training Navine AI Image:  21%|##1       | 842/4000 [11:59<30:15,  1.74it/s, loss=0.0660]
Training Navine AI Image:  21%|##1       | 842/4000 [11:59<30:15,  1.74it/s, loss=0.0068]
Training Navine AI Image:  21%|##1       | 843/4000 [11:59<30:49,  1.71it/s, loss=0.0068]
Training Navine AI Image:  21%|##1       | 843/4000 [11:59<30:49,  1.71it/s, loss=0.0168]
Training Navine AI Image:  21%|##1       | 844/4000 [12:00<30:45,  1.71it/s, loss=0.0168]
Training Navine AI Image:  21%|##1       | 844/4000 [12:00<30:45,  1.71it/s, loss=0.0037]
Training Navine AI Image:  21%|##1       | 845/4000 [12:00<31:16,  1.68it/s, loss=0.0037]
Training Navine AI Image:  21%|##1       | 845/4000 [12:00<31:16,  1.68it/s, loss=0.0066]
Training Navine AI Image:  21%|##1       | 846/4000 [12:01<30:34,  1.72it/s, loss=0.0066]
Training Navine AI Image:  21%|##1       | 846/4000 [12:01<30:34,  1.72it/s, loss=0.0085]
Training Navine AI Image:  21%|##1       | 847/4000 [12:01<30:16,  1.74it/s, loss=0.0085]
Training Navine AI Image:  21%|##1       | 847/4000 [12:01<30:16,  1.74it/s, loss=0.0059]
Training Navine AI Image:  21%|##1       | 848/4000 [12:02<31:08,  1.69it/s, loss=0.0059]
Training Navine AI Image:  21%|##1       | 848/4000 [12:02<31:08,  1.69it/s, loss=0.0133]
Training Navine AI Image:  21%|##1       | 849/4000 [12:03<30:40,  1.71it/s, loss=0.0133]
Training Navine AI Image:  21%|##1       | 849/4000 [12:03<30:40,  1.71it/s, loss=0.0091]
Training Navine AI Image:  21%|##1       | 850/4000 [12:03<30:25,  1.73it/s, loss=0.0091]
Training Navine AI Image:  21%|##1       | 850/4000 [12:03<30:25,  1.73it/s, loss=0.0097]
Training Navine AI Image:  21%|##1       | 851/4000 [12:04<29:22,  1.79it/s, loss=0.0097]
Training Navine AI Image:  21%|##1       | 851/4000 [12:04<29:22,  1.79it/s, loss=0.0201]
Training Navine AI Image:  21%|##1       | 852/4000 [12:04<30:27,  1.72it/s, loss=0.0201]
Training Navine AI Image:  21%|##1       | 852/4000 [12:04<30:27,  1.72it/s, loss=0.0068]
Training Navine AI Image:  21%|##1       | 853/4000 [12:05<29:45,  1.76it/s, loss=0.0068]
Training Navine AI Image:  21%|##1       | 853/4000 [12:05<29:45,  1.76it/s, loss=0.0272]
Training Navine AI Image:  21%|##1       | 854/4000 [12:05<29:59,  1.75it/s, loss=0.0272]
Training Navine AI Image:  21%|##1       | 854/4000 [12:06<29:59,  1.75it/s, loss=0.0116]
Training Navine AI Image:  21%|##1       | 855/4000 [12:06<29:48,  1.76it/s, loss=0.0116]
Training Navine AI Image:  21%|##1       | 855/4000 [12:06<29:48,  1.76it/s, loss=0.0089]
Training Navine AI Image:  21%|##1       | 856/4000 [12:07<31:08,  1.68it/s, loss=0.0089]
Training Navine AI Image:  21%|##1       | 856/4000 [12:07<31:08,  1.68it/s, loss=0.0061]
Training Navine AI Image:  21%|##1       | 857/4000 [12:07<29:58,  1.75it/s, loss=0.0061]
Training Navine AI Image:  21%|##1       | 857/4000 [12:07<29:58,  1.75it/s, loss=0.0044]
Training Navine AI Image:  21%|##1       | 858/4000 [12:08<29:52,  1.75it/s, loss=0.0044]
Training Navine AI Image:  21%|##1       | 858/4000 [12:08<29:52,  1.75it/s, loss=0.0100]
Training Navine AI Image:  21%|##1       | 859/4000 [12:08<30:24,  1.72it/s, loss=0.0100]
Training Navine AI Image:  21%|##1       | 859/4000 [12:08<30:24,  1.72it/s, loss=0.0091]
Training Navine AI Image:  22%|##1       | 860/4000 [12:09<30:06,  1.74it/s, loss=0.0091]
Training Navine AI Image:  22%|##1       | 860/4000 [12:09<30:06,  1.74it/s, loss=0.0180]
Training Navine AI Image:  22%|##1       | 861/4000 [12:09<29:10,  1.79it/s, loss=0.0180]
Training Navine AI Image:  22%|##1       | 861/4000 [12:09<29:10,  1.79it/s, loss=0.0044]
Training Navine AI Image:  22%|##1       | 862/4000 [12:10<29:17,  1.79it/s, loss=0.0044]
Training Navine AI Image:  22%|##1       | 862/4000 [12:10<29:17,  1.79it/s, loss=0.0099]
Training Navine AI Image:  22%|##1       | 863/4000 [12:11<29:30,  1.77it/s, loss=0.0099]
Training Navine AI Image:  22%|##1       | 863/4000 [12:11<29:30,  1.77it/s, loss=0.0116]
Training Navine AI Image:  22%|##1       | 864/4000 [12:11<30:05,  1.74it/s, loss=0.0116]
Training Navine AI Image:  22%|##1       | 864/4000 [12:11<30:05,  1.74it/s, loss=0.0040]
Training Navine AI Image:  22%|##1       | 865/4000 [12:12<29:35,  1.77it/s, loss=0.0040]
Training Navine AI Image:  22%|##1       | 865/4000 [12:12<29:35,  1.77it/s, loss=0.0153]
Training Navine AI Image:  22%|##1       | 866/4000 [12:12<29:55,  1.75it/s, loss=0.0153]
Training Navine AI Image:  22%|##1       | 866/4000 [12:12<29:55,  1.75it/s, loss=0.0075]
Training Navine AI Image:  22%|##1       | 867/4000 [12:13<30:26,  1.71it/s, loss=0.0075]
Training Navine AI Image:  22%|##1       | 867/4000 [12:13<30:26,  1.71it/s, loss=0.0040]
Training Navine AI Image:  22%|##1       | 868/4000 [12:14<30:15,  1.73it/s, loss=0.0040]
Training Navine AI Image:  22%|##1       | 868/4000 [12:14<30:15,  1.73it/s, loss=0.0177]
Training Navine AI Image:  22%|##1       | 869/4000 [12:14<30:11,  1.73it/s, loss=0.0177]
Training Navine AI Image:  22%|##1       | 869/4000 [12:14<30:11,  1.73it/s, loss=0.0036]
Training Navine AI Image:  22%|##1       | 870/4000 [12:15<31:03,  1.68it/s, loss=0.0036]
Training Navine AI Image:  22%|##1       | 870/4000 [12:15<31:03,  1.68it/s, loss=0.0055]
Training Navine AI Image:  22%|##1       | 871/4000 [12:15<30:02,  1.74it/s, loss=0.0055]
Training Navine AI Image:  22%|##1       | 871/4000 [12:15<30:02,  1.74it/s, loss=0.0113]
Training Navine AI Image:  22%|##1       | 872/4000 [12:16<29:37,  1.76it/s, loss=0.0113]
Training Navine AI Image:  22%|##1       | 872/4000 [12:16<29:37,  1.76it/s, loss=0.0095]
Training Navine AI Image:  22%|##1       | 873/4000 [12:16<29:34,  1.76it/s, loss=0.0095]
Training Navine AI Image:  22%|##1       | 873/4000 [12:16<29:34,  1.76it/s, loss=0.0085]
Training Navine AI Image:  22%|##1       | 874/4000 [12:17<30:14,  1.72it/s, loss=0.0085]
Training Navine AI Image:  22%|##1       | 874/4000 [12:17<30:14,  1.72it/s, loss=0.1001]
Training Navine AI Image:  22%|##1       | 875/4000 [12:18<29:40,  1.76it/s, loss=0.1001]
Training Navine AI Image:  22%|##1       | 875/4000 [12:18<29:40,  1.76it/s, loss=0.0126]
Training Navine AI Image:  22%|##1       | 876/4000 [12:18<29:39,  1.76it/s, loss=0.0126]
Training Navine AI Image:  22%|##1       | 876/4000 [12:18<29:39,  1.76it/s, loss=0.0054]
Training Navine AI Image:  22%|##1       | 877/4000 [12:19<30:09,  1.73it/s, loss=0.0054]
Training Navine AI Image:  22%|##1       | 877/4000 [12:19<30:09,  1.73it/s, loss=0.0052]
Training Navine AI Image:  22%|##1       | 878/4000 [12:19<29:53,  1.74it/s, loss=0.0052]
Training Navine AI Image:  22%|##1       | 878/4000 [12:19<29:53,  1.74it/s, loss=0.0345]
Training Navine AI Image:  22%|##1       | 879/4000 [12:20<30:04,  1.73it/s, loss=0.0345]
Training Navine AI Image:  22%|##1       | 879/4000 [12:20<30:04,  1.73it/s, loss=0.0094]
Training Navine AI Image:  22%|##2       | 880/4000 [12:20<30:32,  1.70it/s, loss=0.0094]
Training Navine AI Image:  22%|##2       | 880/4000 [12:20<30:32,  1.70it/s, loss=0.0127]
Training Navine AI Image:  22%|##2       | 881/4000 [12:21<29:48,  1.74it/s, loss=0.0127]
Training Navine AI Image:  22%|##2       | 881/4000 [12:21<29:48,  1.74it/s, loss=0.0069]
Training Navine AI Image:  22%|##2       | 882/4000 [12:22<29:45,  1.75it/s, loss=0.0069]
Training Navine AI Image:  22%|##2       | 882/4000 [12:22<29:45,  1.75it/s, loss=0.0072]
Training Navine AI Image:  22%|##2       | 883/4000 [12:22<30:46,  1.69it/s, loss=0.0072]
Training Navine AI Image:  22%|##2       | 883/4000 [12:22<30:46,  1.69it/s, loss=0.0338]
Training Navine AI Image:  22%|##2       | 884/4000 [12:23<30:00,  1.73it/s, loss=0.0338]
Training Navine AI Image:  22%|##2       | 884/4000 [12:23<30:00,  1.73it/s, loss=0.0128]
Training Navine AI Image:  22%|##2       | 885/4000 [12:23<29:26,  1.76it/s, loss=0.0128]
Training Navine AI Image:  22%|##2       | 885/4000 [12:23<29:26,  1.76it/s, loss=0.0151]
Training Navine AI Image:  22%|##2       | 886/4000 [12:24<29:46,  1.74it/s, loss=0.0151]
Training Navine AI Image:  22%|##2       | 886/4000 [12:24<29:46,  1.74it/s, loss=0.0181]
Training Navine AI Image:  22%|##2       | 887/4000 [12:24<30:28,  1.70it/s, loss=0.0181]
Training Navine AI Image:  22%|##2       | 887/4000 [12:24<30:28,  1.70it/s, loss=0.0067]
Training Navine AI Image:  22%|##2       | 888/4000 [12:25<29:34,  1.75it/s, loss=0.0067]
Training Navine AI Image:  22%|##2       | 888/4000 [12:25<29:34,  1.75it/s, loss=0.0224]
Training Navine AI Image:  22%|##2       | 889/4000 [12:26<29:51,  1.74it/s, loss=0.0224]
Training Navine AI Image:  22%|##2       | 889/4000 [12:26<29:51,  1.74it/s, loss=0.0156]
Training Navine AI Image:  22%|##2       | 890/4000 [12:26<30:41,  1.69it/s, loss=0.0156]
Training Navine AI Image:  22%|##2       | 890/4000 [12:26<30:41,  1.69it/s, loss=0.0119]
Training Navine AI Image:  22%|##2       | 891/4000 [12:27<30:12,  1.72it/s, loss=0.0119]
Training Navine AI Image:  22%|##2       | 891/4000 [12:27<30:12,  1.72it/s, loss=0.0132]
Training Navine AI Image:  22%|##2       | 892/4000 [12:27<28:57,  1.79it/s, loss=0.0132]
Training Navine AI Image:  22%|##2       | 892/4000 [12:27<28:57,  1.79it/s, loss=0.0080]
Training Navine AI Image:  22%|##2       | 893/4000 [12:28<29:22,  1.76it/s, loss=0.0080]
Training Navine AI Image:  22%|##2       | 893/4000 [12:28<29:22,  1.76it/s, loss=0.0099]
Training Navine AI Image:  22%|##2       | 894/4000 [12:29<30:24,  1.70it/s, loss=0.0099]
Training Navine AI Image:  22%|##2       | 894/4000 [12:29<30:24,  1.70it/s, loss=0.0063]
Training Navine AI Image:  22%|##2       | 895/4000 [12:29<29:23,  1.76it/s, loss=0.0063]
Training Navine AI Image:  22%|##2       | 895/4000 [12:29<29:23,  1.76it/s, loss=0.0083]
Training Navine AI Image:  22%|##2       | 896/4000 [12:30<29:21,  1.76it/s, loss=0.0083]
Training Navine AI Image:  22%|##2       | 896/4000 [12:30<29:21,  1.76it/s, loss=0.0116]
Training Navine AI Image:  22%|##2       | 897/4000 [12:30<30:35,  1.69it/s, loss=0.0116]
Training Navine AI Image:  22%|##2       | 897/4000 [12:30<30:35,  1.69it/s, loss=0.0317]
Training Navine AI Image:  22%|##2       | 898/4000 [12:31<35:21,  1.46it/s, loss=0.0317]
Training Navine AI Image:  22%|##2       | 898/4000 [12:31<35:21,  1.46it/s, loss=0.0070]
Training Navine AI Image:  22%|##2       | 899/4000 [12:32<32:31,  1.59it/s, loss=0.0070]
Training Navine AI Image:  22%|##2       | 899/4000 [12:32<32:31,  1.59it/s, loss=0.0223]
Training Navine AI Image:  22%|##2       | 900/4000 [12:32<31:29,  1.64it/s, loss=0.0223]
Training Navine AI Image:  22%|##2       | 900/4000 [12:32<31:29,  1.64it/s, loss=0.0083]
Training Navine AI Image:  23%|##2       | 901/4000 [12:33<30:53,  1.67it/s, loss=0.0083]
Training Navine AI Image:  23%|##2       | 901/4000 [12:33<30:53,  1.67it/s, loss=0.0064]
Training Navine AI Image:  23%|##2       | 902/4000 [12:33<30:49,  1.67it/s, loss=0.0064]
Training Navine AI Image:  23%|##2       | 902/4000 [12:33<30:49,  1.67it/s, loss=0.0050]
Training Navine AI Image:  23%|##2       | 903/4000 [12:34<30:38,  1.68it/s, loss=0.0050]
Training Navine AI Image:  23%|##2       | 903/4000 [12:34<30:38,  1.68it/s, loss=0.0138]
Training Navine AI Image:  23%|##2       | 904/4000 [12:35<30:20,  1.70it/s, loss=0.0138]
Training Navine AI Image:  23%|##2       | 904/4000 [12:35<30:20,  1.70it/s, loss=0.0072]
Training Navine AI Image:  23%|##2       | 905/4000 [12:35<29:56,  1.72it/s, loss=0.0072]
Training Navine AI Image:  23%|##2       | 905/4000 [12:35<29:56,  1.72it/s, loss=0.0088]
Training Navine AI Image:  23%|##2       | 906/4000 [12:36<29:48,  1.73it/s, loss=0.0088]
Training Navine AI Image:  23%|##2       | 906/4000 [12:36<29:48,  1.73it/s, loss=0.0166]
Training Navine AI Image:  23%|##2       | 907/4000 [12:36<30:04,  1.71it/s, loss=0.0166]
Training Navine AI Image:  23%|##2       | 907/4000 [12:36<30:04,  1.71it/s, loss=0.0107]
Training Navine AI Image:  23%|##2       | 908/4000 [12:37<30:01,  1.72it/s, loss=0.0107]
Training Navine AI Image:  23%|##2       | 908/4000 [12:37<30:01,  1.72it/s, loss=0.0788]
Training Navine AI Image:  23%|##2       | 909/4000 [12:37<30:17,  1.70it/s, loss=0.0788]
Training Navine AI Image:  23%|##2       | 909/4000 [12:38<30:17,  1.70it/s, loss=0.0059]
Training Navine AI Image:  23%|##2       | 910/4000 [12:38<30:00,  1.72it/s, loss=0.0059]
Training Navine AI Image:  23%|##2       | 910/4000 [12:38<30:00,  1.72it/s, loss=0.0054]
Training Navine AI Image:  23%|##2       | 911/4000 [12:39<30:06,  1.71it/s, loss=0.0054]
Training Navine AI Image:  23%|##2       | 911/4000 [12:39<30:06,  1.71it/s, loss=0.0050]
Training Navine AI Image:  23%|##2       | 912/4000 [12:39<30:13,  1.70it/s, loss=0.0050]
Training Navine AI Image:  23%|##2       | 912/4000 [12:39<30:13,  1.70it/s, loss=0.0105]
Training Navine AI Image:  23%|##2       | 913/4000 [12:40<29:55,  1.72it/s, loss=0.0105]
Training Navine AI Image:  23%|##2       | 913/4000 [12:40<29:55,  1.72it/s, loss=0.0140]
Training Navine AI Image:  23%|##2       | 914/4000 [12:40<30:25,  1.69it/s, loss=0.0140]
Training Navine AI Image:  23%|##2       | 914/4000 [12:40<30:25,  1.69it/s, loss=0.0119]
Training Navine AI Image:  23%|##2       | 915/4000 [12:41<29:11,  1.76it/s, loss=0.0119]
Training Navine AI Image:  23%|##2       | 915/4000 [12:41<29:11,  1.76it/s, loss=0.0157]
Training Navine AI Image:  23%|##2       | 916/4000 [12:41<28:54,  1.78it/s, loss=0.0157]
Training Navine AI Image:  23%|##2       | 916/4000 [12:42<28:54,  1.78it/s, loss=0.0550]
Training Navine AI Image:  23%|##2       | 917/4000 [12:42<34:21,  1.50it/s, loss=0.0550]
Training Navine AI Image:  23%|##2       | 917/4000 [12:42<34:21,  1.50it/s, loss=0.0215]
Training Navine AI Image:  23%|##2       | 918/4000 [12:43<32:48,  1.57it/s, loss=0.0215]
Training Navine AI Image:  23%|##2       | 918/4000 [12:43<32:48,  1.57it/s, loss=0.0102]
Training Navine AI Image:  23%|##2       | 919/4000 [12:44<31:57,  1.61it/s, loss=0.0102]
Training Navine AI Image:  23%|##2       | 919/4000 [12:44<31:57,  1.61it/s, loss=0.0291]
Training Navine AI Image:  23%|##3       | 920/4000 [12:44<31:08,  1.65it/s, loss=0.0291]
Training Navine AI Image:  23%|##3       | 920/4000 [12:44<31:08,  1.65it/s, loss=0.0050]
Training Navine AI Image:  23%|##3       | 921/4000 [12:45<30:27,  1.68it/s, loss=0.0050]
Training Navine AI Image:  23%|##3       | 921/4000 [12:45<30:27,  1.68it/s, loss=0.0033]
Training Navine AI Image:  23%|##3       | 922/4000 [12:45<31:00,  1.65it/s, loss=0.0033]
Training Navine AI Image:  23%|##3       | 922/4000 [12:45<31:00,  1.65it/s, loss=0.0280]
Training Navine AI Image:  23%|##3       | 923/4000 [12:46<29:59,  1.71it/s, loss=0.0280]
Training Navine AI Image:  23%|##3       | 923/4000 [12:46<29:59,  1.71it/s, loss=0.0192]
Training Navine AI Image:  23%|##3       | 924/4000 [12:46<29:25,  1.74it/s, loss=0.0192]
Training Navine AI Image:  23%|##3       | 924/4000 [12:46<29:25,  1.74it/s, loss=0.0086]
Training Navine AI Image:  23%|##3       | 925/4000 [12:47<29:14,  1.75it/s, loss=0.0086]
Training Navine AI Image:  23%|##3       | 925/4000 [12:47<29:14,  1.75it/s, loss=0.0070]
Training Navine AI Image:  23%|##3       | 926/4000 [12:48<29:47,  1.72it/s, loss=0.0070]
Training Navine AI Image:  23%|##3       | 926/4000 [12:48<29:47,  1.72it/s, loss=0.0513]
Training Navine AI Image:  23%|##3       | 927/4000 [12:48<29:33,  1.73it/s, loss=0.0513]
Training Navine AI Image:  23%|##3       | 927/4000 [12:48<29:33,  1.73it/s, loss=0.0181]
Training Navine AI Image:  23%|##3       | 928/4000 [12:49<29:29,  1.74it/s, loss=0.0181]
Training Navine AI Image:  23%|##3       | 928/4000 [12:49<29:29,  1.74it/s, loss=0.0081]
Training Navine AI Image:  23%|##3       | 929/4000 [12:49<30:03,  1.70it/s, loss=0.0081]
Training Navine AI Image:  23%|##3       | 929/4000 [12:49<30:03,  1.70it/s, loss=0.0493]
Training Navine AI Image:  23%|##3       | 930/4000 [12:50<29:35,  1.73it/s, loss=0.0493]
Training Navine AI Image:  23%|##3       | 930/4000 [12:50<29:35,  1.73it/s, loss=0.0118]
Training Navine AI Image:  23%|##3       | 931/4000 [12:50<28:38,  1.79it/s, loss=0.0118]
Training Navine AI Image:  23%|##3       | 931/4000 [12:50<28:38,  1.79it/s, loss=0.0116]
Training Navine AI Image:  23%|##3       | 932/4000 [12:51<30:57,  1.65it/s, loss=0.0116]
Training Navine AI Image:  23%|##3       | 932/4000 [12:51<30:57,  1.65it/s, loss=0.0059]
Training Navine AI Image:  23%|##3       | 933/4000 [12:52<30:27,  1.68it/s, loss=0.0059]
Training Navine AI Image:  23%|##3       | 933/4000 [12:52<30:27,  1.68it/s, loss=0.0103]
Training Navine AI Image:  23%|##3       | 934/4000 [12:52<29:58,  1.70it/s, loss=0.0103]
Training Navine AI Image:  23%|##3       | 934/4000 [12:52<29:58,  1.70it/s, loss=0.0053]
Training Navine AI Image:  23%|##3       | 935/4000 [12:53<30:20,  1.68it/s, loss=0.0053]
Training Navine AI Image:  23%|##3       | 935/4000 [12:53<30:20,  1.68it/s, loss=0.0070]
Training Navine AI Image:  23%|##3       | 936/4000 [12:53<29:33,  1.73it/s, loss=0.0070]
Training Navine AI Image:  23%|##3       | 936/4000 [12:53<29:33,  1.73it/s, loss=0.0052]
Training Navine AI Image:  23%|##3       | 937/4000 [12:54<29:26,  1.73it/s, loss=0.0052]
Training Navine AI Image:  23%|##3       | 937/4000 [12:54<29:26,  1.73it/s, loss=0.0154]
Training Navine AI Image:  23%|##3       | 938/4000 [12:55<29:57,  1.70it/s, loss=0.0154]
Training Navine AI Image:  23%|##3       | 938/4000 [12:55<29:57,  1.70it/s, loss=0.0103]
Training Navine AI Image:  23%|##3       | 939/4000 [12:55<29:40,  1.72it/s, loss=0.0103]
Training Navine AI Image:  23%|##3       | 939/4000 [12:55<29:40,  1.72it/s, loss=0.0243]
Training Navine AI Image:  24%|##3       | 940/4000 [12:56<28:57,  1.76it/s, loss=0.0243]
Training Navine AI Image:  24%|##3       | 940/4000 [12:56<28:57,  1.76it/s, loss=0.0044]
Training Navine AI Image:  24%|##3       | 941/4000 [12:56<28:54,  1.76it/s, loss=0.0044]
Training Navine AI Image:  24%|##3       | 941/4000 [12:56<28:54,  1.76it/s, loss=0.0050]
Training Navine AI Image:  24%|##3       | 942/4000 [12:57<29:31,  1.73it/s, loss=0.0050]
Training Navine AI Image:  24%|##3       | 942/4000 [12:57<29:31,  1.73it/s, loss=0.0162]
Training Navine AI Image:  24%|##3       | 943/4000 [12:57<29:14,  1.74it/s, loss=0.0162]
Training Navine AI Image:  24%|##3       | 943/4000 [12:57<29:14,  1.74it/s, loss=0.0072]
Training Navine AI Image:  24%|##3       | 944/4000 [12:58<28:19,  1.80it/s, loss=0.0072]
Training Navine AI Image:  24%|##3       | 944/4000 [12:58<28:19,  1.80it/s, loss=0.0121]
Training Navine AI Image:  24%|##3       | 945/4000 [12:58<28:10,  1.81it/s, loss=0.0121]
Training Navine AI Image:  24%|##3       | 945/4000 [12:59<28:10,  1.81it/s, loss=0.0119]
Training Navine AI Image:  24%|##3       | 946/4000 [12:59<28:23,  1.79it/s, loss=0.0119]
Training Navine AI Image:  24%|##3       | 946/4000 [12:59<28:23,  1.79it/s, loss=0.0190]
Training Navine AI Image:  24%|##3       | 947/4000 [13:00<29:38,  1.72it/s, loss=0.0190]
Training Navine AI Image:  24%|##3       | 947/4000 [13:00<29:38,  1.72it/s, loss=0.0093]
Training Navine AI Image:  24%|##3       | 948/4000 [13:00<29:34,  1.72it/s, loss=0.0093]
Training Navine AI Image:  24%|##3       | 948/4000 [13:00<29:34,  1.72it/s, loss=0.0180]
Training Navine AI Image:  24%|##3       | 949/4000 [13:01<29:08,  1.75it/s, loss=0.0180]
Training Navine AI Image:  24%|##3       | 949/4000 [13:01<29:08,  1.75it/s, loss=0.0146]
Training Navine AI Image:  24%|##3       | 950/4000 [13:01<30:01,  1.69it/s, loss=0.0146]
Training Navine AI Image:  24%|##3       | 950/4000 [13:01<30:01,  1.69it/s, loss=0.0033]
Training Navine AI Image:  24%|##3       | 951/4000 [13:02<29:01,  1.75it/s, loss=0.0033]
Training Navine AI Image:  24%|##3       | 951/4000 [13:02<29:01,  1.75it/s, loss=0.0091]
Training Navine AI Image:  24%|##3       | 952/4000 [13:03<29:06,  1.75it/s, loss=0.0091]
Training Navine AI Image:  24%|##3       | 952/4000 [13:03<29:06,  1.75it/s, loss=0.0651]
Training Navine AI Image:  24%|##3       | 953/4000 [13:03<29:18,  1.73it/s, loss=0.0651]
Training Navine AI Image:  24%|##3       | 953/4000 [13:03<29:18,  1.73it/s, loss=0.0438]
Training Navine AI Image:  24%|##3       | 954/4000 [13:04<29:42,  1.71it/s, loss=0.0438]
Training Navine AI Image:  24%|##3       | 954/4000 [13:04<29:42,  1.71it/s, loss=0.0181]
Training Navine AI Image:  24%|##3       | 955/4000 [13:04<29:25,  1.72it/s, loss=0.0181]
Training Navine AI Image:  24%|##3       | 955/4000 [13:04<29:25,  1.72it/s, loss=0.0079]
Training Navine AI Image:  24%|##3       | 956/4000 [13:05<29:42,  1.71it/s, loss=0.0079]
Training Navine AI Image:  24%|##3       | 956/4000 [13:05<29:42,  1.71it/s, loss=0.0140]
Training Navine AI Image:  24%|##3       | 957/4000 [13:05<28:22,  1.79it/s, loss=0.0140]
Training Navine AI Image:  24%|##3       | 957/4000 [13:05<28:22,  1.79it/s, loss=0.0065]
Training Navine AI Image:  24%|##3       | 958/4000 [13:06<28:30,  1.78it/s, loss=0.0065]
Training Navine AI Image:  24%|##3       | 958/4000 [13:06<28:30,  1.78it/s, loss=0.0045]
Training Navine AI Image:  24%|##3       | 959/4000 [13:07<28:45,  1.76it/s, loss=0.0045]
Training Navine AI Image:  24%|##3       | 959/4000 [13:07<28:45,  1.76it/s, loss=0.0113]
Training Navine AI Image:  24%|##4       | 960/4000 [13:07<30:26,  1.66it/s, loss=0.0113]
Training Navine AI Image:  24%|##4       | 960/4000 [13:07<30:26,  1.66it/s, loss=0.0068]
Training Navine AI Image:  24%|##4       | 961/4000 [13:08<29:11,  1.74it/s, loss=0.0068]
Training Navine AI Image:  24%|##4       | 961/4000 [13:08<29:11,  1.74it/s, loss=0.0047]
Training Navine AI Image:  24%|##4       | 962/4000 [13:08<29:15,  1.73it/s, loss=0.0047]
Training Navine AI Image:  24%|##4       | 962/4000 [13:08<29:15,  1.73it/s, loss=0.0094]
Training Navine AI Image:  24%|##4       | 963/4000 [13:09<29:03,  1.74it/s, loss=0.0094]
Training Navine AI Image:  24%|##4       | 963/4000 [13:09<29:03,  1.74it/s, loss=0.0961]
Training Navine AI Image:  24%|##4       | 964/4000 [13:09<28:58,  1.75it/s, loss=0.0961]
Training Navine AI Image:  24%|##4       | 964/4000 [13:10<28:58,  1.75it/s, loss=0.0040]
Training Navine AI Image:  24%|##4       | 965/4000 [13:10<28:47,  1.76it/s, loss=0.0040]
Training Navine AI Image:  24%|##4       | 965/4000 [13:10<28:47,  1.76it/s, loss=0.0059]
Training Navine AI Image:  24%|##4       | 966/4000 [13:11<29:00,  1.74it/s, loss=0.0059]
Training Navine AI Image:  24%|##4       | 966/4000 [13:11<29:00,  1.74it/s, loss=0.0087]
Training Navine AI Image:  24%|##4       | 967/4000 [13:11<29:37,  1.71it/s, loss=0.0087]
Training Navine AI Image:  24%|##4       | 967/4000 [13:11<29:37,  1.71it/s, loss=0.0342]
Training Navine AI Image:  24%|##4       | 968/4000 [13:12<28:34,  1.77it/s, loss=0.0342]
Training Navine AI Image:  24%|##4       | 968/4000 [13:12<28:34,  1.77it/s, loss=0.0115]
Training Navine AI Image:  24%|##4       | 969/4000 [13:12<28:21,  1.78it/s, loss=0.0115]
Training Navine AI Image:  24%|##4       | 969/4000 [13:12<28:21,  1.78it/s, loss=0.0069]
Training Navine AI Image:  24%|##4       | 970/4000 [13:13<28:27,  1.77it/s, loss=0.0069]
Training Navine AI Image:  24%|##4       | 970/4000 [13:13<28:27,  1.77it/s, loss=0.0117]
Training Navine AI Image:  24%|##4       | 971/4000 [13:13<29:16,  1.72it/s, loss=0.0117]
Training Navine AI Image:  24%|##4       | 971/4000 [13:13<29:16,  1.72it/s, loss=0.0189]
Training Navine AI Image:  24%|##4       | 972/4000 [13:14<28:24,  1.78it/s, loss=0.0189]
Training Navine AI Image:  24%|##4       | 972/4000 [13:14<28:24,  1.78it/s, loss=0.0171]
Training Navine AI Image:  24%|##4       | 973/4000 [13:15<28:31,  1.77it/s, loss=0.0171]
Training Navine AI Image:  24%|##4       | 973/4000 [13:15<28:31,  1.77it/s, loss=0.0083]
Training Navine AI Image:  24%|##4       | 974/4000 [13:15<28:50,  1.75it/s, loss=0.0083]
Training Navine AI Image:  24%|##4       | 974/4000 [13:15<28:50,  1.75it/s, loss=0.0170]
Training Navine AI Image:  24%|##4       | 975/4000 [13:16<29:38,  1.70it/s, loss=0.0170]
Training Navine AI Image:  24%|##4       | 975/4000 [13:16<29:38,  1.70it/s, loss=0.0470]
Training Navine AI Image:  24%|##4       | 976/4000 [13:16<28:34,  1.76it/s, loss=0.0470]
Training Navine AI Image:  24%|##4       | 976/4000 [13:16<28:34,  1.76it/s, loss=0.0090]
Training Navine AI Image:  24%|##4       | 977/4000 [13:17<28:32,  1.77it/s, loss=0.0090]
Training Navine AI Image:  24%|##4       | 977/4000 [13:17<28:32,  1.77it/s, loss=0.0103]
Training Navine AI Image:  24%|##4       | 978/4000 [13:17<28:25,  1.77it/s, loss=0.0103]
Training Navine AI Image:  24%|##4       | 978/4000 [13:17<28:25,  1.77it/s, loss=0.0093]
Training Navine AI Image:  24%|##4       | 979/4000 [13:18<29:26,  1.71it/s, loss=0.0093]
Training Navine AI Image:  24%|##4       | 979/4000 [13:18<29:26,  1.71it/s, loss=0.0283]
Training Navine AI Image:  24%|##4       | 980/4000 [13:19<28:31,  1.76it/s, loss=0.0283]
Training Navine AI Image:  24%|##4       | 980/4000 [13:19<28:31,  1.76it/s, loss=0.0168]
Training Navine AI Image:  25%|##4       | 981/4000 [13:19<28:34,  1.76it/s, loss=0.0168]
Training Navine AI Image:  25%|##4       | 981/4000 [13:19<28:34,  1.76it/s, loss=0.0095]
Training Navine AI Image:  25%|##4       | 982/4000 [13:20<29:22,  1.71it/s, loss=0.0095]
Training Navine AI Image:  25%|##4       | 982/4000 [13:20<29:22,  1.71it/s, loss=0.0110]
Training Navine AI Image:  25%|##4       | 983/4000 [13:20<28:24,  1.77it/s, loss=0.0110]
Training Navine AI Image:  25%|##4       | 983/4000 [13:20<28:24,  1.77it/s, loss=0.0054]
Training Navine AI Image:  25%|##4       | 984/4000 [13:21<28:33,  1.76it/s, loss=0.0054]
Training Navine AI Image:  25%|##4       | 984/4000 [13:21<28:33,  1.76it/s, loss=0.0566]
Training Navine AI Image:  25%|##4       | 985/4000 [13:21<28:36,  1.76it/s, loss=0.0566]
Training Navine AI Image:  25%|##4       | 985/4000 [13:21<28:36,  1.76it/s, loss=0.0097]
Training Navine AI Image:  25%|##4       | 986/4000 [13:22<28:48,  1.74it/s, loss=0.0097]
Training Navine AI Image:  25%|##4       | 986/4000 [13:22<28:48,  1.74it/s, loss=0.0192]
Training Navine AI Image:  25%|##4       | 987/4000 [13:23<28:45,  1.75it/s, loss=0.0192]
Training Navine AI Image:  25%|##4       | 987/4000 [13:23<28:45,  1.75it/s, loss=0.0812]
Training Navine AI Image:  25%|##4       | 988/4000 [13:23<28:47,  1.74it/s, loss=0.0812]
Training Navine AI Image:  25%|##4       | 988/4000 [13:23<28:47,  1.74it/s, loss=0.0113]
Training Navine AI Image:  25%|##4       | 989/4000 [13:24<28:33,  1.76it/s, loss=0.0113]
Training Navine AI Image:  25%|##4       | 989/4000 [13:24<28:33,  1.76it/s, loss=0.0099]
Training Navine AI Image:  25%|##4       | 990/4000 [13:24<28:49,  1.74it/s, loss=0.0099]
Training Navine AI Image:  25%|##4       | 990/4000 [13:24<28:49,  1.74it/s, loss=0.0130]
Training Navine AI Image:  25%|##4       | 991/4000 [13:25<28:20,  1.77it/s, loss=0.0130]
Training Navine AI Image:  25%|##4       | 991/4000 [13:25<28:20,  1.77it/s, loss=0.0624]
Training Navine AI Image:  25%|##4       | 992/4000 [13:25<28:15,  1.77it/s, loss=0.0624]
Training Navine AI Image:  25%|##4       | 992/4000 [13:25<28:15,  1.77it/s, loss=0.0086]
Training Navine AI Image:  25%|##4       | 993/4000 [13:26<28:19,  1.77it/s, loss=0.0086]
Training Navine AI Image:  25%|##4       | 993/4000 [13:26<28:19,  1.77it/s, loss=0.0077]
Training Navine AI Image:  25%|##4       | 994/4000 [13:27<29:03,  1.72it/s, loss=0.0077]
Training Navine AI Image:  25%|##4       | 994/4000 [13:27<29:03,  1.72it/s, loss=0.0124]
Training Navine AI Image:  25%|##4       | 995/4000 [13:27<28:50,  1.74it/s, loss=0.0124]
Training Navine AI Image:  25%|##4       | 995/4000 [13:27<28:50,  1.74it/s, loss=0.0129]
Training Navine AI Image:  25%|##4       | 996/4000 [13:28<28:03,  1.78it/s, loss=0.0129]
Training Navine AI Image:  25%|##4       | 996/4000 [13:28<28:03,  1.78it/s, loss=0.0135]
Training Navine AI Image:  25%|##4       | 997/4000 [13:28<28:20,  1.77it/s, loss=0.0135]
Training Navine AI Image:  25%|##4       | 997/4000 [13:28<28:20,  1.77it/s, loss=0.0098]
Training Navine AI Image:  25%|##4       | 998/4000 [13:29<29:08,  1.72it/s, loss=0.0098]
Training Navine AI Image:  25%|##4       | 998/4000 [13:29<29:08,  1.72it/s, loss=0.0115]
Training Navine AI Image:  25%|##4       | 999/4000 [13:29<28:26,  1.76it/s, loss=0.0115]
Training Navine AI Image:  25%|##4       | 999/4000 [13:29<28:26,  1.76it/s, loss=0.0098]
Training Navine AI Image:  25%|##5       | 1000/4000 [13:30<28:13,  1.77it/s, loss=0.0098]
Training Navine AI Image:  25%|##5       | 1000/4000 [13:30<28:13,  1.77it/s, loss=0.0063]
Training Navine AI Image:  25%|##5       | 1001/4000 [16:49<50:03:58, 60.10s/it, loss=0.0063]
Training Navine AI Image:  25%|##5       | 1001/4000 [16:49<50:03:58, 60.10s/it, loss=0.0056]
Training Navine AI Image:  25%|##5       | 1002/4000 [16:50<35:11:33, 42.26s/it, loss=0.0056]
Training Navine AI Image:  25%|##5       | 1002/4000 [16:50<35:11:33, 42.26s/it, loss=0.0062]
Training Navine AI Image:  25%|##5       | 1003/4000 [16:50<24:45:33, 29.74s/it, loss=0.0062]
Training Navine AI Image:  25%|##5       | 1003/4000 [16:50<24:45:33, 29.74s/it, loss=0.0084]
Training Navine AI Image:  25%|##5       | 1004/4000 [16:51<17:28:08, 20.99s/it, loss=0.0084]
Training Navine AI Image:  25%|##5       | 1004/4000 [16:51<17:28:08, 20.99s/it, loss=0.0039]
Training Navine AI Image:  25%|##5       | 1005/4000 [16:51<12:22:45, 14.88s/it, loss=0.0039]
Training Navine AI Image:  25%|##5       | 1005/4000 [16:51<12:22:45, 14.88s/it, loss=0.0216]
Training Navine AI Image:  25%|##5       | 1006/4000 [16:52<8:48:18, 10.59s/it, loss=0.0216] 
Training Navine AI Image:  25%|##5       | 1006/4000 [16:52<8:48:18, 10.59s/it, loss=0.0192]
Training Navine AI Image:  25%|##5       | 1007/4000 [16:52<6:17:33,  7.57s/it, loss=0.0192]
Training Navine AI Image:  25%|##5       | 1007/4000 [16:53<6:17:33,  7.57s/it, loss=0.0106]
Training Navine AI Image:  25%|##5       | 1008/4000 [16:53<4:32:44,  5.47s/it, loss=0.0106]
Training Navine AI Image:  25%|##5       | 1008/4000 [16:53<4:32:44,  5.47s/it, loss=0.0577]
Training Navine AI Image:  25%|##5       | 1009/4000 [16:54<3:19:45,  4.01s/it, loss=0.0577]
Training Navine AI Image:  25%|##5       | 1009/4000 [16:54<3:19:45,  4.01s/it, loss=0.0148]
Training Navine AI Image:  25%|##5       | 1010/4000 [16:54<2:28:10,  2.97s/it, loss=0.0148]
Training Navine AI Image:  25%|##5       | 1010/4000 [16:54<2:28:10,  2.97s/it, loss=0.0171]
Training Navine AI Image:  25%|##5       | 1011/4000 [16:55<1:51:44,  2.24s/it, loss=0.0171]
Training Navine AI Image:  25%|##5       | 1011/4000 [16:55<1:51:44,  2.24s/it, loss=0.0192]
Training Navine AI Image:  25%|##5       | 1012/4000 [16:55<1:26:35,  1.74s/it, loss=0.0192]
Training Navine AI Image:  25%|##5       | 1012/4000 [16:55<1:26:35,  1.74s/it, loss=0.0181]
Training Navine AI Image:  25%|##5       | 1013/4000 [16:56<1:09:07,  1.39s/it, loss=0.0181]
Training Navine AI Image:  25%|##5       | 1013/4000 [16:56<1:09:07,  1.39s/it, loss=0.0169]
Training Navine AI Image:  25%|##5       | 1014/4000 [16:56<57:31,  1.16s/it, loss=0.0169]  
Training Navine AI Image:  25%|##5       | 1014/4000 [16:56<57:31,  1.16s/it, loss=0.0124]
Training Navine AI Image:  25%|##5       | 1015/4000 [16:57<48:24,  1.03it/s, loss=0.0124]
Training Navine AI Image:  25%|##5       | 1015/4000 [16:57<48:24,  1.03it/s, loss=0.0150]
Training Navine AI Image:  25%|##5       | 1016/4000 [16:58<42:27,  1.17it/s, loss=0.0150]
Training Navine AI Image:  25%|##5       | 1016/4000 [16:58<42:27,  1.17it/s, loss=0.0074]
Training Navine AI Image:  25%|##5       | 1017/4000 [16:58<38:16,  1.30it/s, loss=0.0074]
Training Navine AI Image:  25%|##5       | 1017/4000 [16:58<38:16,  1.30it/s, loss=0.0074]
Training Navine AI Image:  25%|##5       | 1018/4000 [16:59<35:27,  1.40it/s, loss=0.0074]
Training Navine AI Image:  25%|##5       | 1018/4000 [16:59<35:27,  1.40it/s, loss=0.0157]
Training Navine AI Image:  25%|##5       | 1019/4000 [16:59<33:25,  1.49it/s, loss=0.0157]
Training Navine AI Image:  25%|##5       | 1019/4000 [16:59<33:25,  1.49it/s, loss=0.0052]
Training Navine AI Image:  26%|##5       | 1020/4000 [17:00<32:30,  1.53it/s, loss=0.0052]
Training Navine AI Image:  26%|##5       | 1020/4000 [17:00<32:30,  1.53it/s, loss=0.0112]
Training Navine AI Image:  26%|##5       | 1021/4000 [17:00<30:39,  1.62it/s, loss=0.0112]
Training Navine AI Image:  26%|##5       | 1021/4000 [17:01<30:39,  1.62it/s, loss=0.1061]
Training Navine AI Image:  26%|##5       | 1022/4000 [17:01<30:24,  1.63it/s, loss=0.1061]
Training Navine AI Image:  26%|##5       | 1022/4000 [17:01<30:24,  1.63it/s, loss=0.0130]
Training Navine AI Image:  26%|##5       | 1023/4000 [17:02<29:13,  1.70it/s, loss=0.0130]
Training Navine AI Image:  26%|##5       | 1023/4000 [17:02<29:13,  1.70it/s, loss=0.0037]
Training Navine AI Image:  26%|##5       | 1024/4000 [17:02<29:31,  1.68it/s, loss=0.0037]
Training Navine AI Image:  26%|##5       | 1024/4000 [17:02<29:31,  1.68it/s, loss=0.0190]
Training Navine AI Image:  26%|##5       | 1025/4000 [17:03<28:58,  1.71it/s, loss=0.0190]
Training Navine AI Image:  26%|##5       | 1025/4000 [17:03<28:58,  1.71it/s, loss=0.0041]
Training Navine AI Image:  26%|##5       | 1026/4000 [17:03<29:02,  1.71it/s, loss=0.0041]
Training Navine AI Image:  26%|##5       | 1026/4000 [17:03<29:02,  1.71it/s, loss=0.0070]
Training Navine AI Image:  26%|##5       | 1027/4000 [17:04<29:10,  1.70it/s, loss=0.0070]
Training Navine AI Image:  26%|##5       | 1027/4000 [17:04<29:10,  1.70it/s, loss=0.0059]
Training Navine AI Image:  26%|##5       | 1028/4000 [17:04<28:07,  1.76it/s, loss=0.0059]
Training Navine AI Image:  26%|##5       | 1028/4000 [17:05<28:07,  1.76it/s, loss=0.0107]
Training Navine AI Image:  26%|##5       | 1029/4000 [17:05<28:27,  1.74it/s, loss=0.0107]
Training Navine AI Image:  26%|##5       | 1029/4000 [17:05<28:27,  1.74it/s, loss=0.0134]
Training Navine AI Image:  26%|##5       | 1030/4000 [17:06<28:24,  1.74it/s, loss=0.0134]
Training Navine AI Image:  26%|##5       | 1030/4000 [17:06<28:24,  1.74it/s, loss=0.0042]
Training Navine AI Image:  26%|##5       | 1031/4000 [17:06<28:56,  1.71it/s, loss=0.0042]
Training Navine AI Image:  26%|##5       | 1031/4000 [17:06<28:56,  1.71it/s, loss=0.0127]
Training Navine AI Image:  26%|##5       | 1032/4000 [17:07<28:48,  1.72it/s, loss=0.0127]
Training Navine AI Image:  26%|##5       | 1032/4000 [17:07<28:48,  1.72it/s, loss=0.0366]
Training Navine AI Image:  26%|##5       | 1033/4000 [17:07<29:16,  1.69it/s, loss=0.0366]
Training Navine AI Image:  26%|##5       | 1033/4000 [17:07<29:16,  1.69it/s, loss=0.0081]
Training Navine AI Image:  26%|##5       | 1034/4000 [17:08<28:54,  1.71it/s, loss=0.0081]
Training Navine AI Image:  26%|##5       | 1034/4000 [17:08<28:54,  1.71it/s, loss=0.0108]
Training Navine AI Image:  26%|##5       | 1035/4000 [17:09<28:03,  1.76it/s, loss=0.0108]
Training Navine AI Image:  26%|##5       | 1035/4000 [17:09<28:03,  1.76it/s, loss=0.0079]
Training Navine AI Image:  26%|##5       | 1036/4000 [17:09<28:11,  1.75it/s, loss=0.0079]
Training Navine AI Image:  26%|##5       | 1036/4000 [17:09<28:11,  1.75it/s, loss=0.0139]
Training Navine AI Image:  26%|##5       | 1037/4000 [17:10<28:53,  1.71it/s, loss=0.0139]
Training Navine AI Image:  26%|##5       | 1037/4000 [17:10<28:53,  1.71it/s, loss=0.0039]
Training Navine AI Image:  26%|##5       | 1038/4000 [17:10<28:15,  1.75it/s, loss=0.0039]
Training Navine AI Image:  26%|##5       | 1038/4000 [17:10<28:15,  1.75it/s, loss=0.0103]
Training Navine AI Image:  26%|##5       | 1039/4000 [17:11<27:53,  1.77it/s, loss=0.0103]
Training Navine AI Image:  26%|##5       | 1039/4000 [17:11<27:53,  1.77it/s, loss=0.0154]
Training Navine AI Image:  26%|##6       | 1040/4000 [17:12<30:46,  1.60it/s, loss=0.0154]
Training Navine AI Image:  26%|##6       | 1040/4000 [17:12<30:46,  1.60it/s, loss=0.0067]
Training Navine AI Image:  26%|##6       | 1041/4000 [17:12<30:54,  1.60it/s, loss=0.0067]
Training Navine AI Image:  26%|##6       | 1041/4000 [17:12<30:54,  1.60it/s, loss=0.0076]
Training Navine AI Image:  26%|##6       | 1042/4000 [17:13<29:13,  1.69it/s, loss=0.0076]
Training Navine AI Image:  26%|##6       | 1042/4000 [17:13<29:13,  1.69it/s, loss=0.0075]
Training Navine AI Image:  26%|##6       | 1043/4000 [17:13<28:43,  1.72it/s, loss=0.0075]
Training Navine AI Image:  26%|##6       | 1043/4000 [17:13<28:43,  1.72it/s, loss=0.0242]
Training Navine AI Image:  26%|##6       | 1044/4000 [17:14<29:36,  1.66it/s, loss=0.0242]
Training Navine AI Image:  26%|##6       | 1044/4000 [17:14<29:36,  1.66it/s, loss=0.0263]
Training Navine AI Image:  26%|##6       | 1045/4000 [17:14<28:20,  1.74it/s, loss=0.0263]
Training Navine AI Image:  26%|##6       | 1045/4000 [17:14<28:20,  1.74it/s, loss=0.0069]
Training Navine AI Image:  26%|##6       | 1046/4000 [17:15<28:22,  1.73it/s, loss=0.0069]
Training Navine AI Image:  26%|##6       | 1046/4000 [17:15<28:22,  1.73it/s, loss=0.0189]
Training Navine AI Image:  26%|##6       | 1047/4000 [17:16<28:20,  1.74it/s, loss=0.0189]
Training Navine AI Image:  26%|##6       | 1047/4000 [17:16<28:20,  1.74it/s, loss=0.0513]
Training Navine AI Image:  26%|##6       | 1048/4000 [17:16<28:20,  1.74it/s, loss=0.0513]
Training Navine AI Image:  26%|##6       | 1048/4000 [17:16<28:20,  1.74it/s, loss=0.0070]
Training Navine AI Image:  26%|##6       | 1049/4000 [17:17<28:17,  1.74it/s, loss=0.0070]
Training Navine AI Image:  26%|##6       | 1049/4000 [17:17<28:17,  1.74it/s, loss=0.0096]
Training Navine AI Image:  26%|##6       | 1050/4000 [17:17<28:34,  1.72it/s, loss=0.0096]
Training Navine AI Image:  26%|##6       | 1050/4000 [17:17<28:34,  1.72it/s, loss=0.0050]
Training Navine AI Image:  26%|##6       | 1051/4000 [17:18<28:29,  1.73it/s, loss=0.0050]
Training Navine AI Image:  26%|##6       | 1051/4000 [17:18<28:29,  1.73it/s, loss=0.0129]
Training Navine AI Image:  26%|##6       | 1052/4000 [17:18<28:11,  1.74it/s, loss=0.0129]
Training Navine AI Image:  26%|##6       | 1052/4000 [17:19<28:11,  1.74it/s, loss=0.0095]
Training Navine AI Image:  26%|##6       | 1053/4000 [17:19<28:48,  1.71it/s, loss=0.0095]
Training Navine AI Image:  26%|##6       | 1053/4000 [17:19<28:48,  1.71it/s, loss=0.0147]
Training Navine AI Image:  26%|##6       | 1054/4000 [17:20<27:50,  1.76it/s, loss=0.0147]
Training Navine AI Image:  26%|##6       | 1054/4000 [17:20<27:50,  1.76it/s, loss=0.0287]
Training Navine AI Image:  26%|##6       | 1055/4000 [17:20<28:28,  1.72it/s, loss=0.0287]
Training Navine AI Image:  26%|##6       | 1055/4000 [17:20<28:28,  1.72it/s, loss=0.0148]
Training Navine AI Image:  26%|##6       | 1056/4000 [17:21<27:51,  1.76it/s, loss=0.0148]
Training Navine AI Image:  26%|##6       | 1056/4000 [17:21<27:51,  1.76it/s, loss=0.0186]
Training Navine AI Image:  26%|##6       | 1057/4000 [17:21<27:42,  1.77it/s, loss=0.0186]
Training Navine AI Image:  26%|##6       | 1057/4000 [17:21<27:42,  1.77it/s, loss=0.0112]
Training Navine AI Image:  26%|##6       | 1058/4000 [17:22<28:47,  1.70it/s, loss=0.0112]
Training Navine AI Image:  26%|##6       | 1058/4000 [17:22<28:47,  1.70it/s, loss=0.0075]
Training Navine AI Image:  26%|##6       | 1059/4000 [17:23<28:07,  1.74it/s, loss=0.0075]
Training Navine AI Image:  26%|##6       | 1059/4000 [17:23<28:07,  1.74it/s, loss=0.0164]
Training Navine AI Image:  26%|##6       | 1060/4000 [17:23<28:02,  1.75it/s, loss=0.0164]
Training Navine AI Image:  26%|##6       | 1060/4000 [17:23<28:02,  1.75it/s, loss=0.0166]
Training Navine AI Image:  27%|##6       | 1061/4000 [17:24<27:53,  1.76it/s, loss=0.0166]
Training Navine AI Image:  27%|##6       | 1061/4000 [17:24<27:53,  1.76it/s, loss=0.0096]
Training Navine AI Image:  27%|##6       | 1062/4000 [17:24<28:32,  1.72it/s, loss=0.0096]
Training Navine AI Image:  27%|##6       | 1062/4000 [17:24<28:32,  1.72it/s, loss=0.0050]
Training Navine AI Image:  27%|##6       | 1063/4000 [17:25<27:39,  1.77it/s, loss=0.0050]
Training Navine AI Image:  27%|##6       | 1063/4000 [17:25<27:39,  1.77it/s, loss=0.0198]
Training Navine AI Image:  27%|##6       | 1064/4000 [17:25<27:41,  1.77it/s, loss=0.0198]
Training Navine AI Image:  27%|##6       | 1064/4000 [17:25<27:41,  1.77it/s, loss=0.0104]
Training Navine AI Image:  27%|##6       | 1065/4000 [17:26<28:29,  1.72it/s, loss=0.0104]
Training Navine AI Image:  27%|##6       | 1065/4000 [17:26<28:29,  1.72it/s, loss=0.0878]
Training Navine AI Image:  27%|##6       | 1066/4000 [17:27<28:28,  1.72it/s, loss=0.0878]
Training Navine AI Image:  27%|##6       | 1066/4000 [17:27<28:28,  1.72it/s, loss=0.0230]
Training Navine AI Image:  27%|##6       | 1067/4000 [17:27<27:46,  1.76it/s, loss=0.0230]
Training Navine AI Image:  27%|##6       | 1067/4000 [17:27<27:46,  1.76it/s, loss=0.0111]
Training Navine AI Image:  27%|##6       | 1068/4000 [17:28<27:55,  1.75it/s, loss=0.0111]
Training Navine AI Image:  27%|##6       | 1068/4000 [17:28<27:55,  1.75it/s, loss=0.0136]
Training Navine AI Image:  27%|##6       | 1069/4000 [17:28<27:47,  1.76it/s, loss=0.0136]
Training Navine AI Image:  27%|##6       | 1069/4000 [17:28<27:47,  1.76it/s, loss=0.0143]
Training Navine AI Image:  27%|##6       | 1070/4000 [17:29<27:59,  1.75it/s, loss=0.0143]
Training Navine AI Image:  27%|##6       | 1070/4000 [17:29<27:59,  1.75it/s, loss=0.0183]
Training Navine AI Image:  27%|##6       | 1071/4000 [17:29<27:11,  1.80it/s, loss=0.0183]
Training Navine AI Image:  27%|##6       | 1071/4000 [17:29<27:11,  1.80it/s, loss=0.0072]
Training Navine AI Image:  27%|##6       | 1072/4000 [17:30<27:23,  1.78it/s, loss=0.0072]
Training Navine AI Image:  27%|##6       | 1072/4000 [17:30<27:23,  1.78it/s, loss=0.0220]
Training Navine AI Image:  27%|##6       | 1073/4000 [17:30<27:39,  1.76it/s, loss=0.0220]
Training Navine AI Image:  27%|##6       | 1073/4000 [17:31<27:39,  1.76it/s, loss=0.0036]
Training Navine AI Image:  27%|##6       | 1074/4000 [17:31<27:36,  1.77it/s, loss=0.0036]
Training Navine AI Image:  27%|##6       | 1074/4000 [17:31<27:36,  1.77it/s, loss=0.0190]
Training Navine AI Image:  27%|##6       | 1075/4000 [17:32<28:08,  1.73it/s, loss=0.0190]
Training Navine AI Image:  27%|##6       | 1075/4000 [17:32<28:08,  1.73it/s, loss=0.0056]
Training Navine AI Image:  27%|##6       | 1076/4000 [17:32<30:14,  1.61it/s, loss=0.0056]
Training Navine AI Image:  27%|##6       | 1076/4000 [17:32<30:14,  1.61it/s, loss=0.0070]
Training Navine AI Image:  27%|##6       | 1077/4000 [17:33<29:28,  1.65it/s, loss=0.0070]
Training Navine AI Image:  27%|##6       | 1077/4000 [17:33<29:28,  1.65it/s, loss=0.0158]
Training Navine AI Image:  27%|##6       | 1078/4000 [17:34<29:32,  1.65it/s, loss=0.0158]
Training Navine AI Image:  27%|##6       | 1078/4000 [17:34<29:32,  1.65it/s, loss=0.0083]
Training Navine AI Image:  27%|##6       | 1079/4000 [17:34<28:30,  1.71it/s, loss=0.0083]
Training Navine AI Image:  27%|##6       | 1079/4000 [17:34<28:30,  1.71it/s, loss=0.0068]
Training Navine AI Image:  27%|##7       | 1080/4000 [17:35<28:28,  1.71it/s, loss=0.0068]
Training Navine AI Image:  27%|##7       | 1080/4000 [17:35<28:28,  1.71it/s, loss=0.0257]
Training Navine AI Image:  27%|##7       | 1081/4000 [17:35<28:57,  1.68it/s, loss=0.0257]
Training Navine AI Image:  27%|##7       | 1081/4000 [17:35<28:57,  1.68it/s, loss=0.0148]
Training Navine AI Image:  27%|##7       | 1082/4000 [17:36<28:07,  1.73it/s, loss=0.0148]
Training Navine AI Image:  27%|##7       | 1082/4000 [17:36<28:07,  1.73it/s, loss=0.0128]
Training Navine AI Image:  27%|##7       | 1083/4000 [17:36<28:07,  1.73it/s, loss=0.0128]
Training Navine AI Image:  27%|##7       | 1083/4000 [17:36<28:07,  1.73it/s, loss=0.0327]
Training Navine AI Image:  27%|##7       | 1084/4000 [17:37<28:56,  1.68it/s, loss=0.0327]
Training Navine AI Image:  27%|##7       | 1084/4000 [17:37<28:56,  1.68it/s, loss=0.0461]
Training Navine AI Image:  27%|##7       | 1085/4000 [17:38<27:46,  1.75it/s, loss=0.0461]
Training Navine AI Image:  27%|##7       | 1085/4000 [17:38<27:46,  1.75it/s, loss=0.0414]
Training Navine AI Image:  27%|##7       | 1086/4000 [17:38<27:39,  1.76it/s, loss=0.0414]
Training Navine AI Image:  27%|##7       | 1086/4000 [17:38<27:39,  1.76it/s, loss=0.0120]
Training Navine AI Image:  27%|##7       | 1087/4000 [17:39<27:55,  1.74it/s, loss=0.0120]
Training Navine AI Image:  27%|##7       | 1087/4000 [17:39<27:55,  1.74it/s, loss=0.0524]
Training Navine AI Image:  27%|##7       | 1088/4000 [17:39<28:15,  1.72it/s, loss=0.0524]
Training Navine AI Image:  27%|##7       | 1088/4000 [17:39<28:15,  1.72it/s, loss=0.0053]
Training Navine AI Image:  27%|##7       | 1089/4000 [17:40<27:31,  1.76it/s, loss=0.0053]
Training Navine AI Image:  27%|##7       | 1089/4000 [17:40<27:31,  1.76it/s, loss=0.0093]
Training Navine AI Image:  27%|##7       | 1090/4000 [17:40<27:59,  1.73it/s, loss=0.0093]
Training Navine AI Image:  27%|##7       | 1090/4000 [17:40<27:59,  1.73it/s, loss=0.0655]
Training Navine AI Image:  27%|##7       | 1091/4000 [17:41<28:01,  1.73it/s, loss=0.0655]
Training Navine AI Image:  27%|##7       | 1091/4000 [17:41<28:01,  1.73it/s, loss=0.0095]
Training Navine AI Image:  27%|##7       | 1092/4000 [17:42<27:32,  1.76it/s, loss=0.0095]
Training Navine AI Image:  27%|##7       | 1092/4000 [17:42<27:32,  1.76it/s, loss=0.0159]
Training Navine AI Image:  27%|##7       | 1093/4000 [17:42<27:27,  1.76it/s, loss=0.0159]
Training Navine AI Image:  27%|##7       | 1093/4000 [17:42<27:27,  1.76it/s, loss=0.0105]
Training Navine AI Image:  27%|##7       | 1094/4000 [17:43<29:17,  1.65it/s, loss=0.0105]
Training Navine AI Image:  27%|##7       | 1094/4000 [17:43<29:17,  1.65it/s, loss=0.0056]
Training Navine AI Image:  27%|##7       | 1095/4000 [17:43<28:04,  1.72it/s, loss=0.0056]
Training Navine AI Image:  27%|##7       | 1095/4000 [17:43<28:04,  1.72it/s, loss=0.0144]
Training Navine AI Image:  27%|##7       | 1096/4000 [17:44<27:51,  1.74it/s, loss=0.0144]
Training Navine AI Image:  27%|##7       | 1096/4000 [17:44<27:51,  1.74it/s, loss=0.0051]
Training Navine AI Image:  27%|##7       | 1097/4000 [17:45<28:22,  1.70it/s, loss=0.0051]
Training Navine AI Image:  27%|##7       | 1097/4000 [17:45<28:22,  1.70it/s, loss=0.0976]
Training Navine AI Image:  27%|##7       | 1098/4000 [17:45<27:36,  1.75it/s, loss=0.0976]
Training Navine AI Image:  27%|##7       | 1098/4000 [17:45<27:36,  1.75it/s, loss=0.0144]
Training Navine AI Image:  27%|##7       | 1099/4000 [17:46<28:17,  1.71it/s, loss=0.0144]
Training Navine AI Image:  27%|##7       | 1099/4000 [17:46<28:17,  1.71it/s, loss=0.0149]
Training Navine AI Image:  28%|##7       | 1100/4000 [17:46<28:42,  1.68it/s, loss=0.0149]
Training Navine AI Image:  28%|##7       | 1100/4000 [17:46<28:42,  1.68it/s, loss=0.0041]
Training Navine AI Image:  28%|##7       | 1101/4000 [17:47<27:39,  1.75it/s, loss=0.0041]
Training Navine AI Image:  28%|##7       | 1101/4000 [17:47<27:39,  1.75it/s, loss=0.0275]
Training Navine AI Image:  28%|##7       | 1102/4000 [17:47<27:52,  1.73it/s, loss=0.0275]
Training Navine AI Image:  28%|##7       | 1102/4000 [17:47<27:52,  1.73it/s, loss=0.0215]
Training Navine AI Image:  28%|##7       | 1103/4000 [17:48<27:39,  1.75it/s, loss=0.0215]
Training Navine AI Image:  28%|##7       | 1103/4000 [17:48<27:39,  1.75it/s, loss=0.0101]
Training Navine AI Image:  28%|##7       | 1104/4000 [17:49<28:07,  1.72it/s, loss=0.0101]
Training Navine AI Image:  28%|##7       | 1104/4000 [17:49<28:07,  1.72it/s, loss=0.0072]
Training Navine AI Image:  28%|##7       | 1105/4000 [17:49<27:12,  1.77it/s, loss=0.0072]
Training Navine AI Image:  28%|##7       | 1105/4000 [17:49<27:12,  1.77it/s, loss=0.0142]
Training Navine AI Image:  28%|##7       | 1106/4000 [17:50<27:15,  1.77it/s, loss=0.0142]
Training Navine AI Image:  28%|##7       | 1106/4000 [17:50<27:15,  1.77it/s, loss=0.0072]
Training Navine AI Image:  28%|##7       | 1107/4000 [17:50<27:14,  1.77it/s, loss=0.0072]
Training Navine AI Image:  28%|##7       | 1107/4000 [17:50<27:14,  1.77it/s, loss=0.0198]
Training Navine AI Image:  28%|##7       | 1108/4000 [17:51<28:59,  1.66it/s, loss=0.0198]
Training Navine AI Image:  28%|##7       | 1108/4000 [17:51<28:59,  1.66it/s, loss=0.0076]
Training Navine AI Image:  28%|##7       | 1109/4000 [17:51<27:50,  1.73it/s, loss=0.0076]
Training Navine AI Image:  28%|##7       | 1109/4000 [17:51<27:50,  1.73it/s, loss=0.0077]
Training Navine AI Image:  28%|##7       | 1110/4000 [17:52<28:06,  1.71it/s, loss=0.0077]
Training Navine AI Image:  28%|##7       | 1110/4000 [17:52<28:06,  1.71it/s, loss=0.0118]
Training Navine AI Image:  28%|##7       | 1111/4000 [17:53<27:46,  1.73it/s, loss=0.0118]
Training Navine AI Image:  28%|##7       | 1111/4000 [17:53<27:46,  1.73it/s, loss=0.0060]
Training Navine AI Image:  28%|##7       | 1112/4000 [17:53<28:06,  1.71it/s, loss=0.0060]
Training Navine AI Image:  28%|##7       | 1112/4000 [17:53<28:06,  1.71it/s, loss=0.0128]
Training Navine AI Image:  28%|##7       | 1113/4000 [17:54<27:57,  1.72it/s, loss=0.0128]
Training Navine AI Image:  28%|##7       | 1113/4000 [17:54<27:57,  1.72it/s, loss=0.0434]
Training Navine AI Image:  28%|##7       | 1114/4000 [17:54<28:28,  1.69it/s, loss=0.0434]
Training Navine AI Image:  28%|##7       | 1114/4000 [17:54<28:28,  1.69it/s, loss=0.0107]
Training Navine AI Image:  28%|##7       | 1115/4000 [17:55<27:22,  1.76it/s, loss=0.0107]
Training Navine AI Image:  28%|##7       | 1115/4000 [17:55<27:22,  1.76it/s, loss=0.0148]
Training Navine AI Image:  28%|##7       | 1116/4000 [17:55<27:17,  1.76it/s, loss=0.0148]
Training Navine AI Image:  28%|##7       | 1116/4000 [17:56<27:17,  1.76it/s, loss=0.0059]
Training Navine AI Image:  28%|##7       | 1117/4000 [17:56<27:12,  1.77it/s, loss=0.0059]
Training Navine AI Image:  28%|##7       | 1117/4000 [17:56<27:12,  1.77it/s, loss=0.0050]
Training Navine AI Image:  28%|##7       | 1118/4000 [17:57<27:46,  1.73it/s, loss=0.0050]
Training Navine AI Image:  28%|##7       | 1118/4000 [17:57<27:46,  1.73it/s, loss=0.0073]
Training Navine AI Image:  28%|##7       | 1119/4000 [17:57<28:00,  1.71it/s, loss=0.0073]
Training Navine AI Image:  28%|##7       | 1119/4000 [17:57<28:00,  1.71it/s, loss=0.0030]
Training Navine AI Image:  28%|##8       | 1120/4000 [17:58<27:07,  1.77it/s, loss=0.0030]
Training Navine AI Image:  28%|##8       | 1120/4000 [17:58<27:07,  1.77it/s, loss=0.1028]
Training Navine AI Image:  28%|##8       | 1121/4000 [17:58<26:53,  1.78it/s, loss=0.1028]
Training Navine AI Image:  28%|##8       | 1121/4000 [17:58<26:53,  1.78it/s, loss=0.0127]
Training Navine AI Image:  28%|##8       | 1122/4000 [17:59<27:19,  1.75it/s, loss=0.0127]
Training Navine AI Image:  28%|##8       | 1122/4000 [17:59<27:19,  1.75it/s, loss=0.0173]
Training Navine AI Image:  28%|##8       | 1123/4000 [17:59<27:47,  1.73it/s, loss=0.0173]
Training Navine AI Image:  28%|##8       | 1123/4000 [18:00<27:47,  1.73it/s, loss=0.0052]
Training Navine AI Image:  28%|##8       | 1124/4000 [18:00<28:24,  1.69it/s, loss=0.0052]
Training Navine AI Image:  28%|##8       | 1124/4000 [18:00<28:24,  1.69it/s, loss=0.0140]
Training Navine AI Image:  28%|##8       | 1125/4000 [18:01<27:49,  1.72it/s, loss=0.0140]
Training Navine AI Image:  28%|##8       | 1125/4000 [18:01<27:49,  1.72it/s, loss=0.0289]
Training Navine AI Image:  28%|##8       | 1126/4000 [18:01<26:59,  1.77it/s, loss=0.0289]
Training Navine AI Image:  28%|##8       | 1126/4000 [18:01<26:59,  1.77it/s, loss=0.0241]
Training Navine AI Image:  28%|##8       | 1127/4000 [18:02<26:52,  1.78it/s, loss=0.0241]
Training Navine AI Image:  28%|##8       | 1127/4000 [18:02<26:52,  1.78it/s, loss=0.0050]
Training Navine AI Image:  28%|##8       | 1128/4000 [18:02<27:59,  1.71it/s, loss=0.0050]
Training Navine AI Image:  28%|##8       | 1128/4000 [18:02<27:59,  1.71it/s, loss=0.0196]
Training Navine AI Image:  28%|##8       | 1129/4000 [18:03<27:46,  1.72it/s, loss=0.0196]
Training Navine AI Image:  28%|##8       | 1129/4000 [18:03<27:46,  1.72it/s, loss=0.0206]
Training Navine AI Image:  28%|##8       | 1130/4000 [18:04<27:18,  1.75it/s, loss=0.0206]
Training Navine AI Image:  28%|##8       | 1130/4000 [18:04<27:18,  1.75it/s, loss=0.0073]
Training Navine AI Image:  28%|##8       | 1131/4000 [18:04<27:51,  1.72it/s, loss=0.0073]
Training Navine AI Image:  28%|##8       | 1131/4000 [18:04<27:51,  1.72it/s, loss=0.0032]
Training Navine AI Image:  28%|##8       | 1132/4000 [18:05<27:19,  1.75it/s, loss=0.0032]
Training Navine AI Image:  28%|##8       | 1132/4000 [18:05<27:19,  1.75it/s, loss=0.0809]
Training Navine AI Image:  28%|##8       | 1133/4000 [18:05<26:27,  1.81it/s, loss=0.0809]
Training Navine AI Image:  28%|##8       | 1133/4000 [18:05<26:27,  1.81it/s, loss=0.0153]
Training Navine AI Image:  28%|##8       | 1134/4000 [18:06<26:32,  1.80it/s, loss=0.0153]
Training Navine AI Image:  28%|##8       | 1134/4000 [18:06<26:32,  1.80it/s, loss=0.0143]
Training Navine AI Image:  28%|##8       | 1135/4000 [18:06<26:44,  1.79it/s, loss=0.0143]
Training Navine AI Image:  28%|##8       | 1135/4000 [18:06<26:44,  1.79it/s, loss=0.0265]
Training Navine AI Image:  28%|##8       | 1136/4000 [18:07<27:01,  1.77it/s, loss=0.0265]
Training Navine AI Image:  28%|##8       | 1136/4000 [18:07<27:01,  1.77it/s, loss=0.0039]
Training Navine AI Image:  28%|##8       | 1137/4000 [18:07<26:43,  1.79it/s, loss=0.0039]
Training Navine AI Image:  28%|##8       | 1137/4000 [18:07<26:43,  1.79it/s, loss=0.0082]
Training Navine AI Image:  28%|##8       | 1138/4000 [18:08<27:30,  1.73it/s, loss=0.0082]
Training Navine AI Image:  28%|##8       | 1138/4000 [18:08<27:30,  1.73it/s, loss=0.0066]
Training Navine AI Image:  28%|##8       | 1139/4000 [18:09<26:40,  1.79it/s, loss=0.0066]
Training Navine AI Image:  28%|##8       | 1139/4000 [18:09<26:40,  1.79it/s, loss=0.0062]
Training Navine AI Image:  28%|##8       | 1140/4000 [18:09<26:51,  1.77it/s, loss=0.0062]
Training Navine AI Image:  28%|##8       | 1140/4000 [18:09<26:51,  1.77it/s, loss=0.0518]
Training Navine AI Image:  29%|##8       | 1141/4000 [18:10<27:32,  1.73it/s, loss=0.0518]
Training Navine AI Image:  29%|##8       | 1141/4000 [18:10<27:32,  1.73it/s, loss=0.0040]
Training Navine AI Image:  29%|##8       | 1142/4000 [18:10<26:48,  1.78it/s, loss=0.0040]
Training Navine AI Image:  29%|##8       | 1142/4000 [18:10<26:48,  1.78it/s, loss=0.0339]
Training Navine AI Image:  29%|##8       | 1143/4000 [18:11<26:43,  1.78it/s, loss=0.0339]
Training Navine AI Image:  29%|##8       | 1143/4000 [18:11<26:43,  1.78it/s, loss=0.0080]
Training Navine AI Image:  29%|##8       | 1144/4000 [18:11<26:50,  1.77it/s, loss=0.0080]
Training Navine AI Image:  29%|##8       | 1144/4000 [18:11<26:50,  1.77it/s, loss=0.0077]
Training Navine AI Image:  29%|##8       | 1145/4000 [18:12<27:28,  1.73it/s, loss=0.0077]
Training Navine AI Image:  29%|##8       | 1145/4000 [18:12<27:28,  1.73it/s, loss=0.0513]
Training Navine AI Image:  29%|##8       | 1146/4000 [18:13<27:17,  1.74it/s, loss=0.0513]
Training Navine AI Image:  29%|##8       | 1146/4000 [18:13<27:17,  1.74it/s, loss=0.0647]
Training Navine AI Image:  29%|##8       | 1147/4000 [18:13<26:42,  1.78it/s, loss=0.0647]
Training Navine AI Image:  29%|##8       | 1147/4000 [18:13<26:42,  1.78it/s, loss=0.0168]
Training Navine AI Image:  29%|##8       | 1148/4000 [18:14<26:59,  1.76it/s, loss=0.0168]
Training Navine AI Image:  29%|##8       | 1148/4000 [18:14<26:59,  1.76it/s, loss=0.0104]
Training Navine AI Image:  29%|##8       | 1149/4000 [18:14<27:45,  1.71it/s, loss=0.0104]
Training Navine AI Image:  29%|##8       | 1149/4000 [18:14<27:45,  1.71it/s, loss=0.0065]
Training Navine AI Image:  29%|##8       | 1150/4000 [18:15<26:57,  1.76it/s, loss=0.0065]
Training Navine AI Image:  29%|##8       | 1150/4000 [18:15<26:57,  1.76it/s, loss=0.0135]
Training Navine AI Image:  29%|##8       | 1151/4000 [18:15<26:48,  1.77it/s, loss=0.0135]
Training Navine AI Image:  29%|##8       | 1151/4000 [18:15<26:48,  1.77it/s, loss=0.0185]
Training Navine AI Image:  29%|##8       | 1152/4000 [18:16<26:50,  1.77it/s, loss=0.0185]
Training Navine AI Image:  29%|##8       | 1152/4000 [18:16<26:50,  1.77it/s, loss=0.0279]
Training Navine AI Image:  29%|##8       | 1153/4000 [18:17<27:06,  1.75it/s, loss=0.0279]
Training Navine AI Image:  29%|##8       | 1153/4000 [18:17<27:06,  1.75it/s, loss=0.0499]
Training Navine AI Image:  29%|##8       | 1154/4000 [18:17<27:08,  1.75it/s, loss=0.0499]
Training Navine AI Image:  29%|##8       | 1154/4000 [18:17<27:08,  1.75it/s, loss=0.0326]
Training Navine AI Image:  29%|##8       | 1155/4000 [18:18<27:09,  1.75it/s, loss=0.0326]
Training Navine AI Image:  29%|##8       | 1155/4000 [18:18<27:09,  1.75it/s, loss=0.0048]
Training Navine AI Image:  29%|##8       | 1156/4000 [18:18<27:21,  1.73it/s, loss=0.0048]
Training Navine AI Image:  29%|##8       | 1156/4000 [18:18<27:21,  1.73it/s, loss=0.0077]
Training Navine AI Image:  29%|##8       | 1157/4000 [18:19<27:08,  1.75it/s, loss=0.0077]
Training Navine AI Image:  29%|##8       | 1157/4000 [18:19<27:08,  1.75it/s, loss=0.0096]
Training Navine AI Image:  29%|##8       | 1158/4000 [18:19<26:54,  1.76it/s, loss=0.0096]
Training Navine AI Image:  29%|##8       | 1158/4000 [18:19<26:54,  1.76it/s, loss=0.0104]
Training Navine AI Image:  29%|##8       | 1159/4000 [18:20<27:00,  1.75it/s, loss=0.0104]
Training Navine AI Image:  29%|##8       | 1159/4000 [18:20<27:00,  1.75it/s, loss=0.0137]
Training Navine AI Image:  29%|##9       | 1160/4000 [18:21<27:52,  1.70it/s, loss=0.0137]
Training Navine AI Image:  29%|##9       | 1160/4000 [18:21<27:52,  1.70it/s, loss=0.0108]
Training Navine AI Image:  29%|##9       | 1161/4000 [18:21<26:47,  1.77it/s, loss=0.0108]
Training Navine AI Image:  29%|##9       | 1161/4000 [18:21<26:47,  1.77it/s, loss=0.0073]
Training Navine AI Image:  29%|##9       | 1162/4000 [18:22<26:45,  1.77it/s, loss=0.0073]
Training Navine AI Image:  29%|##9       | 1162/4000 [18:22<26:45,  1.77it/s, loss=0.0088]
Training Navine AI Image:  29%|##9       | 1163/4000 [18:22<27:02,  1.75it/s, loss=0.0088]
Training Navine AI Image:  29%|##9       | 1163/4000 [18:22<27:02,  1.75it/s, loss=0.0056]
Training Navine AI Image:  29%|##9       | 1164/4000 [18:23<27:35,  1.71it/s, loss=0.0056]
Training Navine AI Image:  29%|##9       | 1164/4000 [18:23<27:35,  1.71it/s, loss=0.0041]
Training Navine AI Image:  29%|##9       | 1165/4000 [18:23<26:52,  1.76it/s, loss=0.0041]
Training Navine AI Image:  29%|##9       | 1165/4000 [18:23<26:52,  1.76it/s, loss=0.0135]
Training Navine AI Image:  29%|##9       | 1166/4000 [18:24<27:08,  1.74it/s, loss=0.0135]
Training Navine AI Image:  29%|##9       | 1166/4000 [18:24<27:08,  1.74it/s, loss=0.0070]
Training Navine AI Image:  29%|##9       | 1167/4000 [18:25<27:30,  1.72it/s, loss=0.0070]
Training Navine AI Image:  29%|##9       | 1167/4000 [18:25<27:30,  1.72it/s, loss=0.0427]
Training Navine AI Image:  29%|##9       | 1168/4000 [18:25<26:36,  1.77it/s, loss=0.0427]
Training Navine AI Image:  29%|##9       | 1168/4000 [18:25<26:36,  1.77it/s, loss=0.0135]
Training Navine AI Image:  29%|##9       | 1169/4000 [18:26<26:59,  1.75it/s, loss=0.0135]
Training Navine AI Image:  29%|##9       | 1169/4000 [18:26<26:59,  1.75it/s, loss=0.0054]
Training Navine AI Image:  29%|##9       | 1170/4000 [18:27<31:49,  1.48it/s, loss=0.0054]
Training Navine AI Image:  29%|##9       | 1170/4000 [18:27<31:49,  1.48it/s, loss=0.0043]
Training Navine AI Image:  29%|##9       | 1171/4000 [18:27<30:52,  1.53it/s, loss=0.0043]
Training Navine AI Image:  29%|##9       | 1171/4000 [18:27<30:52,  1.53it/s, loss=0.0038]
Training Navine AI Image:  29%|##9       | 1172/4000 [18:28<28:39,  1.64it/s, loss=0.0038]
Training Navine AI Image:  29%|##9       | 1172/4000 [18:28<28:39,  1.64it/s, loss=0.0063]
Training Navine AI Image:  29%|##9       | 1173/4000 [18:28<28:11,  1.67it/s, loss=0.0063]
Training Navine AI Image:  29%|##9       | 1173/4000 [18:28<28:11,  1.67it/s, loss=0.0052]
Training Navine AI Image:  29%|##9       | 1174/4000 [18:29<27:53,  1.69it/s, loss=0.0052]
Training Navine AI Image:  29%|##9       | 1174/4000 [18:29<27:53,  1.69it/s, loss=0.0309]
Training Navine AI Image:  29%|##9       | 1175/4000 [18:29<27:36,  1.71it/s, loss=0.0309]
Training Navine AI Image:  29%|##9       | 1175/4000 [18:30<27:36,  1.71it/s, loss=0.0069]
Training Navine AI Image:  29%|##9       | 1176/4000 [18:30<27:12,  1.73it/s, loss=0.0069]
Training Navine AI Image:  29%|##9       | 1176/4000 [18:30<27:12,  1.73it/s, loss=0.0434]
Training Navine AI Image:  29%|##9       | 1177/4000 [18:31<26:59,  1.74it/s, loss=0.0434]
Training Navine AI Image:  29%|##9       | 1177/4000 [18:31<26:59,  1.74it/s, loss=0.0099]
Training Navine AI Image:  29%|##9       | 1178/4000 [18:31<27:00,  1.74it/s, loss=0.0099]
Training Navine AI Image:  29%|##9       | 1178/4000 [18:31<27:00,  1.74it/s, loss=0.0715]
Training Navine AI Image:  29%|##9       | 1179/4000 [18:32<27:04,  1.74it/s, loss=0.0715]
Training Navine AI Image:  29%|##9       | 1179/4000 [18:32<27:04,  1.74it/s, loss=0.0064]
Training Navine AI Image:  30%|##9       | 1180/4000 [18:32<27:02,  1.74it/s, loss=0.0064]
Training Navine AI Image:  30%|##9       | 1180/4000 [18:32<27:02,  1.74it/s, loss=0.0424]
Training Navine AI Image:  30%|##9       | 1181/4000 [18:33<26:51,  1.75it/s, loss=0.0424]
Training Navine AI Image:  30%|##9       | 1181/4000 [18:33<26:51,  1.75it/s, loss=0.0039]
Training Navine AI Image:  30%|##9       | 1182/4000 [18:33<26:44,  1.76it/s, loss=0.0039]
Training Navine AI Image:  30%|##9       | 1182/4000 [18:34<26:44,  1.76it/s, loss=0.0751]
Training Navine AI Image:  30%|##9       | 1183/4000 [18:34<26:46,  1.75it/s, loss=0.0751]
Training Navine AI Image:  30%|##9       | 1183/4000 [18:34<26:46,  1.75it/s, loss=0.0141]
Training Navine AI Image:  30%|##9       | 1184/4000 [18:35<27:06,  1.73it/s, loss=0.0141]
Training Navine AI Image:  30%|##9       | 1184/4000 [18:35<27:06,  1.73it/s, loss=0.0157]
Training Navine AI Image:  30%|##9       | 1185/4000 [18:35<26:30,  1.77it/s, loss=0.0157]
Training Navine AI Image:  30%|##9       | 1185/4000 [18:35<26:30,  1.77it/s, loss=0.0503]
Training Navine AI Image:  30%|##9       | 1186/4000 [18:36<26:32,  1.77it/s, loss=0.0503]
Training Navine AI Image:  30%|##9       | 1186/4000 [18:36<26:32,  1.77it/s, loss=0.0107]
Training Navine AI Image:  30%|##9       | 1187/4000 [18:36<27:08,  1.73it/s, loss=0.0107]
Training Navine AI Image:  30%|##9       | 1187/4000 [18:36<27:08,  1.73it/s, loss=0.0135]
Training Navine AI Image:  30%|##9       | 1188/4000 [18:37<26:35,  1.76it/s, loss=0.0135]
Training Navine AI Image:  30%|##9       | 1188/4000 [18:37<26:35,  1.76it/s, loss=0.0081]
Training Navine AI Image:  30%|##9       | 1189/4000 [18:37<26:22,  1.78it/s, loss=0.0081]
Training Navine AI Image:  30%|##9       | 1189/4000 [18:37<26:22,  1.78it/s, loss=0.0069]
Training Navine AI Image:  30%|##9       | 1190/4000 [18:38<26:45,  1.75it/s, loss=0.0069]
Training Navine AI Image:  30%|##9       | 1190/4000 [18:38<26:45,  1.75it/s, loss=0.0098]
Training Navine AI Image:  30%|##9       | 1191/4000 [18:39<27:42,  1.69it/s, loss=0.0098]
Training Navine AI Image:  30%|##9       | 1191/4000 [18:39<27:42,  1.69it/s, loss=0.0085]
Training Navine AI Image:  30%|##9       | 1192/4000 [18:39<26:45,  1.75it/s, loss=0.0085]
Training Navine AI Image:  30%|##9       | 1192/4000 [18:39<26:45,  1.75it/s, loss=0.0304]
Training Navine AI Image:  30%|##9       | 1193/4000 [18:40<26:43,  1.75it/s, loss=0.0304]
Training Navine AI Image:  30%|##9       | 1193/4000 [18:40<26:43,  1.75it/s, loss=0.0086]
Training Navine AI Image:  30%|##9       | 1194/4000 [18:40<26:46,  1.75it/s, loss=0.0086]
Training Navine AI Image:  30%|##9       | 1194/4000 [18:40<26:46,  1.75it/s, loss=0.0142]
Training Navine AI Image:  30%|##9       | 1195/4000 [18:41<26:37,  1.76it/s, loss=0.0142]
Training Navine AI Image:  30%|##9       | 1195/4000 [18:41<26:37,  1.76it/s, loss=0.0256]
Training Navine AI Image:  30%|##9       | 1196/4000 [18:41<26:38,  1.75it/s, loss=0.0256]
Training Navine AI Image:  30%|##9       | 1196/4000 [18:42<26:38,  1.75it/s, loss=0.0073]
Training Navine AI Image:  30%|##9       | 1197/4000 [18:42<26:41,  1.75it/s, loss=0.0073]
Training Navine AI Image:  30%|##9       | 1197/4000 [18:42<26:41,  1.75it/s, loss=0.0060]
Training Navine AI Image:  30%|##9       | 1198/4000 [18:43<26:56,  1.73it/s, loss=0.0060]
Training Navine AI Image:  30%|##9       | 1198/4000 [18:43<26:56,  1.73it/s, loss=0.0053]
Training Navine AI Image:  30%|##9       | 1199/4000 [18:43<27:00,  1.73it/s, loss=0.0053]
Training Navine AI Image:  30%|##9       | 1199/4000 [18:43<27:00,  1.73it/s, loss=0.0098]
Training Navine AI Image:  30%|###       | 1200/4000 [18:44<27:05,  1.72it/s, loss=0.0098]
Training Navine AI Image:  30%|###       | 1200/4000 [18:44<27:05,  1.72it/s, loss=0.0053]
Training Navine AI Image:  30%|###       | 1201/4000 [18:44<27:05,  1.72it/s, loss=0.0053]
Training Navine AI Image:  30%|###       | 1201/4000 [18:44<27:05,  1.72it/s, loss=0.0104]
Training Navine AI Image:  30%|###       | 1202/4000 [18:45<27:01,  1.73it/s, loss=0.0104]
Training Navine AI Image:  30%|###       | 1202/4000 [18:45<27:01,  1.73it/s, loss=0.0160]
Training Navine AI Image:  30%|###       | 1203/4000 [18:46<26:41,  1.75it/s, loss=0.0160]
Training Navine AI Image:  30%|###       | 1203/4000 [18:46<26:41,  1.75it/s, loss=0.0176]
Training Navine AI Image:  30%|###       | 1204/4000 [18:46<26:59,  1.73it/s, loss=0.0176]
Training Navine AI Image:  30%|###       | 1204/4000 [18:46<26:59,  1.73it/s, loss=0.0115]
Training Navine AI Image:  30%|###       | 1205/4000 [18:47<27:29,  1.69it/s, loss=0.0115]
Training Navine AI Image:  30%|###       | 1205/4000 [18:47<27:29,  1.69it/s, loss=0.0099]
Training Navine AI Image:  30%|###       | 1206/4000 [18:47<26:29,  1.76it/s, loss=0.0099]
Training Navine AI Image:  30%|###       | 1206/4000 [18:47<26:29,  1.76it/s, loss=0.0126]
Training Navine AI Image:  30%|###       | 1207/4000 [18:48<26:20,  1.77it/s, loss=0.0126]
Training Navine AI Image:  30%|###       | 1207/4000 [18:48<26:20,  1.77it/s, loss=0.0298]
Training Navine AI Image:  30%|###       | 1208/4000 [18:48<27:20,  1.70it/s, loss=0.0298]
Training Navine AI Image:  30%|###       | 1208/4000 [18:48<27:20,  1.70it/s, loss=0.0226]
Training Navine AI Image:  30%|###       | 1209/4000 [18:49<26:36,  1.75it/s, loss=0.0226]
Training Navine AI Image:  30%|###       | 1209/4000 [18:49<26:36,  1.75it/s, loss=0.0073]
Training Navine AI Image:  30%|###       | 1210/4000 [18:50<26:50,  1.73it/s, loss=0.0073]
Training Navine AI Image:  30%|###       | 1210/4000 [18:50<26:50,  1.73it/s, loss=0.0082]
Training Navine AI Image:  30%|###       | 1211/4000 [18:50<27:29,  1.69it/s, loss=0.0082]
Training Navine AI Image:  30%|###       | 1211/4000 [18:50<27:29,  1.69it/s, loss=0.0344]
Training Navine AI Image:  30%|###       | 1212/4000 [18:51<27:10,  1.71it/s, loss=0.0344]
Training Navine AI Image:  30%|###       | 1212/4000 [18:51<27:10,  1.71it/s, loss=0.0067]
Training Navine AI Image:  30%|###       | 1213/4000 [18:51<26:35,  1.75it/s, loss=0.0067]
Training Navine AI Image:  30%|###       | 1213/4000 [18:51<26:35,  1.75it/s, loss=0.0163]
Training Navine AI Image:  30%|###       | 1214/4000 [18:52<26:22,  1.76it/s, loss=0.0163]
Training Navine AI Image:  30%|###       | 1214/4000 [18:52<26:22,  1.76it/s, loss=0.0155]
Training Navine AI Image:  30%|###       | 1215/4000 [18:52<27:00,  1.72it/s, loss=0.0155]
Training Navine AI Image:  30%|###       | 1215/4000 [18:52<27:00,  1.72it/s, loss=0.0150]
Training Navine AI Image:  30%|###       | 1216/4000 [18:53<26:14,  1.77it/s, loss=0.0150]
Training Navine AI Image:  30%|###       | 1216/4000 [18:53<26:14,  1.77it/s, loss=0.0086]
Training Navine AI Image:  30%|###       | 1217/4000 [18:54<26:18,  1.76it/s, loss=0.0086]
Training Navine AI Image:  30%|###       | 1217/4000 [18:54<26:18,  1.76it/s, loss=0.0166]
Training Navine AI Image:  30%|###       | 1218/4000 [18:54<27:02,  1.71it/s, loss=0.0166]
Training Navine AI Image:  30%|###       | 1218/4000 [18:54<27:02,  1.71it/s, loss=0.0117]
Training Navine AI Image:  30%|###       | 1219/4000 [18:55<26:52,  1.72it/s, loss=0.0117]
Training Navine AI Image:  30%|###       | 1219/4000 [18:55<26:52,  1.72it/s, loss=0.0050]
Training Navine AI Image:  30%|###       | 1220/4000 [18:55<26:00,  1.78it/s, loss=0.0050]
Training Navine AI Image:  30%|###       | 1220/4000 [18:55<26:00,  1.78it/s, loss=0.0113]
Training Navine AI Image:  31%|###       | 1221/4000 [18:56<25:59,  1.78it/s, loss=0.0113]
Training Navine AI Image:  31%|###       | 1221/4000 [18:56<25:59,  1.78it/s, loss=0.0080]
Training Navine AI Image:  31%|###       | 1222/4000 [18:56<26:52,  1.72it/s, loss=0.0080]
Training Navine AI Image:  31%|###       | 1222/4000 [18:56<26:52,  1.72it/s, loss=0.0139]
Training Navine AI Image:  31%|###       | 1223/4000 [18:57<26:51,  1.72it/s, loss=0.0139]
Training Navine AI Image:  31%|###       | 1223/4000 [18:57<26:51,  1.72it/s, loss=0.0050]
Training Navine AI Image:  31%|###       | 1224/4000 [18:58<25:45,  1.80it/s, loss=0.0050]
Training Navine AI Image:  31%|###       | 1224/4000 [18:58<25:45,  1.80it/s, loss=0.0039]
Training Navine AI Image:  31%|###       | 1225/4000 [18:58<25:54,  1.79it/s, loss=0.0039]
Training Navine AI Image:  31%|###       | 1225/4000 [18:58<25:54,  1.79it/s, loss=0.0038]
Training Navine AI Image:  31%|###       | 1226/4000 [18:59<27:05,  1.71it/s, loss=0.0038]
Training Navine AI Image:  31%|###       | 1226/4000 [18:59<27:05,  1.71it/s, loss=0.0056]
Training Navine AI Image:  31%|###       | 1227/4000 [18:59<26:31,  1.74it/s, loss=0.0056]
Training Navine AI Image:  31%|###       | 1227/4000 [18:59<26:31,  1.74it/s, loss=0.0506]
Training Navine AI Image:  31%|###       | 1228/4000 [19:00<26:17,  1.76it/s, loss=0.0506]
Training Navine AI Image:  31%|###       | 1228/4000 [19:00<26:17,  1.76it/s, loss=0.0197]
Training Navine AI Image:  31%|###       | 1229/4000 [19:00<26:18,  1.76it/s, loss=0.0197]
Training Navine AI Image:  31%|###       | 1229/4000 [19:00<26:18,  1.76it/s, loss=0.0108]
Training Navine AI Image:  31%|###       | 1230/4000 [19:01<26:13,  1.76it/s, loss=0.0108]
Training Navine AI Image:  31%|###       | 1230/4000 [19:01<26:13,  1.76it/s, loss=0.0076]
Training Navine AI Image:  31%|###       | 1231/4000 [19:02<27:21,  1.69it/s, loss=0.0076]
Training Navine AI Image:  31%|###       | 1231/4000 [19:02<27:21,  1.69it/s, loss=0.0138]
Training Navine AI Image:  31%|###       | 1232/4000 [19:02<28:00,  1.65it/s, loss=0.0138]
Training Navine AI Image:  31%|###       | 1232/4000 [19:02<28:00,  1.65it/s, loss=0.0227]
Training Navine AI Image:  31%|###       | 1233/4000 [19:03<26:57,  1.71it/s, loss=0.0227]
Training Navine AI Image:  31%|###       | 1233/4000 [19:03<26:57,  1.71it/s, loss=0.0162]
Training Navine AI Image:  31%|###       | 1234/4000 [19:03<26:40,  1.73it/s, loss=0.0162]
Training Navine AI Image:  31%|###       | 1234/4000 [19:03<26:40,  1.73it/s, loss=0.0298]
Training Navine AI Image:  31%|###       | 1235/4000 [19:04<27:16,  1.69it/s, loss=0.0298]
Training Navine AI Image:  31%|###       | 1235/4000 [19:04<27:16,  1.69it/s, loss=0.0117]
Training Navine AI Image:  31%|###       | 1236/4000 [19:05<26:55,  1.71it/s, loss=0.0117]
Training Navine AI Image:  31%|###       | 1236/4000 [19:05<26:55,  1.71it/s, loss=0.0084]
Training Navine AI Image:  31%|###       | 1237/4000 [19:05<26:55,  1.71it/s, loss=0.0084]
Training Navine AI Image:  31%|###       | 1237/4000 [19:05<26:55,  1.71it/s, loss=0.0134]
Training Navine AI Image:  31%|###       | 1238/4000 [19:06<27:21,  1.68it/s, loss=0.0134]
Training Navine AI Image:  31%|###       | 1238/4000 [19:06<27:21,  1.68it/s, loss=0.0039]
Training Navine AI Image:  31%|###       | 1239/4000 [19:06<26:37,  1.73it/s, loss=0.0039]
Training Navine AI Image:  31%|###       | 1239/4000 [19:06<26:37,  1.73it/s, loss=0.0091]
Training Navine AI Image:  31%|###1      | 1240/4000 [19:07<26:27,  1.74it/s, loss=0.0091]
Training Navine AI Image:  31%|###1      | 1240/4000 [19:07<26:27,  1.74it/s, loss=0.0037]
Training Navine AI Image:  31%|###1      | 1241/4000 [19:07<26:27,  1.74it/s, loss=0.0037]
Training Navine AI Image:  31%|###1      | 1241/4000 [19:08<26:27,  1.74it/s, loss=0.0078]
Training Navine AI Image:  31%|###1      | 1242/4000 [19:08<26:28,  1.74it/s, loss=0.0078]
Training Navine AI Image:  31%|###1      | 1242/4000 [19:08<26:28,  1.74it/s, loss=0.0111]
Training Navine AI Image:  31%|###1      | 1243/4000 [19:09<26:14,  1.75it/s, loss=0.0111]
Training Navine AI Image:  31%|###1      | 1243/4000 [19:09<26:14,  1.75it/s, loss=0.0052]
Training Navine AI Image:  31%|###1      | 1244/4000 [19:09<26:06,  1.76it/s, loss=0.0052]
Training Navine AI Image:  31%|###1      | 1244/4000 [19:09<26:06,  1.76it/s, loss=0.0052]
Training Navine AI Image:  31%|###1      | 1245/4000 [19:10<26:53,  1.71it/s, loss=0.0052]
Training Navine AI Image:  31%|###1      | 1245/4000 [19:10<26:53,  1.71it/s, loss=0.0451]
Training Navine AI Image:  31%|###1      | 1246/4000 [19:10<26:07,  1.76it/s, loss=0.0451]
Training Navine AI Image:  31%|###1      | 1246/4000 [19:10<26:07,  1.76it/s, loss=0.0249]
Training Navine AI Image:  31%|###1      | 1247/4000 [19:11<26:43,  1.72it/s, loss=0.0249]
Training Navine AI Image:  31%|###1      | 1247/4000 [19:11<26:43,  1.72it/s, loss=0.0083]
Training Navine AI Image:  31%|###1      | 1248/4000 [19:12<26:40,  1.72it/s, loss=0.0083]
Training Navine AI Image:  31%|###1      | 1248/4000 [19:12<26:40,  1.72it/s, loss=0.0080]
Training Navine AI Image:  31%|###1      | 1249/4000 [19:12<25:46,  1.78it/s, loss=0.0080]
Training Navine AI Image:  31%|###1      | 1249/4000 [19:12<25:46,  1.78it/s, loss=0.0042]
Training Navine AI Image:  31%|###1      | 1250/4000 [19:13<26:47,  1.71it/s, loss=0.0042]
Training Navine AI Image:  31%|###1      | 1250/4000 [19:13<26:47,  1.71it/s, loss=0.0086]
Training Navine AI Image:  31%|###1      | 1251/4000 [19:14<34:22,  1.33it/s, loss=0.0086]
Training Navine AI Image:  31%|###1      | 1251/4000 [19:14<34:22,  1.33it/s, loss=0.0051]
Training Navine AI Image:  31%|###1      | 1252/4000 [19:14<31:12,  1.47it/s, loss=0.0051]
Training Navine AI Image:  31%|###1      | 1252/4000 [19:14<31:12,  1.47it/s, loss=0.0162]
Training Navine AI Image:  31%|###1      | 1253/4000 [19:15<29:41,  1.54it/s, loss=0.0162]
Training Navine AI Image:  31%|###1      | 1253/4000 [19:15<29:41,  1.54it/s, loss=0.0111]
Training Navine AI Image:  31%|###1      | 1254/4000 [19:15<28:46,  1.59it/s, loss=0.0111]
Training Navine AI Image:  31%|###1      | 1254/4000 [19:16<28:46,  1.59it/s, loss=0.0396]
Training Navine AI Image:  31%|###1      | 1255/4000 [19:16<28:35,  1.60it/s, loss=0.0396]
Training Navine AI Image:  31%|###1      | 1255/4000 [19:16<28:35,  1.60it/s, loss=0.0323]
Training Navine AI Image:  31%|###1      | 1256/4000 [19:17<27:19,  1.67it/s, loss=0.0323]
Training Navine AI Image:  31%|###1      | 1256/4000 [19:17<27:19,  1.67it/s, loss=0.0099]
Training Navine AI Image:  31%|###1      | 1257/4000 [19:17<27:22,  1.67it/s, loss=0.0099]
Training Navine AI Image:  31%|###1      | 1257/4000 [19:17<27:22,  1.67it/s, loss=0.0036]
Training Navine AI Image:  31%|###1      | 1258/4000 [19:18<27:49,  1.64it/s, loss=0.0036]
Training Navine AI Image:  31%|###1      | 1258/4000 [19:18<27:49,  1.64it/s, loss=0.0026]
Training Navine AI Image:  31%|###1      | 1259/4000 [19:18<26:48,  1.70it/s, loss=0.0026]
Training Navine AI Image:  31%|###1      | 1259/4000 [19:18<26:48,  1.70it/s, loss=0.0183]
Training Navine AI Image:  32%|###1      | 1260/4000 [19:19<26:37,  1.71it/s, loss=0.0183]
Training Navine AI Image:  32%|###1      | 1260/4000 [19:19<26:37,  1.71it/s, loss=0.0051]
Training Navine AI Image:  32%|###1      | 1261/4000 [19:20<26:58,  1.69it/s, loss=0.0051]
Training Navine AI Image:  32%|###1      | 1261/4000 [19:20<26:58,  1.69it/s, loss=0.0055]
Training Navine AI Image:  32%|###1      | 1262/4000 [19:20<25:57,  1.76it/s, loss=0.0055]
Training Navine AI Image:  32%|###1      | 1262/4000 [19:20<25:57,  1.76it/s, loss=0.0056]
Training Navine AI Image:  32%|###1      | 1263/4000 [19:21<27:35,  1.65it/s, loss=0.0056]
Training Navine AI Image:  32%|###1      | 1263/4000 [19:21<27:35,  1.65it/s, loss=0.0193]
Training Navine AI Image:  32%|###1      | 1264/4000 [19:21<27:02,  1.69it/s, loss=0.0193]
Training Navine AI Image:  32%|###1      | 1264/4000 [19:21<27:02,  1.69it/s, loss=0.0153]
Training Navine AI Image:  32%|###1      | 1265/4000 [19:22<25:59,  1.75it/s, loss=0.0153]
Training Navine AI Image:  32%|###1      | 1265/4000 [19:22<25:59,  1.75it/s, loss=0.0158]
Training Navine AI Image:  32%|###1      | 1266/4000 [19:22<26:18,  1.73it/s, loss=0.0158]
Training Navine AI Image:  32%|###1      | 1266/4000 [19:23<26:18,  1.73it/s, loss=0.0763]
Training Navine AI Image:  32%|###1      | 1267/4000 [19:23<26:43,  1.70it/s, loss=0.0763]
Training Navine AI Image:  32%|###1      | 1267/4000 [19:23<26:43,  1.70it/s, loss=0.0179]
Training Navine AI Image:  32%|###1      | 1268/4000 [19:24<26:10,  1.74it/s, loss=0.0179]
Training Navine AI Image:  32%|###1      | 1268/4000 [19:24<26:10,  1.74it/s, loss=0.0074]
Training Navine AI Image:  32%|###1      | 1269/4000 [19:24<25:58,  1.75it/s, loss=0.0074]
Training Navine AI Image:  32%|###1      | 1269/4000 [19:24<25:58,  1.75it/s, loss=0.0069]
Training Navine AI Image:  32%|###1      | 1270/4000 [19:25<27:04,  1.68it/s, loss=0.0069]
Training Navine AI Image:  32%|###1      | 1270/4000 [19:25<27:04,  1.68it/s, loss=0.0050]
Training Navine AI Image:  32%|###1      | 1271/4000 [19:25<26:20,  1.73it/s, loss=0.0050]
Training Navine AI Image:  32%|###1      | 1271/4000 [19:25<26:20,  1.73it/s, loss=0.0138]
Training Navine AI Image:  32%|###1      | 1272/4000 [19:26<26:20,  1.73it/s, loss=0.0138]
Training Navine AI Image:  32%|###1      | 1272/4000 [19:26<26:20,  1.73it/s, loss=0.0676]
Training Navine AI Image:  32%|###1      | 1273/4000 [19:27<27:15,  1.67it/s, loss=0.0676]
Training Navine AI Image:  32%|###1      | 1273/4000 [19:27<27:15,  1.67it/s, loss=0.0146]
Training Navine AI Image:  32%|###1      | 1274/4000 [19:27<27:58,  1.62it/s, loss=0.0146]
Training Navine AI Image:  32%|###1      | 1274/4000 [19:27<27:58,  1.62it/s, loss=0.0063]
Training Navine AI Image:  32%|###1      | 1275/4000 [19:28<26:37,  1.71it/s, loss=0.0063]
Training Navine AI Image:  32%|###1      | 1275/4000 [19:28<26:37,  1.71it/s, loss=0.0409]
Training Navine AI Image:  32%|###1      | 1276/4000 [19:28<26:37,  1.70it/s, loss=0.0409]
Training Navine AI Image:  32%|###1      | 1276/4000 [19:28<26:37,  1.70it/s, loss=0.0063]
Training Navine AI Image:  32%|###1      | 1277/4000 [19:29<26:25,  1.72it/s, loss=0.0063]
Training Navine AI Image:  32%|###1      | 1277/4000 [19:29<26:25,  1.72it/s, loss=0.0275]
Training Navine AI Image:  32%|###1      | 1278/4000 [19:30<26:37,  1.70it/s, loss=0.0275]
Training Navine AI Image:  32%|###1      | 1278/4000 [19:30<26:37,  1.70it/s, loss=0.0171]
Training Navine AI Image:  32%|###1      | 1279/4000 [19:30<26:21,  1.72it/s, loss=0.0171]
Training Navine AI Image:  32%|###1      | 1279/4000 [19:30<26:21,  1.72it/s, loss=0.0054]
Training Navine AI Image:  32%|###2      | 1280/4000 [19:31<26:38,  1.70it/s, loss=0.0054]
Training Navine AI Image:  32%|###2      | 1280/4000 [19:31<26:38,  1.70it/s, loss=0.0098]
Training Navine AI Image:  32%|###2      | 1281/4000 [19:31<26:56,  1.68it/s, loss=0.0098]
Training Navine AI Image:  32%|###2      | 1281/4000 [19:31<26:56,  1.68it/s, loss=0.0163]
Training Navine AI Image:  32%|###2      | 1282/4000 [19:32<25:57,  1.74it/s, loss=0.0163]
Training Navine AI Image:  32%|###2      | 1282/4000 [19:32<25:57,  1.74it/s, loss=0.0112]
Training Navine AI Image:  32%|###2      | 1283/4000 [19:32<25:53,  1.75it/s, loss=0.0112]
Training Navine AI Image:  32%|###2      | 1283/4000 [19:32<25:53,  1.75it/s, loss=0.0152]
Training Navine AI Image:  32%|###2      | 1284/4000 [19:33<25:42,  1.76it/s, loss=0.0152]
Training Navine AI Image:  32%|###2      | 1284/4000 [19:33<25:42,  1.76it/s, loss=0.0436]
Training Navine AI Image:  32%|###2      | 1285/4000 [19:34<25:40,  1.76it/s, loss=0.0436]
Training Navine AI Image:  32%|###2      | 1285/4000 [19:34<25:40,  1.76it/s, loss=0.0114]
Training Navine AI Image:  32%|###2      | 1286/4000 [19:34<26:12,  1.73it/s, loss=0.0114]
Training Navine AI Image:  32%|###2      | 1286/4000 [19:34<26:12,  1.73it/s, loss=0.0090]
Training Navine AI Image:  32%|###2      | 1287/4000 [19:35<25:36,  1.77it/s, loss=0.0090]
Training Navine AI Image:  32%|###2      | 1287/4000 [19:35<25:36,  1.77it/s, loss=0.1081]
Training Navine AI Image:  32%|###2      | 1288/4000 [19:35<26:31,  1.70it/s, loss=0.1081]
Training Navine AI Image:  32%|###2      | 1288/4000 [19:35<26:31,  1.70it/s, loss=0.0053]
Training Navine AI Image:  32%|###2      | 1289/4000 [19:36<26:31,  1.70it/s, loss=0.0053]
Training Navine AI Image:  32%|###2      | 1289/4000 [19:36<26:31,  1.70it/s, loss=0.1027]
Training Navine AI Image:  32%|###2      | 1290/4000 [19:36<25:35,  1.77it/s, loss=0.1027]
Training Navine AI Image:  32%|###2      | 1290/4000 [19:36<25:35,  1.77it/s, loss=0.0183]
Training Navine AI Image:  32%|###2      | 1291/4000 [19:37<25:33,  1.77it/s, loss=0.0183]
Training Navine AI Image:  32%|###2      | 1291/4000 [19:37<25:33,  1.77it/s, loss=0.0168]
Training Navine AI Image:  32%|###2      | 1292/4000 [19:38<26:07,  1.73it/s, loss=0.0168]
Training Navine AI Image:  32%|###2      | 1292/4000 [19:38<26:07,  1.73it/s, loss=0.0090]
Training Navine AI Image:  32%|###2      | 1293/4000 [19:38<25:29,  1.77it/s, loss=0.0090]
Training Navine AI Image:  32%|###2      | 1293/4000 [19:38<25:29,  1.77it/s, loss=0.0061]
Training Navine AI Image:  32%|###2      | 1294/4000 [19:39<25:36,  1.76it/s, loss=0.0061]
Training Navine AI Image:  32%|###2      | 1294/4000 [19:39<25:36,  1.76it/s, loss=0.0108]
Training Navine AI Image:  32%|###2      | 1295/4000 [19:39<25:23,  1.78it/s, loss=0.0108]
Training Navine AI Image:  32%|###2      | 1295/4000 [19:39<25:23,  1.78it/s, loss=0.0123]
Training Navine AI Image:  32%|###2      | 1296/4000 [19:40<25:07,  1.79it/s, loss=0.0123]
Training Navine AI Image:  32%|###2      | 1296/4000 [19:40<25:07,  1.79it/s, loss=0.0194]
Training Navine AI Image:  32%|###2      | 1297/4000 [19:40<25:59,  1.73it/s, loss=0.0194]
Training Navine AI Image:  32%|###2      | 1297/4000 [19:40<25:59,  1.73it/s, loss=0.0091]
Training Navine AI Image:  32%|###2      | 1298/4000 [19:41<25:35,  1.76it/s, loss=0.0091]
Training Navine AI Image:  32%|###2      | 1298/4000 [19:41<25:35,  1.76it/s, loss=0.0252]
Training Navine AI Image:  32%|###2      | 1299/4000 [19:42<25:28,  1.77it/s, loss=0.0252]
Training Navine AI Image:  32%|###2      | 1299/4000 [19:42<25:28,  1.77it/s, loss=0.0112]
Training Navine AI Image:  32%|###2      | 1300/4000 [19:42<25:20,  1.78it/s, loss=0.0112]
Training Navine AI Image:  32%|###2      | 1300/4000 [19:42<25:20,  1.78it/s, loss=0.0078]
Training Navine AI Image:  33%|###2      | 1301/4000 [19:43<26:02,  1.73it/s, loss=0.0078]
Training Navine AI Image:  33%|###2      | 1301/4000 [19:43<26:02,  1.73it/s, loss=0.0102]
Training Navine AI Image:  33%|###2      | 1302/4000 [19:43<25:14,  1.78it/s, loss=0.0102]
Training Navine AI Image:  33%|###2      | 1302/4000 [19:43<25:14,  1.78it/s, loss=0.0039]
Training Navine AI Image:  33%|###2      | 1303/4000 [19:44<27:11,  1.65it/s, loss=0.0039]
Training Navine AI Image:  33%|###2      | 1303/4000 [19:44<27:11,  1.65it/s, loss=0.0113]
Training Navine AI Image:  33%|###2      | 1304/4000 [19:44<26:05,  1.72it/s, loss=0.0113]
Training Navine AI Image:  33%|###2      | 1304/4000 [19:44<26:05,  1.72it/s, loss=0.0124]
Training Navine AI Image:  33%|###2      | 1305/4000 [19:45<25:57,  1.73it/s, loss=0.0124]
Training Navine AI Image:  33%|###2      | 1305/4000 [19:45<25:57,  1.73it/s, loss=0.0063]
Training Navine AI Image:  33%|###2      | 1306/4000 [19:46<26:03,  1.72it/s, loss=0.0063]
Training Navine AI Image:  33%|###2      | 1306/4000 [19:46<26:03,  1.72it/s, loss=0.0117]
Training Navine AI Image:  33%|###2      | 1307/4000 [19:46<25:44,  1.74it/s, loss=0.0117]
Training Navine AI Image:  33%|###2      | 1307/4000 [19:46<25:44,  1.74it/s, loss=0.0177]
Training Navine AI Image:  33%|###2      | 1308/4000 [19:47<25:40,  1.75it/s, loss=0.0177]
Training Navine AI Image:  33%|###2      | 1308/4000 [19:47<25:40,  1.75it/s, loss=0.0173]
Training Navine AI Image:  33%|###2      | 1309/4000 [19:47<25:51,  1.73it/s, loss=0.0173]
Training Navine AI Image:  33%|###2      | 1309/4000 [19:47<25:51,  1.73it/s, loss=0.0090]
Training Navine AI Image:  33%|###2      | 1310/4000 [19:48<26:10,  1.71it/s, loss=0.0090]
Training Navine AI Image:  33%|###2      | 1310/4000 [19:48<26:10,  1.71it/s, loss=0.0415]
Training Navine AI Image:  33%|###2      | 1311/4000 [19:48<25:36,  1.75it/s, loss=0.0415]
Training Navine AI Image:  33%|###2      | 1311/4000 [19:48<25:36,  1.75it/s, loss=0.0651]
Training Navine AI Image:  33%|###2      | 1312/4000 [19:49<25:58,  1.72it/s, loss=0.0651]
Training Navine AI Image:  33%|###2      | 1312/4000 [19:49<25:58,  1.72it/s, loss=0.0481]
Training Navine AI Image:  33%|###2      | 1313/4000 [19:50<29:58,  1.49it/s, loss=0.0481]
Training Navine AI Image:  33%|###2      | 1313/4000 [19:50<29:58,  1.49it/s, loss=0.0097]
Training Navine AI Image:  33%|###2      | 1314/4000 [19:51<28:48,  1.55it/s, loss=0.0097]
Training Navine AI Image:  33%|###2      | 1314/4000 [19:51<28:48,  1.55it/s, loss=0.0061]
Training Navine AI Image:  33%|###2      | 1315/4000 [19:51<27:40,  1.62it/s, loss=0.0061]
Training Navine AI Image:  33%|###2      | 1315/4000 [19:51<27:40,  1.62it/s, loss=0.0216]
Training Navine AI Image:  33%|###2      | 1316/4000 [19:52<28:52,  1.55it/s, loss=0.0216]
Training Navine AI Image:  33%|###2      | 1316/4000 [19:52<28:52,  1.55it/s, loss=0.0067]
Training Navine AI Image:  33%|###2      | 1317/4000 [19:52<28:46,  1.55it/s, loss=0.0067]
Training Navine AI Image:  33%|###2      | 1317/4000 [19:52<28:46,  1.55it/s, loss=0.0084]
Training Navine AI Image:  33%|###2      | 1318/4000 [19:53<27:57,  1.60it/s, loss=0.0084]
Training Navine AI Image:  33%|###2      | 1318/4000 [19:53<27:57,  1.60it/s, loss=0.0056]
Training Navine AI Image:  33%|###2      | 1319/4000 [19:54<27:03,  1.65it/s, loss=0.0056]
Training Navine AI Image:  33%|###2      | 1319/4000 [19:54<27:03,  1.65it/s, loss=0.0053]
Training Navine AI Image:  33%|###3      | 1320/4000 [19:54<26:24,  1.69it/s, loss=0.0053]
Training Navine AI Image:  33%|###3      | 1320/4000 [19:54<26:24,  1.69it/s, loss=0.0095]
Training Navine AI Image:  33%|###3      | 1321/4000 [19:55<26:14,  1.70it/s, loss=0.0095]
Training Navine AI Image:  33%|###3      | 1321/4000 [19:55<26:14,  1.70it/s, loss=0.0086]
Training Navine AI Image:  33%|###3      | 1322/4000 [19:55<28:18,  1.58it/s, loss=0.0086]
Training Navine AI Image:  33%|###3      | 1322/4000 [19:55<28:18,  1.58it/s, loss=0.0050]
Training Navine AI Image:  33%|###3      | 1323/4000 [19:56<26:45,  1.67it/s, loss=0.0050]
Training Navine AI Image:  33%|###3      | 1323/4000 [19:56<26:45,  1.67it/s, loss=0.0378]
Training Navine AI Image:  33%|###3      | 1324/4000 [19:57<26:25,  1.69it/s, loss=0.0378]
Training Navine AI Image:  33%|###3      | 1324/4000 [19:57<26:25,  1.69it/s, loss=0.0191]
Training Navine AI Image:  33%|###3      | 1325/4000 [19:57<26:39,  1.67it/s, loss=0.0191]
Training Navine AI Image:  33%|###3      | 1325/4000 [19:57<26:39,  1.67it/s, loss=0.0230]
Training Navine AI Image:  33%|###3      | 1326/4000 [19:58<26:17,  1.70it/s, loss=0.0230]
Training Navine AI Image:  33%|###3      | 1326/4000 [19:58<26:17,  1.70it/s, loss=0.0244]
Training Navine AI Image:  33%|###3      | 1327/4000 [19:58<26:16,  1.70it/s, loss=0.0244]
Training Navine AI Image:  33%|###3      | 1327/4000 [19:58<26:16,  1.70it/s, loss=0.0165]
Training Navine AI Image:  33%|###3      | 1328/4000 [19:59<30:39,  1.45it/s, loss=0.0165]
Training Navine AI Image:  33%|###3      | 1328/4000 [19:59<30:39,  1.45it/s, loss=0.0200]
Training Navine AI Image:  33%|###3      | 1329/4000 [20:00<29:09,  1.53it/s, loss=0.0200]
Training Navine AI Image:  33%|###3      | 1329/4000 [20:00<29:09,  1.53it/s, loss=0.0159]
Training Navine AI Image:  33%|###3      | 1330/4000 [20:00<27:59,  1.59it/s, loss=0.0159]
Training Navine AI Image:  33%|###3      | 1330/4000 [20:00<27:59,  1.59it/s, loss=0.0092]
Training Navine AI Image:  33%|###3      | 1331/4000 [20:01<27:14,  1.63it/s, loss=0.0092]
Training Navine AI Image:  33%|###3      | 1331/4000 [20:01<27:14,  1.63it/s, loss=0.0119]
Training Navine AI Image:  33%|###3      | 1332/4000 [20:02<27:23,  1.62it/s, loss=0.0119]
Training Navine AI Image:  33%|###3      | 1332/4000 [20:02<27:23,  1.62it/s, loss=0.0113]
Training Navine AI Image:  33%|###3      | 1333/4000 [20:02<26:02,  1.71it/s, loss=0.0113]
Training Navine AI Image:  33%|###3      | 1333/4000 [20:02<26:02,  1.71it/s, loss=0.0052]
Training Navine AI Image:  33%|###3      | 1334/4000 [20:03<25:55,  1.71it/s, loss=0.0052]
Training Navine AI Image:  33%|###3      | 1334/4000 [20:03<25:55,  1.71it/s, loss=0.0663]
Training Navine AI Image:  33%|###3      | 1335/4000 [20:03<25:43,  1.73it/s, loss=0.0663]
Training Navine AI Image:  33%|###3      | 1335/4000 [20:03<25:43,  1.73it/s, loss=0.0039]
Training Navine AI Image:  33%|###3      | 1336/4000 [20:04<25:57,  1.71it/s, loss=0.0039]
Training Navine AI Image:  33%|###3      | 1336/4000 [20:04<25:57,  1.71it/s, loss=0.0041]
Training Navine AI Image:  33%|###3      | 1337/4000 [20:04<25:32,  1.74it/s, loss=0.0041]
Training Navine AI Image:  33%|###3      | 1337/4000 [20:04<25:32,  1.74it/s, loss=0.0179]
Training Navine AI Image:  33%|###3      | 1338/4000 [20:05<25:26,  1.74it/s, loss=0.0179]
Training Navine AI Image:  33%|###3      | 1338/4000 [20:05<25:26,  1.74it/s, loss=0.0286]
Training Navine AI Image:  33%|###3      | 1339/4000 [20:06<25:20,  1.75it/s, loss=0.0286]
Training Navine AI Image:  33%|###3      | 1339/4000 [20:06<25:20,  1.75it/s, loss=0.0155]
Training Navine AI Image:  34%|###3      | 1340/4000 [20:06<25:23,  1.75it/s, loss=0.0155]
Training Navine AI Image:  34%|###3      | 1340/4000 [20:06<25:23,  1.75it/s, loss=0.0066]
Training Navine AI Image:  34%|###3      | 1341/4000 [20:07<25:19,  1.75it/s, loss=0.0066]
Training Navine AI Image:  34%|###3      | 1341/4000 [20:07<25:19,  1.75it/s, loss=0.0425]
Training Navine AI Image:  34%|###3      | 1342/4000 [20:07<25:16,  1.75it/s, loss=0.0425]
Training Navine AI Image:  34%|###3      | 1342/4000 [20:07<25:16,  1.75it/s, loss=0.0077]
Training Navine AI Image:  34%|###3      | 1343/4000 [20:08<25:52,  1.71it/s, loss=0.0077]
Training Navine AI Image:  34%|###3      | 1343/4000 [20:08<25:52,  1.71it/s, loss=0.0055]
Training Navine AI Image:  34%|###3      | 1344/4000 [20:08<25:08,  1.76it/s, loss=0.0055]
Training Navine AI Image:  34%|###3      | 1344/4000 [20:08<25:08,  1.76it/s, loss=0.0058]
Training Navine AI Image:  34%|###3      | 1345/4000 [20:09<24:52,  1.78it/s, loss=0.0058]
Training Navine AI Image:  34%|###3      | 1345/4000 [20:09<24:52,  1.78it/s, loss=0.0030]
Training Navine AI Image:  34%|###3      | 1346/4000 [20:10<24:54,  1.78it/s, loss=0.0030]
Training Navine AI Image:  34%|###3      | 1346/4000 [20:10<24:54,  1.78it/s, loss=0.0027]
Training Navine AI Image:  34%|###3      | 1347/4000 [20:10<25:04,  1.76it/s, loss=0.0027]
Training Navine AI Image:  34%|###3      | 1347/4000 [20:10<25:04,  1.76it/s, loss=0.0058]
Training Navine AI Image:  34%|###3      | 1348/4000 [20:11<25:59,  1.70it/s, loss=0.0058]
Training Navine AI Image:  34%|###3      | 1348/4000 [20:11<25:59,  1.70it/s, loss=0.0058]
Training Navine AI Image:  34%|###3      | 1349/4000 [20:11<25:12,  1.75it/s, loss=0.0058]
Training Navine AI Image:  34%|###3      | 1349/4000 [20:11<25:12,  1.75it/s, loss=0.0036]
Training Navine AI Image:  34%|###3      | 1350/4000 [20:12<25:27,  1.73it/s, loss=0.0036]
Training Navine AI Image:  34%|###3      | 1350/4000 [20:12<25:27,  1.73it/s, loss=0.0241]
Training Navine AI Image:  34%|###3      | 1351/4000 [20:12<25:11,  1.75it/s, loss=0.0241]
Training Navine AI Image:  34%|###3      | 1351/4000 [20:12<25:11,  1.75it/s, loss=0.0290]
Training Navine AI Image:  34%|###3      | 1352/4000 [20:13<25:16,  1.75it/s, loss=0.0290]
Training Navine AI Image:  34%|###3      | 1352/4000 [20:13<25:16,  1.75it/s, loss=0.0191]
Training Navine AI Image:  34%|###3      | 1353/4000 [20:14<27:04,  1.63it/s, loss=0.0191]
Training Navine AI Image:  34%|###3      | 1353/4000 [20:14<27:04,  1.63it/s, loss=0.0084]
Training Navine AI Image:  34%|###3      | 1354/4000 [20:14<26:23,  1.67it/s, loss=0.0084]
Training Navine AI Image:  34%|###3      | 1354/4000 [20:14<26:23,  1.67it/s, loss=0.0093]
Training Navine AI Image:  34%|###3      | 1355/4000 [20:15<26:41,  1.65it/s, loss=0.0093]
Training Navine AI Image:  34%|###3      | 1355/4000 [20:15<26:41,  1.65it/s, loss=0.0356]
Training Navine AI Image:  34%|###3      | 1356/4000 [20:15<26:17,  1.68it/s, loss=0.0356]
Training Navine AI Image:  34%|###3      | 1356/4000 [20:15<26:17,  1.68it/s, loss=0.0068]
Training Navine AI Image:  34%|###3      | 1357/4000 [20:16<25:24,  1.73it/s, loss=0.0068]
Training Navine AI Image:  34%|###3      | 1357/4000 [20:16<25:24,  1.73it/s, loss=0.0319]
Training Navine AI Image:  34%|###3      | 1358/4000 [20:17<25:24,  1.73it/s, loss=0.0319]
Training Navine AI Image:  34%|###3      | 1358/4000 [20:17<25:24,  1.73it/s, loss=0.0321]
Training Navine AI Image:  34%|###3      | 1359/4000 [20:17<25:49,  1.70it/s, loss=0.0321]
Training Navine AI Image:  34%|###3      | 1359/4000 [20:17<25:49,  1.70it/s, loss=0.0040]
Training Navine AI Image:  34%|###4      | 1360/4000 [20:18<25:29,  1.73it/s, loss=0.0040]
Training Navine AI Image:  34%|###4      | 1360/4000 [20:18<25:29,  1.73it/s, loss=0.0055]
Training Navine AI Image:  34%|###4      | 1361/4000 [20:18<25:36,  1.72it/s, loss=0.0055]
Training Navine AI Image:  34%|###4      | 1361/4000 [20:18<25:36,  1.72it/s, loss=0.0031]
Training Navine AI Image:  34%|###4      | 1362/4000 [20:19<25:45,  1.71it/s, loss=0.0031]
Training Navine AI Image:  34%|###4      | 1362/4000 [20:19<25:45,  1.71it/s, loss=0.0051]
Training Navine AI Image:  34%|###4      | 1363/4000 [20:20<25:57,  1.69it/s, loss=0.0051]
Training Navine AI Image:  34%|###4      | 1363/4000 [20:20<25:57,  1.69it/s, loss=0.0126]
Training Navine AI Image:  34%|###4      | 1364/4000 [20:20<25:43,  1.71it/s, loss=0.0126]
Training Navine AI Image:  34%|###4      | 1364/4000 [20:20<25:43,  1.71it/s, loss=0.0074]
Training Navine AI Image:  34%|###4      | 1365/4000 [20:21<25:25,  1.73it/s, loss=0.0074]
Training Navine AI Image:  34%|###4      | 1365/4000 [20:21<25:25,  1.73it/s, loss=0.0057]
Training Navine AI Image:  34%|###4      | 1366/4000 [20:21<25:21,  1.73it/s, loss=0.0057]
Training Navine AI Image:  34%|###4      | 1366/4000 [20:21<25:21,  1.73it/s, loss=0.0104]
Training Navine AI Image:  34%|###4      | 1367/4000 [20:22<25:10,  1.74it/s, loss=0.0104]
Training Navine AI Image:  34%|###4      | 1367/4000 [20:22<25:10,  1.74it/s, loss=0.0053]
Training Navine AI Image:  34%|###4      | 1368/4000 [20:22<25:35,  1.71it/s, loss=0.0053]
Training Navine AI Image:  34%|###4      | 1368/4000 [20:22<25:35,  1.71it/s, loss=0.0046]
Training Navine AI Image:  34%|###4      | 1369/4000 [20:23<25:22,  1.73it/s, loss=0.0046]
Training Navine AI Image:  34%|###4      | 1369/4000 [20:23<25:22,  1.73it/s, loss=0.0143]
Training Navine AI Image:  34%|###4      | 1370/4000 [20:23<24:36,  1.78it/s, loss=0.0143]
Training Navine AI Image:  34%|###4      | 1370/4000 [20:24<24:36,  1.78it/s, loss=0.0038]
Training Navine AI Image:  34%|###4      | 1371/4000 [20:24<24:39,  1.78it/s, loss=0.0038]
Training Navine AI Image:  34%|###4      | 1371/4000 [20:24<24:39,  1.78it/s, loss=0.0056]
Training Navine AI Image:  34%|###4      | 1372/4000 [20:25<24:33,  1.78it/s, loss=0.0056]
Training Navine AI Image:  34%|###4      | 1372/4000 [20:25<24:33,  1.78it/s, loss=0.0169]
Training Navine AI Image:  34%|###4      | 1373/4000 [20:25<24:43,  1.77it/s, loss=0.0169]
Training Navine AI Image:  34%|###4      | 1373/4000 [20:25<24:43,  1.77it/s, loss=0.0049]
Training Navine AI Image:  34%|###4      | 1374/4000 [20:26<24:48,  1.76it/s, loss=0.0049]
Training Navine AI Image:  34%|###4      | 1374/4000 [20:26<24:48,  1.76it/s, loss=0.0236]
Training Navine AI Image:  34%|###4      | 1375/4000 [20:26<24:52,  1.76it/s, loss=0.0236]
Training Navine AI Image:  34%|###4      | 1375/4000 [20:26<24:52,  1.76it/s, loss=0.0072]
Training Navine AI Image:  34%|###4      | 1376/4000 [20:27<24:52,  1.76it/s, loss=0.0072]
Training Navine AI Image:  34%|###4      | 1376/4000 [20:27<24:52,  1.76it/s, loss=0.0083]
Training Navine AI Image:  34%|###4      | 1377/4000 [20:27<25:19,  1.73it/s, loss=0.0083]
Training Navine AI Image:  34%|###4      | 1377/4000 [20:27<25:19,  1.73it/s, loss=0.0021]
Training Navine AI Image:  34%|###4      | 1378/4000 [20:28<24:42,  1.77it/s, loss=0.0021]
Training Navine AI Image:  34%|###4      | 1378/4000 [20:28<24:42,  1.77it/s, loss=0.0028]
Training Navine AI Image:  34%|###4      | 1379/4000 [20:29<24:50,  1.76it/s, loss=0.0028]
Training Navine AI Image:  34%|###4      | 1379/4000 [20:29<24:50,  1.76it/s, loss=0.0125]
Training Navine AI Image:  34%|###4      | 1380/4000 [20:29<25:49,  1.69it/s, loss=0.0125]
Training Navine AI Image:  34%|###4      | 1380/4000 [20:29<25:49,  1.69it/s, loss=0.0039]
Training Navine AI Image:  35%|###4      | 1381/4000 [20:30<24:56,  1.75it/s, loss=0.0039]
Training Navine AI Image:  35%|###4      | 1381/4000 [20:30<24:56,  1.75it/s, loss=0.0373]
Training Navine AI Image:  35%|###4      | 1382/4000 [20:30<25:00,  1.74it/s, loss=0.0373]
Training Navine AI Image:  35%|###4      | 1382/4000 [20:30<25:00,  1.74it/s, loss=0.0157]
Training Navine AI Image:  35%|###4      | 1383/4000 [20:31<24:55,  1.75it/s, loss=0.0157]
Training Navine AI Image:  35%|###4      | 1383/4000 [20:31<24:55,  1.75it/s, loss=0.0314]
Training Navine AI Image:  35%|###4      | 1384/4000 [20:32<25:42,  1.70it/s, loss=0.0314]
Training Navine AI Image:  35%|###4      | 1384/4000 [20:32<25:42,  1.70it/s, loss=0.0345]
Training Navine AI Image:  35%|###4      | 1385/4000 [20:32<25:05,  1.74it/s, loss=0.0345]
Training Navine AI Image:  35%|###4      | 1385/4000 [20:32<25:05,  1.74it/s, loss=0.0241]
Training Navine AI Image:  35%|###4      | 1386/4000 [20:33<25:41,  1.70it/s, loss=0.0241]
Training Navine AI Image:  35%|###4      | 1386/4000 [20:33<25:41,  1.70it/s, loss=0.0035]
Training Navine AI Image:  35%|###4      | 1387/4000 [20:33<24:36,  1.77it/s, loss=0.0035]
Training Navine AI Image:  35%|###4      | 1387/4000 [20:33<24:36,  1.77it/s, loss=0.0639]
Training Navine AI Image:  35%|###4      | 1388/4000 [20:34<24:22,  1.79it/s, loss=0.0639]
Training Navine AI Image:  35%|###4      | 1388/4000 [20:34<24:22,  1.79it/s, loss=0.0157]
Training Navine AI Image:  35%|###4      | 1389/4000 [20:34<24:23,  1.78it/s, loss=0.0157]
Training Navine AI Image:  35%|###4      | 1389/4000 [20:34<24:23,  1.78it/s, loss=0.0176]
Training Navine AI Image:  35%|###4      | 1390/4000 [20:35<24:33,  1.77it/s, loss=0.0176]
Training Navine AI Image:  35%|###4      | 1390/4000 [20:35<24:33,  1.77it/s, loss=0.0051]
Training Navine AI Image:  35%|###4      | 1391/4000 [20:36<25:12,  1.72it/s, loss=0.0051]
Training Navine AI Image:  35%|###4      | 1391/4000 [20:36<25:12,  1.72it/s, loss=0.0216]
Training Navine AI Image:  35%|###4      | 1392/4000 [20:36<24:52,  1.75it/s, loss=0.0216]
Training Navine AI Image:  35%|###4      | 1392/4000 [20:36<24:52,  1.75it/s, loss=0.0110]
Training Navine AI Image:  35%|###4      | 1393/4000 [20:37<24:38,  1.76it/s, loss=0.0110]
Training Navine AI Image:  35%|###4      | 1393/4000 [20:37<24:38,  1.76it/s, loss=0.0074]
Training Navine AI Image:  35%|###4      | 1394/4000 [20:37<24:39,  1.76it/s, loss=0.0074]
Training Navine AI Image:  35%|###4      | 1394/4000 [20:37<24:39,  1.76it/s, loss=0.0183]
Training Navine AI Image:  35%|###4      | 1395/4000 [20:38<24:54,  1.74it/s, loss=0.0183]
Training Navine AI Image:  35%|###4      | 1395/4000 [20:38<24:54,  1.74it/s, loss=0.0029]
Training Navine AI Image:  35%|###4      | 1396/4000 [20:38<24:52,  1.75it/s, loss=0.0029]
Training Navine AI Image:  35%|###4      | 1396/4000 [20:38<24:52,  1.75it/s, loss=0.0197]
Training Navine AI Image:  35%|###4      | 1397/4000 [20:39<24:43,  1.75it/s, loss=0.0197]
Training Navine AI Image:  35%|###4      | 1397/4000 [20:39<24:43,  1.75it/s, loss=0.0069]
Training Navine AI Image:  35%|###4      | 1398/4000 [20:40<24:57,  1.74it/s, loss=0.0069]
Training Navine AI Image:  35%|###4      | 1398/4000 [20:40<24:57,  1.74it/s, loss=0.0061]
Training Navine AI Image:  35%|###4      | 1399/4000 [20:40<25:01,  1.73it/s, loss=0.0061]
Training Navine AI Image:  35%|###4      | 1399/4000 [20:40<25:01,  1.73it/s, loss=0.0265]
Training Navine AI Image:  35%|###5      | 1400/4000 [20:41<24:34,  1.76it/s, loss=0.0265]
Training Navine AI Image:  35%|###5      | 1400/4000 [20:41<24:34,  1.76it/s, loss=0.0077]
Training Navine AI Image:  35%|###5      | 1401/4000 [20:41<24:32,  1.77it/s, loss=0.0077]
Training Navine AI Image:  35%|###5      | 1401/4000 [20:41<24:32,  1.77it/s, loss=0.0318]
Training Navine AI Image:  35%|###5      | 1402/4000 [20:42<25:21,  1.71it/s, loss=0.0318]
Training Navine AI Image:  35%|###5      | 1402/4000 [20:42<25:21,  1.71it/s, loss=0.0065]
Training Navine AI Image:  35%|###5      | 1403/4000 [20:42<25:02,  1.73it/s, loss=0.0065]
Training Navine AI Image:  35%|###5      | 1403/4000 [20:42<25:02,  1.73it/s, loss=0.0230]
Training Navine AI Image:  35%|###5      | 1404/4000 [20:43<24:06,  1.79it/s, loss=0.0230]
Training Navine AI Image:  35%|###5      | 1404/4000 [20:43<24:06,  1.79it/s, loss=0.0144]
Training Navine AI Image:  35%|###5      | 1405/4000 [20:43<24:16,  1.78it/s, loss=0.0144]
Training Navine AI Image:  35%|###5      | 1405/4000 [20:44<24:16,  1.78it/s, loss=0.0187]
Training Navine AI Image:  35%|###5      | 1406/4000 [20:44<25:01,  1.73it/s, loss=0.0187]
Training Navine AI Image:  35%|###5      | 1406/4000 [20:44<25:01,  1.73it/s, loss=0.0047]
Training Navine AI Image:  35%|###5      | 1407/4000 [20:45<24:11,  1.79it/s, loss=0.0047]
Training Navine AI Image:  35%|###5      | 1407/4000 [20:45<24:11,  1.79it/s, loss=0.0045]
Training Navine AI Image:  35%|###5      | 1408/4000 [20:45<24:30,  1.76it/s, loss=0.0045]
Training Navine AI Image:  35%|###5      | 1408/4000 [20:45<24:30,  1.76it/s, loss=0.0082]
Training Navine AI Image:  35%|###5      | 1409/4000 [20:46<23:40,  1.82it/s, loss=0.0082]
Training Navine AI Image:  35%|###5      | 1409/4000 [20:46<23:40,  1.82it/s, loss=0.0031]
Training Navine AI Image:  35%|###5      | 1410/4000 [20:46<24:03,  1.79it/s, loss=0.0031]
Training Navine AI Image:  35%|###5      | 1410/4000 [20:46<24:03,  1.79it/s, loss=0.0522]
Training Navine AI Image:  35%|###5      | 1411/4000 [20:47<24:07,  1.79it/s, loss=0.0522]
Training Navine AI Image:  35%|###5      | 1411/4000 [20:47<24:07,  1.79it/s, loss=0.0039]
Training Navine AI Image:  35%|###5      | 1412/4000 [20:47<24:15,  1.78it/s, loss=0.0039]
Training Navine AI Image:  35%|###5      | 1412/4000 [20:47<24:15,  1.78it/s, loss=0.0056]
Training Navine AI Image:  35%|###5      | 1413/4000 [20:48<24:41,  1.75it/s, loss=0.0056]
Training Navine AI Image:  35%|###5      | 1413/4000 [20:48<24:41,  1.75it/s, loss=0.0624]
Training Navine AI Image:  35%|###5      | 1414/4000 [20:49<25:50,  1.67it/s, loss=0.0624]
Training Navine AI Image:  35%|###5      | 1414/4000 [20:49<25:50,  1.67it/s, loss=0.0043]
Training Navine AI Image:  35%|###5      | 1415/4000 [20:49<25:07,  1.72it/s, loss=0.0043]
Training Navine AI Image:  35%|###5      | 1415/4000 [20:49<25:07,  1.72it/s, loss=0.0806]
Training Navine AI Image:  35%|###5      | 1416/4000 [20:50<25:00,  1.72it/s, loss=0.0806]
Training Navine AI Image:  35%|###5      | 1416/4000 [20:50<25:00,  1.72it/s, loss=0.0120]
Training Navine AI Image:  35%|###5      | 1417/4000 [20:50<25:40,  1.68it/s, loss=0.0120]
Training Navine AI Image:  35%|###5      | 1417/4000 [20:50<25:40,  1.68it/s, loss=0.0042]
Training Navine AI Image:  35%|###5      | 1418/4000 [20:51<24:43,  1.74it/s, loss=0.0042]
Training Navine AI Image:  35%|###5      | 1418/4000 [20:51<24:43,  1.74it/s, loss=0.0031]
Training Navine AI Image:  35%|###5      | 1419/4000 [20:52<25:05,  1.71it/s, loss=0.0031]
Training Navine AI Image:  35%|###5      | 1419/4000 [20:52<25:05,  1.71it/s, loss=0.0115]
Training Navine AI Image:  36%|###5      | 1420/4000 [20:52<24:58,  1.72it/s, loss=0.0115]
Training Navine AI Image:  36%|###5      | 1420/4000 [20:52<24:58,  1.72it/s, loss=0.0063]
Training Navine AI Image:  36%|###5      | 1421/4000 [20:53<24:43,  1.74it/s, loss=0.0063]
Training Navine AI Image:  36%|###5      | 1421/4000 [20:53<24:43,  1.74it/s, loss=0.0031]
Training Navine AI Image:  36%|###5      | 1422/4000 [20:53<24:27,  1.76it/s, loss=0.0031]
Training Navine AI Image:  36%|###5      | 1422/4000 [20:53<24:27,  1.76it/s, loss=0.0083]
Training Navine AI Image:  36%|###5      | 1423/4000 [20:54<24:28,  1.76it/s, loss=0.0083]
Training Navine AI Image:  36%|###5      | 1423/4000 [20:54<24:28,  1.76it/s, loss=0.0265]
Training Navine AI Image:  36%|###5      | 1424/4000 [20:54<24:57,  1.72it/s, loss=0.0265]
Training Navine AI Image:  36%|###5      | 1424/4000 [20:54<24:57,  1.72it/s, loss=0.0222]
Training Navine AI Image:  36%|###5      | 1425/4000 [20:55<24:41,  1.74it/s, loss=0.0222]
Training Navine AI Image:  36%|###5      | 1425/4000 [20:55<24:41,  1.74it/s, loss=0.0090]
Training Navine AI Image:  36%|###5      | 1426/4000 [20:56<24:34,  1.75it/s, loss=0.0090]
Training Navine AI Image:  36%|###5      | 1426/4000 [20:56<24:34,  1.75it/s, loss=0.0084]
Training Navine AI Image:  36%|###5      | 1427/4000 [20:56<25:10,  1.70it/s, loss=0.0084]
Training Navine AI Image:  36%|###5      | 1427/4000 [20:56<25:10,  1.70it/s, loss=0.0095]
Training Navine AI Image:  36%|###5      | 1428/4000 [20:57<24:55,  1.72it/s, loss=0.0095]
Training Navine AI Image:  36%|###5      | 1428/4000 [20:57<24:55,  1.72it/s, loss=0.0182]
Training Navine AI Image:  36%|###5      | 1429/4000 [20:57<24:12,  1.77it/s, loss=0.0182]
Training Navine AI Image:  36%|###5      | 1429/4000 [20:57<24:12,  1.77it/s, loss=0.0124]
Training Navine AI Image:  36%|###5      | 1430/4000 [20:58<24:11,  1.77it/s, loss=0.0124]
Training Navine AI Image:  36%|###5      | 1430/4000 [20:58<24:11,  1.77it/s, loss=0.0151]
Training Navine AI Image:  36%|###5      | 1431/4000 [20:58<24:45,  1.73it/s, loss=0.0151]
Training Navine AI Image:  36%|###5      | 1431/4000 [20:58<24:45,  1.73it/s, loss=0.0073]
Training Navine AI Image:  36%|###5      | 1432/4000 [20:59<24:24,  1.75it/s, loss=0.0073]
Training Navine AI Image:  36%|###5      | 1432/4000 [20:59<24:24,  1.75it/s, loss=0.0058]
Training Navine AI Image:  36%|###5      | 1433/4000 [21:00<24:35,  1.74it/s, loss=0.0058]
Training Navine AI Image:  36%|###5      | 1433/4000 [21:00<24:35,  1.74it/s, loss=0.0043]
Training Navine AI Image:  36%|###5      | 1434/4000 [21:00<25:26,  1.68it/s, loss=0.0043]
Training Navine AI Image:  36%|###5      | 1434/4000 [21:00<25:26,  1.68it/s, loss=0.0367]
Training Navine AI Image:  36%|###5      | 1435/4000 [21:01<24:38,  1.73it/s, loss=0.0367]
Training Navine AI Image:  36%|###5      | 1435/4000 [21:01<24:38,  1.73it/s, loss=0.0171]
Training Navine AI Image:  36%|###5      | 1436/4000 [21:01<24:30,  1.74it/s, loss=0.0171]
Training Navine AI Image:  36%|###5      | 1436/4000 [21:01<24:30,  1.74it/s, loss=0.0095]
Training Navine AI Image:  36%|###5      | 1437/4000 [21:02<24:22,  1.75it/s, loss=0.0095]
Training Navine AI Image:  36%|###5      | 1437/4000 [21:02<24:22,  1.75it/s, loss=0.0047]
Training Navine AI Image:  36%|###5      | 1438/4000 [21:02<24:50,  1.72it/s, loss=0.0047]
Training Navine AI Image:  36%|###5      | 1438/4000 [21:03<24:50,  1.72it/s, loss=0.0103]
Training Navine AI Image:  36%|###5      | 1439/4000 [21:03<24:33,  1.74it/s, loss=0.0103]
Training Navine AI Image:  36%|###5      | 1439/4000 [21:03<24:33,  1.74it/s, loss=0.0132]
Training Navine AI Image:  36%|###6      | 1440/4000 [21:04<24:27,  1.74it/s, loss=0.0132]
Training Navine AI Image:  36%|###6      | 1440/4000 [21:04<24:27,  1.74it/s, loss=0.0063]
Training Navine AI Image:  36%|###6      | 1441/4000 [21:04<25:00,  1.71it/s, loss=0.0063]
Training Navine AI Image:  36%|###6      | 1441/4000 [21:04<25:00,  1.71it/s, loss=0.0025]
Training Navine AI Image:  36%|###6      | 1442/4000 [21:05<24:22,  1.75it/s, loss=0.0025]
Training Navine AI Image:  36%|###6      | 1442/4000 [21:05<24:22,  1.75it/s, loss=0.0405]
Training Navine AI Image:  36%|###6      | 1443/4000 [21:05<24:31,  1.74it/s, loss=0.0405]
Training Navine AI Image:  36%|###6      | 1443/4000 [21:05<24:31,  1.74it/s, loss=0.0030]
Training Navine AI Image:  36%|###6      | 1444/4000 [21:06<24:51,  1.71it/s, loss=0.0030]
Training Navine AI Image:  36%|###6      | 1444/4000 [21:06<24:51,  1.71it/s, loss=0.0158]
Training Navine AI Image:  36%|###6      | 1445/4000 [21:07<24:29,  1.74it/s, loss=0.0158]
Training Navine AI Image:  36%|###6      | 1445/4000 [21:07<24:29,  1.74it/s, loss=0.0122]
Training Navine AI Image:  36%|###6      | 1446/4000 [21:07<23:49,  1.79it/s, loss=0.0122]
Training Navine AI Image:  36%|###6      | 1446/4000 [21:07<23:49,  1.79it/s, loss=0.0063]
Training Navine AI Image:  36%|###6      | 1447/4000 [21:08<23:57,  1.78it/s, loss=0.0063]
Training Navine AI Image:  36%|###6      | 1447/4000 [21:08<23:57,  1.78it/s, loss=0.0137]
Training Navine AI Image:  36%|###6      | 1448/4000 [21:08<24:10,  1.76it/s, loss=0.0137]
Training Navine AI Image:  36%|###6      | 1448/4000 [21:08<24:10,  1.76it/s, loss=0.0154]
Training Navine AI Image:  36%|###6      | 1449/4000 [21:09<24:08,  1.76it/s, loss=0.0154]
Training Navine AI Image:  36%|###6      | 1449/4000 [21:09<24:08,  1.76it/s, loss=0.0158]
Training Navine AI Image:  36%|###6      | 1450/4000 [21:09<23:52,  1.78it/s, loss=0.0158]
Training Navine AI Image:  36%|###6      | 1450/4000 [21:09<23:52,  1.78it/s, loss=0.0079]
Training Navine AI Image:  36%|###6      | 1451/4000 [21:10<23:55,  1.78it/s, loss=0.0079]
Training Navine AI Image:  36%|###6      | 1451/4000 [21:10<23:55,  1.78it/s, loss=0.0111]
Training Navine AI Image:  36%|###6      | 1452/4000 [21:10<24:15,  1.75it/s, loss=0.0111]
Training Navine AI Image:  36%|###6      | 1452/4000 [21:11<24:15,  1.75it/s, loss=0.0129]
Training Navine AI Image:  36%|###6      | 1453/4000 [21:11<24:12,  1.75it/s, loss=0.0129]
Training Navine AI Image:  36%|###6      | 1453/4000 [21:11<24:12,  1.75it/s, loss=0.0665]
Training Navine AI Image:  36%|###6      | 1454/4000 [21:12<24:09,  1.76it/s, loss=0.0665]
Training Navine AI Image:  36%|###6      | 1454/4000 [21:12<24:09,  1.76it/s, loss=0.0057]
Training Navine AI Image:  36%|###6      | 1455/4000 [21:12<24:03,  1.76it/s, loss=0.0057]
Training Navine AI Image:  36%|###6      | 1455/4000 [21:12<24:03,  1.76it/s, loss=0.0107]
Training Navine AI Image:  36%|###6      | 1456/4000 [21:13<25:07,  1.69it/s, loss=0.0107]
Training Navine AI Image:  36%|###6      | 1456/4000 [21:13<25:07,  1.69it/s, loss=0.0166]
Training Navine AI Image:  36%|###6      | 1457/4000 [21:13<24:50,  1.71it/s, loss=0.0166]
Training Navine AI Image:  36%|###6      | 1457/4000 [21:13<24:50,  1.71it/s, loss=0.0041]
Training Navine AI Image:  36%|###6      | 1458/4000 [21:14<23:55,  1.77it/s, loss=0.0041]
Training Navine AI Image:  36%|###6      | 1458/4000 [21:14<23:55,  1.77it/s, loss=0.0081]
Training Navine AI Image:  36%|###6      | 1459/4000 [21:14<23:45,  1.78it/s, loss=0.0081]
Training Navine AI Image:  36%|###6      | 1459/4000 [21:14<23:45,  1.78it/s, loss=0.0028]
Training Navine AI Image:  36%|###6      | 1460/4000 [21:15<23:46,  1.78it/s, loss=0.0028]
Training Navine AI Image:  36%|###6      | 1460/4000 [21:15<23:46,  1.78it/s, loss=0.0139]
Training Navine AI Image:  37%|###6      | 1461/4000 [21:16<23:56,  1.77it/s, loss=0.0139]
Training Navine AI Image:  37%|###6      | 1461/4000 [21:16<23:56,  1.77it/s, loss=0.0098]
Training Navine AI Image:  37%|###6      | 1462/4000 [21:16<24:08,  1.75it/s, loss=0.0098]
Training Navine AI Image:  37%|###6      | 1462/4000 [21:16<24:08,  1.75it/s, loss=0.0496]
Training Navine AI Image:  37%|###6      | 1463/4000 [21:17<24:13,  1.75it/s, loss=0.0496]
Training Navine AI Image:  37%|###6      | 1463/4000 [21:17<24:13,  1.75it/s, loss=0.0180]
Training Navine AI Image:  37%|###6      | 1464/4000 [21:17<24:18,  1.74it/s, loss=0.0180]
Training Navine AI Image:  37%|###6      | 1464/4000 [21:17<24:18,  1.74it/s, loss=0.0126]
Training Navine AI Image:  37%|###6      | 1465/4000 [21:18<24:13,  1.74it/s, loss=0.0126]
Training Navine AI Image:  37%|###6      | 1465/4000 [21:18<24:13,  1.74it/s, loss=0.0189]
Training Navine AI Image:  37%|###6      | 1466/4000 [21:18<24:04,  1.75it/s, loss=0.0189]
Training Navine AI Image:  37%|###6      | 1466/4000 [21:19<24:04,  1.75it/s, loss=0.0330]
Training Navine AI Image:  37%|###6      | 1467/4000 [21:19<24:07,  1.75it/s, loss=0.0330]
Training Navine AI Image:  37%|###6      | 1467/4000 [21:19<24:07,  1.75it/s, loss=0.0122]
Training Navine AI Image:  37%|###6      | 1468/4000 [21:20<24:09,  1.75it/s, loss=0.0122]
Training Navine AI Image:  37%|###6      | 1468/4000 [21:20<24:09,  1.75it/s, loss=0.0086]
Training Navine AI Image:  37%|###6      | 1469/4000 [21:20<23:58,  1.76it/s, loss=0.0086]
Training Navine AI Image:  37%|###6      | 1469/4000 [21:20<23:58,  1.76it/s, loss=0.0090]
Training Navine AI Image:  37%|###6      | 1470/4000 [21:21<23:56,  1.76it/s, loss=0.0090]
Training Navine AI Image:  37%|###6      | 1470/4000 [21:21<23:56,  1.76it/s, loss=0.0076]
Training Navine AI Image:  37%|###6      | 1471/4000 [21:21<23:57,  1.76it/s, loss=0.0076]
Training Navine AI Image:  37%|###6      | 1471/4000 [21:21<23:57,  1.76it/s, loss=0.0082]
Training Navine AI Image:  37%|###6      | 1472/4000 [21:22<24:01,  1.75it/s, loss=0.0082]
Training Navine AI Image:  37%|###6      | 1472/4000 [21:22<24:01,  1.75it/s, loss=0.0218]
Training Navine AI Image:  37%|###6      | 1473/4000 [21:22<23:55,  1.76it/s, loss=0.0218]
Training Navine AI Image:  37%|###6      | 1473/4000 [21:22<23:55,  1.76it/s, loss=0.0259]
Training Navine AI Image:  37%|###6      | 1474/4000 [21:23<24:09,  1.74it/s, loss=0.0259]
Training Navine AI Image:  37%|###6      | 1474/4000 [21:23<24:09,  1.74it/s, loss=0.0209]
Training Navine AI Image:  37%|###6      | 1475/4000 [21:24<24:40,  1.71it/s, loss=0.0209]
Training Navine AI Image:  37%|###6      | 1475/4000 [21:24<24:40,  1.71it/s, loss=0.0073]
Training Navine AI Image:  37%|###6      | 1476/4000 [21:24<23:44,  1.77it/s, loss=0.0073]
Training Navine AI Image:  37%|###6      | 1476/4000 [21:24<23:44,  1.77it/s, loss=0.0119]
Training Navine AI Image:  37%|###6      | 1477/4000 [21:25<23:47,  1.77it/s, loss=0.0119]
Training Navine AI Image:  37%|###6      | 1477/4000 [21:25<23:47,  1.77it/s, loss=0.0103]
Training Navine AI Image:  37%|###6      | 1478/4000 [21:25<23:56,  1.76it/s, loss=0.0103]
Training Navine AI Image:  37%|###6      | 1478/4000 [21:25<23:56,  1.76it/s, loss=0.0043]
Training Navine AI Image:  37%|###6      | 1479/4000 [21:26<24:33,  1.71it/s, loss=0.0043]
Training Navine AI Image:  37%|###6      | 1479/4000 [21:26<24:33,  1.71it/s, loss=0.0052]
Training Navine AI Image:  37%|###7      | 1480/4000 [21:26<23:58,  1.75it/s, loss=0.0052]
Training Navine AI Image:  37%|###7      | 1480/4000 [21:26<23:58,  1.75it/s, loss=0.0049]
Training Navine AI Image:  37%|###7      | 1481/4000 [21:27<23:35,  1.78it/s, loss=0.0049]
Training Navine AI Image:  37%|###7      | 1481/4000 [21:27<23:35,  1.78it/s, loss=0.0283]
Training Navine AI Image:  37%|###7      | 1482/4000 [21:28<23:48,  1.76it/s, loss=0.0283]
Training Navine AI Image:  37%|###7      | 1482/4000 [21:28<23:48,  1.76it/s, loss=0.0041]
Training Navine AI Image:  37%|###7      | 1483/4000 [21:28<24:34,  1.71it/s, loss=0.0041]
Training Navine AI Image:  37%|###7      | 1483/4000 [21:28<24:34,  1.71it/s, loss=0.0074]
Training Navine AI Image:  37%|###7      | 1484/4000 [21:29<23:57,  1.75it/s, loss=0.0074]
Training Navine AI Image:  37%|###7      | 1484/4000 [21:29<23:57,  1.75it/s, loss=0.0076]
Training Navine AI Image:  37%|###7      | 1485/4000 [21:29<23:53,  1.75it/s, loss=0.0076]
Training Navine AI Image:  37%|###7      | 1485/4000 [21:29<23:53,  1.75it/s, loss=0.0053]
Training Navine AI Image:  37%|###7      | 1486/4000 [21:30<23:57,  1.75it/s, loss=0.0053]
Training Navine AI Image:  37%|###7      | 1486/4000 [21:30<23:57,  1.75it/s, loss=0.0086]
Training Navine AI Image:  37%|###7      | 1487/4000 [21:30<23:53,  1.75it/s, loss=0.0086]
Training Navine AI Image:  37%|###7      | 1487/4000 [21:31<23:53,  1.75it/s, loss=0.0104]
Training Navine AI Image:  37%|###7      | 1488/4000 [21:31<23:44,  1.76it/s, loss=0.0104]
Training Navine AI Image:  37%|###7      | 1488/4000 [21:31<23:44,  1.76it/s, loss=0.0032]
Training Navine AI Image:  37%|###7      | 1489/4000 [21:32<23:31,  1.78it/s, loss=0.0032]
Training Navine AI Image:  37%|###7      | 1489/4000 [21:32<23:31,  1.78it/s, loss=0.0057]
Training Navine AI Image:  37%|###7      | 1490/4000 [21:32<23:53,  1.75it/s, loss=0.0057]
Training Navine AI Image:  37%|###7      | 1490/4000 [21:32<23:53,  1.75it/s, loss=0.0029]
Training Navine AI Image:  37%|###7      | 1491/4000 [21:33<28:20,  1.48it/s, loss=0.0029]
Training Navine AI Image:  37%|###7      | 1491/4000 [21:33<28:20,  1.48it/s, loss=0.0033]
Training Navine AI Image:  37%|###7      | 1492/4000 [21:34<26:50,  1.56it/s, loss=0.0033]
Training Navine AI Image:  37%|###7      | 1492/4000 [21:34<26:50,  1.56it/s, loss=0.0165]
Training Navine AI Image:  37%|###7      | 1493/4000 [21:34<26:06,  1.60it/s, loss=0.0165]
Training Navine AI Image:  37%|###7      | 1493/4000 [21:34<26:06,  1.60it/s, loss=0.0361]
Training Navine AI Image:  37%|###7      | 1494/4000 [21:35<26:04,  1.60it/s, loss=0.0361]
Training Navine AI Image:  37%|###7      | 1494/4000 [21:35<26:04,  1.60it/s, loss=0.0129]
Training Navine AI Image:  37%|###7      | 1495/4000 [21:35<25:22,  1.65it/s, loss=0.0129]
Training Navine AI Image:  37%|###7      | 1495/4000 [21:35<25:22,  1.65it/s, loss=0.0090]
Training Navine AI Image:  37%|###7      | 1496/4000 [21:36<24:30,  1.70it/s, loss=0.0090]
Training Navine AI Image:  37%|###7      | 1496/4000 [21:36<24:30,  1.70it/s, loss=0.0069]
Training Navine AI Image:  37%|###7      | 1497/4000 [21:37<25:02,  1.67it/s, loss=0.0069]
Training Navine AI Image:  37%|###7      | 1497/4000 [21:37<25:02,  1.67it/s, loss=0.0212]
Training Navine AI Image:  37%|###7      | 1498/4000 [21:37<24:49,  1.68it/s, loss=0.0212]
Training Navine AI Image:  37%|###7      | 1498/4000 [21:37<24:49,  1.68it/s, loss=0.0098]
Training Navine AI Image:  37%|###7      | 1499/4000 [21:38<23:47,  1.75it/s, loss=0.0098]
Training Navine AI Image:  37%|###7      | 1499/4000 [21:38<23:47,  1.75it/s, loss=0.0035]
Training Navine AI Image:  38%|###7      | 1500/4000 [21:38<23:45,  1.75it/s, loss=0.0035]
Training Navine AI Image:  38%|###7      | 1500/4000 [21:38<23:45,  1.75it/s, loss=0.0110]
Training Navine AI Image:  38%|###7      | 1501/4000 [24:57<41:45:07, 60.15s/it, loss=0.0110]
Training Navine AI Image:  38%|###7      | 1501/4000 [24:57<41:45:07, 60.15s/it, loss=0.0119]
Training Navine AI Image:  38%|###7      | 1502/4000 [24:58<29:19:57, 42.27s/it, loss=0.0119]
Training Navine AI Image:  38%|###7      | 1502/4000 [24:58<29:19:57, 42.27s/it, loss=0.0137]
Training Navine AI Image:  38%|###7      | 1503/4000 [24:59<20:39:04, 29.77s/it, loss=0.0137]
Training Navine AI Image:  38%|###7      | 1503/4000 [24:59<20:39:04, 29.77s/it, loss=0.0335]
Training Navine AI Image:  38%|###7      | 1504/4000 [24:59<14:34:01, 21.01s/it, loss=0.0335]
Training Navine AI Image:  38%|###7      | 1504/4000 [24:59<14:34:01, 21.01s/it, loss=0.0101]
Training Navine AI Image:  38%|###7      | 1505/4000 [25:00<10:18:05, 14.86s/it, loss=0.0101]
Training Navine AI Image:  38%|###7      | 1505/4000 [25:00<10:18:05, 14.86s/it, loss=0.0188]
Training Navine AI Image:  38%|###7      | 1506/4000 [25:00<7:20:25, 10.60s/it, loss=0.0188] 
Training Navine AI Image:  38%|###7      | 1506/4000 [25:00<7:20:25, 10.60s/it, loss=0.0639]
Training Navine AI Image:  38%|###7      | 1507/4000 [25:01<5:15:10,  7.59s/it, loss=0.0639]
Training Navine AI Image:  38%|###7      | 1507/4000 [25:01<5:15:10,  7.59s/it, loss=0.0088]
Training Navine AI Image:  38%|###7      | 1508/4000 [25:01<3:47:20,  5.47s/it, loss=0.0088]
Training Navine AI Image:  38%|###7      | 1508/4000 [25:01<3:47:20,  5.47s/it, loss=0.0040]
Training Navine AI Image:  38%|###7      | 1509/4000 [25:02<2:47:02,  4.02s/it, loss=0.0040]
Training Navine AI Image:  38%|###7      | 1509/4000 [25:02<2:47:02,  4.02s/it, loss=0.0058]
Training Navine AI Image:  38%|###7      | 1510/4000 [25:03<2:03:26,  2.97s/it, loss=0.0058]
Training Navine AI Image:  38%|###7      | 1510/4000 [25:03<2:03:26,  2.97s/it, loss=0.0060]
Training Navine AI Image:  38%|###7      | 1511/4000 [25:03<1:33:23,  2.25s/it, loss=0.0060]
Training Navine AI Image:  38%|###7      | 1511/4000 [25:03<1:33:23,  2.25s/it, loss=0.0131]
Training Navine AI Image:  38%|###7      | 1512/4000 [25:04<1:12:27,  1.75s/it, loss=0.0131]
Training Navine AI Image:  38%|###7      | 1512/4000 [25:04<1:12:27,  1.75s/it, loss=0.0031]
Training Navine AI Image:  38%|###7      | 1513/4000 [25:04<57:53,  1.40s/it, loss=0.0031]  
Training Navine AI Image:  38%|###7      | 1513/4000 [25:04<57:53,  1.40s/it, loss=0.0042]
Training Navine AI Image:  38%|###7      | 1514/4000 [25:05<47:38,  1.15s/it, loss=0.0042]
Training Navine AI Image:  38%|###7      | 1514/4000 [25:05<47:38,  1.15s/it, loss=0.0217]
Training Navine AI Image:  38%|###7      | 1515/4000 [25:05<40:30,  1.02it/s, loss=0.0217]
Training Navine AI Image:  38%|###7      | 1515/4000 [25:05<40:30,  1.02it/s, loss=0.0082]
Training Navine AI Image:  38%|###7      | 1516/4000 [25:06<35:20,  1.17it/s, loss=0.0082]
Training Navine AI Image:  38%|###7      | 1516/4000 [25:06<35:20,  1.17it/s, loss=0.0028]
Training Navine AI Image:  38%|###7      | 1517/4000 [25:07<32:31,  1.27it/s, loss=0.0028]
Training Navine AI Image:  38%|###7      | 1517/4000 [25:07<32:31,  1.27it/s, loss=0.0058]
Training Navine AI Image:  38%|###7      | 1518/4000 [25:07<29:18,  1.41it/s, loss=0.0058]
Training Navine AI Image:  38%|###7      | 1518/4000 [25:07<29:18,  1.41it/s, loss=0.0029]
Training Navine AI Image:  38%|###7      | 1519/4000 [25:08<27:35,  1.50it/s, loss=0.0029]
Training Navine AI Image:  38%|###7      | 1519/4000 [25:08<27:35,  1.50it/s, loss=0.0052]
Training Navine AI Image:  38%|###8      | 1520/4000 [25:08<27:02,  1.53it/s, loss=0.0052]
Training Navine AI Image:  38%|###8      | 1520/4000 [25:08<27:02,  1.53it/s, loss=0.0041]
Training Navine AI Image:  38%|###8      | 1521/4000 [25:09<25:19,  1.63it/s, loss=0.0041]
Training Navine AI Image:  38%|###8      | 1521/4000 [25:09<25:19,  1.63it/s, loss=0.0040]
Training Navine AI Image:  38%|###8      | 1522/4000 [25:09<24:42,  1.67it/s, loss=0.0040]
Training Navine AI Image:  38%|###8      | 1522/4000 [25:09<24:42,  1.67it/s, loss=0.0090]
Training Navine AI Image:  38%|###8      | 1523/4000 [25:10<24:17,  1.70it/s, loss=0.0090]
Training Navine AI Image:  38%|###8      | 1523/4000 [25:10<24:17,  1.70it/s, loss=0.0435]
Training Navine AI Image:  38%|###8      | 1524/4000 [25:11<24:39,  1.67it/s, loss=0.0435]
Training Navine AI Image:  38%|###8      | 1524/4000 [25:11<24:39,  1.67it/s, loss=0.0089]
Training Navine AI Image:  38%|###8      | 1525/4000 [25:11<23:53,  1.73it/s, loss=0.0089]
Training Navine AI Image:  38%|###8      | 1525/4000 [25:11<23:53,  1.73it/s, loss=0.0243]
Training Navine AI Image:  38%|###8      | 1526/4000 [25:12<23:54,  1.72it/s, loss=0.0243]
Training Navine AI Image:  38%|###8      | 1526/4000 [25:12<23:54,  1.72it/s, loss=0.0113]
Training Navine AI Image:  38%|###8      | 1527/4000 [25:12<24:18,  1.70it/s, loss=0.0113]
Training Navine AI Image:  38%|###8      | 1527/4000 [25:12<24:18,  1.70it/s, loss=0.0198]
Training Navine AI Image:  38%|###8      | 1528/4000 [25:13<24:06,  1.71it/s, loss=0.0198]
Training Navine AI Image:  38%|###8      | 1528/4000 [25:13<24:06,  1.71it/s, loss=0.0078]
Training Navine AI Image:  38%|###8      | 1529/4000 [25:13<23:23,  1.76it/s, loss=0.0078]
Training Navine AI Image:  38%|###8      | 1529/4000 [25:14<23:23,  1.76it/s, loss=0.0050]
Training Navine AI Image:  38%|###8      | 1530/4000 [25:14<23:16,  1.77it/s, loss=0.0050]
Training Navine AI Image:  38%|###8      | 1530/4000 [25:14<23:16,  1.77it/s, loss=0.0135]
Training Navine AI Image:  38%|###8      | 1531/4000 [25:15<24:07,  1.71it/s, loss=0.0135]
Training Navine AI Image:  38%|###8      | 1531/4000 [25:15<24:07,  1.71it/s, loss=0.0161]
Training Navine AI Image:  38%|###8      | 1532/4000 [25:15<23:34,  1.74it/s, loss=0.0161]
Training Navine AI Image:  38%|###8      | 1532/4000 [25:15<23:34,  1.74it/s, loss=0.0223]
Training Navine AI Image:  38%|###8      | 1533/4000 [25:16<25:21,  1.62it/s, loss=0.0223]
Training Navine AI Image:  38%|###8      | 1533/4000 [25:16<25:21,  1.62it/s, loss=0.0157]
Training Navine AI Image:  38%|###8      | 1534/4000 [25:16<24:17,  1.69it/s, loss=0.0157]
Training Navine AI Image:  38%|###8      | 1534/4000 [25:16<24:17,  1.69it/s, loss=0.0026]
Training Navine AI Image:  38%|###8      | 1535/4000 [25:17<23:55,  1.72it/s, loss=0.0026]
Training Navine AI Image:  38%|###8      | 1535/4000 [25:17<23:55,  1.72it/s, loss=0.0023]
Training Navine AI Image:  38%|###8      | 1536/4000 [25:18<24:01,  1.71it/s, loss=0.0023]
Training Navine AI Image:  38%|###8      | 1536/4000 [25:18<24:01,  1.71it/s, loss=0.0200]
Training Navine AI Image:  38%|###8      | 1537/4000 [25:18<23:54,  1.72it/s, loss=0.0200]
Training Navine AI Image:  38%|###8      | 1537/4000 [25:18<23:54,  1.72it/s, loss=0.0123]
Training Navine AI Image:  38%|###8      | 1538/4000 [25:19<23:41,  1.73it/s, loss=0.0123]
Training Navine AI Image:  38%|###8      | 1538/4000 [25:19<23:41,  1.73it/s, loss=0.0064]
Training Navine AI Image:  38%|###8      | 1539/4000 [25:19<24:23,  1.68it/s, loss=0.0064]
Training Navine AI Image:  38%|###8      | 1539/4000 [25:19<24:23,  1.68it/s, loss=0.0057]
Training Navine AI Image:  38%|###8      | 1540/4000 [25:20<23:38,  1.73it/s, loss=0.0057]
Training Navine AI Image:  38%|###8      | 1540/4000 [25:20<23:38,  1.73it/s, loss=0.0058]
Training Navine AI Image:  39%|###8      | 1541/4000 [25:20<23:22,  1.75it/s, loss=0.0058]
Training Navine AI Image:  39%|###8      | 1541/4000 [25:21<23:22,  1.75it/s, loss=0.0121]
Training Navine AI Image:  39%|###8      | 1542/4000 [25:21<24:16,  1.69it/s, loss=0.0121]
Training Navine AI Image:  39%|###8      | 1542/4000 [25:21<24:16,  1.69it/s, loss=0.0166]
Training Navine AI Image:  39%|###8      | 1543/4000 [25:22<23:24,  1.75it/s, loss=0.0166]
Training Navine AI Image:  39%|###8      | 1543/4000 [25:22<23:24,  1.75it/s, loss=0.0049]
Training Navine AI Image:  39%|###8      | 1544/4000 [25:22<23:31,  1.74it/s, loss=0.0049]
Training Navine AI Image:  39%|###8      | 1544/4000 [25:22<23:31,  1.74it/s, loss=0.0570]
Training Navine AI Image:  39%|###8      | 1545/4000 [25:23<23:27,  1.74it/s, loss=0.0570]
Training Navine AI Image:  39%|###8      | 1545/4000 [25:23<23:27,  1.74it/s, loss=0.0178]
Training Navine AI Image:  39%|###8      | 1546/4000 [25:23<23:48,  1.72it/s, loss=0.0178]
Training Navine AI Image:  39%|###8      | 1546/4000 [25:23<23:48,  1.72it/s, loss=0.0052]
Training Navine AI Image:  39%|###8      | 1547/4000 [25:24<23:14,  1.76it/s, loss=0.0052]
Training Navine AI Image:  39%|###8      | 1547/4000 [25:24<23:14,  1.76it/s, loss=0.0051]
Training Navine AI Image:  39%|###8      | 1548/4000 [25:24<23:08,  1.77it/s, loss=0.0051]
Training Navine AI Image:  39%|###8      | 1548/4000 [25:25<23:08,  1.77it/s, loss=0.0065]
Training Navine AI Image:  39%|###8      | 1549/4000 [25:25<23:05,  1.77it/s, loss=0.0065]
Training Navine AI Image:  39%|###8      | 1549/4000 [25:25<23:05,  1.77it/s, loss=0.0473]
Training Navine AI Image:  39%|###8      | 1550/4000 [25:26<23:26,  1.74it/s, loss=0.0473]
Training Navine AI Image:  39%|###8      | 1550/4000 [25:26<23:26,  1.74it/s, loss=0.0157]
Training Navine AI Image:  39%|###8      | 1551/4000 [25:26<23:03,  1.77it/s, loss=0.0157]
Training Navine AI Image:  39%|###8      | 1551/4000 [25:26<23:03,  1.77it/s, loss=0.0070]
Training Navine AI Image:  39%|###8      | 1552/4000 [25:27<23:01,  1.77it/s, loss=0.0070]
Training Navine AI Image:  39%|###8      | 1552/4000 [25:27<23:01,  1.77it/s, loss=0.0183]
Training Navine AI Image:  39%|###8      | 1553/4000 [25:27<22:45,  1.79it/s, loss=0.0183]
Training Navine AI Image:  39%|###8      | 1553/4000 [25:27<22:45,  1.79it/s, loss=0.0034]
Training Navine AI Image:  39%|###8      | 1554/4000 [25:28<23:38,  1.72it/s, loss=0.0034]
Training Navine AI Image:  39%|###8      | 1554/4000 [25:28<23:38,  1.72it/s, loss=0.0061]
Training Navine AI Image:  39%|###8      | 1555/4000 [25:28<23:21,  1.74it/s, loss=0.0061]
Training Navine AI Image:  39%|###8      | 1555/4000 [25:29<23:21,  1.74it/s, loss=0.0055]
Training Navine AI Image:  39%|###8      | 1556/4000 [25:29<23:01,  1.77it/s, loss=0.0055]
Training Navine AI Image:  39%|###8      | 1556/4000 [25:29<23:01,  1.77it/s, loss=0.0096]
Training Navine AI Image:  39%|###8      | 1557/4000 [25:30<23:12,  1.75it/s, loss=0.0096]
Training Navine AI Image:  39%|###8      | 1557/4000 [25:30<23:12,  1.75it/s, loss=0.0183]
Training Navine AI Image:  39%|###8      | 1558/4000 [25:30<23:54,  1.70it/s, loss=0.0183]
Training Navine AI Image:  39%|###8      | 1558/4000 [25:30<23:54,  1.70it/s, loss=0.0077]
Training Navine AI Image:  39%|###8      | 1559/4000 [25:31<23:12,  1.75it/s, loss=0.0077]
Training Navine AI Image:  39%|###8      | 1559/4000 [25:31<23:12,  1.75it/s, loss=0.0035]
Training Navine AI Image:  39%|###9      | 1560/4000 [25:31<23:09,  1.76it/s, loss=0.0035]
Training Navine AI Image:  39%|###9      | 1560/4000 [25:31<23:09,  1.76it/s, loss=0.0165]
Training Navine AI Image:  39%|###9      | 1561/4000 [25:32<23:09,  1.75it/s, loss=0.0165]
Training Navine AI Image:  39%|###9      | 1561/4000 [25:32<23:09,  1.75it/s, loss=0.0104]
Training Navine AI Image:  39%|###9      | 1562/4000 [25:33<23:37,  1.72it/s, loss=0.0104]
Training Navine AI Image:  39%|###9      | 1562/4000 [25:33<23:37,  1.72it/s, loss=0.0032]
Training Navine AI Image:  39%|###9      | 1563/4000 [25:33<22:53,  1.77it/s, loss=0.0032]
Training Navine AI Image:  39%|###9      | 1563/4000 [25:33<22:53,  1.77it/s, loss=0.0037]
Training Navine AI Image:  39%|###9      | 1564/4000 [25:34<23:06,  1.76it/s, loss=0.0037]
Training Navine AI Image:  39%|###9      | 1564/4000 [25:34<23:06,  1.76it/s, loss=0.0069]
Training Navine AI Image:  39%|###9      | 1565/4000 [25:34<22:59,  1.76it/s, loss=0.0069]
Training Navine AI Image:  39%|###9      | 1565/4000 [25:34<22:59,  1.76it/s, loss=0.0057]
Training Navine AI Image:  39%|###9      | 1566/4000 [25:35<22:56,  1.77it/s, loss=0.0057]
Training Navine AI Image:  39%|###9      | 1566/4000 [25:35<22:56,  1.77it/s, loss=0.0083]
Training Navine AI Image:  39%|###9      | 1567/4000 [25:35<22:52,  1.77it/s, loss=0.0083]
Training Navine AI Image:  39%|###9      | 1567/4000 [25:35<22:52,  1.77it/s, loss=0.0707]
Training Navine AI Image:  39%|###9      | 1568/4000 [25:36<23:07,  1.75it/s, loss=0.0707]
Training Navine AI Image:  39%|###9      | 1568/4000 [25:36<23:07,  1.75it/s, loss=0.0034]
Training Navine AI Image:  39%|###9      | 1569/4000 [25:37<23:43,  1.71it/s, loss=0.0034]
Training Navine AI Image:  39%|###9      | 1569/4000 [25:37<23:43,  1.71it/s, loss=0.0117]
Training Navine AI Image:  39%|###9      | 1570/4000 [25:37<23:25,  1.73it/s, loss=0.0117]
Training Navine AI Image:  39%|###9      | 1570/4000 [25:37<23:25,  1.73it/s, loss=0.0059]
Training Navine AI Image:  39%|###9      | 1571/4000 [25:38<22:41,  1.78it/s, loss=0.0059]
Training Navine AI Image:  39%|###9      | 1571/4000 [25:38<22:41,  1.78it/s, loss=0.0066]
Training Navine AI Image:  39%|###9      | 1572/4000 [25:38<22:58,  1.76it/s, loss=0.0066]
Training Navine AI Image:  39%|###9      | 1572/4000 [25:38<22:58,  1.76it/s, loss=0.0047]
Training Navine AI Image:  39%|###9      | 1573/4000 [25:39<23:40,  1.71it/s, loss=0.0047]
Training Navine AI Image:  39%|###9      | 1573/4000 [25:39<23:40,  1.71it/s, loss=0.0053]
Training Navine AI Image:  39%|###9      | 1574/4000 [25:39<22:59,  1.76it/s, loss=0.0053]
Training Navine AI Image:  39%|###9      | 1574/4000 [25:39<22:59,  1.76it/s, loss=0.0018]
Training Navine AI Image:  39%|###9      | 1575/4000 [25:40<22:58,  1.76it/s, loss=0.0018]
Training Navine AI Image:  39%|###9      | 1575/4000 [25:40<22:58,  1.76it/s, loss=0.0350]
Training Navine AI Image:  39%|###9      | 1576/4000 [25:40<23:04,  1.75it/s, loss=0.0350]
Training Navine AI Image:  39%|###9      | 1576/4000 [25:41<23:04,  1.75it/s, loss=0.0266]
Training Navine AI Image:  39%|###9      | 1577/4000 [25:41<23:29,  1.72it/s, loss=0.0266]
Training Navine AI Image:  39%|###9      | 1577/4000 [25:41<23:29,  1.72it/s, loss=0.0223]
Training Navine AI Image:  39%|###9      | 1578/4000 [25:42<23:47,  1.70it/s, loss=0.0223]
Training Navine AI Image:  39%|###9      | 1578/4000 [25:42<23:47,  1.70it/s, loss=0.0111]
Training Navine AI Image:  39%|###9      | 1579/4000 [25:42<23:56,  1.69it/s, loss=0.0111]
Training Navine AI Image:  39%|###9      | 1579/4000 [25:42<23:56,  1.69it/s, loss=0.0065]
Training Navine AI Image:  40%|###9      | 1580/4000 [25:43<23:42,  1.70it/s, loss=0.0065]
Training Navine AI Image:  40%|###9      | 1580/4000 [25:43<23:42,  1.70it/s, loss=0.0110]
Training Navine AI Image:  40%|###9      | 1581/4000 [25:44<24:31,  1.64it/s, loss=0.0110]
Training Navine AI Image:  40%|###9      | 1581/4000 [25:44<24:31,  1.64it/s, loss=0.0039]
Training Navine AI Image:  40%|###9      | 1582/4000 [25:44<23:53,  1.69it/s, loss=0.0039]
Training Navine AI Image:  40%|###9      | 1582/4000 [25:44<23:53,  1.69it/s, loss=0.0037]
Training Navine AI Image:  40%|###9      | 1583/4000 [25:45<22:58,  1.75it/s, loss=0.0037]
Training Navine AI Image:  40%|###9      | 1583/4000 [25:45<22:58,  1.75it/s, loss=0.0029]
Training Navine AI Image:  40%|###9      | 1584/4000 [25:45<22:55,  1.76it/s, loss=0.0029]
Training Navine AI Image:  40%|###9      | 1584/4000 [25:45<22:55,  1.76it/s, loss=0.0086]
Training Navine AI Image:  40%|###9      | 1585/4000 [25:46<23:11,  1.74it/s, loss=0.0086]
Training Navine AI Image:  40%|###9      | 1585/4000 [25:46<23:11,  1.74it/s, loss=0.0214]
Training Navine AI Image:  40%|###9      | 1586/4000 [25:46<23:59,  1.68it/s, loss=0.0214]
Training Navine AI Image:  40%|###9      | 1586/4000 [25:46<23:59,  1.68it/s, loss=0.0025]
Training Navine AI Image:  40%|###9      | 1587/4000 [25:47<24:00,  1.67it/s, loss=0.0025]
Training Navine AI Image:  40%|###9      | 1587/4000 [25:47<24:00,  1.67it/s, loss=0.0097]
Training Navine AI Image:  40%|###9      | 1588/4000 [25:48<23:21,  1.72it/s, loss=0.0097]
Training Navine AI Image:  40%|###9      | 1588/4000 [25:48<23:21,  1.72it/s, loss=0.0231]
Training Navine AI Image:  40%|###9      | 1589/4000 [25:48<23:13,  1.73it/s, loss=0.0231]
Training Navine AI Image:  40%|###9      | 1589/4000 [25:48<23:13,  1.73it/s, loss=0.0062]
Training Navine AI Image:  40%|###9      | 1590/4000 [25:49<23:23,  1.72it/s, loss=0.0062]
Training Navine AI Image:  40%|###9      | 1590/4000 [25:49<23:23,  1.72it/s, loss=0.0081]
Training Navine AI Image:  40%|###9      | 1591/4000 [25:49<23:07,  1.74it/s, loss=0.0081]
Training Navine AI Image:  40%|###9      | 1591/4000 [25:49<23:07,  1.74it/s, loss=0.0033]
Training Navine AI Image:  40%|###9      | 1592/4000 [25:50<23:20,  1.72it/s, loss=0.0033]
Training Navine AI Image:  40%|###9      | 1592/4000 [25:50<23:20,  1.72it/s, loss=0.0036]
Training Navine AI Image:  40%|###9      | 1593/4000 [25:50<23:16,  1.72it/s, loss=0.0036]
Training Navine AI Image:  40%|###9      | 1593/4000 [25:50<23:16,  1.72it/s, loss=0.0172]
Training Navine AI Image:  40%|###9      | 1594/4000 [25:51<23:13,  1.73it/s, loss=0.0172]
Training Navine AI Image:  40%|###9      | 1594/4000 [25:51<23:13,  1.73it/s, loss=0.0051]
Training Navine AI Image:  40%|###9      | 1595/4000 [25:52<23:27,  1.71it/s, loss=0.0051]
Training Navine AI Image:  40%|###9      | 1595/4000 [25:52<23:27,  1.71it/s, loss=0.0126]
Training Navine AI Image:  40%|###9      | 1596/4000 [25:52<24:08,  1.66it/s, loss=0.0126]
Training Navine AI Image:  40%|###9      | 1596/4000 [25:52<24:08,  1.66it/s, loss=0.0246]
Training Navine AI Image:  40%|###9      | 1597/4000 [25:53<24:22,  1.64it/s, loss=0.0246]
Training Navine AI Image:  40%|###9      | 1597/4000 [25:53<24:22,  1.64it/s, loss=0.0113]
Training Navine AI Image:  40%|###9      | 1598/4000 [25:54<24:28,  1.64it/s, loss=0.0113]
Training Navine AI Image:  40%|###9      | 1598/4000 [25:54<24:28,  1.64it/s, loss=0.0040]
Training Navine AI Image:  40%|###9      | 1599/4000 [25:54<23:46,  1.68it/s, loss=0.0040]
Training Navine AI Image:  40%|###9      | 1599/4000 [25:54<23:46,  1.68it/s, loss=0.0204]
Training Navine AI Image:  40%|####      | 1600/4000 [25:55<23:24,  1.71it/s, loss=0.0204]
Training Navine AI Image:  40%|####      | 1600/4000 [25:55<23:24,  1.71it/s, loss=0.0182]
Training Navine AI Image:  40%|####      | 1601/4000 [25:55<23:53,  1.67it/s, loss=0.0182]
Training Navine AI Image:  40%|####      | 1601/4000 [25:55<23:53,  1.67it/s, loss=0.0046]
Training Navine AI Image:  40%|####      | 1602/4000 [25:56<22:56,  1.74it/s, loss=0.0046]
Training Navine AI Image:  40%|####      | 1602/4000 [25:56<22:56,  1.74it/s, loss=0.0136]
Training Navine AI Image:  40%|####      | 1603/4000 [25:56<22:38,  1.76it/s, loss=0.0136]
Training Navine AI Image:  40%|####      | 1603/4000 [25:56<22:38,  1.76it/s, loss=0.0123]
Training Navine AI Image:  40%|####      | 1604/4000 [25:57<22:37,  1.76it/s, loss=0.0123]
Training Navine AI Image:  40%|####      | 1604/4000 [25:57<22:37,  1.76it/s, loss=0.0083]
Training Navine AI Image:  40%|####      | 1605/4000 [25:58<23:24,  1.70it/s, loss=0.0083]
Training Navine AI Image:  40%|####      | 1605/4000 [25:58<23:24,  1.70it/s, loss=0.0067]
Training Navine AI Image:  40%|####      | 1606/4000 [25:58<22:32,  1.77it/s, loss=0.0067]
Training Navine AI Image:  40%|####      | 1606/4000 [25:58<22:32,  1.77it/s, loss=0.0091]
Training Navine AI Image:  40%|####      | 1607/4000 [25:59<22:36,  1.76it/s, loss=0.0091]
Training Navine AI Image:  40%|####      | 1607/4000 [25:59<22:36,  1.76it/s, loss=0.0063]
Training Navine AI Image:  40%|####      | 1608/4000 [25:59<22:49,  1.75it/s, loss=0.0063]
Training Navine AI Image:  40%|####      | 1608/4000 [25:59<22:49,  1.75it/s, loss=0.0105]
Training Navine AI Image:  40%|####      | 1609/4000 [26:00<23:11,  1.72it/s, loss=0.0105]
Training Navine AI Image:  40%|####      | 1609/4000 [26:00<23:11,  1.72it/s, loss=0.0050]
Training Navine AI Image:  40%|####      | 1610/4000 [26:00<22:32,  1.77it/s, loss=0.0050]
Training Navine AI Image:  40%|####      | 1610/4000 [26:00<22:32,  1.77it/s, loss=0.0541]
Training Navine AI Image:  40%|####      | 1611/4000 [26:01<22:51,  1.74it/s, loss=0.0541]
Training Navine AI Image:  40%|####      | 1611/4000 [26:01<22:51,  1.74it/s, loss=0.0103]
Training Navine AI Image:  40%|####      | 1612/4000 [26:02<23:28,  1.70it/s, loss=0.0103]
Training Navine AI Image:  40%|####      | 1612/4000 [26:02<23:28,  1.70it/s, loss=0.0031]
Training Navine AI Image:  40%|####      | 1613/4000 [26:02<23:05,  1.72it/s, loss=0.0031]
Training Navine AI Image:  40%|####      | 1613/4000 [26:02<23:05,  1.72it/s, loss=0.0088]
Training Navine AI Image:  40%|####      | 1614/4000 [26:03<22:50,  1.74it/s, loss=0.0088]
Training Navine AI Image:  40%|####      | 1614/4000 [26:03<22:50,  1.74it/s, loss=0.0131]
Training Navine AI Image:  40%|####      | 1615/4000 [26:03<23:05,  1.72it/s, loss=0.0131]
Training Navine AI Image:  40%|####      | 1615/4000 [26:03<23:05,  1.72it/s, loss=0.0067]
Training Navine AI Image:  40%|####      | 1616/4000 [26:04<23:32,  1.69it/s, loss=0.0067]
Training Navine AI Image:  40%|####      | 1616/4000 [26:04<23:32,  1.69it/s, loss=0.0060]
Training Navine AI Image:  40%|####      | 1617/4000 [26:04<22:44,  1.75it/s, loss=0.0060]
Training Navine AI Image:  40%|####      | 1617/4000 [26:04<22:44,  1.75it/s, loss=0.0069]
Training Navine AI Image:  40%|####      | 1618/4000 [26:05<22:46,  1.74it/s, loss=0.0069]
Training Navine AI Image:  40%|####      | 1618/4000 [26:05<22:46,  1.74it/s, loss=0.0098]
Training Navine AI Image:  40%|####      | 1619/4000 [26:06<23:35,  1.68it/s, loss=0.0098]
Training Navine AI Image:  40%|####      | 1619/4000 [26:06<23:35,  1.68it/s, loss=0.0060]
Training Navine AI Image:  40%|####      | 1620/4000 [26:06<22:36,  1.76it/s, loss=0.0060]
Training Navine AI Image:  40%|####      | 1620/4000 [26:06<22:36,  1.76it/s, loss=0.0041]
Training Navine AI Image:  41%|####      | 1621/4000 [26:07<22:43,  1.74it/s, loss=0.0041]
Training Navine AI Image:  41%|####      | 1621/4000 [26:07<22:43,  1.74it/s, loss=0.0036]
Training Navine AI Image:  41%|####      | 1622/4000 [26:07<22:38,  1.75it/s, loss=0.0036]
Training Navine AI Image:  41%|####      | 1622/4000 [26:07<22:38,  1.75it/s, loss=0.0060]
Training Navine AI Image:  41%|####      | 1623/4000 [26:08<22:38,  1.75it/s, loss=0.0060]
Training Navine AI Image:  41%|####      | 1623/4000 [26:08<22:38,  1.75it/s, loss=0.0062]
Training Navine AI Image:  41%|####      | 1624/4000 [26:08<22:34,  1.75it/s, loss=0.0062]
Training Navine AI Image:  41%|####      | 1624/4000 [26:08<22:34,  1.75it/s, loss=0.0124]
Training Navine AI Image:  41%|####      | 1625/4000 [26:09<22:37,  1.75it/s, loss=0.0124]
Training Navine AI Image:  41%|####      | 1625/4000 [26:09<22:37,  1.75it/s, loss=0.0077]
Training Navine AI Image:  41%|####      | 1626/4000 [26:10<22:34,  1.75it/s, loss=0.0077]
Training Navine AI Image:  41%|####      | 1626/4000 [26:10<22:34,  1.75it/s, loss=0.0102]
Training Navine AI Image:  41%|####      | 1627/4000 [26:10<22:51,  1.73it/s, loss=0.0102]
Training Navine AI Image:  41%|####      | 1627/4000 [26:10<22:51,  1.73it/s, loss=0.0187]
Training Navine AI Image:  41%|####      | 1628/4000 [26:11<22:51,  1.73it/s, loss=0.0187]
Training Navine AI Image:  41%|####      | 1628/4000 [26:11<22:51,  1.73it/s, loss=0.0141]
Training Navine AI Image:  41%|####      | 1629/4000 [26:11<23:18,  1.70it/s, loss=0.0141]
Training Navine AI Image:  41%|####      | 1629/4000 [26:11<23:18,  1.70it/s, loss=0.0175]
Training Navine AI Image:  41%|####      | 1630/4000 [26:12<23:04,  1.71it/s, loss=0.0175]
Training Navine AI Image:  41%|####      | 1630/4000 [26:12<23:04,  1.71it/s, loss=0.0032]
Training Navine AI Image:  41%|####      | 1631/4000 [26:12<22:19,  1.77it/s, loss=0.0032]
Training Navine AI Image:  41%|####      | 1631/4000 [26:12<22:19,  1.77it/s, loss=0.0095]
Training Navine AI Image:  41%|####      | 1632/4000 [26:13<22:15,  1.77it/s, loss=0.0095]
Training Navine AI Image:  41%|####      | 1632/4000 [26:13<22:15,  1.77it/s, loss=0.0137]
Training Navine AI Image:  41%|####      | 1633/4000 [26:14<22:59,  1.72it/s, loss=0.0137]
Training Navine AI Image:  41%|####      | 1633/4000 [26:14<22:59,  1.72it/s, loss=0.0570]
Training Navine AI Image:  41%|####      | 1634/4000 [26:14<22:14,  1.77it/s, loss=0.0570]
Training Navine AI Image:  41%|####      | 1634/4000 [26:14<22:14,  1.77it/s, loss=0.0068]
Training Navine AI Image:  41%|####      | 1635/4000 [26:15<22:34,  1.75it/s, loss=0.0068]
Training Navine AI Image:  41%|####      | 1635/4000 [26:15<22:34,  1.75it/s, loss=0.0113]
Training Navine AI Image:  41%|####      | 1636/4000 [26:15<22:29,  1.75it/s, loss=0.0113]
Training Navine AI Image:  41%|####      | 1636/4000 [26:15<22:29,  1.75it/s, loss=0.0510]
Training Navine AI Image:  41%|####      | 1637/4000 [26:16<23:00,  1.71it/s, loss=0.0510]
Training Navine AI Image:  41%|####      | 1637/4000 [26:16<23:00,  1.71it/s, loss=0.0353]
Training Navine AI Image:  41%|####      | 1638/4000 [26:16<22:16,  1.77it/s, loss=0.0353]
Training Navine AI Image:  41%|####      | 1638/4000 [26:16<22:16,  1.77it/s, loss=0.0293]
Training Navine AI Image:  41%|####      | 1639/4000 [26:17<22:35,  1.74it/s, loss=0.0293]
Training Navine AI Image:  41%|####      | 1639/4000 [26:17<22:35,  1.74it/s, loss=0.0070]
Training Navine AI Image:  41%|####1     | 1640/4000 [26:18<22:58,  1.71it/s, loss=0.0070]
Training Navine AI Image:  41%|####1     | 1640/4000 [26:18<22:58,  1.71it/s, loss=0.0110]
Training Navine AI Image:  41%|####1     | 1641/4000 [26:18<22:12,  1.77it/s, loss=0.0110]
Training Navine AI Image:  41%|####1     | 1641/4000 [26:18<22:12,  1.77it/s, loss=0.0109]
Training Navine AI Image:  41%|####1     | 1642/4000 [26:19<22:10,  1.77it/s, loss=0.0109]
Training Navine AI Image:  41%|####1     | 1642/4000 [26:19<22:10,  1.77it/s, loss=0.0021]
Training Navine AI Image:  41%|####1     | 1643/4000 [26:19<22:12,  1.77it/s, loss=0.0021]
Training Navine AI Image:  41%|####1     | 1643/4000 [26:19<22:12,  1.77it/s, loss=0.0099]
Training Navine AI Image:  41%|####1     | 1644/4000 [26:20<23:05,  1.70it/s, loss=0.0099]
Training Navine AI Image:  41%|####1     | 1644/4000 [26:20<23:05,  1.70it/s, loss=0.0115]
Training Navine AI Image:  41%|####1     | 1645/4000 [26:20<22:24,  1.75it/s, loss=0.0115]
Training Navine AI Image:  41%|####1     | 1645/4000 [26:21<22:24,  1.75it/s, loss=0.0053]
Training Navine AI Image:  41%|####1     | 1646/4000 [26:21<22:16,  1.76it/s, loss=0.0053]
Training Navine AI Image:  41%|####1     | 1646/4000 [26:21<22:16,  1.76it/s, loss=0.0677]
Training Navine AI Image:  41%|####1     | 1647/4000 [26:22<22:20,  1.76it/s, loss=0.0677]
Training Navine AI Image:  41%|####1     | 1647/4000 [26:22<22:20,  1.76it/s, loss=0.0189]
Training Navine AI Image:  41%|####1     | 1648/4000 [26:22<22:15,  1.76it/s, loss=0.0189]
Training Navine AI Image:  41%|####1     | 1648/4000 [26:22<22:15,  1.76it/s, loss=0.0228]
Training Navine AI Image:  41%|####1     | 1649/4000 [26:23<22:18,  1.76it/s, loss=0.0228]
Training Navine AI Image:  41%|####1     | 1649/4000 [26:23<22:18,  1.76it/s, loss=0.0098]
Training Navine AI Image:  41%|####1     | 1650/4000 [26:23<22:08,  1.77it/s, loss=0.0098]
Training Navine AI Image:  41%|####1     | 1650/4000 [26:23<22:08,  1.77it/s, loss=0.0045]
Training Navine AI Image:  41%|####1     | 1651/4000 [26:24<23:04,  1.70it/s, loss=0.0045]
Training Navine AI Image:  41%|####1     | 1651/4000 [26:24<23:04,  1.70it/s, loss=0.0230]
Training Navine AI Image:  41%|####1     | 1652/4000 [26:25<23:01,  1.70it/s, loss=0.0230]
Training Navine AI Image:  41%|####1     | 1652/4000 [26:25<23:01,  1.70it/s, loss=0.0035]
Training Navine AI Image:  41%|####1     | 1653/4000 [26:25<22:40,  1.73it/s, loss=0.0035]
Training Navine AI Image:  41%|####1     | 1653/4000 [26:25<22:40,  1.73it/s, loss=0.0180]
Training Navine AI Image:  41%|####1     | 1654/4000 [26:26<22:28,  1.74it/s, loss=0.0180]
Training Navine AI Image:  41%|####1     | 1654/4000 [26:26<22:28,  1.74it/s, loss=0.0183]
Training Navine AI Image:  41%|####1     | 1655/4000 [26:26<22:29,  1.74it/s, loss=0.0183]
Training Navine AI Image:  41%|####1     | 1655/4000 [26:26<22:29,  1.74it/s, loss=0.0149]
Training Navine AI Image:  41%|####1     | 1656/4000 [26:27<22:42,  1.72it/s, loss=0.0149]
Training Navine AI Image:  41%|####1     | 1656/4000 [26:27<22:42,  1.72it/s, loss=0.0127]
Training Navine AI Image:  41%|####1     | 1657/4000 [26:27<23:00,  1.70it/s, loss=0.0127]
Training Navine AI Image:  41%|####1     | 1657/4000 [26:27<23:00,  1.70it/s, loss=0.0039]
Training Navine AI Image:  41%|####1     | 1658/4000 [26:28<22:39,  1.72it/s, loss=0.0039]
Training Navine AI Image:  41%|####1     | 1658/4000 [26:28<22:39,  1.72it/s, loss=0.0098]
Training Navine AI Image:  41%|####1     | 1659/4000 [26:29<21:59,  1.77it/s, loss=0.0098]
Training Navine AI Image:  41%|####1     | 1659/4000 [26:29<21:59,  1.77it/s, loss=0.0059]
Training Navine AI Image:  42%|####1     | 1660/4000 [26:29<22:01,  1.77it/s, loss=0.0059]
Training Navine AI Image:  42%|####1     | 1660/4000 [26:29<22:01,  1.77it/s, loss=0.0067]
Training Navine AI Image:  42%|####1     | 1661/4000 [26:30<22:04,  1.77it/s, loss=0.0067]
Training Navine AI Image:  42%|####1     | 1661/4000 [26:30<22:04,  1.77it/s, loss=0.0077]
Training Navine AI Image:  42%|####1     | 1662/4000 [26:30<22:33,  1.73it/s, loss=0.0077]
Training Navine AI Image:  42%|####1     | 1662/4000 [26:30<22:33,  1.73it/s, loss=0.0026]
Training Navine AI Image:  42%|####1     | 1663/4000 [26:31<22:16,  1.75it/s, loss=0.0026]
Training Navine AI Image:  42%|####1     | 1663/4000 [26:31<22:16,  1.75it/s, loss=0.0093]
Training Navine AI Image:  42%|####1     | 1664/4000 [26:31<22:41,  1.72it/s, loss=0.0093]
Training Navine AI Image:  42%|####1     | 1664/4000 [26:31<22:41,  1.72it/s, loss=0.0048]
Training Navine AI Image:  42%|####1     | 1665/4000 [26:32<22:54,  1.70it/s, loss=0.0048]
Training Navine AI Image:  42%|####1     | 1665/4000 [26:32<22:54,  1.70it/s, loss=0.0078]
Training Navine AI Image:  42%|####1     | 1666/4000 [26:33<21:53,  1.78it/s, loss=0.0078]
Training Navine AI Image:  42%|####1     | 1666/4000 [26:33<21:53,  1.78it/s, loss=0.0133]
Training Navine AI Image:  42%|####1     | 1667/4000 [26:33<23:16,  1.67it/s, loss=0.0133]
Training Navine AI Image:  42%|####1     | 1667/4000 [26:33<23:16,  1.67it/s, loss=0.0270]
Training Navine AI Image:  42%|####1     | 1668/4000 [26:34<22:59,  1.69it/s, loss=0.0270]
Training Navine AI Image:  42%|####1     | 1668/4000 [26:34<22:59,  1.69it/s, loss=0.0043]
Training Navine AI Image:  42%|####1     | 1669/4000 [26:34<22:21,  1.74it/s, loss=0.0043]
Training Navine AI Image:  42%|####1     | 1669/4000 [26:34<22:21,  1.74it/s, loss=0.0049]
Training Navine AI Image:  42%|####1     | 1670/4000 [26:35<23:07,  1.68it/s, loss=0.0049]
Training Navine AI Image:  42%|####1     | 1670/4000 [26:35<23:07,  1.68it/s, loss=0.0077]
Training Navine AI Image:  42%|####1     | 1671/4000 [26:36<22:17,  1.74it/s, loss=0.0077]
Training Navine AI Image:  42%|####1     | 1671/4000 [26:36<22:17,  1.74it/s, loss=0.0033]
Training Navine AI Image:  42%|####1     | 1672/4000 [26:36<22:20,  1.74it/s, loss=0.0033]
Training Navine AI Image:  42%|####1     | 1672/4000 [26:36<22:20,  1.74it/s, loss=0.0326]
Training Navine AI Image:  42%|####1     | 1673/4000 [26:37<22:12,  1.75it/s, loss=0.0326]
Training Navine AI Image:  42%|####1     | 1673/4000 [26:37<22:12,  1.75it/s, loss=0.0160]
Training Navine AI Image:  42%|####1     | 1674/4000 [26:37<22:04,  1.76it/s, loss=0.0160]
Training Navine AI Image:  42%|####1     | 1674/4000 [26:37<22:04,  1.76it/s, loss=0.0242]
Training Navine AI Image:  42%|####1     | 1675/4000 [26:38<22:06,  1.75it/s, loss=0.0242]
Training Navine AI Image:  42%|####1     | 1675/4000 [26:38<22:06,  1.75it/s, loss=0.0082]
Training Navine AI Image:  42%|####1     | 1676/4000 [26:38<22:06,  1.75it/s, loss=0.0082]
Training Navine AI Image:  42%|####1     | 1676/4000 [26:38<22:06,  1.75it/s, loss=0.0059]
Training Navine AI Image:  42%|####1     | 1677/4000 [26:39<22:00,  1.76it/s, loss=0.0059]
Training Navine AI Image:  42%|####1     | 1677/4000 [26:39<22:00,  1.76it/s, loss=0.0074]
Training Navine AI Image:  42%|####1     | 1678/4000 [26:39<21:59,  1.76it/s, loss=0.0074]
Training Navine AI Image:  42%|####1     | 1678/4000 [26:40<21:59,  1.76it/s, loss=0.0106]
Training Navine AI Image:  42%|####1     | 1679/4000 [26:40<22:32,  1.72it/s, loss=0.0106]
Training Navine AI Image:  42%|####1     | 1679/4000 [26:40<22:32,  1.72it/s, loss=0.0083]
Training Navine AI Image:  42%|####2     | 1680/4000 [26:41<22:03,  1.75it/s, loss=0.0083]
Training Navine AI Image:  42%|####2     | 1680/4000 [26:41<22:03,  1.75it/s, loss=0.0534]
Training Navine AI Image:  42%|####2     | 1681/4000 [26:41<21:53,  1.77it/s, loss=0.0534]
Training Navine AI Image:  42%|####2     | 1681/4000 [26:41<21:53,  1.77it/s, loss=0.0055]
Training Navine AI Image:  42%|####2     | 1682/4000 [26:42<22:01,  1.75it/s, loss=0.0055]
Training Navine AI Image:  42%|####2     | 1682/4000 [26:42<22:01,  1.75it/s, loss=0.0169]
Training Navine AI Image:  42%|####2     | 1683/4000 [26:42<22:10,  1.74it/s, loss=0.0169]
Training Navine AI Image:  42%|####2     | 1683/4000 [26:42<22:10,  1.74it/s, loss=0.0174]
Training Navine AI Image:  42%|####2     | 1684/4000 [26:43<22:02,  1.75it/s, loss=0.0174]
Training Navine AI Image:  42%|####2     | 1684/4000 [26:43<22:02,  1.75it/s, loss=0.0212]
Training Navine AI Image:  42%|####2     | 1685/4000 [26:44<22:39,  1.70it/s, loss=0.0212]
Training Navine AI Image:  42%|####2     | 1685/4000 [26:44<22:39,  1.70it/s, loss=0.0257]
Training Navine AI Image:  42%|####2     | 1686/4000 [26:44<22:24,  1.72it/s, loss=0.0257]
Training Navine AI Image:  42%|####2     | 1686/4000 [26:44<22:24,  1.72it/s, loss=0.0118]
Training Navine AI Image:  42%|####2     | 1687/4000 [26:45<21:54,  1.76it/s, loss=0.0118]
Training Navine AI Image:  42%|####2     | 1687/4000 [26:45<21:54,  1.76it/s, loss=0.0108]
Training Navine AI Image:  42%|####2     | 1688/4000 [26:45<21:53,  1.76it/s, loss=0.0108]
Training Navine AI Image:  42%|####2     | 1688/4000 [26:45<21:53,  1.76it/s, loss=0.0100]
Training Navine AI Image:  42%|####2     | 1689/4000 [26:46<21:59,  1.75it/s, loss=0.0100]
Training Navine AI Image:  42%|####2     | 1689/4000 [26:46<21:59,  1.75it/s, loss=0.0222]
Training Navine AI Image:  42%|####2     | 1690/4000 [26:46<22:00,  1.75it/s, loss=0.0222]
Training Navine AI Image:  42%|####2     | 1690/4000 [26:46<22:00,  1.75it/s, loss=0.0087]
Training Navine AI Image:  42%|####2     | 1691/4000 [26:47<21:58,  1.75it/s, loss=0.0087]
Training Navine AI Image:  42%|####2     | 1691/4000 [26:47<21:58,  1.75it/s, loss=0.0103]
Training Navine AI Image:  42%|####2     | 1692/4000 [26:48<22:27,  1.71it/s, loss=0.0103]
Training Navine AI Image:  42%|####2     | 1692/4000 [26:48<22:27,  1.71it/s, loss=0.0326]
Training Navine AI Image:  42%|####2     | 1693/4000 [26:48<22:06,  1.74it/s, loss=0.0326]
Training Navine AI Image:  42%|####2     | 1693/4000 [26:48<22:06,  1.74it/s, loss=0.0049]
Training Navine AI Image:  42%|####2     | 1694/4000 [26:49<22:01,  1.74it/s, loss=0.0049]
Training Navine AI Image:  42%|####2     | 1694/4000 [26:49<22:01,  1.74it/s, loss=0.0057]
Training Navine AI Image:  42%|####2     | 1695/4000 [26:49<21:50,  1.76it/s, loss=0.0057]
Training Navine AI Image:  42%|####2     | 1695/4000 [26:49<21:50,  1.76it/s, loss=0.0047]
Training Navine AI Image:  42%|####2     | 1696/4000 [26:50<21:39,  1.77it/s, loss=0.0047]
Training Navine AI Image:  42%|####2     | 1696/4000 [26:50<21:39,  1.77it/s, loss=0.0040]
Training Navine AI Image:  42%|####2     | 1697/4000 [26:50<21:42,  1.77it/s, loss=0.0040]
Training Navine AI Image:  42%|####2     | 1697/4000 [26:50<21:42,  1.77it/s, loss=0.0352]
Training Navine AI Image:  42%|####2     | 1698/4000 [26:51<22:11,  1.73it/s, loss=0.0352]
Training Navine AI Image:  42%|####2     | 1698/4000 [26:51<22:11,  1.73it/s, loss=0.0191]
Training Navine AI Image:  42%|####2     | 1699/4000 [26:52<22:05,  1.74it/s, loss=0.0191]
Training Navine AI Image:  42%|####2     | 1699/4000 [26:52<22:05,  1.74it/s, loss=0.0289]
Training Navine AI Image:  42%|####2     | 1700/4000 [26:52<22:05,  1.74it/s, loss=0.0289]
Training Navine AI Image:  42%|####2     | 1700/4000 [26:52<22:05,  1.74it/s, loss=0.0065]
Training Navine AI Image:  43%|####2     | 1701/4000 [26:53<21:55,  1.75it/s, loss=0.0065]
Training Navine AI Image:  43%|####2     | 1701/4000 [26:53<21:55,  1.75it/s, loss=0.0126]
Training Navine AI Image:  43%|####2     | 1702/4000 [26:53<21:53,  1.75it/s, loss=0.0126]
Training Navine AI Image:  43%|####2     | 1702/4000 [26:53<21:53,  1.75it/s, loss=0.0163]
Training Navine AI Image:  43%|####2     | 1703/4000 [26:54<21:48,  1.75it/s, loss=0.0163]
Training Navine AI Image:  43%|####2     | 1703/4000 [26:54<21:48,  1.75it/s, loss=0.0265]
Training Navine AI Image:  43%|####2     | 1704/4000 [26:54<21:56,  1.74it/s, loss=0.0265]
Training Navine AI Image:  43%|####2     | 1704/4000 [26:54<21:56,  1.74it/s, loss=0.0049]
Training Navine AI Image:  43%|####2     | 1705/4000 [26:55<21:46,  1.76it/s, loss=0.0049]
Training Navine AI Image:  43%|####2     | 1705/4000 [26:55<21:46,  1.76it/s, loss=0.0071]
Training Navine AI Image:  43%|####2     | 1706/4000 [26:56<21:41,  1.76it/s, loss=0.0071]
Training Navine AI Image:  43%|####2     | 1706/4000 [26:56<21:41,  1.76it/s, loss=0.0051]
Training Navine AI Image:  43%|####2     | 1707/4000 [26:56<22:21,  1.71it/s, loss=0.0051]
Training Navine AI Image:  43%|####2     | 1707/4000 [26:56<22:21,  1.71it/s, loss=0.0213]
Training Navine AI Image:  43%|####2     | 1708/4000 [26:57<21:32,  1.77it/s, loss=0.0213]
Training Navine AI Image:  43%|####2     | 1708/4000 [26:57<21:32,  1.77it/s, loss=0.0069]
Training Navine AI Image:  43%|####2     | 1709/4000 [26:57<21:52,  1.75it/s, loss=0.0069]
Training Navine AI Image:  43%|####2     | 1709/4000 [26:57<21:52,  1.75it/s, loss=0.0361]
Training Navine AI Image:  43%|####2     | 1710/4000 [26:58<21:53,  1.74it/s, loss=0.0361]
Training Navine AI Image:  43%|####2     | 1710/4000 [26:58<21:53,  1.74it/s, loss=0.0124]
Training Navine AI Image:  43%|####2     | 1711/4000 [26:58<21:43,  1.76it/s, loss=0.0124]
Training Navine AI Image:  43%|####2     | 1711/4000 [26:58<21:43,  1.76it/s, loss=0.0068]
Training Navine AI Image:  43%|####2     | 1712/4000 [26:59<22:07,  1.72it/s, loss=0.0068]
Training Navine AI Image:  43%|####2     | 1712/4000 [26:59<22:07,  1.72it/s, loss=0.0094]
Training Navine AI Image:  43%|####2     | 1713/4000 [27:00<21:22,  1.78it/s, loss=0.0094]
Training Navine AI Image:  43%|####2     | 1713/4000 [27:00<21:22,  1.78it/s, loss=0.0061]
Training Navine AI Image:  43%|####2     | 1714/4000 [27:00<21:17,  1.79it/s, loss=0.0061]
Training Navine AI Image:  43%|####2     | 1714/4000 [27:00<21:17,  1.79it/s, loss=0.0067]
Training Navine AI Image:  43%|####2     | 1715/4000 [27:01<21:27,  1.77it/s, loss=0.0067]
Training Navine AI Image:  43%|####2     | 1715/4000 [27:01<21:27,  1.77it/s, loss=0.0093]
Training Navine AI Image:  43%|####2     | 1716/4000 [27:01<21:28,  1.77it/s, loss=0.0093]
Training Navine AI Image:  43%|####2     | 1716/4000 [27:01<21:28,  1.77it/s, loss=0.0603]
Training Navine AI Image:  43%|####2     | 1717/4000 [27:02<21:22,  1.78it/s, loss=0.0603]
Training Navine AI Image:  43%|####2     | 1717/4000 [27:02<21:22,  1.78it/s, loss=0.0042]
Training Navine AI Image:  43%|####2     | 1718/4000 [27:02<21:22,  1.78it/s, loss=0.0042]
Training Navine AI Image:  43%|####2     | 1718/4000 [27:02<21:22,  1.78it/s, loss=0.0395]
Training Navine AI Image:  43%|####2     | 1719/4000 [27:03<21:41,  1.75it/s, loss=0.0395]
Training Navine AI Image:  43%|####2     | 1719/4000 [27:03<21:41,  1.75it/s, loss=0.0131]
Training Navine AI Image:  43%|####3     | 1720/4000 [27:03<21:47,  1.74it/s, loss=0.0131]
Training Navine AI Image:  43%|####3     | 1720/4000 [27:04<21:47,  1.74it/s, loss=0.0052]
Training Navine AI Image:  43%|####3     | 1721/4000 [27:04<21:36,  1.76it/s, loss=0.0052]
Training Navine AI Image:  43%|####3     | 1721/4000 [27:04<21:36,  1.76it/s, loss=0.0074]
Training Navine AI Image:  43%|####3     | 1722/4000 [27:05<21:40,  1.75it/s, loss=0.0074]
Training Navine AI Image:  43%|####3     | 1722/4000 [27:05<21:40,  1.75it/s, loss=0.0042]
Training Navine AI Image:  43%|####3     | 1723/4000 [27:05<22:39,  1.67it/s, loss=0.0042]
Training Navine AI Image:  43%|####3     | 1723/4000 [27:05<22:39,  1.67it/s, loss=0.0106]
Training Navine AI Image:  43%|####3     | 1724/4000 [27:06<21:46,  1.74it/s, loss=0.0106]
Training Navine AI Image:  43%|####3     | 1724/4000 [27:06<21:46,  1.74it/s, loss=0.0371]
Training Navine AI Image:  43%|####3     | 1725/4000 [27:06<21:29,  1.76it/s, loss=0.0371]
Training Navine AI Image:  43%|####3     | 1725/4000 [27:06<21:29,  1.76it/s, loss=0.0255]
Training Navine AI Image:  43%|####3     | 1726/4000 [27:07<21:37,  1.75it/s, loss=0.0255]
Training Navine AI Image:  43%|####3     | 1726/4000 [27:07<21:37,  1.75it/s, loss=0.0358]
Training Navine AI Image:  43%|####3     | 1727/4000 [27:08<22:07,  1.71it/s, loss=0.0358]
Training Navine AI Image:  43%|####3     | 1727/4000 [27:08<22:07,  1.71it/s, loss=0.0152]
Training Navine AI Image:  43%|####3     | 1728/4000 [27:08<21:43,  1.74it/s, loss=0.0152]
Training Navine AI Image:  43%|####3     | 1728/4000 [27:08<21:43,  1.74it/s, loss=0.0488]
Training Navine AI Image:  43%|####3     | 1729/4000 [27:09<21:34,  1.75it/s, loss=0.0488]
Training Navine AI Image:  43%|####3     | 1729/4000 [27:09<21:34,  1.75it/s, loss=0.0925]
Training Navine AI Image:  43%|####3     | 1730/4000 [27:09<22:11,  1.70it/s, loss=0.0925]
Training Navine AI Image:  43%|####3     | 1730/4000 [27:09<22:11,  1.70it/s, loss=0.0058]
Training Navine AI Image:  43%|####3     | 1731/4000 [27:10<21:33,  1.75it/s, loss=0.0058]
Training Navine AI Image:  43%|####3     | 1731/4000 [27:10<21:33,  1.75it/s, loss=0.0073]
Training Navine AI Image:  43%|####3     | 1732/4000 [27:10<21:40,  1.74it/s, loss=0.0073]
Training Navine AI Image:  43%|####3     | 1732/4000 [27:10<21:40,  1.74it/s, loss=0.0429]
Training Navine AI Image:  43%|####3     | 1733/4000 [27:11<21:39,  1.74it/s, loss=0.0429]
Training Navine AI Image:  43%|####3     | 1733/4000 [27:11<21:39,  1.74it/s, loss=0.0057]
Training Navine AI Image:  43%|####3     | 1734/4000 [27:12<22:03,  1.71it/s, loss=0.0057]
Training Navine AI Image:  43%|####3     | 1734/4000 [27:12<22:03,  1.71it/s, loss=0.0226]
Training Navine AI Image:  43%|####3     | 1735/4000 [27:12<21:28,  1.76it/s, loss=0.0226]
Training Navine AI Image:  43%|####3     | 1735/4000 [27:12<21:28,  1.76it/s, loss=0.0348]
Training Navine AI Image:  43%|####3     | 1736/4000 [27:13<21:35,  1.75it/s, loss=0.0348]
Training Navine AI Image:  43%|####3     | 1736/4000 [27:13<21:35,  1.75it/s, loss=0.0191]
Training Navine AI Image:  43%|####3     | 1737/4000 [27:13<22:11,  1.70it/s, loss=0.0191]
Training Navine AI Image:  43%|####3     | 1737/4000 [27:13<22:11,  1.70it/s, loss=0.0092]
Training Navine AI Image:  43%|####3     | 1738/4000 [27:14<21:36,  1.74it/s, loss=0.0092]
Training Navine AI Image:  43%|####3     | 1738/4000 [27:14<21:36,  1.74it/s, loss=0.0026]
Training Navine AI Image:  43%|####3     | 1739/4000 [27:14<21:41,  1.74it/s, loss=0.0026]
Training Navine AI Image:  43%|####3     | 1739/4000 [27:14<21:41,  1.74it/s, loss=0.0689]
Training Navine AI Image:  44%|####3     | 1740/4000 [27:15<22:15,  1.69it/s, loss=0.0689]
Training Navine AI Image:  44%|####3     | 1740/4000 [27:15<22:15,  1.69it/s, loss=0.0121]
Training Navine AI Image:  44%|####3     | 1741/4000 [27:16<22:23,  1.68it/s, loss=0.0121]
Training Navine AI Image:  44%|####3     | 1741/4000 [27:16<22:23,  1.68it/s, loss=0.0083]
Training Navine AI Image:  44%|####3     | 1742/4000 [27:16<22:03,  1.71it/s, loss=0.0083]
Training Navine AI Image:  44%|####3     | 1742/4000 [27:16<22:03,  1.71it/s, loss=0.0099]
Training Navine AI Image:  44%|####3     | 1743/4000 [27:17<21:51,  1.72it/s, loss=0.0099]
Training Navine AI Image:  44%|####3     | 1743/4000 [27:17<21:51,  1.72it/s, loss=0.0107]
Training Navine AI Image:  44%|####3     | 1744/4000 [27:17<21:41,  1.73it/s, loss=0.0107]
Training Navine AI Image:  44%|####3     | 1744/4000 [27:17<21:41,  1.73it/s, loss=0.0078]
Training Navine AI Image:  44%|####3     | 1745/4000 [27:18<23:15,  1.62it/s, loss=0.0078]
Training Navine AI Image:  44%|####3     | 1745/4000 [27:18<23:15,  1.62it/s, loss=0.0120]
Training Navine AI Image:  44%|####3     | 1746/4000 [27:19<23:26,  1.60it/s, loss=0.0120]
Training Navine AI Image:  44%|####3     | 1746/4000 [27:19<23:26,  1.60it/s, loss=0.0092]
Training Navine AI Image:  44%|####3     | 1747/4000 [27:19<22:32,  1.67it/s, loss=0.0092]
Training Navine AI Image:  44%|####3     | 1747/4000 [27:19<22:32,  1.67it/s, loss=0.0342]
Training Navine AI Image:  44%|####3     | 1748/4000 [27:20<22:14,  1.69it/s, loss=0.0342]
Training Navine AI Image:  44%|####3     | 1748/4000 [27:20<22:14,  1.69it/s, loss=0.0071]
Training Navine AI Image:  44%|####3     | 1749/4000 [27:21<25:41,  1.46it/s, loss=0.0071]
Training Navine AI Image:  44%|####3     | 1749/4000 [27:21<25:41,  1.46it/s, loss=0.0191]
Training Navine AI Image:  44%|####3     | 1750/4000 [27:21<24:45,  1.51it/s, loss=0.0191]
Training Navine AI Image:  44%|####3     | 1750/4000 [27:21<24:45,  1.51it/s, loss=0.0055]
Training Navine AI Image:  44%|####3     | 1751/4000 [27:22<29:33,  1.27it/s, loss=0.0055]
Training Navine AI Image:  44%|####3     | 1751/4000 [27:22<29:33,  1.27it/s, loss=0.0054]
Training Navine AI Image:  44%|####3     | 1752/4000 [27:23<26:32,  1.41it/s, loss=0.0054]
Training Navine AI Image:  44%|####3     | 1752/4000 [27:23<26:32,  1.41it/s, loss=0.0028]
Training Navine AI Image:  44%|####3     | 1753/4000 [27:24<24:54,  1.50it/s, loss=0.0028]
Training Navine AI Image:  44%|####3     | 1753/4000 [27:24<24:54,  1.50it/s, loss=0.0049]
Training Navine AI Image:  44%|####3     | 1754/4000 [27:24<24:26,  1.53it/s, loss=0.0049]
Training Navine AI Image:  44%|####3     | 1754/4000 [27:24<24:26,  1.53it/s, loss=0.0049]
Training Navine AI Image:  44%|####3     | 1755/4000 [27:25<23:04,  1.62it/s, loss=0.0049]
Training Navine AI Image:  44%|####3     | 1755/4000 [27:25<23:04,  1.62it/s, loss=0.0085]
Training Navine AI Image:  44%|####3     | 1756/4000 [27:25<22:33,  1.66it/s, loss=0.0085]
Training Navine AI Image:  44%|####3     | 1756/4000 [27:25<22:33,  1.66it/s, loss=0.0065]
Training Navine AI Image:  44%|####3     | 1757/4000 [27:26<22:07,  1.69it/s, loss=0.0065]
Training Navine AI Image:  44%|####3     | 1757/4000 [27:26<22:07,  1.69it/s, loss=0.0585]
Training Navine AI Image:  44%|####3     | 1758/4000 [27:26<21:53,  1.71it/s, loss=0.0585]
Training Navine AI Image:  44%|####3     | 1758/4000 [27:26<21:53,  1.71it/s, loss=0.0127]
Training Navine AI Image:  44%|####3     | 1759/4000 [27:27<22:01,  1.70it/s, loss=0.0127]
Training Navine AI Image:  44%|####3     | 1759/4000 [27:27<22:01,  1.70it/s, loss=0.0146]
Training Navine AI Image:  44%|####4     | 1760/4000 [27:28<21:39,  1.72it/s, loss=0.0146]
Training Navine AI Image:  44%|####4     | 1760/4000 [27:28<21:39,  1.72it/s, loss=0.0112]
Training Navine AI Image:  44%|####4     | 1761/4000 [27:28<21:48,  1.71it/s, loss=0.0112]
Training Navine AI Image:  44%|####4     | 1761/4000 [27:28<21:48,  1.71it/s, loss=0.0054]
Training Navine AI Image:  44%|####4     | 1762/4000 [27:29<21:38,  1.72it/s, loss=0.0054]
Training Navine AI Image:  44%|####4     | 1762/4000 [27:29<21:38,  1.72it/s, loss=0.0034]
Training Navine AI Image:  44%|####4     | 1763/4000 [27:29<21:59,  1.70it/s, loss=0.0034]
Training Navine AI Image:  44%|####4     | 1763/4000 [27:29<21:59,  1.70it/s, loss=0.0143]
Training Navine AI Image:  44%|####4     | 1764/4000 [27:30<22:13,  1.68it/s, loss=0.0143]
Training Navine AI Image:  44%|####4     | 1764/4000 [27:30<22:13,  1.68it/s, loss=0.0110]
Training Navine AI Image:  44%|####4     | 1765/4000 [27:30<21:45,  1.71it/s, loss=0.0110]
Training Navine AI Image:  44%|####4     | 1765/4000 [27:31<21:45,  1.71it/s, loss=0.0883]
Training Navine AI Image:  44%|####4     | 1766/4000 [27:31<21:19,  1.75it/s, loss=0.0883]
Training Navine AI Image:  44%|####4     | 1766/4000 [27:31<21:19,  1.75it/s, loss=0.0081]
Training Navine AI Image:  44%|####4     | 1767/4000 [27:32<21:17,  1.75it/s, loss=0.0081]
Training Navine AI Image:  44%|####4     | 1767/4000 [27:32<21:17,  1.75it/s, loss=0.0042]
Training Navine AI Image:  44%|####4     | 1768/4000 [27:32<21:45,  1.71it/s, loss=0.0042]
Training Navine AI Image:  44%|####4     | 1768/4000 [27:32<21:45,  1.71it/s, loss=0.0074]
Training Navine AI Image:  44%|####4     | 1769/4000 [27:33<23:08,  1.61it/s, loss=0.0074]
Training Navine AI Image:  44%|####4     | 1769/4000 [27:33<23:08,  1.61it/s, loss=0.0071]
Training Navine AI Image:  44%|####4     | 1770/4000 [27:33<22:15,  1.67it/s, loss=0.0071]
Training Navine AI Image:  44%|####4     | 1770/4000 [27:33<22:15,  1.67it/s, loss=0.0227]
Training Navine AI Image:  44%|####4     | 1771/4000 [27:34<21:33,  1.72it/s, loss=0.0227]
Training Navine AI Image:  44%|####4     | 1771/4000 [27:34<21:33,  1.72it/s, loss=0.0049]
Training Navine AI Image:  44%|####4     | 1772/4000 [27:35<21:31,  1.72it/s, loss=0.0049]
Training Navine AI Image:  44%|####4     | 1772/4000 [27:35<21:31,  1.72it/s, loss=0.0100]
Training Navine AI Image:  44%|####4     | 1773/4000 [27:35<21:29,  1.73it/s, loss=0.0100]
Training Navine AI Image:  44%|####4     | 1773/4000 [27:35<21:29,  1.73it/s, loss=0.0063]
Training Navine AI Image:  44%|####4     | 1774/4000 [27:36<21:20,  1.74it/s, loss=0.0063]
Training Navine AI Image:  44%|####4     | 1774/4000 [27:36<21:20,  1.74it/s, loss=0.0119]
Training Navine AI Image:  44%|####4     | 1775/4000 [27:36<21:25,  1.73it/s, loss=0.0119]
Training Navine AI Image:  44%|####4     | 1775/4000 [27:36<21:25,  1.73it/s, loss=0.0072]
Training Navine AI Image:  44%|####4     | 1776/4000 [27:37<21:50,  1.70it/s, loss=0.0072]
Training Navine AI Image:  44%|####4     | 1776/4000 [27:37<21:50,  1.70it/s, loss=0.0983]
Training Navine AI Image:  44%|####4     | 1777/4000 [27:37<21:11,  1.75it/s, loss=0.0983]
Training Navine AI Image:  44%|####4     | 1777/4000 [27:38<21:11,  1.75it/s, loss=0.0082]
Training Navine AI Image:  44%|####4     | 1778/4000 [27:38<21:14,  1.74it/s, loss=0.0082]
Training Navine AI Image:  44%|####4     | 1778/4000 [27:38<21:14,  1.74it/s, loss=0.0109]
Training Navine AI Image:  44%|####4     | 1779/4000 [27:39<21:28,  1.72it/s, loss=0.0109]
Training Navine AI Image:  44%|####4     | 1779/4000 [27:39<21:28,  1.72it/s, loss=0.0080]
Training Navine AI Image:  44%|####4     | 1780/4000 [27:39<21:51,  1.69it/s, loss=0.0080]
Training Navine AI Image:  44%|####4     | 1780/4000 [27:39<21:51,  1.69it/s, loss=0.0085]
Training Navine AI Image:  45%|####4     | 1781/4000 [27:40<21:13,  1.74it/s, loss=0.0085]
Training Navine AI Image:  45%|####4     | 1781/4000 [27:40<21:13,  1.74it/s, loss=0.0037]
Training Navine AI Image:  45%|####4     | 1782/4000 [27:40<21:04,  1.75it/s, loss=0.0037]
Training Navine AI Image:  45%|####4     | 1782/4000 [27:40<21:04,  1.75it/s, loss=0.0079]
Training Navine AI Image:  45%|####4     | 1783/4000 [27:41<21:24,  1.73it/s, loss=0.0079]
Training Navine AI Image:  45%|####4     | 1783/4000 [27:41<21:24,  1.73it/s, loss=0.0095]
Training Navine AI Image:  45%|####4     | 1784/4000 [27:41<20:49,  1.77it/s, loss=0.0095]
Training Navine AI Image:  45%|####4     | 1784/4000 [27:42<20:49,  1.77it/s, loss=0.0163]
Training Navine AI Image:  45%|####4     | 1785/4000 [27:42<20:51,  1.77it/s, loss=0.0163]
Training Navine AI Image:  45%|####4     | 1785/4000 [27:42<20:51,  1.77it/s, loss=0.0192]
Training Navine AI Image:  45%|####4     | 1786/4000 [27:43<21:00,  1.76it/s, loss=0.0192]
Training Navine AI Image:  45%|####4     | 1786/4000 [27:43<21:00,  1.76it/s, loss=0.0057]
Training Navine AI Image:  45%|####4     | 1787/4000 [27:43<20:57,  1.76it/s, loss=0.0057]
Training Navine AI Image:  45%|####4     | 1787/4000 [27:43<20:57,  1.76it/s, loss=0.0046]
Training Navine AI Image:  45%|####4     | 1788/4000 [27:44<21:37,  1.70it/s, loss=0.0046]
Training Navine AI Image:  45%|####4     | 1788/4000 [27:44<21:37,  1.70it/s, loss=0.0103]
Training Navine AI Image:  45%|####4     | 1789/4000 [27:44<22:03,  1.67it/s, loss=0.0103]
Training Navine AI Image:  45%|####4     | 1789/4000 [27:44<22:03,  1.67it/s, loss=0.0067]
Training Navine AI Image:  45%|####4     | 1790/4000 [27:45<21:25,  1.72it/s, loss=0.0067]
Training Navine AI Image:  45%|####4     | 1790/4000 [27:45<21:25,  1.72it/s, loss=0.0170]
Training Navine AI Image:  45%|####4     | 1791/4000 [27:46<21:32,  1.71it/s, loss=0.0170]
Training Navine AI Image:  45%|####4     | 1791/4000 [27:46<21:32,  1.71it/s, loss=0.0114]
Training Navine AI Image:  45%|####4     | 1792/4000 [27:46<21:19,  1.73it/s, loss=0.0114]
Training Navine AI Image:  45%|####4     | 1792/4000 [27:46<21:19,  1.73it/s, loss=0.0060]
Training Navine AI Image:  45%|####4     | 1793/4000 [27:47<21:37,  1.70it/s, loss=0.0060]
Training Navine AI Image:  45%|####4     | 1793/4000 [27:47<21:37,  1.70it/s, loss=0.0126]
Training Navine AI Image:  45%|####4     | 1794/4000 [27:47<20:50,  1.76it/s, loss=0.0126]
Training Navine AI Image:  45%|####4     | 1794/4000 [27:47<20:50,  1.76it/s, loss=0.0110]
Training Navine AI Image:  45%|####4     | 1795/4000 [27:48<20:52,  1.76it/s, loss=0.0110]
Training Navine AI Image:  45%|####4     | 1795/4000 [27:48<20:52,  1.76it/s, loss=0.0108]
Training Navine AI Image:  45%|####4     | 1796/4000 [27:48<20:50,  1.76it/s, loss=0.0108]
Training Navine AI Image:  45%|####4     | 1796/4000 [27:48<20:50,  1.76it/s, loss=0.0147]
Training Navine AI Image:  45%|####4     | 1797/4000 [27:49<21:14,  1.73it/s, loss=0.0147]
Training Navine AI Image:  45%|####4     | 1797/4000 [27:49<21:14,  1.73it/s, loss=0.0164]
Training Navine AI Image:  45%|####4     | 1798/4000 [27:50<20:36,  1.78it/s, loss=0.0164]
Training Navine AI Image:  45%|####4     | 1798/4000 [27:50<20:36,  1.78it/s, loss=0.0759]
Training Navine AI Image:  45%|####4     | 1799/4000 [27:50<21:47,  1.68it/s, loss=0.0759]
Training Navine AI Image:  45%|####4     | 1799/4000 [27:50<21:47,  1.68it/s, loss=0.0132]
Training Navine AI Image:  45%|####5     | 1800/4000 [27:51<22:02,  1.66it/s, loss=0.0132]
Training Navine AI Image:  45%|####5     | 1800/4000 [27:51<22:02,  1.66it/s, loss=0.0079]
Training Navine AI Image:  45%|####5     | 1801/4000 [27:51<22:33,  1.62it/s, loss=0.0079]
Training Navine AI Image:  45%|####5     | 1801/4000 [27:51<22:33,  1.62it/s, loss=0.0038]
Training Navine AI Image:  45%|####5     | 1802/4000 [27:52<22:22,  1.64it/s, loss=0.0038]
Training Navine AI Image:  45%|####5     | 1802/4000 [27:52<22:22,  1.64it/s, loss=0.0228]
Training Navine AI Image:  45%|####5     | 1803/4000 [27:53<21:52,  1.67it/s, loss=0.0228]
Training Navine AI Image:  45%|####5     | 1803/4000 [27:53<21:52,  1.67it/s, loss=0.0273]
Training Navine AI Image:  45%|####5     | 1804/4000 [27:53<21:49,  1.68it/s, loss=0.0273]
Training Navine AI Image:  45%|####5     | 1804/4000 [27:53<21:49,  1.68it/s, loss=0.0092]
Training Navine AI Image:  45%|####5     | 1805/4000 [27:54<21:16,  1.72it/s, loss=0.0092]
Training Navine AI Image:  45%|####5     | 1805/4000 [27:54<21:16,  1.72it/s, loss=0.0159]
Training Navine AI Image:  45%|####5     | 1806/4000 [27:54<21:16,  1.72it/s, loss=0.0159]
Training Navine AI Image:  45%|####5     | 1806/4000 [27:54<21:16,  1.72it/s, loss=0.0109]
Training Navine AI Image:  45%|####5     | 1807/4000 [27:55<21:15,  1.72it/s, loss=0.0109]
Training Navine AI Image:  45%|####5     | 1807/4000 [27:55<21:15,  1.72it/s, loss=0.0254]
Training Navine AI Image:  45%|####5     | 1808/4000 [27:56<21:10,  1.72it/s, loss=0.0254]
Training Navine AI Image:  45%|####5     | 1808/4000 [27:56<21:10,  1.72it/s, loss=0.0778]
Training Navine AI Image:  45%|####5     | 1809/4000 [27:56<20:45,  1.76it/s, loss=0.0778]
Training Navine AI Image:  45%|####5     | 1809/4000 [27:56<20:45,  1.76it/s, loss=0.0042]
Training Navine AI Image:  45%|####5     | 1810/4000 [27:57<21:16,  1.72it/s, loss=0.0042]
Training Navine AI Image:  45%|####5     | 1810/4000 [27:57<21:16,  1.72it/s, loss=0.0228]
Training Navine AI Image:  45%|####5     | 1811/4000 [27:57<21:01,  1.73it/s, loss=0.0228]
Training Navine AI Image:  45%|####5     | 1811/4000 [27:57<21:01,  1.73it/s, loss=0.0048]
Training Navine AI Image:  45%|####5     | 1812/4000 [27:58<21:35,  1.69it/s, loss=0.0048]
Training Navine AI Image:  45%|####5     | 1812/4000 [27:58<21:35,  1.69it/s, loss=0.0156]
Training Navine AI Image:  45%|####5     | 1813/4000 [27:58<22:00,  1.66it/s, loss=0.0156]
Training Navine AI Image:  45%|####5     | 1813/4000 [27:58<22:00,  1.66it/s, loss=0.0189]
Training Navine AI Image:  45%|####5     | 1814/4000 [27:59<21:16,  1.71it/s, loss=0.0189]
Training Navine AI Image:  45%|####5     | 1814/4000 [27:59<21:16,  1.71it/s, loss=0.0046]
Training Navine AI Image:  45%|####5     | 1815/4000 [28:00<21:48,  1.67it/s, loss=0.0046]
Training Navine AI Image:  45%|####5     | 1815/4000 [28:00<21:48,  1.67it/s, loss=0.0046]
Training Navine AI Image:  45%|####5     | 1816/4000 [28:00<21:11,  1.72it/s, loss=0.0046]
Training Navine AI Image:  45%|####5     | 1816/4000 [28:00<21:11,  1.72it/s, loss=0.0076]
Training Navine AI Image:  45%|####5     | 1817/4000 [28:01<20:45,  1.75it/s, loss=0.0076]
Training Navine AI Image:  45%|####5     | 1817/4000 [28:01<20:45,  1.75it/s, loss=0.0044]
Training Navine AI Image:  45%|####5     | 1818/4000 [28:01<20:52,  1.74it/s, loss=0.0044]
Training Navine AI Image:  45%|####5     | 1818/4000 [28:01<20:52,  1.74it/s, loss=0.0729]
Training Navine AI Image:  45%|####5     | 1819/4000 [28:02<20:53,  1.74it/s, loss=0.0729]
Training Navine AI Image:  45%|####5     | 1819/4000 [28:02<20:53,  1.74it/s, loss=0.0524]
Training Navine AI Image:  46%|####5     | 1820/4000 [28:03<21:13,  1.71it/s, loss=0.0524]
Training Navine AI Image:  46%|####5     | 1820/4000 [28:03<21:13,  1.71it/s, loss=0.0098]
Training Navine AI Image:  46%|####5     | 1821/4000 [28:03<20:32,  1.77it/s, loss=0.0098]
Training Navine AI Image:  46%|####5     | 1821/4000 [28:03<20:32,  1.77it/s, loss=0.0054]
Training Navine AI Image:  46%|####5     | 1822/4000 [28:04<20:33,  1.77it/s, loss=0.0054]
Training Navine AI Image:  46%|####5     | 1822/4000 [28:04<20:33,  1.77it/s, loss=0.0156]
Training Navine AI Image:  46%|####5     | 1823/4000 [28:04<21:02,  1.72it/s, loss=0.0156]
Training Navine AI Image:  46%|####5     | 1823/4000 [28:04<21:02,  1.72it/s, loss=0.0073]
Training Navine AI Image:  46%|####5     | 1824/4000 [28:05<20:25,  1.78it/s, loss=0.0073]
Training Navine AI Image:  46%|####5     | 1824/4000 [28:05<20:25,  1.78it/s, loss=0.0031]
Training Navine AI Image:  46%|####5     | 1825/4000 [28:05<20:36,  1.76it/s, loss=0.0031]
Training Navine AI Image:  46%|####5     | 1825/4000 [28:05<20:36,  1.76it/s, loss=0.0165]
Training Navine AI Image:  46%|####5     | 1826/4000 [28:06<20:27,  1.77it/s, loss=0.0165]
Training Navine AI Image:  46%|####5     | 1826/4000 [28:06<20:27,  1.77it/s, loss=0.0108]
Training Navine AI Image:  46%|####5     | 1827/4000 [28:06<20:58,  1.73it/s, loss=0.0108]
Training Navine AI Image:  46%|####5     | 1827/4000 [28:06<20:58,  1.73it/s, loss=0.0806]
Training Navine AI Image:  46%|####5     | 1828/4000 [28:07<20:17,  1.78it/s, loss=0.0806]
Training Navine AI Image:  46%|####5     | 1828/4000 [28:07<20:17,  1.78it/s, loss=0.0079]
Training Navine AI Image:  46%|####5     | 1829/4000 [28:08<20:25,  1.77it/s, loss=0.0079]
Training Navine AI Image:  46%|####5     | 1829/4000 [28:08<20:25,  1.77it/s, loss=0.0069]
Training Navine AI Image:  46%|####5     | 1830/4000 [28:08<20:21,  1.78it/s, loss=0.0069]
Training Navine AI Image:  46%|####5     | 1830/4000 [28:08<20:21,  1.78it/s, loss=0.0106]
Training Navine AI Image:  46%|####5     | 1831/4000 [28:09<21:15,  1.70it/s, loss=0.0106]
Training Navine AI Image:  46%|####5     | 1831/4000 [28:09<21:15,  1.70it/s, loss=0.0259]
Training Navine AI Image:  46%|####5     | 1832/4000 [28:09<20:33,  1.76it/s, loss=0.0259]
Training Navine AI Image:  46%|####5     | 1832/4000 [28:09<20:33,  1.76it/s, loss=0.0163]
Training Navine AI Image:  46%|####5     | 1833/4000 [28:10<20:38,  1.75it/s, loss=0.0163]
Training Navine AI Image:  46%|####5     | 1833/4000 [28:10<20:38,  1.75it/s, loss=0.0046]
Training Navine AI Image:  46%|####5     | 1834/4000 [28:11<21:11,  1.70it/s, loss=0.0046]
Training Navine AI Image:  46%|####5     | 1834/4000 [28:11<21:11,  1.70it/s, loss=0.0214]
Training Navine AI Image:  46%|####5     | 1835/4000 [28:11<20:58,  1.72it/s, loss=0.0214]
Training Navine AI Image:  46%|####5     | 1835/4000 [28:11<20:58,  1.72it/s, loss=0.0097]
Training Navine AI Image:  46%|####5     | 1836/4000 [28:12<20:33,  1.75it/s, loss=0.0097]
Training Navine AI Image:  46%|####5     | 1836/4000 [28:12<20:33,  1.75it/s, loss=0.0083]
Training Navine AI Image:  46%|####5     | 1837/4000 [28:12<21:52,  1.65it/s, loss=0.0083]
Training Navine AI Image:  46%|####5     | 1837/4000 [28:12<21:52,  1.65it/s, loss=0.0071]
Training Navine AI Image:  46%|####5     | 1838/4000 [28:13<21:29,  1.68it/s, loss=0.0071]
Training Navine AI Image:  46%|####5     | 1838/4000 [28:13<21:29,  1.68it/s, loss=0.0206]
Training Navine AI Image:  46%|####5     | 1839/4000 [28:13<21:33,  1.67it/s, loss=0.0206]
Training Navine AI Image:  46%|####5     | 1839/4000 [28:13<21:33,  1.67it/s, loss=0.0067]
Training Navine AI Image:  46%|####6     | 1840/4000 [28:14<21:13,  1.70it/s, loss=0.0067]
Training Navine AI Image:  46%|####6     | 1840/4000 [28:14<21:13,  1.70it/s, loss=0.0136]
Training Navine AI Image:  46%|####6     | 1841/4000 [28:15<21:33,  1.67it/s, loss=0.0136]
Training Navine AI Image:  46%|####6     | 1841/4000 [28:15<21:33,  1.67it/s, loss=0.0109]
Training Navine AI Image:  46%|####6     | 1842/4000 [28:15<21:22,  1.68it/s, loss=0.0109]
Training Navine AI Image:  46%|####6     | 1842/4000 [28:15<21:22,  1.68it/s, loss=0.0066]
Training Navine AI Image:  46%|####6     | 1843/4000 [28:16<20:30,  1.75it/s, loss=0.0066]
Training Navine AI Image:  46%|####6     | 1843/4000 [28:16<20:30,  1.75it/s, loss=0.0107]
Training Navine AI Image:  46%|####6     | 1844/4000 [28:16<20:34,  1.75it/s, loss=0.0107]
Training Navine AI Image:  46%|####6     | 1844/4000 [28:16<20:34,  1.75it/s, loss=0.0242]
Training Navine AI Image:  46%|####6     | 1845/4000 [28:17<20:34,  1.75it/s, loss=0.0242]
Training Navine AI Image:  46%|####6     | 1845/4000 [28:17<20:34,  1.75it/s, loss=0.0024]
Training Navine AI Image:  46%|####6     | 1846/4000 [28:18<21:12,  1.69it/s, loss=0.0024]
Training Navine AI Image:  46%|####6     | 1846/4000 [28:18<21:12,  1.69it/s, loss=0.0139]
Training Navine AI Image:  46%|####6     | 1847/4000 [28:18<22:01,  1.63it/s, loss=0.0139]
Training Navine AI Image:  46%|####6     | 1847/4000 [28:18<22:01,  1.63it/s, loss=0.0101]
Training Navine AI Image:  46%|####6     | 1848/4000 [28:19<21:23,  1.68it/s, loss=0.0101]
Training Navine AI Image:  46%|####6     | 1848/4000 [28:19<21:23,  1.68it/s, loss=0.0057]
Training Navine AI Image:  46%|####6     | 1849/4000 [28:19<21:07,  1.70it/s, loss=0.0057]
Training Navine AI Image:  46%|####6     | 1849/4000 [28:19<21:07,  1.70it/s, loss=0.0065]
Training Navine AI Image:  46%|####6     | 1850/4000 [28:20<21:07,  1.70it/s, loss=0.0065]
Training Navine AI Image:  46%|####6     | 1850/4000 [28:20<21:07,  1.70it/s, loss=0.0038]
Training Navine AI Image:  46%|####6     | 1851/4000 [28:20<20:34,  1.74it/s, loss=0.0038]
Training Navine AI Image:  46%|####6     | 1851/4000 [28:21<20:34,  1.74it/s, loss=0.0398]
Training Navine AI Image:  46%|####6     | 1852/4000 [28:21<20:22,  1.76it/s, loss=0.0398]
Training Navine AI Image:  46%|####6     | 1852/4000 [28:21<20:22,  1.76it/s, loss=0.0076]
Training Navine AI Image:  46%|####6     | 1853/4000 [28:22<20:18,  1.76it/s, loss=0.0076]
Training Navine AI Image:  46%|####6     | 1853/4000 [28:22<20:18,  1.76it/s, loss=0.0143]
Training Navine AI Image:  46%|####6     | 1854/4000 [28:22<20:18,  1.76it/s, loss=0.0143]
Training Navine AI Image:  46%|####6     | 1854/4000 [28:22<20:18,  1.76it/s, loss=0.0098]
Training Navine AI Image:  46%|####6     | 1855/4000 [28:23<20:51,  1.71it/s, loss=0.0098]
Training Navine AI Image:  46%|####6     | 1855/4000 [28:23<20:51,  1.71it/s, loss=0.0078]
Training Navine AI Image:  46%|####6     | 1856/4000 [28:23<20:39,  1.73it/s, loss=0.0078]
Training Navine AI Image:  46%|####6     | 1856/4000 [28:23<20:39,  1.73it/s, loss=0.0054]
Training Navine AI Image:  46%|####6     | 1857/4000 [28:24<20:08,  1.77it/s, loss=0.0054]
Training Navine AI Image:  46%|####6     | 1857/4000 [28:24<20:08,  1.77it/s, loss=0.0064]
Training Navine AI Image:  46%|####6     | 1858/4000 [28:25<21:02,  1.70it/s, loss=0.0064]
Training Navine AI Image:  46%|####6     | 1858/4000 [28:25<21:02,  1.70it/s, loss=0.0308]
Training Navine AI Image:  46%|####6     | 1859/4000 [28:25<20:28,  1.74it/s, loss=0.0308]
Training Navine AI Image:  46%|####6     | 1859/4000 [28:25<20:28,  1.74it/s, loss=0.0071]
Training Navine AI Image:  46%|####6     | 1860/4000 [28:26<20:28,  1.74it/s, loss=0.0071]
Training Navine AI Image:  46%|####6     | 1860/4000 [28:26<20:28,  1.74it/s, loss=0.0052]
Training Navine AI Image:  47%|####6     | 1861/4000 [28:26<20:28,  1.74it/s, loss=0.0052]
Training Navine AI Image:  47%|####6     | 1861/4000 [28:26<20:28,  1.74it/s, loss=0.0188]
Training Navine AI Image:  47%|####6     | 1862/4000 [28:27<20:20,  1.75it/s, loss=0.0188]
Training Navine AI Image:  47%|####6     | 1862/4000 [28:27<20:20,  1.75it/s, loss=0.0066]
Training Navine AI Image:  47%|####6     | 1863/4000 [28:27<20:34,  1.73it/s, loss=0.0066]
Training Navine AI Image:  47%|####6     | 1863/4000 [28:27<20:34,  1.73it/s, loss=0.0078]
Training Navine AI Image:  47%|####6     | 1864/4000 [28:28<20:13,  1.76it/s, loss=0.0078]
Training Navine AI Image:  47%|####6     | 1864/4000 [28:28<20:13,  1.76it/s, loss=0.0078]
Training Navine AI Image:  47%|####6     | 1865/4000 [28:29<20:45,  1.71it/s, loss=0.0078]
Training Navine AI Image:  47%|####6     | 1865/4000 [28:29<20:45,  1.71it/s, loss=0.0057]
Training Navine AI Image:  47%|####6     | 1866/4000 [28:29<20:12,  1.76it/s, loss=0.0057]
Training Navine AI Image:  47%|####6     | 1866/4000 [28:29<20:12,  1.76it/s, loss=0.0069]
Training Navine AI Image:  47%|####6     | 1867/4000 [28:30<20:07,  1.77it/s, loss=0.0069]
Training Navine AI Image:  47%|####6     | 1867/4000 [28:30<20:07,  1.77it/s, loss=0.0067]
Training Navine AI Image:  47%|####6     | 1868/4000 [28:30<20:12,  1.76it/s, loss=0.0067]
Training Navine AI Image:  47%|####6     | 1868/4000 [28:30<20:12,  1.76it/s, loss=0.0072]
Training Navine AI Image:  47%|####6     | 1869/4000 [28:31<21:06,  1.68it/s, loss=0.0072]
Training Navine AI Image:  47%|####6     | 1869/4000 [28:31<21:06,  1.68it/s, loss=0.0084]
Training Navine AI Image:  47%|####6     | 1870/4000 [28:31<20:48,  1.71it/s, loss=0.0084]
Training Navine AI Image:  47%|####6     | 1870/4000 [28:31<20:48,  1.71it/s, loss=0.0024]
Training Navine AI Image:  47%|####6     | 1871/4000 [28:32<21:04,  1.68it/s, loss=0.0024]
Training Navine AI Image:  47%|####6     | 1871/4000 [28:32<21:04,  1.68it/s, loss=0.0159]
Training Navine AI Image:  47%|####6     | 1872/4000 [28:33<20:45,  1.71it/s, loss=0.0159]
Training Navine AI Image:  47%|####6     | 1872/4000 [28:33<20:45,  1.71it/s, loss=0.0394]
Training Navine AI Image:  47%|####6     | 1873/4000 [28:33<20:09,  1.76it/s, loss=0.0394]
Training Navine AI Image:  47%|####6     | 1873/4000 [28:33<20:09,  1.76it/s, loss=0.0067]
Training Navine AI Image:  47%|####6     | 1874/4000 [28:34<20:19,  1.74it/s, loss=0.0067]
Training Navine AI Image:  47%|####6     | 1874/4000 [28:34<20:19,  1.74it/s, loss=0.0113]
Training Navine AI Image:  47%|####6     | 1875/4000 [28:34<20:16,  1.75it/s, loss=0.0113]
Training Navine AI Image:  47%|####6     | 1875/4000 [28:34<20:16,  1.75it/s, loss=0.0049]
Training Navine AI Image:  47%|####6     | 1876/4000 [28:35<20:15,  1.75it/s, loss=0.0049]
Training Navine AI Image:  47%|####6     | 1876/4000 [28:35<20:15,  1.75it/s, loss=0.0102]
Training Navine AI Image:  47%|####6     | 1877/4000 [28:35<19:58,  1.77it/s, loss=0.0102]
Training Navine AI Image:  47%|####6     | 1877/4000 [28:35<19:58,  1.77it/s, loss=0.0095]
Training Navine AI Image:  47%|####6     | 1878/4000 [28:36<20:13,  1.75it/s, loss=0.0095]
Training Navine AI Image:  47%|####6     | 1878/4000 [28:36<20:13,  1.75it/s, loss=0.0179]
Training Navine AI Image:  47%|####6     | 1879/4000 [28:37<20:40,  1.71it/s, loss=0.0179]
Training Navine AI Image:  47%|####6     | 1879/4000 [28:37<20:40,  1.71it/s, loss=0.0042]
Training Navine AI Image:  47%|####6     | 1880/4000 [28:37<20:32,  1.72it/s, loss=0.0042]
Training Navine AI Image:  47%|####6     | 1880/4000 [28:37<20:32,  1.72it/s, loss=0.0049]
Training Navine AI Image:  47%|####7     | 1881/4000 [28:38<20:20,  1.74it/s, loss=0.0049]
Training Navine AI Image:  47%|####7     | 1881/4000 [28:38<20:20,  1.74it/s, loss=0.0121]
Training Navine AI Image:  47%|####7     | 1882/4000 [28:38<20:33,  1.72it/s, loss=0.0121]
Training Navine AI Image:  47%|####7     | 1882/4000 [28:38<20:33,  1.72it/s, loss=0.0060]
Training Navine AI Image:  47%|####7     | 1883/4000 [28:39<20:24,  1.73it/s, loss=0.0060]
Training Navine AI Image:  47%|####7     | 1883/4000 [28:39<20:24,  1.73it/s, loss=0.0110]
Training Navine AI Image:  47%|####7     | 1884/4000 [28:39<20:11,  1.75it/s, loss=0.0110]
Training Navine AI Image:  47%|####7     | 1884/4000 [28:40<20:11,  1.75it/s, loss=0.0056]
Training Navine AI Image:  47%|####7     | 1885/4000 [28:40<19:55,  1.77it/s, loss=0.0056]
Training Navine AI Image:  47%|####7     | 1885/4000 [28:40<19:55,  1.77it/s, loss=0.0093]
Training Navine AI Image:  47%|####7     | 1886/4000 [28:41<20:15,  1.74it/s, loss=0.0093]
Training Navine AI Image:  47%|####7     | 1886/4000 [28:41<20:15,  1.74it/s, loss=0.0183]
Training Navine AI Image:  47%|####7     | 1887/4000 [28:41<19:37,  1.79it/s, loss=0.0183]
Training Navine AI Image:  47%|####7     | 1887/4000 [28:41<19:37,  1.79it/s, loss=0.0125]
Training Navine AI Image:  47%|####7     | 1888/4000 [28:42<19:42,  1.79it/s, loss=0.0125]
Training Navine AI Image:  47%|####7     | 1888/4000 [28:42<19:42,  1.79it/s, loss=0.0101]
Training Navine AI Image:  47%|####7     | 1889/4000 [28:42<19:49,  1.77it/s, loss=0.0101]
Training Navine AI Image:  47%|####7     | 1889/4000 [28:42<19:49,  1.77it/s, loss=0.0030]
Training Navine AI Image:  47%|####7     | 1890/4000 [28:43<20:31,  1.71it/s, loss=0.0030]
Training Navine AI Image:  47%|####7     | 1890/4000 [28:43<20:31,  1.71it/s, loss=0.0088]
Training Navine AI Image:  47%|####7     | 1891/4000 [28:43<20:05,  1.75it/s, loss=0.0088]
Training Navine AI Image:  47%|####7     | 1891/4000 [28:43<20:05,  1.75it/s, loss=0.0022]
Training Navine AI Image:  47%|####7     | 1892/4000 [28:44<19:42,  1.78it/s, loss=0.0022]
Training Navine AI Image:  47%|####7     | 1892/4000 [28:44<19:42,  1.78it/s, loss=0.0179]
Training Navine AI Image:  47%|####7     | 1893/4000 [28:45<19:46,  1.78it/s, loss=0.0179]
Training Navine AI Image:  47%|####7     | 1893/4000 [28:45<19:46,  1.78it/s, loss=0.0066]
Training Navine AI Image:  47%|####7     | 1894/4000 [28:45<20:29,  1.71it/s, loss=0.0066]
Training Navine AI Image:  47%|####7     | 1894/4000 [28:45<20:29,  1.71it/s, loss=0.0171]
Training Navine AI Image:  47%|####7     | 1895/4000 [28:46<20:08,  1.74it/s, loss=0.0171]
Training Navine AI Image:  47%|####7     | 1895/4000 [28:46<20:08,  1.74it/s, loss=0.0131]
Training Navine AI Image:  47%|####7     | 1896/4000 [28:46<19:53,  1.76it/s, loss=0.0131]
Training Navine AI Image:  47%|####7     | 1896/4000 [28:46<19:53,  1.76it/s, loss=0.0086]
Training Navine AI Image:  47%|####7     | 1897/4000 [28:47<20:01,  1.75it/s, loss=0.0086]
Training Navine AI Image:  47%|####7     | 1897/4000 [28:47<20:01,  1.75it/s, loss=0.0121]
Training Navine AI Image:  47%|####7     | 1898/4000 [28:47<20:25,  1.71it/s, loss=0.0121]
Training Navine AI Image:  47%|####7     | 1898/4000 [28:47<20:25,  1.71it/s, loss=0.0107]
Training Navine AI Image:  47%|####7     | 1899/4000 [28:48<21:07,  1.66it/s, loss=0.0107]
Training Navine AI Image:  47%|####7     | 1899/4000 [28:48<21:07,  1.66it/s, loss=0.0173]
Training Navine AI Image:  48%|####7     | 1900/4000 [28:49<20:09,  1.74it/s, loss=0.0173]
Training Navine AI Image:  48%|####7     | 1900/4000 [28:49<20:09,  1.74it/s, loss=0.0543]
Training Navine AI Image:  48%|####7     | 1901/4000 [28:49<20:05,  1.74it/s, loss=0.0543]
Training Navine AI Image:  48%|####7     | 1901/4000 [28:49<20:05,  1.74it/s, loss=0.0028]
Training Navine AI Image:  48%|####7     | 1902/4000 [28:50<20:01,  1.75it/s, loss=0.0028]
Training Navine AI Image:  48%|####7     | 1902/4000 [28:50<20:01,  1.75it/s, loss=0.0176]
Training Navine AI Image:  48%|####7     | 1903/4000 [28:50<20:45,  1.68it/s, loss=0.0176]
Training Navine AI Image:  48%|####7     | 1903/4000 [28:50<20:45,  1.68it/s, loss=0.0083]
Training Navine AI Image:  48%|####7     | 1904/4000 [28:51<20:11,  1.73it/s, loss=0.0083]
Training Navine AI Image:  48%|####7     | 1904/4000 [28:51<20:11,  1.73it/s, loss=0.0060]
Training Navine AI Image:  48%|####7     | 1905/4000 [28:52<20:42,  1.69it/s, loss=0.0060]
Training Navine AI Image:  48%|####7     | 1905/4000 [28:52<20:42,  1.69it/s, loss=0.0091]
Training Navine AI Image:  48%|####7     | 1906/4000 [28:52<20:28,  1.70it/s, loss=0.0091]
Training Navine AI Image:  48%|####7     | 1906/4000 [28:52<20:28,  1.70it/s, loss=0.0085]
Training Navine AI Image:  48%|####7     | 1907/4000 [28:53<20:25,  1.71it/s, loss=0.0085]
Training Navine AI Image:  48%|####7     | 1907/4000 [28:53<20:25,  1.71it/s, loss=0.0162]
Training Navine AI Image:  48%|####7     | 1908/4000 [28:53<20:31,  1.70it/s, loss=0.0162]
Training Navine AI Image:  48%|####7     | 1908/4000 [28:53<20:31,  1.70it/s, loss=0.0045]
Training Navine AI Image:  48%|####7     | 1909/4000 [28:54<20:04,  1.74it/s, loss=0.0045]
Training Navine AI Image:  48%|####7     | 1909/4000 [28:54<20:04,  1.74it/s, loss=0.0073]
Training Navine AI Image:  48%|####7     | 1910/4000 [28:54<20:00,  1.74it/s, loss=0.0073]
Training Navine AI Image:  48%|####7     | 1910/4000 [28:55<20:00,  1.74it/s, loss=0.0197]
Training Navine AI Image:  48%|####7     | 1911/4000 [28:55<19:59,  1.74it/s, loss=0.0197]
Training Navine AI Image:  48%|####7     | 1911/4000 [28:55<19:59,  1.74it/s, loss=0.0710]
Training Navine AI Image:  48%|####7     | 1912/4000 [28:56<20:03,  1.73it/s, loss=0.0710]
Training Navine AI Image:  48%|####7     | 1912/4000 [28:56<20:03,  1.73it/s, loss=0.0773]
Training Navine AI Image:  48%|####7     | 1913/4000 [28:56<19:55,  1.75it/s, loss=0.0773]
Training Navine AI Image:  48%|####7     | 1913/4000 [28:56<19:55,  1.75it/s, loss=0.0176]
Training Navine AI Image:  48%|####7     | 1914/4000 [28:57<19:47,  1.76it/s, loss=0.0176]
Training Navine AI Image:  48%|####7     | 1914/4000 [28:57<19:47,  1.76it/s, loss=0.0074]
Training Navine AI Image:  48%|####7     | 1915/4000 [28:57<19:55,  1.74it/s, loss=0.0074]
Training Navine AI Image:  48%|####7     | 1915/4000 [28:57<19:55,  1.74it/s, loss=0.0200]
Training Navine AI Image:  48%|####7     | 1916/4000 [28:58<20:03,  1.73it/s, loss=0.0200]
Training Navine AI Image:  48%|####7     | 1916/4000 [28:58<20:03,  1.73it/s, loss=0.0146]
Training Navine AI Image:  48%|####7     | 1917/4000 [28:58<19:53,  1.74it/s, loss=0.0146]
Training Navine AI Image:  48%|####7     | 1917/4000 [28:59<19:53,  1.74it/s, loss=0.0131]
Training Navine AI Image:  48%|####7     | 1918/4000 [28:59<19:44,  1.76it/s, loss=0.0131]
Training Navine AI Image:  48%|####7     | 1918/4000 [28:59<19:44,  1.76it/s, loss=0.0250]
Training Navine AI Image:  48%|####7     | 1919/4000 [29:00<19:50,  1.75it/s, loss=0.0250]
Training Navine AI Image:  48%|####7     | 1919/4000 [29:00<19:50,  1.75it/s, loss=0.0023]
Training Navine AI Image:  48%|####8     | 1920/4000 [29:00<20:12,  1.72it/s, loss=0.0023]
Training Navine AI Image:  48%|####8     | 1920/4000 [29:00<20:12,  1.72it/s, loss=0.0037]
Training Navine AI Image:  48%|####8     | 1921/4000 [29:01<19:49,  1.75it/s, loss=0.0037]
Training Navine AI Image:  48%|####8     | 1921/4000 [29:01<19:49,  1.75it/s, loss=0.0044]
Training Navine AI Image:  48%|####8     | 1922/4000 [29:01<19:47,  1.75it/s, loss=0.0044]
Training Navine AI Image:  48%|####8     | 1922/4000 [29:01<19:47,  1.75it/s, loss=0.0145]
Training Navine AI Image:  48%|####8     | 1923/4000 [29:02<20:22,  1.70it/s, loss=0.0145]
Training Navine AI Image:  48%|####8     | 1923/4000 [29:02<20:22,  1.70it/s, loss=0.0073]
Training Navine AI Image:  48%|####8     | 1924/4000 [29:03<19:45,  1.75it/s, loss=0.0073]
Training Navine AI Image:  48%|####8     | 1924/4000 [29:03<19:45,  1.75it/s, loss=0.0160]
Training Navine AI Image:  48%|####8     | 1925/4000 [29:03<19:44,  1.75it/s, loss=0.0160]
Training Navine AI Image:  48%|####8     | 1925/4000 [29:03<19:44,  1.75it/s, loss=0.0380]
Training Navine AI Image:  48%|####8     | 1926/4000 [29:04<19:38,  1.76it/s, loss=0.0380]
Training Navine AI Image:  48%|####8     | 1926/4000 [29:04<19:38,  1.76it/s, loss=0.0050]
Training Navine AI Image:  48%|####8     | 1927/4000 [29:04<20:05,  1.72it/s, loss=0.0050]
Training Navine AI Image:  48%|####8     | 1927/4000 [29:04<20:05,  1.72it/s, loss=0.0044]
Training Navine AI Image:  48%|####8     | 1928/4000 [29:05<19:46,  1.75it/s, loss=0.0044]
Training Navine AI Image:  48%|####8     | 1928/4000 [29:05<19:46,  1.75it/s, loss=0.0101]
Training Navine AI Image:  48%|####8     | 1929/4000 [29:05<19:30,  1.77it/s, loss=0.0101]
Training Navine AI Image:  48%|####8     | 1929/4000 [29:05<19:30,  1.77it/s, loss=0.0165]
Training Navine AI Image:  48%|####8     | 1930/4000 [29:06<20:02,  1.72it/s, loss=0.0165]
Training Navine AI Image:  48%|####8     | 1930/4000 [29:06<20:02,  1.72it/s, loss=0.0023]
Training Navine AI Image:  48%|####8     | 1931/4000 [29:07<19:59,  1.72it/s, loss=0.0023]
Training Navine AI Image:  48%|####8     | 1931/4000 [29:07<19:59,  1.72it/s, loss=0.0106]
Training Navine AI Image:  48%|####8     | 1932/4000 [29:07<21:06,  1.63it/s, loss=0.0106]
Training Navine AI Image:  48%|####8     | 1932/4000 [29:07<21:06,  1.63it/s, loss=0.0116]
Training Navine AI Image:  48%|####8     | 1933/4000 [29:08<20:11,  1.71it/s, loss=0.0116]
Training Navine AI Image:  48%|####8     | 1933/4000 [29:08<20:11,  1.71it/s, loss=0.0064]
Training Navine AI Image:  48%|####8     | 1934/4000 [29:08<20:07,  1.71it/s, loss=0.0064]
Training Navine AI Image:  48%|####8     | 1934/4000 [29:08<20:07,  1.71it/s, loss=0.0090]
Training Navine AI Image:  48%|####8     | 1935/4000 [29:09<20:35,  1.67it/s, loss=0.0090]
Training Navine AI Image:  48%|####8     | 1935/4000 [29:09<20:35,  1.67it/s, loss=0.0045]
Training Navine AI Image:  48%|####8     | 1936/4000 [29:10<20:15,  1.70it/s, loss=0.0045]
Training Navine AI Image:  48%|####8     | 1936/4000 [29:10<20:15,  1.70it/s, loss=0.0242]
Training Navine AI Image:  48%|####8     | 1937/4000 [29:10<19:33,  1.76it/s, loss=0.0242]
Training Navine AI Image:  48%|####8     | 1937/4000 [29:10<19:33,  1.76it/s, loss=0.0089]
Training Navine AI Image:  48%|####8     | 1938/4000 [29:11<20:26,  1.68it/s, loss=0.0089]
Training Navine AI Image:  48%|####8     | 1938/4000 [29:11<20:26,  1.68it/s, loss=0.0109]
Training Navine AI Image:  48%|####8     | 1939/4000 [29:11<19:30,  1.76it/s, loss=0.0109]
Training Navine AI Image:  48%|####8     | 1939/4000 [29:11<19:30,  1.76it/s, loss=0.0118]
Training Navine AI Image:  48%|####8     | 1940/4000 [29:12<19:29,  1.76it/s, loss=0.0118]
Training Navine AI Image:  48%|####8     | 1940/4000 [29:12<19:29,  1.76it/s, loss=0.0473]
Training Navine AI Image:  49%|####8     | 1941/4000 [29:12<19:34,  1.75it/s, loss=0.0473]
Training Navine AI Image:  49%|####8     | 1941/4000 [29:12<19:34,  1.75it/s, loss=0.0028]
Training Navine AI Image:  49%|####8     | 1942/4000 [29:13<19:58,  1.72it/s, loss=0.0028]
Training Navine AI Image:  49%|####8     | 1942/4000 [29:13<19:58,  1.72it/s, loss=0.0099]
Training Navine AI Image:  49%|####8     | 1943/4000 [29:14<19:45,  1.74it/s, loss=0.0099]
Training Navine AI Image:  49%|####8     | 1943/4000 [29:14<19:45,  1.74it/s, loss=0.0046]
Training Navine AI Image:  49%|####8     | 1944/4000 [29:14<19:10,  1.79it/s, loss=0.0046]
Training Navine AI Image:  49%|####8     | 1944/4000 [29:14<19:10,  1.79it/s, loss=0.0053]
Training Navine AI Image:  49%|####8     | 1945/4000 [29:15<19:10,  1.79it/s, loss=0.0053]
Training Navine AI Image:  49%|####8     | 1945/4000 [29:15<19:10,  1.79it/s, loss=0.0089]
Training Navine AI Image:  49%|####8     | 1946/4000 [29:15<19:00,  1.80it/s, loss=0.0089]
Training Navine AI Image:  49%|####8     | 1946/4000 [29:15<19:00,  1.80it/s, loss=0.0079]
Training Navine AI Image:  49%|####8     | 1947/4000 [29:16<19:05,  1.79it/s, loss=0.0079]
Training Navine AI Image:  49%|####8     | 1947/4000 [29:16<19:05,  1.79it/s, loss=0.0034]
Training Navine AI Image:  49%|####8     | 1948/4000 [29:16<19:15,  1.78it/s, loss=0.0034]
Training Navine AI Image:  49%|####8     | 1948/4000 [29:16<19:15,  1.78it/s, loss=0.0068]
Training Navine AI Image:  49%|####8     | 1949/4000 [29:17<19:19,  1.77it/s, loss=0.0068]
Training Navine AI Image:  49%|####8     | 1949/4000 [29:17<19:19,  1.77it/s, loss=0.0081]
Training Navine AI Image:  49%|####8     | 1950/4000 [29:17<19:32,  1.75it/s, loss=0.0081]
Training Navine AI Image:  49%|####8     | 1950/4000 [29:18<19:32,  1.75it/s, loss=0.0319]
Training Navine AI Image:  49%|####8     | 1951/4000 [29:18<19:26,  1.76it/s, loss=0.0319]
Training Navine AI Image:  49%|####8     | 1951/4000 [29:18<19:26,  1.76it/s, loss=0.0110]
Training Navine AI Image:  49%|####8     | 1952/4000 [29:19<19:21,  1.76it/s, loss=0.0110]
Training Navine AI Image:  49%|####8     | 1952/4000 [29:19<19:21,  1.76it/s, loss=0.0246]
Training Navine AI Image:  49%|####8     | 1953/4000 [29:19<19:23,  1.76it/s, loss=0.0246]
Training Navine AI Image:  49%|####8     | 1953/4000 [29:19<19:23,  1.76it/s, loss=0.0028]
Training Navine AI Image:  49%|####8     | 1954/4000 [29:20<19:26,  1.75it/s, loss=0.0028]
Training Navine AI Image:  49%|####8     | 1954/4000 [29:20<19:26,  1.75it/s, loss=0.0135]
Training Navine AI Image:  49%|####8     | 1955/4000 [29:20<19:28,  1.75it/s, loss=0.0135]
Training Navine AI Image:  49%|####8     | 1955/4000 [29:20<19:28,  1.75it/s, loss=0.0118]
Training Navine AI Image:  49%|####8     | 1956/4000 [29:21<19:52,  1.71it/s, loss=0.0118]
Training Navine AI Image:  49%|####8     | 1956/4000 [29:21<19:52,  1.71it/s, loss=0.0150]
Training Navine AI Image:  49%|####8     | 1957/4000 [29:21<19:09,  1.78it/s, loss=0.0150]
Training Navine AI Image:  49%|####8     | 1957/4000 [29:21<19:09,  1.78it/s, loss=0.0373]
Training Navine AI Image:  49%|####8     | 1958/4000 [29:22<19:08,  1.78it/s, loss=0.0373]
Training Navine AI Image:  49%|####8     | 1958/4000 [29:22<19:08,  1.78it/s, loss=0.0057]
Training Navine AI Image:  49%|####8     | 1959/4000 [29:23<19:19,  1.76it/s, loss=0.0057]
Training Navine AI Image:  49%|####8     | 1959/4000 [29:23<19:19,  1.76it/s, loss=0.0148]
Training Navine AI Image:  49%|####9     | 1960/4000 [29:24<23:03,  1.47it/s, loss=0.0148]
Training Navine AI Image:  49%|####9     | 1960/4000 [29:24<23:03,  1.47it/s, loss=0.0063]
Training Navine AI Image:  49%|####9     | 1961/4000 [29:24<21:37,  1.57it/s, loss=0.0063]
Training Navine AI Image:  49%|####9     | 1961/4000 [29:24<21:37,  1.57it/s, loss=0.0124]
Training Navine AI Image:  49%|####9     | 1962/4000 [29:25<20:53,  1.63it/s, loss=0.0124]
Training Navine AI Image:  49%|####9     | 1962/4000 [29:25<20:53,  1.63it/s, loss=0.0421]
Training Navine AI Image:  49%|####9     | 1963/4000 [29:25<21:30,  1.58it/s, loss=0.0421]
Training Navine AI Image:  49%|####9     | 1963/4000 [29:25<21:30,  1.58it/s, loss=0.0026]
Training Navine AI Image:  49%|####9     | 1964/4000 [29:26<20:25,  1.66it/s, loss=0.0026]
Training Navine AI Image:  49%|####9     | 1964/4000 [29:26<20:25,  1.66it/s, loss=0.0052]
Training Navine AI Image:  49%|####9     | 1965/4000 [29:26<20:08,  1.68it/s, loss=0.0052]
Training Navine AI Image:  49%|####9     | 1965/4000 [29:26<20:08,  1.68it/s, loss=0.0161]
Training Navine AI Image:  49%|####9     | 1966/4000 [29:27<19:57,  1.70it/s, loss=0.0161]
Training Navine AI Image:  49%|####9     | 1966/4000 [29:27<19:57,  1.70it/s, loss=0.0067]
Training Navine AI Image:  49%|####9     | 1967/4000 [29:28<19:39,  1.72it/s, loss=0.0067]
Training Navine AI Image:  49%|####9     | 1967/4000 [29:28<19:39,  1.72it/s, loss=0.0080]
Training Navine AI Image:  49%|####9     | 1968/4000 [29:28<19:22,  1.75it/s, loss=0.0080]
Training Navine AI Image:  49%|####9     | 1968/4000 [29:28<19:22,  1.75it/s, loss=0.0097]
Training Navine AI Image:  49%|####9     | 1969/4000 [29:29<19:28,  1.74it/s, loss=0.0097]
Training Navine AI Image:  49%|####9     | 1969/4000 [29:29<19:28,  1.74it/s, loss=0.0094]
Training Navine AI Image:  49%|####9     | 1970/4000 [29:29<19:54,  1.70it/s, loss=0.0094]
Training Navine AI Image:  49%|####9     | 1970/4000 [29:29<19:54,  1.70it/s, loss=0.0083]
Training Navine AI Image:  49%|####9     | 1971/4000 [29:30<19:19,  1.75it/s, loss=0.0083]
Training Navine AI Image:  49%|####9     | 1971/4000 [29:30<19:19,  1.75it/s, loss=0.0047]
Training Navine AI Image:  49%|####9     | 1972/4000 [29:30<19:12,  1.76it/s, loss=0.0047]
Training Navine AI Image:  49%|####9     | 1972/4000 [29:30<19:12,  1.76it/s, loss=0.0055]
Training Navine AI Image:  49%|####9     | 1973/4000 [29:31<19:52,  1.70it/s, loss=0.0055]
Training Navine AI Image:  49%|####9     | 1973/4000 [29:31<19:52,  1.70it/s, loss=0.0031]
Training Navine AI Image:  49%|####9     | 1974/4000 [29:32<19:37,  1.72it/s, loss=0.0031]
Training Navine AI Image:  49%|####9     | 1974/4000 [29:32<19:37,  1.72it/s, loss=0.0234]
Training Navine AI Image:  49%|####9     | 1975/4000 [29:32<19:13,  1.76it/s, loss=0.0234]
Training Navine AI Image:  49%|####9     | 1975/4000 [29:32<19:13,  1.76it/s, loss=0.0088]
Training Navine AI Image:  49%|####9     | 1976/4000 [29:33<19:18,  1.75it/s, loss=0.0088]
Training Navine AI Image:  49%|####9     | 1976/4000 [29:33<19:18,  1.75it/s, loss=0.0280]
Training Navine AI Image:  49%|####9     | 1977/4000 [29:33<19:41,  1.71it/s, loss=0.0280]
Training Navine AI Image:  49%|####9     | 1977/4000 [29:33<19:41,  1.71it/s, loss=0.0065]
Training Navine AI Image:  49%|####9     | 1978/4000 [29:34<19:15,  1.75it/s, loss=0.0065]
Training Navine AI Image:  49%|####9     | 1978/4000 [29:34<19:15,  1.75it/s, loss=0.0033]
Training Navine AI Image:  49%|####9     | 1979/4000 [29:34<19:19,  1.74it/s, loss=0.0033]
Training Navine AI Image:  49%|####9     | 1979/4000 [29:34<19:19,  1.74it/s, loss=0.0283]
Training Navine AI Image:  50%|####9     | 1980/4000 [29:35<19:47,  1.70it/s, loss=0.0283]
Training Navine AI Image:  50%|####9     | 1980/4000 [29:35<19:47,  1.70it/s, loss=0.0038]
Training Navine AI Image:  50%|####9     | 1981/4000 [29:36<19:53,  1.69it/s, loss=0.0038]
Training Navine AI Image:  50%|####9     | 1981/4000 [29:36<19:53,  1.69it/s, loss=0.0172]
Training Navine AI Image:  50%|####9     | 1982/4000 [29:36<19:51,  1.69it/s, loss=0.0172]
Training Navine AI Image:  50%|####9     | 1982/4000 [29:36<19:51,  1.69it/s, loss=0.0073]
Training Navine AI Image:  50%|####9     | 1983/4000 [29:37<20:01,  1.68it/s, loss=0.0073]
Training Navine AI Image:  50%|####9     | 1983/4000 [29:37<20:01,  1.68it/s, loss=0.0035]
Training Navine AI Image:  50%|####9     | 1984/4000 [29:37<19:04,  1.76it/s, loss=0.0035]
Training Navine AI Image:  50%|####9     | 1984/4000 [29:37<19:04,  1.76it/s, loss=0.0137]
Training Navine AI Image:  50%|####9     | 1985/4000 [29:38<19:01,  1.77it/s, loss=0.0137]
Training Navine AI Image:  50%|####9     | 1985/4000 [29:38<19:01,  1.77it/s, loss=0.0026]
Training Navine AI Image:  50%|####9     | 1986/4000 [29:38<19:04,  1.76it/s, loss=0.0026]
Training Navine AI Image:  50%|####9     | 1986/4000 [29:39<19:04,  1.76it/s, loss=0.0138]
Training Navine AI Image:  50%|####9     | 1987/4000 [29:39<19:28,  1.72it/s, loss=0.0138]
Training Navine AI Image:  50%|####9     | 1987/4000 [29:39<19:28,  1.72it/s, loss=0.0219]
Training Navine AI Image:  50%|####9     | 1988/4000 [29:40<19:24,  1.73it/s, loss=0.0219]
Training Navine AI Image:  50%|####9     | 1988/4000 [29:40<19:24,  1.73it/s, loss=0.0026]
Training Navine AI Image:  50%|####9     | 1989/4000 [29:40<19:16,  1.74it/s, loss=0.0026]
Training Navine AI Image:  50%|####9     | 1989/4000 [29:40<19:16,  1.74it/s, loss=0.0640]
Training Navine AI Image:  50%|####9     | 1990/4000 [29:41<19:40,  1.70it/s, loss=0.0640]
Training Navine AI Image:  50%|####9     | 1990/4000 [29:41<19:40,  1.70it/s, loss=0.0023]
Training Navine AI Image:  50%|####9     | 1991/4000 [29:41<19:10,  1.75it/s, loss=0.0023]
Training Navine AI Image:  50%|####9     | 1991/4000 [29:41<19:10,  1.75it/s, loss=0.0183]
Training Navine AI Image:  50%|####9     | 1992/4000 [29:42<19:17,  1.73it/s, loss=0.0183]
Training Navine AI Image:  50%|####9     | 1992/4000 [29:42<19:17,  1.73it/s, loss=0.0062]
Training Navine AI Image:  50%|####9     | 1993/4000 [29:43<19:30,  1.72it/s, loss=0.0062]
Training Navine AI Image:  50%|####9     | 1993/4000 [29:43<19:30,  1.72it/s, loss=0.0068]
Training Navine AI Image:  50%|####9     | 1994/4000 [29:43<19:04,  1.75it/s, loss=0.0068]
Training Navine AI Image:  50%|####9     | 1994/4000 [29:43<19:04,  1.75it/s, loss=0.0056]
Training Navine AI Image:  50%|####9     | 1995/4000 [29:44<19:05,  1.75it/s, loss=0.0056]
Training Navine AI Image:  50%|####9     | 1995/4000 [29:44<19:05,  1.75it/s, loss=0.0220]
Training Navine AI Image:  50%|####9     | 1996/4000 [29:44<19:35,  1.70it/s, loss=0.0220]
Training Navine AI Image:  50%|####9     | 1996/4000 [29:44<19:35,  1.70it/s, loss=0.0025]
Training Navine AI Image:  50%|####9     | 1997/4000 [29:45<19:25,  1.72it/s, loss=0.0025]
Training Navine AI Image:  50%|####9     | 1997/4000 [29:45<19:25,  1.72it/s, loss=0.0087]
Training Navine AI Image:  50%|####9     | 1998/4000 [29:45<19:36,  1.70it/s, loss=0.0087]
Training Navine AI Image:  50%|####9     | 1998/4000 [29:46<19:36,  1.70it/s, loss=0.0029]
Training Navine AI Image:  50%|####9     | 1999/4000 [29:46<19:18,  1.73it/s, loss=0.0029]
Training Navine AI Image:  50%|####9     | 1999/4000 [29:46<19:18,  1.73it/s, loss=0.0283]
Training Navine AI Image:  50%|#####     | 2000/4000 [29:47<19:10,  1.74it/s, loss=0.0283]
Training Navine AI Image:  50%|#####     | 2000/4000 [29:47<19:10,  1.74it/s, loss=0.0060]
Training Navine AI Image:  50%|#####     | 2001/4000 [33:06<33:25:28, 60.19s/it, loss=0.0060]
Training Navine AI Image:  50%|#####     | 2001/4000 [33:06<33:25:28, 60.19s/it, loss=0.0034]
Training Navine AI Image:  50%|#####     | 2002/4000 [33:06<23:28:22, 42.29s/it, loss=0.0034]
Training Navine AI Image:  50%|#####     | 2002/4000 [33:06<23:28:22, 42.29s/it, loss=0.0724]
Training Navine AI Image:  50%|#####     | 2003/4000 [33:07<16:31:07, 29.78s/it, loss=0.0724]
Training Navine AI Image:  50%|#####     | 2003/4000 [33:07<16:31:07, 29.78s/it, loss=0.0099]
Training Navine AI Image:  50%|#####     | 2004/4000 [33:08<11:39:20, 21.02s/it, loss=0.0099]
Training Navine AI Image:  50%|#####     | 2004/4000 [33:08<11:39:20, 21.02s/it, loss=0.0036]
Training Navine AI Image:  50%|#####     | 2005/4000 [33:08<8:15:30, 14.90s/it, loss=0.0036] 
Training Navine AI Image:  50%|#####     | 2005/4000 [33:08<8:15:30, 14.90s/it, loss=0.0095]
Training Navine AI Image:  50%|#####     | 2006/4000 [33:09<5:51:55, 10.59s/it, loss=0.0095]
Training Navine AI Image:  50%|#####     | 2006/4000 [33:09<5:51:55, 10.59s/it, loss=0.0187]
Training Navine AI Image:  50%|#####     | 2007/4000 [33:09<4:12:14,  7.59s/it, loss=0.0187]
Training Navine AI Image:  50%|#####     | 2007/4000 [33:09<4:12:14,  7.59s/it, loss=0.0041]
Training Navine AI Image:  50%|#####     | 2008/4000 [33:10<3:01:38,  5.47s/it, loss=0.0041]
Training Navine AI Image:  50%|#####     | 2008/4000 [33:10<3:01:38,  5.47s/it, loss=0.0195]
Training Navine AI Image:  50%|#####     | 2009/4000 [33:10<2:12:42,  4.00s/it, loss=0.0195]
Training Navine AI Image:  50%|#####     | 2009/4000 [33:10<2:12:42,  4.00s/it, loss=0.0336]
Training Navine AI Image:  50%|#####     | 2010/4000 [33:11<1:38:23,  2.97s/it, loss=0.0336]
Training Navine AI Image:  50%|#####     | 2010/4000 [33:11<1:38:23,  2.97s/it, loss=0.0022]
Training Navine AI Image:  50%|#####     | 2011/4000 [33:12<1:14:29,  2.25s/it, loss=0.0022]
Training Navine AI Image:  50%|#####     | 2011/4000 [33:12<1:14:29,  2.25s/it, loss=0.0749]
Training Navine AI Image:  50%|#####     | 2012/4000 [33:12<57:48,  1.74s/it, loss=0.0749]  
Training Navine AI Image:  50%|#####     | 2012/4000 [33:12<57:48,  1.74s/it, loss=0.0076]
Training Navine AI Image:  50%|#####     | 2013/4000 [33:13<46:02,  1.39s/it, loss=0.0076]
Training Navine AI Image:  50%|#####     | 2013/4000 [33:13<46:02,  1.39s/it, loss=0.0683]
Training Navine AI Image:  50%|#####     | 2014/4000 [33:14<42:03,  1.27s/it, loss=0.0683]
Training Navine AI Image:  50%|#####     | 2014/4000 [33:14<42:03,  1.27s/it, loss=0.0121]
Training Navine AI Image:  50%|#####     | 2015/4000 [33:14<35:32,  1.07s/it, loss=0.0121]
Training Navine AI Image:  50%|#####     | 2015/4000 [33:14<35:32,  1.07s/it, loss=0.0433]
Training Navine AI Image:  50%|#####     | 2016/4000 [33:15<29:56,  1.10it/s, loss=0.0433]
Training Navine AI Image:  50%|#####     | 2016/4000 [33:15<29:56,  1.10it/s, loss=0.0073]
Training Navine AI Image:  50%|#####     | 2017/4000 [33:15<26:37,  1.24it/s, loss=0.0073]
Training Navine AI Image:  50%|#####     | 2017/4000 [33:15<26:37,  1.24it/s, loss=0.0386]
Training Navine AI Image:  50%|#####     | 2018/4000 [33:16<24:16,  1.36it/s, loss=0.0386]
Training Navine AI Image:  50%|#####     | 2018/4000 [33:16<24:16,  1.36it/s, loss=0.0103]
Training Navine AI Image:  50%|#####     | 2019/4000 [33:17<22:36,  1.46it/s, loss=0.0103]
Training Navine AI Image:  50%|#####     | 2019/4000 [33:17<22:36,  1.46it/s, loss=0.0025]
Training Navine AI Image:  50%|#####     | 2020/4000 [33:17<21:42,  1.52it/s, loss=0.0025]
Training Navine AI Image:  50%|#####     | 2020/4000 [33:17<21:42,  1.52it/s, loss=0.0164]
Training Navine AI Image:  51%|#####     | 2021/4000 [33:18<20:36,  1.60it/s, loss=0.0164]
Training Navine AI Image:  51%|#####     | 2021/4000 [33:18<20:36,  1.60it/s, loss=0.0072]
Training Navine AI Image:  51%|#####     | 2022/4000 [33:18<19:58,  1.65it/s, loss=0.0072]
Training Navine AI Image:  51%|#####     | 2022/4000 [33:18<19:58,  1.65it/s, loss=0.0064]
Training Navine AI Image:  51%|#####     | 2023/4000 [33:19<20:08,  1.64it/s, loss=0.0064]
Training Navine AI Image:  51%|#####     | 2023/4000 [33:19<20:08,  1.64it/s, loss=0.0071]
Training Navine AI Image:  51%|#####     | 2024/4000 [33:19<19:22,  1.70it/s, loss=0.0071]
Training Navine AI Image:  51%|#####     | 2024/4000 [33:19<19:22,  1.70it/s, loss=0.0056]
Training Navine AI Image:  51%|#####     | 2025/4000 [33:20<19:31,  1.69it/s, loss=0.0056]
Training Navine AI Image:  51%|#####     | 2025/4000 [33:20<19:31,  1.69it/s, loss=0.0022]
Training Navine AI Image:  51%|#####     | 2026/4000 [33:21<18:51,  1.74it/s, loss=0.0022]
Training Navine AI Image:  51%|#####     | 2026/4000 [33:21<18:51,  1.74it/s, loss=0.0386]
Training Navine AI Image:  51%|#####     | 2027/4000 [33:21<19:20,  1.70it/s, loss=0.0386]
Training Navine AI Image:  51%|#####     | 2027/4000 [33:21<19:20,  1.70it/s, loss=0.0076]
Training Navine AI Image:  51%|#####     | 2028/4000 [33:22<18:48,  1.75it/s, loss=0.0076]
Training Navine AI Image:  51%|#####     | 2028/4000 [33:22<18:48,  1.75it/s, loss=0.0166]
Training Navine AI Image:  51%|#####     | 2029/4000 [33:22<18:43,  1.75it/s, loss=0.0166]
Training Navine AI Image:  51%|#####     | 2029/4000 [33:22<18:43,  1.75it/s, loss=0.0067]
Training Navine AI Image:  51%|#####     | 2030/4000 [33:23<18:43,  1.75it/s, loss=0.0067]
Training Navine AI Image:  51%|#####     | 2030/4000 [33:23<18:43,  1.75it/s, loss=0.0066]
Training Navine AI Image:  51%|#####     | 2031/4000 [33:23<19:03,  1.72it/s, loss=0.0066]
Training Navine AI Image:  51%|#####     | 2031/4000 [33:23<19:03,  1.72it/s, loss=0.0093]
Training Navine AI Image:  51%|#####     | 2032/4000 [33:24<18:38,  1.76it/s, loss=0.0093]
Training Navine AI Image:  51%|#####     | 2032/4000 [33:24<18:38,  1.76it/s, loss=0.0252]
Training Navine AI Image:  51%|#####     | 2033/4000 [33:25<18:31,  1.77it/s, loss=0.0252]
Training Navine AI Image:  51%|#####     | 2033/4000 [33:25<18:31,  1.77it/s, loss=0.0081]
Training Navine AI Image:  51%|#####     | 2034/4000 [33:25<19:09,  1.71it/s, loss=0.0081]
Training Navine AI Image:  51%|#####     | 2034/4000 [33:25<19:09,  1.71it/s, loss=0.0062]
Training Navine AI Image:  51%|#####     | 2035/4000 [33:26<18:34,  1.76it/s, loss=0.0062]
Training Navine AI Image:  51%|#####     | 2035/4000 [33:26<18:34,  1.76it/s, loss=0.0025]
Training Navine AI Image:  51%|#####     | 2036/4000 [33:26<18:45,  1.75it/s, loss=0.0025]
Training Navine AI Image:  51%|#####     | 2036/4000 [33:26<18:45,  1.75it/s, loss=0.0091]
Training Navine AI Image:  51%|#####     | 2037/4000 [33:27<18:37,  1.76it/s, loss=0.0091]
Training Navine AI Image:  51%|#####     | 2037/4000 [33:27<18:37,  1.76it/s, loss=0.0124]
Training Navine AI Image:  51%|#####     | 2038/4000 [33:27<19:01,  1.72it/s, loss=0.0124]
Training Navine AI Image:  51%|#####     | 2038/4000 [33:27<19:01,  1.72it/s, loss=0.0164]
Training Navine AI Image:  51%|#####     | 2039/4000 [33:28<18:47,  1.74it/s, loss=0.0164]
Training Navine AI Image:  51%|#####     | 2039/4000 [33:28<18:47,  1.74it/s, loss=0.0516]
Training Navine AI Image:  51%|#####1    | 2040/4000 [33:29<18:11,  1.80it/s, loss=0.0516]
Training Navine AI Image:  51%|#####1    | 2040/4000 [33:29<18:11,  1.80it/s, loss=0.0164]
Training Navine AI Image:  51%|#####1    | 2041/4000 [33:29<18:35,  1.76it/s, loss=0.0164]
Training Navine AI Image:  51%|#####1    | 2041/4000 [33:29<18:35,  1.76it/s, loss=0.0041]
Training Navine AI Image:  51%|#####1    | 2042/4000 [33:30<18:54,  1.73it/s, loss=0.0041]
Training Navine AI Image:  51%|#####1    | 2042/4000 [33:30<18:54,  1.73it/s, loss=0.0023]
Training Navine AI Image:  51%|#####1    | 2043/4000 [33:30<18:14,  1.79it/s, loss=0.0023]
Training Navine AI Image:  51%|#####1    | 2043/4000 [33:30<18:14,  1.79it/s, loss=0.0062]
Training Navine AI Image:  51%|#####1    | 2044/4000 [33:31<18:25,  1.77it/s, loss=0.0062]
Training Navine AI Image:  51%|#####1    | 2044/4000 [33:31<18:25,  1.77it/s, loss=0.0214]
Training Navine AI Image:  51%|#####1    | 2045/4000 [33:31<18:24,  1.77it/s, loss=0.0214]
Training Navine AI Image:  51%|#####1    | 2045/4000 [33:31<18:24,  1.77it/s, loss=0.0060]
Training Navine AI Image:  51%|#####1    | 2046/4000 [33:32<18:57,  1.72it/s, loss=0.0060]
Training Navine AI Image:  51%|#####1    | 2046/4000 [33:32<18:57,  1.72it/s, loss=0.0105]
Training Navine AI Image:  51%|#####1    | 2047/4000 [33:33<18:36,  1.75it/s, loss=0.0105]
Training Navine AI Image:  51%|#####1    | 2047/4000 [33:33<18:36,  1.75it/s, loss=0.0046]
Training Navine AI Image:  51%|#####1    | 2048/4000 [33:33<18:30,  1.76it/s, loss=0.0046]
Training Navine AI Image:  51%|#####1    | 2048/4000 [33:33<18:30,  1.76it/s, loss=0.0069]
Training Navine AI Image:  51%|#####1    | 2049/4000 [33:34<19:17,  1.69it/s, loss=0.0069]
Training Navine AI Image:  51%|#####1    | 2049/4000 [33:34<19:17,  1.69it/s, loss=0.0135]
Training Navine AI Image:  51%|#####1    | 2050/4000 [33:34<18:28,  1.76it/s, loss=0.0135]
Training Navine AI Image:  51%|#####1    | 2050/4000 [33:34<18:28,  1.76it/s, loss=0.0084]
Training Navine AI Image:  51%|#####1    | 2051/4000 [33:35<18:23,  1.77it/s, loss=0.0084]
Training Navine AI Image:  51%|#####1    | 2051/4000 [33:35<18:23,  1.77it/s, loss=0.0036]
Training Navine AI Image:  51%|#####1    | 2052/4000 [33:35<18:29,  1.76it/s, loss=0.0036]
Training Navine AI Image:  51%|#####1    | 2052/4000 [33:35<18:29,  1.76it/s, loss=0.0067]
Training Navine AI Image:  51%|#####1    | 2053/4000 [33:36<18:26,  1.76it/s, loss=0.0067]
Training Navine AI Image:  51%|#####1    | 2053/4000 [33:36<18:26,  1.76it/s, loss=0.0486]
Training Navine AI Image:  51%|#####1    | 2054/4000 [33:37<18:49,  1.72it/s, loss=0.0486]
Training Navine AI Image:  51%|#####1    | 2054/4000 [33:37<18:49,  1.72it/s, loss=0.0082]
Training Navine AI Image:  51%|#####1    | 2055/4000 [33:37<19:47,  1.64it/s, loss=0.0082]
Training Navine AI Image:  51%|#####1    | 2055/4000 [33:37<19:47,  1.64it/s, loss=0.0072]
Training Navine AI Image:  51%|#####1    | 2056/4000 [33:38<19:07,  1.69it/s, loss=0.0072]
Training Navine AI Image:  51%|#####1    | 2056/4000 [33:38<19:07,  1.69it/s, loss=0.0039]
Training Navine AI Image:  51%|#####1    | 2057/4000 [33:38<18:50,  1.72it/s, loss=0.0039]
Training Navine AI Image:  51%|#####1    | 2057/4000 [33:38<18:50,  1.72it/s, loss=0.0461]
Training Navine AI Image:  51%|#####1    | 2058/4000 [33:39<18:42,  1.73it/s, loss=0.0461]
Training Navine AI Image:  51%|#####1    | 2058/4000 [33:39<18:42,  1.73it/s, loss=0.0246]
Training Navine AI Image:  51%|#####1    | 2059/4000 [33:40<18:35,  1.74it/s, loss=0.0246]
Training Navine AI Image:  51%|#####1    | 2059/4000 [33:40<18:35,  1.74it/s, loss=0.0134]
Training Navine AI Image:  52%|#####1    | 2060/4000 [33:40<18:58,  1.70it/s, loss=0.0134]
Training Navine AI Image:  52%|#####1    | 2060/4000 [33:40<18:58,  1.70it/s, loss=0.0420]
Training Navine AI Image:  52%|#####1    | 2061/4000 [33:41<18:17,  1.77it/s, loss=0.0420]
Training Navine AI Image:  52%|#####1    | 2061/4000 [33:41<18:17,  1.77it/s, loss=0.0353]
Training Navine AI Image:  52%|#####1    | 2062/4000 [33:41<19:07,  1.69it/s, loss=0.0353]
Training Navine AI Image:  52%|#####1    | 2062/4000 [33:41<19:07,  1.69it/s, loss=0.0295]
Training Navine AI Image:  52%|#####1    | 2063/4000 [33:42<18:47,  1.72it/s, loss=0.0295]
Training Navine AI Image:  52%|#####1    | 2063/4000 [33:42<18:47,  1.72it/s, loss=0.0089]
Training Navine AI Image:  52%|#####1    | 2064/4000 [33:42<18:43,  1.72it/s, loss=0.0089]
Training Navine AI Image:  52%|#####1    | 2064/4000 [33:42<18:43,  1.72it/s, loss=0.0157]
Training Navine AI Image:  52%|#####1    | 2065/4000 [33:43<19:18,  1.67it/s, loss=0.0157]
Training Navine AI Image:  52%|#####1    | 2065/4000 [33:43<19:18,  1.67it/s, loss=0.0246]
Training Navine AI Image:  52%|#####1    | 2066/4000 [33:44<18:31,  1.74it/s, loss=0.0246]
Training Navine AI Image:  52%|#####1    | 2066/4000 [33:44<18:31,  1.74it/s, loss=0.0160]
Training Navine AI Image:  52%|#####1    | 2067/4000 [33:44<18:30,  1.74it/s, loss=0.0160]
Training Navine AI Image:  52%|#####1    | 2067/4000 [33:44<18:30,  1.74it/s, loss=0.0149]
Training Navine AI Image:  52%|#####1    | 2068/4000 [33:45<19:00,  1.69it/s, loss=0.0149]
Training Navine AI Image:  52%|#####1    | 2068/4000 [33:45<19:00,  1.69it/s, loss=0.0044]
Training Navine AI Image:  52%|#####1    | 2069/4000 [33:45<18:45,  1.71it/s, loss=0.0044]
Training Navine AI Image:  52%|#####1    | 2069/4000 [33:45<18:45,  1.71it/s, loss=0.0141]
Training Navine AI Image:  52%|#####1    | 2070/4000 [33:46<18:47,  1.71it/s, loss=0.0141]
Training Navine AI Image:  52%|#####1    | 2070/4000 [33:46<18:47,  1.71it/s, loss=0.0051]
Training Navine AI Image:  52%|#####1    | 2071/4000 [33:47<18:36,  1.73it/s, loss=0.0051]
Training Navine AI Image:  52%|#####1    | 2071/4000 [33:47<18:36,  1.73it/s, loss=0.0407]
Training Navine AI Image:  52%|#####1    | 2072/4000 [33:47<18:11,  1.77it/s, loss=0.0407]
Training Navine AI Image:  52%|#####1    | 2072/4000 [33:47<18:11,  1.77it/s, loss=0.0072]
Training Navine AI Image:  52%|#####1    | 2073/4000 [33:48<18:52,  1.70it/s, loss=0.0072]
Training Navine AI Image:  52%|#####1    | 2073/4000 [33:48<18:52,  1.70it/s, loss=0.0050]
Training Navine AI Image:  52%|#####1    | 2074/4000 [33:48<18:46,  1.71it/s, loss=0.0050]
Training Navine AI Image:  52%|#####1    | 2074/4000 [33:48<18:46,  1.71it/s, loss=0.0072]
Training Navine AI Image:  52%|#####1    | 2075/4000 [33:49<18:33,  1.73it/s, loss=0.0072]
Training Navine AI Image:  52%|#####1    | 2075/4000 [33:49<18:33,  1.73it/s, loss=0.0056]
Training Navine AI Image:  52%|#####1    | 2076/4000 [33:49<19:30,  1.64it/s, loss=0.0056]
Training Navine AI Image:  52%|#####1    | 2076/4000 [33:49<19:30,  1.64it/s, loss=0.0301]
Training Navine AI Image:  52%|#####1    | 2077/4000 [33:50<18:50,  1.70it/s, loss=0.0301]
Training Navine AI Image:  52%|#####1    | 2077/4000 [33:50<18:50,  1.70it/s, loss=0.0105]
Training Navine AI Image:  52%|#####1    | 2078/4000 [33:51<18:15,  1.75it/s, loss=0.0105]
Training Navine AI Image:  52%|#####1    | 2078/4000 [33:51<18:15,  1.75it/s, loss=0.0176]
Training Navine AI Image:  52%|#####1    | 2079/4000 [33:51<18:20,  1.75it/s, loss=0.0176]
Training Navine AI Image:  52%|#####1    | 2079/4000 [33:51<18:20,  1.75it/s, loss=0.0047]
Training Navine AI Image:  52%|#####2    | 2080/4000 [33:52<18:53,  1.69it/s, loss=0.0047]
Training Navine AI Image:  52%|#####2    | 2080/4000 [33:52<18:53,  1.69it/s, loss=0.0108]
Training Navine AI Image:  52%|#####2    | 2081/4000 [33:52<18:25,  1.74it/s, loss=0.0108]
Training Navine AI Image:  52%|#####2    | 2081/4000 [33:52<18:25,  1.74it/s, loss=0.0050]
Training Navine AI Image:  52%|#####2    | 2082/4000 [33:53<18:30,  1.73it/s, loss=0.0050]
Training Navine AI Image:  52%|#####2    | 2082/4000 [33:53<18:30,  1.73it/s, loss=0.0052]
Training Navine AI Image:  52%|#####2    | 2083/4000 [33:53<18:18,  1.75it/s, loss=0.0052]
Training Navine AI Image:  52%|#####2    | 2083/4000 [33:54<18:18,  1.75it/s, loss=0.0126]
Training Navine AI Image:  52%|#####2    | 2084/4000 [33:54<18:21,  1.74it/s, loss=0.0126]
Training Navine AI Image:  52%|#####2    | 2084/4000 [33:54<18:21,  1.74it/s, loss=0.0144]
Training Navine AI Image:  52%|#####2    | 2085/4000 [33:55<18:26,  1.73it/s, loss=0.0144]
Training Navine AI Image:  52%|#####2    | 2085/4000 [33:55<18:26,  1.73it/s, loss=0.0243]
Training Navine AI Image:  52%|#####2    | 2086/4000 [33:55<18:27,  1.73it/s, loss=0.0243]
Training Navine AI Image:  52%|#####2    | 2086/4000 [33:55<18:27,  1.73it/s, loss=0.0065]
Training Navine AI Image:  52%|#####2    | 2087/4000 [33:56<18:41,  1.71it/s, loss=0.0065]
Training Navine AI Image:  52%|#####2    | 2087/4000 [33:56<18:41,  1.71it/s, loss=0.0018]
Training Navine AI Image:  52%|#####2    | 2088/4000 [33:56<18:19,  1.74it/s, loss=0.0018]
Training Navine AI Image:  52%|#####2    | 2088/4000 [33:56<18:19,  1.74it/s, loss=0.0376]
Training Navine AI Image:  52%|#####2    | 2089/4000 [33:57<18:20,  1.74it/s, loss=0.0376]
Training Navine AI Image:  52%|#####2    | 2089/4000 [33:57<18:20,  1.74it/s, loss=0.0182]
Training Navine AI Image:  52%|#####2    | 2090/4000 [33:58<18:35,  1.71it/s, loss=0.0182]
Training Navine AI Image:  52%|#####2    | 2090/4000 [33:58<18:35,  1.71it/s, loss=0.0243]
Training Navine AI Image:  52%|#####2    | 2091/4000 [33:58<17:58,  1.77it/s, loss=0.0243]
Training Navine AI Image:  52%|#####2    | 2091/4000 [33:58<17:58,  1.77it/s, loss=0.0094]
Training Navine AI Image:  52%|#####2    | 2092/4000 [33:59<18:02,  1.76it/s, loss=0.0094]
Training Navine AI Image:  52%|#####2    | 2092/4000 [33:59<18:02,  1.76it/s, loss=0.0082]
Training Navine AI Image:  52%|#####2    | 2093/4000 [33:59<18:07,  1.75it/s, loss=0.0082]
Training Navine AI Image:  52%|#####2    | 2093/4000 [33:59<18:07,  1.75it/s, loss=0.0276]
Training Navine AI Image:  52%|#####2    | 2094/4000 [34:00<18:29,  1.72it/s, loss=0.0276]
Training Navine AI Image:  52%|#####2    | 2094/4000 [34:00<18:29,  1.72it/s, loss=0.0043]
Training Navine AI Image:  52%|#####2    | 2095/4000 [34:00<18:21,  1.73it/s, loss=0.0043]
Training Navine AI Image:  52%|#####2    | 2095/4000 [34:00<18:21,  1.73it/s, loss=0.0119]
Training Navine AI Image:  52%|#####2    | 2096/4000 [34:01<17:52,  1.77it/s, loss=0.0119]
Training Navine AI Image:  52%|#####2    | 2096/4000 [34:01<17:52,  1.77it/s, loss=0.0105]
Training Navine AI Image:  52%|#####2    | 2097/4000 [34:01<17:47,  1.78it/s, loss=0.0105]
Training Navine AI Image:  52%|#####2    | 2097/4000 [34:02<17:47,  1.78it/s, loss=0.0079]
Training Navine AI Image:  52%|#####2    | 2098/4000 [34:02<17:48,  1.78it/s, loss=0.0079]
Training Navine AI Image:  52%|#####2    | 2098/4000 [34:02<17:48,  1.78it/s, loss=0.0116]
Training Navine AI Image:  52%|#####2    | 2099/4000 [34:03<18:30,  1.71it/s, loss=0.0116]
Training Navine AI Image:  52%|#####2    | 2099/4000 [34:03<18:30,  1.71it/s, loss=0.0331]
Training Navine AI Image:  52%|#####2    | 2100/4000 [34:03<17:58,  1.76it/s, loss=0.0331]
Training Navine AI Image:  52%|#####2    | 2100/4000 [34:03<17:58,  1.76it/s, loss=0.0040]
Training Navine AI Image:  53%|#####2    | 2101/4000 [34:04<18:01,  1.76it/s, loss=0.0040]
Training Navine AI Image:  53%|#####2    | 2101/4000 [34:04<18:01,  1.76it/s, loss=0.0148]
Training Navine AI Image:  53%|#####2    | 2102/4000 [34:04<18:07,  1.75it/s, loss=0.0148]
Training Navine AI Image:  53%|#####2    | 2102/4000 [34:04<18:07,  1.75it/s, loss=0.0293]
Training Navine AI Image:  53%|#####2    | 2103/4000 [34:05<18:06,  1.75it/s, loss=0.0293]
Training Navine AI Image:  53%|#####2    | 2103/4000 [34:05<18:06,  1.75it/s, loss=0.0111]
Training Navine AI Image:  53%|#####2    | 2104/4000 [34:06<18:27,  1.71it/s, loss=0.0111]
Training Navine AI Image:  53%|#####2    | 2104/4000 [34:06<18:27,  1.71it/s, loss=0.0036]
Training Navine AI Image:  53%|#####2    | 2105/4000 [34:06<18:16,  1.73it/s, loss=0.0036]
Training Navine AI Image:  53%|#####2    | 2105/4000 [34:06<18:16,  1.73it/s, loss=0.0061]
Training Navine AI Image:  53%|#####2    | 2106/4000 [34:07<18:02,  1.75it/s, loss=0.0061]
Training Navine AI Image:  53%|#####2    | 2106/4000 [34:07<18:02,  1.75it/s, loss=0.0118]
Training Navine AI Image:  53%|#####2    | 2107/4000 [34:07<17:53,  1.76it/s, loss=0.0118]
Training Navine AI Image:  53%|#####2    | 2107/4000 [34:07<17:53,  1.76it/s, loss=0.0067]
Training Navine AI Image:  53%|#####2    | 2108/4000 [34:08<17:50,  1.77it/s, loss=0.0067]
Training Navine AI Image:  53%|#####2    | 2108/4000 [34:08<17:50,  1.77it/s, loss=0.0040]
Training Navine AI Image:  53%|#####2    | 2109/4000 [34:08<17:57,  1.75it/s, loss=0.0040]
Training Navine AI Image:  53%|#####2    | 2109/4000 [34:08<17:57,  1.75it/s, loss=0.0026]
Training Navine AI Image:  53%|#####2    | 2110/4000 [34:09<18:05,  1.74it/s, loss=0.0026]
Training Navine AI Image:  53%|#####2    | 2110/4000 [34:09<18:05,  1.74it/s, loss=0.0030]
Training Navine AI Image:  53%|#####2    | 2111/4000 [34:10<18:05,  1.74it/s, loss=0.0030]
Training Navine AI Image:  53%|#####2    | 2111/4000 [34:10<18:05,  1.74it/s, loss=0.0081]
Training Navine AI Image:  53%|#####2    | 2112/4000 [34:10<18:29,  1.70it/s, loss=0.0081]
Training Navine AI Image:  53%|#####2    | 2112/4000 [34:10<18:29,  1.70it/s, loss=0.0073]
Training Navine AI Image:  53%|#####2    | 2113/4000 [34:11<17:53,  1.76it/s, loss=0.0073]
Training Navine AI Image:  53%|#####2    | 2113/4000 [34:11<17:53,  1.76it/s, loss=0.0287]
Training Navine AI Image:  53%|#####2    | 2114/4000 [34:11<17:54,  1.76it/s, loss=0.0287]
Training Navine AI Image:  53%|#####2    | 2114/4000 [34:11<17:54,  1.76it/s, loss=0.0045]
Training Navine AI Image:  53%|#####2    | 2115/4000 [34:12<17:51,  1.76it/s, loss=0.0045]
Training Navine AI Image:  53%|#####2    | 2115/4000 [34:12<17:51,  1.76it/s, loss=0.0112]
Training Navine AI Image:  53%|#####2    | 2116/4000 [34:12<18:17,  1.72it/s, loss=0.0112]
Training Navine AI Image:  53%|#####2    | 2116/4000 [34:12<18:17,  1.72it/s, loss=0.0047]
Training Navine AI Image:  53%|#####2    | 2117/4000 [34:13<17:43,  1.77it/s, loss=0.0047]
Training Navine AI Image:  53%|#####2    | 2117/4000 [34:13<17:43,  1.77it/s, loss=0.0059]
Training Navine AI Image:  53%|#####2    | 2118/4000 [34:14<17:48,  1.76it/s, loss=0.0059]
Training Navine AI Image:  53%|#####2    | 2118/4000 [34:14<17:48,  1.76it/s, loss=0.0026]
Training Navine AI Image:  53%|#####2    | 2119/4000 [34:14<17:47,  1.76it/s, loss=0.0026]
Training Navine AI Image:  53%|#####2    | 2119/4000 [34:14<17:47,  1.76it/s, loss=0.0133]
Training Navine AI Image:  53%|#####3    | 2120/4000 [34:15<17:52,  1.75it/s, loss=0.0133]
Training Navine AI Image:  53%|#####3    | 2120/4000 [34:15<17:52,  1.75it/s, loss=0.0028]
Training Navine AI Image:  53%|#####3    | 2121/4000 [34:15<17:53,  1.75it/s, loss=0.0028]
Training Navine AI Image:  53%|#####3    | 2121/4000 [34:15<17:53,  1.75it/s, loss=0.0078]
Training Navine AI Image:  53%|#####3    | 2122/4000 [34:16<17:52,  1.75it/s, loss=0.0078]
Training Navine AI Image:  53%|#####3    | 2122/4000 [34:16<17:52,  1.75it/s, loss=0.0064]
Training Navine AI Image:  53%|#####3    | 2123/4000 [34:16<17:57,  1.74it/s, loss=0.0064]
Training Navine AI Image:  53%|#####3    | 2123/4000 [34:16<17:57,  1.74it/s, loss=0.0080]
Training Navine AI Image:  53%|#####3    | 2124/4000 [34:17<18:20,  1.70it/s, loss=0.0080]
Training Navine AI Image:  53%|#####3    | 2124/4000 [34:17<18:20,  1.70it/s, loss=0.0096]
Training Navine AI Image:  53%|#####3    | 2125/4000 [34:18<18:00,  1.74it/s, loss=0.0096]
Training Navine AI Image:  53%|#####3    | 2125/4000 [34:18<18:00,  1.74it/s, loss=0.0069]
Training Navine AI Image:  53%|#####3    | 2126/4000 [34:18<17:48,  1.75it/s, loss=0.0069]
Training Navine AI Image:  53%|#####3    | 2126/4000 [34:18<17:48,  1.75it/s, loss=0.0066]
Training Navine AI Image:  53%|#####3    | 2127/4000 [34:19<17:38,  1.77it/s, loss=0.0066]
Training Navine AI Image:  53%|#####3    | 2127/4000 [34:19<17:38,  1.77it/s, loss=0.0264]
Training Navine AI Image:  53%|#####3    | 2128/4000 [34:19<17:56,  1.74it/s, loss=0.0264]
Training Navine AI Image:  53%|#####3    | 2128/4000 [34:19<17:56,  1.74it/s, loss=0.0149]
Training Navine AI Image:  53%|#####3    | 2129/4000 [34:20<17:40,  1.77it/s, loss=0.0149]
Training Navine AI Image:  53%|#####3    | 2129/4000 [34:20<17:40,  1.77it/s, loss=0.0070]
Training Navine AI Image:  53%|#####3    | 2130/4000 [34:20<17:53,  1.74it/s, loss=0.0070]
Training Navine AI Image:  53%|#####3    | 2130/4000 [34:20<17:53,  1.74it/s, loss=0.0121]
Training Navine AI Image:  53%|#####3    | 2131/4000 [34:21<17:47,  1.75it/s, loss=0.0121]
Training Navine AI Image:  53%|#####3    | 2131/4000 [34:21<17:47,  1.75it/s, loss=0.0030]
Training Navine AI Image:  53%|#####3    | 2132/4000 [34:22<18:00,  1.73it/s, loss=0.0030]
Training Navine AI Image:  53%|#####3    | 2132/4000 [34:22<18:00,  1.73it/s, loss=0.0042]
Training Navine AI Image:  53%|#####3    | 2133/4000 [34:22<17:50,  1.74it/s, loss=0.0042]
Training Navine AI Image:  53%|#####3    | 2133/4000 [34:22<17:50,  1.74it/s, loss=0.0016]
Training Navine AI Image:  53%|#####3    | 2134/4000 [34:23<18:17,  1.70it/s, loss=0.0016]
Training Navine AI Image:  53%|#####3    | 2134/4000 [34:23<18:17,  1.70it/s, loss=0.0024]
Training Navine AI Image:  53%|#####3    | 2135/4000 [34:23<18:23,  1.69it/s, loss=0.0024]
Training Navine AI Image:  53%|#####3    | 2135/4000 [34:23<18:23,  1.69it/s, loss=0.0123]
Training Navine AI Image:  53%|#####3    | 2136/4000 [34:24<18:11,  1.71it/s, loss=0.0123]
Training Navine AI Image:  53%|#####3    | 2136/4000 [34:24<18:11,  1.71it/s, loss=0.0076]
Training Navine AI Image:  53%|#####3    | 2137/4000 [34:25<18:41,  1.66it/s, loss=0.0076]
Training Navine AI Image:  53%|#####3    | 2137/4000 [34:25<18:41,  1.66it/s, loss=0.0094]
Training Navine AI Image:  53%|#####3    | 2138/4000 [34:25<18:02,  1.72it/s, loss=0.0094]
Training Navine AI Image:  53%|#####3    | 2138/4000 [34:25<18:02,  1.72it/s, loss=0.0086]
Training Navine AI Image:  53%|#####3    | 2139/4000 [34:26<17:43,  1.75it/s, loss=0.0086]
Training Navine AI Image:  53%|#####3    | 2139/4000 [34:26<17:43,  1.75it/s, loss=0.0057]
Training Navine AI Image:  54%|#####3    | 2140/4000 [34:26<17:54,  1.73it/s, loss=0.0057]
Training Navine AI Image:  54%|#####3    | 2140/4000 [34:26<17:54,  1.73it/s, loss=0.0191]
Training Navine AI Image:  54%|#####3    | 2141/4000 [34:27<17:46,  1.74it/s, loss=0.0191]
Training Navine AI Image:  54%|#####3    | 2141/4000 [34:27<17:46,  1.74it/s, loss=0.0349]
Training Navine AI Image:  54%|#####3    | 2142/4000 [34:27<17:45,  1.74it/s, loss=0.0349]
Training Navine AI Image:  54%|#####3    | 2142/4000 [34:27<17:45,  1.74it/s, loss=0.0481]
Training Navine AI Image:  54%|#####3    | 2143/4000 [34:28<17:31,  1.77it/s, loss=0.0481]
Training Navine AI Image:  54%|#####3    | 2143/4000 [34:28<17:31,  1.77it/s, loss=0.0073]
Training Navine AI Image:  54%|#####3    | 2144/4000 [34:29<18:05,  1.71it/s, loss=0.0073]
Training Navine AI Image:  54%|#####3    | 2144/4000 [34:29<18:05,  1.71it/s, loss=0.0044]
Training Navine AI Image:  54%|#####3    | 2145/4000 [34:29<17:35,  1.76it/s, loss=0.0044]
Training Navine AI Image:  54%|#####3    | 2145/4000 [34:29<17:35,  1.76it/s, loss=0.0029]
Training Navine AI Image:  54%|#####3    | 2146/4000 [34:30<17:38,  1.75it/s, loss=0.0029]
Training Navine AI Image:  54%|#####3    | 2146/4000 [34:30<17:38,  1.75it/s, loss=0.0030]
Training Navine AI Image:  54%|#####3    | 2147/4000 [34:30<18:01,  1.71it/s, loss=0.0030]
Training Navine AI Image:  54%|#####3    | 2147/4000 [34:30<18:01,  1.71it/s, loss=0.0125]
Training Navine AI Image:  54%|#####3    | 2148/4000 [34:31<17:25,  1.77it/s, loss=0.0125]
Training Navine AI Image:  54%|#####3    | 2148/4000 [34:31<17:25,  1.77it/s, loss=0.0389]
Training Navine AI Image:  54%|#####3    | 2149/4000 [34:31<17:27,  1.77it/s, loss=0.0389]
Training Navine AI Image:  54%|#####3    | 2149/4000 [34:31<17:27,  1.77it/s, loss=0.0339]
Training Navine AI Image:  54%|#####3    | 2150/4000 [34:32<17:24,  1.77it/s, loss=0.0339]
Training Navine AI Image:  54%|#####3    | 2150/4000 [34:32<17:24,  1.77it/s, loss=0.0066]
Training Navine AI Image:  54%|#####3    | 2151/4000 [34:32<17:26,  1.77it/s, loss=0.0066]
Training Navine AI Image:  54%|#####3    | 2151/4000 [34:33<17:26,  1.77it/s, loss=0.0068]
Training Navine AI Image:  54%|#####3    | 2152/4000 [34:33<17:54,  1.72it/s, loss=0.0068]
Training Navine AI Image:  54%|#####3    | 2152/4000 [34:33<17:54,  1.72it/s, loss=0.0083]
Training Navine AI Image:  54%|#####3    | 2153/4000 [34:34<17:39,  1.74it/s, loss=0.0083]
Training Navine AI Image:  54%|#####3    | 2153/4000 [34:34<17:39,  1.74it/s, loss=0.0141]
Training Navine AI Image:  54%|#####3    | 2154/4000 [34:34<17:41,  1.74it/s, loss=0.0141]
Training Navine AI Image:  54%|#####3    | 2154/4000 [34:34<17:41,  1.74it/s, loss=0.0077]
Training Navine AI Image:  54%|#####3    | 2155/4000 [34:35<17:38,  1.74it/s, loss=0.0077]
Training Navine AI Image:  54%|#####3    | 2155/4000 [34:35<17:38,  1.74it/s, loss=0.0347]
Training Navine AI Image:  54%|#####3    | 2156/4000 [34:35<17:31,  1.75it/s, loss=0.0347]
Training Navine AI Image:  54%|#####3    | 2156/4000 [34:35<17:31,  1.75it/s, loss=0.0044]
Training Navine AI Image:  54%|#####3    | 2157/4000 [34:36<17:28,  1.76it/s, loss=0.0044]
Training Navine AI Image:  54%|#####3    | 2157/4000 [34:36<17:28,  1.76it/s, loss=0.0152]
Training Navine AI Image:  54%|#####3    | 2158/4000 [34:37<17:29,  1.76it/s, loss=0.0152]
Training Navine AI Image:  54%|#####3    | 2158/4000 [34:37<17:29,  1.76it/s, loss=0.0025]
Training Navine AI Image:  54%|#####3    | 2159/4000 [34:37<17:47,  1.72it/s, loss=0.0025]
Training Navine AI Image:  54%|#####3    | 2159/4000 [34:37<17:47,  1.72it/s, loss=0.0388]
Training Navine AI Image:  54%|#####4    | 2160/4000 [34:38<17:36,  1.74it/s, loss=0.0388]
Training Navine AI Image:  54%|#####4    | 2160/4000 [34:38<17:36,  1.74it/s, loss=0.0043]
Training Navine AI Image:  54%|#####4    | 2161/4000 [34:38<17:36,  1.74it/s, loss=0.0043]
Training Navine AI Image:  54%|#####4    | 2161/4000 [34:38<17:36,  1.74it/s, loss=0.0092]
Training Navine AI Image:  54%|#####4    | 2162/4000 [34:39<17:58,  1.70it/s, loss=0.0092]
Training Navine AI Image:  54%|#####4    | 2162/4000 [34:39<17:58,  1.70it/s, loss=0.0093]
Training Navine AI Image:  54%|#####4    | 2163/4000 [34:39<17:25,  1.76it/s, loss=0.0093]
Training Navine AI Image:  54%|#####4    | 2163/4000 [34:39<17:25,  1.76it/s, loss=0.0029]
Training Navine AI Image:  54%|#####4    | 2164/4000 [34:40<17:30,  1.75it/s, loss=0.0029]
Training Navine AI Image:  54%|#####4    | 2164/4000 [34:40<17:30,  1.75it/s, loss=0.0045]
Training Navine AI Image:  54%|#####4    | 2165/4000 [34:41<17:30,  1.75it/s, loss=0.0045]
Training Navine AI Image:  54%|#####4    | 2165/4000 [34:41<17:30,  1.75it/s, loss=0.0149]
Training Navine AI Image:  54%|#####4    | 2166/4000 [34:41<17:27,  1.75it/s, loss=0.0149]
Training Navine AI Image:  54%|#####4    | 2166/4000 [34:41<17:27,  1.75it/s, loss=0.0035]
Training Navine AI Image:  54%|#####4    | 2167/4000 [34:42<17:18,  1.77it/s, loss=0.0035]
Training Navine AI Image:  54%|#####4    | 2167/4000 [34:42<17:18,  1.77it/s, loss=0.0033]
Training Navine AI Image:  54%|#####4    | 2168/4000 [34:42<17:21,  1.76it/s, loss=0.0033]
Training Navine AI Image:  54%|#####4    | 2168/4000 [34:42<17:21,  1.76it/s, loss=0.0168]
Training Navine AI Image:  54%|#####4    | 2169/4000 [34:43<17:19,  1.76it/s, loss=0.0168]
Training Navine AI Image:  54%|#####4    | 2169/4000 [34:43<17:19,  1.76it/s, loss=0.0333]
Training Navine AI Image:  54%|#####4    | 2170/4000 [34:43<17:47,  1.71it/s, loss=0.0333]
Training Navine AI Image:  54%|#####4    | 2170/4000 [34:43<17:47,  1.71it/s, loss=0.0112]
Training Navine AI Image:  54%|#####4    | 2171/4000 [34:44<17:13,  1.77it/s, loss=0.0112]
Training Navine AI Image:  54%|#####4    | 2171/4000 [34:44<17:13,  1.77it/s, loss=0.0069]
Training Navine AI Image:  54%|#####4    | 2172/4000 [34:45<17:11,  1.77it/s, loss=0.0069]
Training Navine AI Image:  54%|#####4    | 2172/4000 [34:45<17:11,  1.77it/s, loss=0.0033]
Training Navine AI Image:  54%|#####4    | 2173/4000 [34:45<17:12,  1.77it/s, loss=0.0033]
Training Navine AI Image:  54%|#####4    | 2173/4000 [34:45<17:12,  1.77it/s, loss=0.0056]
Training Navine AI Image:  54%|#####4    | 2174/4000 [34:46<17:55,  1.70it/s, loss=0.0056]
Training Navine AI Image:  54%|#####4    | 2174/4000 [34:46<17:55,  1.70it/s, loss=0.0064]
Training Navine AI Image:  54%|#####4    | 2175/4000 [34:46<17:18,  1.76it/s, loss=0.0064]
Training Navine AI Image:  54%|#####4    | 2175/4000 [34:46<17:18,  1.76it/s, loss=0.0027]
Training Navine AI Image:  54%|#####4    | 2176/4000 [34:47<17:14,  1.76it/s, loss=0.0027]
Training Navine AI Image:  54%|#####4    | 2176/4000 [34:47<17:14,  1.76it/s, loss=0.0043]
Training Navine AI Image:  54%|#####4    | 2177/4000 [34:47<18:02,  1.68it/s, loss=0.0043]
Training Navine AI Image:  54%|#####4    | 2177/4000 [34:47<18:02,  1.68it/s, loss=0.0045]
Training Navine AI Image:  54%|#####4    | 2178/4000 [34:48<17:23,  1.75it/s, loss=0.0045]
Training Navine AI Image:  54%|#####4    | 2178/4000 [34:48<17:23,  1.75it/s, loss=0.0022]
Training Navine AI Image:  54%|#####4    | 2179/4000 [34:49<17:06,  1.77it/s, loss=0.0022]
Training Navine AI Image:  54%|#####4    | 2179/4000 [34:49<17:06,  1.77it/s, loss=0.0134]
Training Navine AI Image:  55%|#####4    | 2180/4000 [34:49<16:58,  1.79it/s, loss=0.0134]
Training Navine AI Image:  55%|#####4    | 2180/4000 [34:49<16:58,  1.79it/s, loss=0.0406]
Training Navine AI Image:  55%|#####4    | 2181/4000 [34:50<17:02,  1.78it/s, loss=0.0406]
Training Navine AI Image:  55%|#####4    | 2181/4000 [34:50<17:02,  1.78it/s, loss=0.0109]
Training Navine AI Image:  55%|#####4    | 2182/4000 [34:50<17:01,  1.78it/s, loss=0.0109]
Training Navine AI Image:  55%|#####4    | 2182/4000 [34:50<17:01,  1.78it/s, loss=0.0459]
Training Navine AI Image:  55%|#####4    | 2183/4000 [34:51<17:10,  1.76it/s, loss=0.0459]
Training Navine AI Image:  55%|#####4    | 2183/4000 [34:51<17:10,  1.76it/s, loss=0.0072]
Training Navine AI Image:  55%|#####4    | 2184/4000 [34:51<17:03,  1.77it/s, loss=0.0072]
Training Navine AI Image:  55%|#####4    | 2184/4000 [34:51<17:03,  1.77it/s, loss=0.0043]
Training Navine AI Image:  55%|#####4    | 2185/4000 [34:52<17:19,  1.75it/s, loss=0.0043]
Training Navine AI Image:  55%|#####4    | 2185/4000 [34:52<17:19,  1.75it/s, loss=0.0141]
Training Navine AI Image:  55%|#####4    | 2186/4000 [34:52<17:11,  1.76it/s, loss=0.0141]
Training Navine AI Image:  55%|#####4    | 2186/4000 [34:53<17:11,  1.76it/s, loss=0.0140]
Training Navine AI Image:  55%|#####4    | 2187/4000 [34:53<17:21,  1.74it/s, loss=0.0140]
Training Navine AI Image:  55%|#####4    | 2187/4000 [34:53<17:21,  1.74it/s, loss=0.0145]
Training Navine AI Image:  55%|#####4    | 2188/4000 [34:54<17:35,  1.72it/s, loss=0.0145]
Training Navine AI Image:  55%|#####4    | 2188/4000 [34:54<17:35,  1.72it/s, loss=0.0056]
Training Navine AI Image:  55%|#####4    | 2189/4000 [34:54<17:53,  1.69it/s, loss=0.0056]
Training Navine AI Image:  55%|#####4    | 2189/4000 [34:54<17:53,  1.69it/s, loss=0.0045]
Training Navine AI Image:  55%|#####4    | 2190/4000 [34:55<17:35,  1.71it/s, loss=0.0045]
Training Navine AI Image:  55%|#####4    | 2190/4000 [34:55<17:35,  1.71it/s, loss=0.0035]
Training Navine AI Image:  55%|#####4    | 2191/4000 [34:55<17:06,  1.76it/s, loss=0.0035]
Training Navine AI Image:  55%|#####4    | 2191/4000 [34:55<17:06,  1.76it/s, loss=0.0119]
Training Navine AI Image:  55%|#####4    | 2192/4000 [34:56<17:37,  1.71it/s, loss=0.0119]
Training Navine AI Image:  55%|#####4    | 2192/4000 [34:56<17:37,  1.71it/s, loss=0.0029]
Training Navine AI Image:  55%|#####4    | 2193/4000 [34:57<17:13,  1.75it/s, loss=0.0029]
Training Navine AI Image:  55%|#####4    | 2193/4000 [34:57<17:13,  1.75it/s, loss=0.0124]
Training Navine AI Image:  55%|#####4    | 2194/4000 [34:57<17:06,  1.76it/s, loss=0.0124]
Training Navine AI Image:  55%|#####4    | 2194/4000 [34:57<17:06,  1.76it/s, loss=0.0021]
Training Navine AI Image:  55%|#####4    | 2195/4000 [34:58<17:46,  1.69it/s, loss=0.0021]
Training Navine AI Image:  55%|#####4    | 2195/4000 [34:58<17:46,  1.69it/s, loss=0.0036]
Training Navine AI Image:  55%|#####4    | 2196/4000 [34:58<17:23,  1.73it/s, loss=0.0036]
Training Navine AI Image:  55%|#####4    | 2196/4000 [34:58<17:23,  1.73it/s, loss=0.0226]
Training Navine AI Image:  55%|#####4    | 2197/4000 [34:59<17:25,  1.72it/s, loss=0.0226]
Training Navine AI Image:  55%|#####4    | 2197/4000 [34:59<17:25,  1.72it/s, loss=0.0070]
Training Navine AI Image:  55%|#####4    | 2198/4000 [35:00<17:38,  1.70it/s, loss=0.0070]
Training Navine AI Image:  55%|#####4    | 2198/4000 [35:00<17:38,  1.70it/s, loss=0.0038]
Training Navine AI Image:  55%|#####4    | 2199/4000 [35:00<17:30,  1.72it/s, loss=0.0038]
Training Navine AI Image:  55%|#####4    | 2199/4000 [35:00<17:30,  1.72it/s, loss=0.0052]
Training Navine AI Image:  55%|#####5    | 2200/4000 [35:01<16:54,  1.77it/s, loss=0.0052]
Training Navine AI Image:  55%|#####5    | 2200/4000 [35:01<16:54,  1.77it/s, loss=0.0178]
Training Navine AI Image:  55%|#####5    | 2201/4000 [35:01<17:15,  1.74it/s, loss=0.0178]
Training Navine AI Image:  55%|#####5    | 2201/4000 [35:01<17:15,  1.74it/s, loss=0.0118]
Training Navine AI Image:  55%|#####5    | 2202/4000 [35:02<17:07,  1.75it/s, loss=0.0118]
Training Navine AI Image:  55%|#####5    | 2202/4000 [35:02<17:07,  1.75it/s, loss=0.0332]
Training Navine AI Image:  55%|#####5    | 2203/4000 [35:02<17:02,  1.76it/s, loss=0.0332]
Training Navine AI Image:  55%|#####5    | 2203/4000 [35:02<17:02,  1.76it/s, loss=0.0155]
Training Navine AI Image:  55%|#####5    | 2204/4000 [35:03<17:58,  1.67it/s, loss=0.0155]
Training Navine AI Image:  55%|#####5    | 2204/4000 [35:03<17:58,  1.67it/s, loss=0.0156]
Training Navine AI Image:  55%|#####5    | 2205/4000 [35:04<17:40,  1.69it/s, loss=0.0156]
Training Navine AI Image:  55%|#####5    | 2205/4000 [35:04<17:40,  1.69it/s, loss=0.0186]
Training Navine AI Image:  55%|#####5    | 2206/4000 [35:04<17:23,  1.72it/s, loss=0.0186]
Training Navine AI Image:  55%|#####5    | 2206/4000 [35:04<17:23,  1.72it/s, loss=0.0082]
Training Navine AI Image:  55%|#####5    | 2207/4000 [35:05<17:48,  1.68it/s, loss=0.0082]
Training Navine AI Image:  55%|#####5    | 2207/4000 [35:05<17:48,  1.68it/s, loss=0.0052]
Training Navine AI Image:  55%|#####5    | 2208/4000 [35:05<17:15,  1.73it/s, loss=0.0052]
Training Navine AI Image:  55%|#####5    | 2208/4000 [35:05<17:15,  1.73it/s, loss=0.0499]
Training Navine AI Image:  55%|#####5    | 2209/4000 [35:06<17:10,  1.74it/s, loss=0.0499]
Training Navine AI Image:  55%|#####5    | 2209/4000 [35:06<17:10,  1.74it/s, loss=0.0108]
Training Navine AI Image:  55%|#####5    | 2210/4000 [35:06<17:46,  1.68it/s, loss=0.0108]
Training Navine AI Image:  55%|#####5    | 2210/4000 [35:06<17:46,  1.68it/s, loss=0.0200]
Training Navine AI Image:  55%|#####5    | 2211/4000 [35:07<17:02,  1.75it/s, loss=0.0200]
Training Navine AI Image:  55%|#####5    | 2211/4000 [35:07<17:02,  1.75it/s, loss=0.0624]
Training Navine AI Image:  55%|#####5    | 2212/4000 [35:08<16:56,  1.76it/s, loss=0.0624]
Training Navine AI Image:  55%|#####5    | 2212/4000 [35:08<16:56,  1.76it/s, loss=0.0495]
Training Navine AI Image:  55%|#####5    | 2213/4000 [35:08<16:52,  1.76it/s, loss=0.0495]
Training Navine AI Image:  55%|#####5    | 2213/4000 [35:08<16:52,  1.76it/s, loss=0.0511]
Training Navine AI Image:  55%|#####5    | 2214/4000 [35:09<16:51,  1.77it/s, loss=0.0511]
Training Navine AI Image:  55%|#####5    | 2214/4000 [35:09<16:51,  1.77it/s, loss=0.0129]
Training Navine AI Image:  55%|#####5    | 2215/4000 [35:09<17:03,  1.74it/s, loss=0.0129]
Training Navine AI Image:  55%|#####5    | 2215/4000 [35:09<17:03,  1.74it/s, loss=0.0031]
Training Navine AI Image:  55%|#####5    | 2216/4000 [35:10<16:33,  1.80it/s, loss=0.0031]
Training Navine AI Image:  55%|#####5    | 2216/4000 [35:10<16:33,  1.80it/s, loss=0.0582]
Training Navine AI Image:  55%|#####5    | 2217/4000 [35:10<16:40,  1.78it/s, loss=0.0582]
Training Navine AI Image:  55%|#####5    | 2217/4000 [35:10<16:40,  1.78it/s, loss=0.0161]
Training Navine AI Image:  55%|#####5    | 2218/4000 [35:11<16:40,  1.78it/s, loss=0.0161]
Training Navine AI Image:  55%|#####5    | 2218/4000 [35:11<16:40,  1.78it/s, loss=0.0098]
Training Navine AI Image:  55%|#####5    | 2219/4000 [35:12<16:43,  1.77it/s, loss=0.0098]
Training Navine AI Image:  55%|#####5    | 2219/4000 [35:12<16:43,  1.77it/s, loss=0.0078]
Training Navine AI Image:  56%|#####5    | 2220/4000 [35:12<17:13,  1.72it/s, loss=0.0078]
Training Navine AI Image:  56%|#####5    | 2220/4000 [35:12<17:13,  1.72it/s, loss=0.0388]
Training Navine AI Image:  56%|#####5    | 2221/4000 [35:13<16:55,  1.75it/s, loss=0.0388]
Training Navine AI Image:  56%|#####5    | 2221/4000 [35:13<16:55,  1.75it/s, loss=0.0094]
Training Navine AI Image:  56%|#####5    | 2222/4000 [35:13<16:47,  1.76it/s, loss=0.0094]
Training Navine AI Image:  56%|#####5    | 2222/4000 [35:13<16:47,  1.76it/s, loss=0.0657]
Training Navine AI Image:  56%|#####5    | 2223/4000 [35:14<17:22,  1.70it/s, loss=0.0657]
Training Navine AI Image:  56%|#####5    | 2223/4000 [35:14<17:22,  1.70it/s, loss=0.0049]
Training Navine AI Image:  56%|#####5    | 2224/4000 [35:14<16:48,  1.76it/s, loss=0.0049]
Training Navine AI Image:  56%|#####5    | 2224/4000 [35:14<16:48,  1.76it/s, loss=0.0030]
Training Navine AI Image:  56%|#####5    | 2225/4000 [35:15<16:45,  1.77it/s, loss=0.0030]
Training Navine AI Image:  56%|#####5    | 2225/4000 [35:15<16:45,  1.77it/s, loss=0.0029]
Training Navine AI Image:  56%|#####5    | 2226/4000 [35:16<16:32,  1.79it/s, loss=0.0029]
Training Navine AI Image:  56%|#####5    | 2226/4000 [35:16<16:32,  1.79it/s, loss=0.0109]
Training Navine AI Image:  56%|#####5    | 2227/4000 [35:16<17:01,  1.74it/s, loss=0.0109]
Training Navine AI Image:  56%|#####5    | 2227/4000 [35:16<17:01,  1.74it/s, loss=0.0056]
Training Navine AI Image:  56%|#####5    | 2228/4000 [35:17<16:40,  1.77it/s, loss=0.0056]
Training Navine AI Image:  56%|#####5    | 2228/4000 [35:17<16:40,  1.77it/s, loss=0.0058]
Training Navine AI Image:  56%|#####5    | 2229/4000 [35:17<17:55,  1.65it/s, loss=0.0058]
Training Navine AI Image:  56%|#####5    | 2229/4000 [35:17<17:55,  1.65it/s, loss=0.0075]
Training Navine AI Image:  56%|#####5    | 2230/4000 [35:18<17:09,  1.72it/s, loss=0.0075]
Training Navine AI Image:  56%|#####5    | 2230/4000 [35:18<17:09,  1.72it/s, loss=0.0090]
Training Navine AI Image:  56%|#####5    | 2231/4000 [35:18<17:04,  1.73it/s, loss=0.0090]
Training Navine AI Image:  56%|#####5    | 2231/4000 [35:19<17:04,  1.73it/s, loss=0.0062]
Training Navine AI Image:  56%|#####5    | 2232/4000 [35:19<17:00,  1.73it/s, loss=0.0062]
Training Navine AI Image:  56%|#####5    | 2232/4000 [35:19<17:00,  1.73it/s, loss=0.0211]
Training Navine AI Image:  56%|#####5    | 2233/4000 [35:20<16:58,  1.74it/s, loss=0.0211]
Training Navine AI Image:  56%|#####5    | 2233/4000 [35:20<16:58,  1.74it/s, loss=0.0382]
Training Navine AI Image:  56%|#####5    | 2234/4000 [35:20<16:57,  1.74it/s, loss=0.0382]
Training Navine AI Image:  56%|#####5    | 2234/4000 [35:20<16:57,  1.74it/s, loss=0.0030]
Training Navine AI Image:  56%|#####5    | 2235/4000 [35:21<16:50,  1.75it/s, loss=0.0030]
Training Navine AI Image:  56%|#####5    | 2235/4000 [35:21<16:50,  1.75it/s, loss=0.0056]
Training Navine AI Image:  56%|#####5    | 2236/4000 [35:22<18:50,  1.56it/s, loss=0.0056]
Training Navine AI Image:  56%|#####5    | 2236/4000 [35:22<18:50,  1.56it/s, loss=0.0133]
Training Navine AI Image:  56%|#####5    | 2237/4000 [35:22<18:19,  1.60it/s, loss=0.0133]
Training Navine AI Image:  56%|#####5    | 2237/4000 [35:22<18:19,  1.60it/s, loss=0.0363]
Training Navine AI Image:  56%|#####5    | 2238/4000 [35:23<17:47,  1.65it/s, loss=0.0363]
Training Navine AI Image:  56%|#####5    | 2238/4000 [35:23<17:47,  1.65it/s, loss=0.0145]
Training Navine AI Image:  56%|#####5    | 2239/4000 [35:23<17:35,  1.67it/s, loss=0.0145]
Training Navine AI Image:  56%|#####5    | 2239/4000 [35:23<17:35,  1.67it/s, loss=0.0049]
Training Navine AI Image:  56%|#####6    | 2240/4000 [35:24<17:38,  1.66it/s, loss=0.0049]
Training Navine AI Image:  56%|#####6    | 2240/4000 [35:24<17:38,  1.66it/s, loss=0.0049]
Training Navine AI Image:  56%|#####6    | 2241/4000 [35:24<16:52,  1.74it/s, loss=0.0049]
Training Navine AI Image:  56%|#####6    | 2241/4000 [35:24<16:52,  1.74it/s, loss=0.0021]
Training Navine AI Image:  56%|#####6    | 2242/4000 [35:25<16:48,  1.74it/s, loss=0.0021]
Training Navine AI Image:  56%|#####6    | 2242/4000 [35:25<16:48,  1.74it/s, loss=0.0053]
Training Navine AI Image:  56%|#####6    | 2243/4000 [35:26<17:09,  1.71it/s, loss=0.0053]
Training Navine AI Image:  56%|#####6    | 2243/4000 [35:26<17:09,  1.71it/s, loss=0.0224]
Training Navine AI Image:  56%|#####6    | 2244/4000 [35:26<17:01,  1.72it/s, loss=0.0224]
Training Navine AI Image:  56%|#####6    | 2244/4000 [35:26<17:01,  1.72it/s, loss=0.0067]
Training Navine AI Image:  56%|#####6    | 2245/4000 [35:27<16:40,  1.75it/s, loss=0.0067]
Training Navine AI Image:  56%|#####6    | 2245/4000 [35:27<16:40,  1.75it/s, loss=0.0160]
Training Navine AI Image:  56%|#####6    | 2246/4000 [35:27<17:35,  1.66it/s, loss=0.0160]
Training Navine AI Image:  56%|#####6    | 2246/4000 [35:27<17:35,  1.66it/s, loss=0.0069]
Training Navine AI Image:  56%|#####6    | 2247/4000 [35:28<17:42,  1.65it/s, loss=0.0069]
Training Navine AI Image:  56%|#####6    | 2247/4000 [35:28<17:42,  1.65it/s, loss=0.0057]
Training Navine AI Image:  56%|#####6    | 2248/4000 [35:29<17:40,  1.65it/s, loss=0.0057]
Training Navine AI Image:  56%|#####6    | 2248/4000 [35:29<17:40,  1.65it/s, loss=0.0217]
Training Navine AI Image:  56%|#####6    | 2249/4000 [35:29<17:07,  1.70it/s, loss=0.0217]
Training Navine AI Image:  56%|#####6    | 2249/4000 [35:29<17:07,  1.70it/s, loss=0.0682]
Training Navine AI Image:  56%|#####6    | 2250/4000 [35:30<16:59,  1.72it/s, loss=0.0682]
Training Navine AI Image:  56%|#####6    | 2250/4000 [35:30<16:59,  1.72it/s, loss=0.0048]
Training Navine AI Image:  56%|#####6    | 2251/4000 [35:31<24:56,  1.17it/s, loss=0.0048]
Training Navine AI Image:  56%|#####6    | 2251/4000 [35:31<24:56,  1.17it/s, loss=0.0075]
Training Navine AI Image:  56%|#####6    | 2252/4000 [35:32<22:30,  1.29it/s, loss=0.0075]
Training Navine AI Image:  56%|#####6    | 2252/4000 [35:32<22:30,  1.29it/s, loss=0.1231]
Training Navine AI Image:  56%|#####6    | 2253/4000 [35:32<21:07,  1.38it/s, loss=0.1231]
Training Navine AI Image:  56%|#####6    | 2253/4000 [35:32<21:07,  1.38it/s, loss=0.0049]
Training Navine AI Image:  56%|#####6    | 2254/4000 [35:33<19:43,  1.48it/s, loss=0.0049]
Training Navine AI Image:  56%|#####6    | 2254/4000 [35:33<19:43,  1.48it/s, loss=0.0119]
Training Navine AI Image:  56%|#####6    | 2255/4000 [35:34<18:56,  1.54it/s, loss=0.0119]
Training Navine AI Image:  56%|#####6    | 2255/4000 [35:34<18:56,  1.54it/s, loss=0.0138]
Training Navine AI Image:  56%|#####6    | 2256/4000 [35:34<17:54,  1.62it/s, loss=0.0138]
Training Navine AI Image:  56%|#####6    | 2256/4000 [35:34<17:54,  1.62it/s, loss=0.0059]
Training Navine AI Image:  56%|#####6    | 2257/4000 [35:35<17:27,  1.66it/s, loss=0.0059]
Training Navine AI Image:  56%|#####6    | 2257/4000 [35:35<17:27,  1.66it/s, loss=0.0140]
Training Navine AI Image:  56%|#####6    | 2258/4000 [35:35<17:06,  1.70it/s, loss=0.0140]
Training Navine AI Image:  56%|#####6    | 2258/4000 [35:35<17:06,  1.70it/s, loss=0.0099]
Training Navine AI Image:  56%|#####6    | 2259/4000 [35:36<16:43,  1.73it/s, loss=0.0099]
Training Navine AI Image:  56%|#####6    | 2259/4000 [35:36<16:43,  1.73it/s, loss=0.0051]
Training Navine AI Image:  56%|#####6    | 2260/4000 [35:36<16:53,  1.72it/s, loss=0.0051]
Training Navine AI Image:  56%|#####6    | 2260/4000 [35:36<16:53,  1.72it/s, loss=0.0207]
Training Navine AI Image:  57%|#####6    | 2261/4000 [35:37<16:55,  1.71it/s, loss=0.0207]
Training Navine AI Image:  57%|#####6    | 2261/4000 [35:37<16:55,  1.71it/s, loss=0.0071]
Training Navine AI Image:  57%|#####6    | 2262/4000 [35:38<16:44,  1.73it/s, loss=0.0071]
Training Navine AI Image:  57%|#####6    | 2262/4000 [35:38<16:44,  1.73it/s, loss=0.0243]
Training Navine AI Image:  57%|#####6    | 2263/4000 [35:38<17:51,  1.62it/s, loss=0.0243]
Training Navine AI Image:  57%|#####6    | 2263/4000 [35:38<17:51,  1.62it/s, loss=0.0115]
Training Navine AI Image:  57%|#####6    | 2264/4000 [35:39<17:00,  1.70it/s, loss=0.0115]
Training Navine AI Image:  57%|#####6    | 2264/4000 [35:39<17:00,  1.70it/s, loss=0.0060]
Training Navine AI Image:  57%|#####6    | 2265/4000 [35:39<16:46,  1.72it/s, loss=0.0060]
Training Navine AI Image:  57%|#####6    | 2265/4000 [35:39<16:46,  1.72it/s, loss=0.0038]
Training Navine AI Image:  57%|#####6    | 2266/4000 [35:40<16:40,  1.73it/s, loss=0.0038]
Training Navine AI Image:  57%|#####6    | 2266/4000 [35:40<16:40,  1.73it/s, loss=0.0134]
Training Navine AI Image:  57%|#####6    | 2267/4000 [35:40<16:44,  1.73it/s, loss=0.0134]
Training Navine AI Image:  57%|#####6    | 2267/4000 [35:40<16:44,  1.73it/s, loss=0.0208]
Training Navine AI Image:  57%|#####6    | 2268/4000 [35:41<16:23,  1.76it/s, loss=0.0208]
Training Navine AI Image:  57%|#####6    | 2268/4000 [35:41<16:23,  1.76it/s, loss=0.0018]
Training Navine AI Image:  57%|#####6    | 2269/4000 [35:42<16:19,  1.77it/s, loss=0.0018]
Training Navine AI Image:  57%|#####6    | 2269/4000 [35:42<16:19,  1.77it/s, loss=0.0309]
Training Navine AI Image:  57%|#####6    | 2270/4000 [35:42<16:28,  1.75it/s, loss=0.0309]
Training Navine AI Image:  57%|#####6    | 2270/4000 [35:42<16:28,  1.75it/s, loss=0.0073]
Training Navine AI Image:  57%|#####6    | 2271/4000 [35:43<16:45,  1.72it/s, loss=0.0073]
Training Navine AI Image:  57%|#####6    | 2271/4000 [35:43<16:45,  1.72it/s, loss=0.0077]
Training Navine AI Image:  57%|#####6    | 2272/4000 [35:43<16:37,  1.73it/s, loss=0.0077]
Training Navine AI Image:  57%|#####6    | 2272/4000 [35:43<16:37,  1.73it/s, loss=0.0178]
Training Navine AI Image:  57%|#####6    | 2273/4000 [35:44<16:05,  1.79it/s, loss=0.0178]
Training Navine AI Image:  57%|#####6    | 2273/4000 [35:44<16:05,  1.79it/s, loss=0.0072]
Training Navine AI Image:  57%|#####6    | 2274/4000 [35:44<16:08,  1.78it/s, loss=0.0072]
Training Navine AI Image:  57%|#####6    | 2274/4000 [35:44<16:08,  1.78it/s, loss=0.0054]
Training Navine AI Image:  57%|#####6    | 2275/4000 [35:45<16:44,  1.72it/s, loss=0.0054]
Training Navine AI Image:  57%|#####6    | 2275/4000 [35:45<16:44,  1.72it/s, loss=0.0112]
Training Navine AI Image:  57%|#####6    | 2276/4000 [35:46<16:33,  1.74it/s, loss=0.0112]
Training Navine AI Image:  57%|#####6    | 2276/4000 [35:46<16:33,  1.74it/s, loss=0.0041]
Training Navine AI Image:  57%|#####6    | 2277/4000 [35:46<16:31,  1.74it/s, loss=0.0041]
Training Navine AI Image:  57%|#####6    | 2277/4000 [35:46<16:31,  1.74it/s, loss=0.0057]
Training Navine AI Image:  57%|#####6    | 2278/4000 [35:47<16:36,  1.73it/s, loss=0.0057]
Training Navine AI Image:  57%|#####6    | 2278/4000 [35:47<16:36,  1.73it/s, loss=0.0035]
Training Navine AI Image:  57%|#####6    | 2279/4000 [35:47<16:48,  1.71it/s, loss=0.0035]
Training Navine AI Image:  57%|#####6    | 2279/4000 [35:47<16:48,  1.71it/s, loss=0.0321]
Training Navine AI Image:  57%|#####6    | 2280/4000 [35:48<16:47,  1.71it/s, loss=0.0321]
Training Navine AI Image:  57%|#####6    | 2280/4000 [35:48<16:47,  1.71it/s, loss=0.0035]
Training Navine AI Image:  57%|#####7    | 2281/4000 [35:49<16:40,  1.72it/s, loss=0.0035]
Training Navine AI Image:  57%|#####7    | 2281/4000 [35:49<16:40,  1.72it/s, loss=0.0059]
Training Navine AI Image:  57%|#####7    | 2282/4000 [35:49<16:26,  1.74it/s, loss=0.0059]
Training Navine AI Image:  57%|#####7    | 2282/4000 [35:49<16:26,  1.74it/s, loss=0.0041]
Training Navine AI Image:  57%|#####7    | 2283/4000 [35:50<16:39,  1.72it/s, loss=0.0041]
Training Navine AI Image:  57%|#####7    | 2283/4000 [35:50<16:39,  1.72it/s, loss=0.0358]
Training Navine AI Image:  57%|#####7    | 2284/4000 [35:50<16:39,  1.72it/s, loss=0.0358]
Training Navine AI Image:  57%|#####7    | 2284/4000 [35:50<16:39,  1.72it/s, loss=0.0134]
Training Navine AI Image:  57%|#####7    | 2285/4000 [35:51<16:25,  1.74it/s, loss=0.0134]
Training Navine AI Image:  57%|#####7    | 2285/4000 [35:51<16:25,  1.74it/s, loss=0.0318]
Training Navine AI Image:  57%|#####7    | 2286/4000 [35:51<16:16,  1.75it/s, loss=0.0318]
Training Navine AI Image:  57%|#####7    | 2286/4000 [35:51<16:16,  1.75it/s, loss=0.0026]
Training Navine AI Image:  57%|#####7    | 2287/4000 [35:52<16:14,  1.76it/s, loss=0.0026]
Training Navine AI Image:  57%|#####7    | 2287/4000 [35:52<16:14,  1.76it/s, loss=0.0074]
Training Navine AI Image:  57%|#####7    | 2288/4000 [35:53<16:36,  1.72it/s, loss=0.0074]
Training Navine AI Image:  57%|#####7    | 2288/4000 [35:53<16:36,  1.72it/s, loss=0.0035]
Training Navine AI Image:  57%|#####7    | 2289/4000 [35:53<16:06,  1.77it/s, loss=0.0035]
Training Navine AI Image:  57%|#####7    | 2289/4000 [35:53<16:06,  1.77it/s, loss=0.0074]
Training Navine AI Image:  57%|#####7    | 2290/4000 [35:54<16:07,  1.77it/s, loss=0.0074]
Training Navine AI Image:  57%|#####7    | 2290/4000 [35:54<16:07,  1.77it/s, loss=0.0062]
Training Navine AI Image:  57%|#####7    | 2291/4000 [35:54<16:03,  1.77it/s, loss=0.0062]
Training Navine AI Image:  57%|#####7    | 2291/4000 [35:54<16:03,  1.77it/s, loss=0.0078]
Training Navine AI Image:  57%|#####7    | 2292/4000 [35:55<16:14,  1.75it/s, loss=0.0078]
Training Navine AI Image:  57%|#####7    | 2292/4000 [35:55<16:14,  1.75it/s, loss=0.0040]
Training Navine AI Image:  57%|#####7    | 2293/4000 [35:55<16:35,  1.71it/s, loss=0.0040]
Training Navine AI Image:  57%|#####7    | 2293/4000 [35:55<16:35,  1.71it/s, loss=0.0070]
Training Navine AI Image:  57%|#####7    | 2294/4000 [35:56<16:26,  1.73it/s, loss=0.0070]
Training Navine AI Image:  57%|#####7    | 2294/4000 [35:56<16:26,  1.73it/s, loss=0.0590]
Training Navine AI Image:  57%|#####7    | 2295/4000 [35:57<16:51,  1.68it/s, loss=0.0590]
Training Navine AI Image:  57%|#####7    | 2295/4000 [35:57<16:51,  1.68it/s, loss=0.0050]
Training Navine AI Image:  57%|#####7    | 2296/4000 [35:57<16:13,  1.75it/s, loss=0.0050]
Training Navine AI Image:  57%|#####7    | 2296/4000 [35:57<16:13,  1.75it/s, loss=0.0957]
Training Navine AI Image:  57%|#####7    | 2297/4000 [35:58<16:17,  1.74it/s, loss=0.0957]
Training Navine AI Image:  57%|#####7    | 2297/4000 [35:58<16:17,  1.74it/s, loss=0.0107]
Training Navine AI Image:  57%|#####7    | 2298/4000 [35:58<16:39,  1.70it/s, loss=0.0107]
Training Navine AI Image:  57%|#####7    | 2298/4000 [35:58<16:39,  1.70it/s, loss=0.0027]
Training Navine AI Image:  57%|#####7    | 2299/4000 [35:59<16:18,  1.74it/s, loss=0.0027]
Training Navine AI Image:  57%|#####7    | 2299/4000 [35:59<16:18,  1.74it/s, loss=0.0136]
Training Navine AI Image:  57%|#####7    | 2300/4000 [35:59<16:21,  1.73it/s, loss=0.0136]
Training Navine AI Image:  57%|#####7    | 2300/4000 [35:59<16:21,  1.73it/s, loss=0.0139]
Training Navine AI Image:  58%|#####7    | 2301/4000 [36:00<16:36,  1.71it/s, loss=0.0139]
Training Navine AI Image:  58%|#####7    | 2301/4000 [36:00<16:36,  1.71it/s, loss=0.0149]
Training Navine AI Image:  58%|#####7    | 2302/4000 [36:01<16:01,  1.77it/s, loss=0.0149]
Training Navine AI Image:  58%|#####7    | 2302/4000 [36:01<16:01,  1.77it/s, loss=0.0022]
Training Navine AI Image:  58%|#####7    | 2303/4000 [36:01<16:01,  1.77it/s, loss=0.0022]
Training Navine AI Image:  58%|#####7    | 2303/4000 [36:01<16:01,  1.77it/s, loss=0.0547]
Training Navine AI Image:  58%|#####7    | 2304/4000 [36:02<16:49,  1.68it/s, loss=0.0547]
Training Navine AI Image:  58%|#####7    | 2304/4000 [36:02<16:49,  1.68it/s, loss=0.0044]
Training Navine AI Image:  58%|#####7    | 2305/4000 [36:02<16:33,  1.71it/s, loss=0.0044]
Training Navine AI Image:  58%|#####7    | 2305/4000 [36:02<16:33,  1.71it/s, loss=0.0045]
Training Navine AI Image:  58%|#####7    | 2306/4000 [36:03<15:57,  1.77it/s, loss=0.0045]
Training Navine AI Image:  58%|#####7    | 2306/4000 [36:03<15:57,  1.77it/s, loss=0.0062]
Training Navine AI Image:  58%|#####7    | 2307/4000 [36:03<16:11,  1.74it/s, loss=0.0062]
Training Navine AI Image:  58%|#####7    | 2307/4000 [36:04<16:11,  1.74it/s, loss=0.0041]
Training Navine AI Image:  58%|#####7    | 2308/4000 [36:04<16:16,  1.73it/s, loss=0.0041]
Training Navine AI Image:  58%|#####7    | 2308/4000 [36:04<16:16,  1.73it/s, loss=0.0027]
Training Navine AI Image:  58%|#####7    | 2309/4000 [36:05<16:11,  1.74it/s, loss=0.0027]
Training Navine AI Image:  58%|#####7    | 2309/4000 [36:05<16:11,  1.74it/s, loss=0.0091]
Training Navine AI Image:  58%|#####7    | 2310/4000 [36:05<16:05,  1.75it/s, loss=0.0091]
Training Navine AI Image:  58%|#####7    | 2310/4000 [36:05<16:05,  1.75it/s, loss=0.0061]
Training Navine AI Image:  58%|#####7    | 2311/4000 [36:06<16:37,  1.69it/s, loss=0.0061]
Training Navine AI Image:  58%|#####7    | 2311/4000 [36:06<16:37,  1.69it/s, loss=0.0428]
Training Navine AI Image:  58%|#####7    | 2312/4000 [36:06<16:19,  1.72it/s, loss=0.0428]
Training Navine AI Image:  58%|#####7    | 2312/4000 [36:06<16:19,  1.72it/s, loss=0.0106]
Training Navine AI Image:  58%|#####7    | 2313/4000 [36:07<15:50,  1.77it/s, loss=0.0106]
Training Navine AI Image:  58%|#####7    | 2313/4000 [36:07<15:50,  1.77it/s, loss=0.0164]
Training Navine AI Image:  58%|#####7    | 2314/4000 [36:08<16:43,  1.68it/s, loss=0.0164]
Training Navine AI Image:  58%|#####7    | 2314/4000 [36:08<16:43,  1.68it/s, loss=0.0027]
Training Navine AI Image:  58%|#####7    | 2315/4000 [36:08<16:16,  1.73it/s, loss=0.0027]
Training Navine AI Image:  58%|#####7    | 2315/4000 [36:08<16:16,  1.73it/s, loss=0.0047]
Training Navine AI Image:  58%|#####7    | 2316/4000 [36:09<16:06,  1.74it/s, loss=0.0047]
Training Navine AI Image:  58%|#####7    | 2316/4000 [36:09<16:06,  1.74it/s, loss=0.0064]
Training Navine AI Image:  58%|#####7    | 2317/4000 [36:09<15:56,  1.76it/s, loss=0.0064]
Training Navine AI Image:  58%|#####7    | 2317/4000 [36:09<15:56,  1.76it/s, loss=0.0339]
Training Navine AI Image:  58%|#####7    | 2318/4000 [36:10<16:36,  1.69it/s, loss=0.0339]
Training Navine AI Image:  58%|#####7    | 2318/4000 [36:10<16:36,  1.69it/s, loss=0.0073]
Training Navine AI Image:  58%|#####7    | 2319/4000 [36:10<15:56,  1.76it/s, loss=0.0073]
Training Navine AI Image:  58%|#####7    | 2319/4000 [36:10<15:56,  1.76it/s, loss=0.0075]
Training Navine AI Image:  58%|#####8    | 2320/4000 [36:11<15:44,  1.78it/s, loss=0.0075]
Training Navine AI Image:  58%|#####8    | 2320/4000 [36:11<15:44,  1.78it/s, loss=0.0559]
Training Navine AI Image:  58%|#####8    | 2321/4000 [36:11<15:43,  1.78it/s, loss=0.0559]
Training Navine AI Image:  58%|#####8    | 2321/4000 [36:12<15:43,  1.78it/s, loss=0.0023]
Training Navine AI Image:  58%|#####8    | 2322/4000 [36:12<15:44,  1.78it/s, loss=0.0023]
Training Navine AI Image:  58%|#####8    | 2322/4000 [36:12<15:44,  1.78it/s, loss=0.0107]
Training Navine AI Image:  58%|#####8    | 2323/4000 [36:13<15:45,  1.77it/s, loss=0.0107]
Training Navine AI Image:  58%|#####8    | 2323/4000 [36:13<15:45,  1.77it/s, loss=0.0094]
Training Navine AI Image:  58%|#####8    | 2324/4000 [36:13<15:42,  1.78it/s, loss=0.0094]
Training Navine AI Image:  58%|#####8    | 2324/4000 [36:13<15:42,  1.78it/s, loss=0.0075]
Training Navine AI Image:  58%|#####8    | 2325/4000 [36:14<15:43,  1.77it/s, loss=0.0075]
Training Navine AI Image:  58%|#####8    | 2325/4000 [36:14<15:43,  1.77it/s, loss=0.0053]
Training Navine AI Image:  58%|#####8    | 2326/4000 [36:14<16:25,  1.70it/s, loss=0.0053]
Training Navine AI Image:  58%|#####8    | 2326/4000 [36:14<16:25,  1.70it/s, loss=0.0057]
Training Navine AI Image:  58%|#####8    | 2327/4000 [36:15<16:04,  1.74it/s, loss=0.0057]
Training Navine AI Image:  58%|#####8    | 2327/4000 [36:15<16:04,  1.74it/s, loss=0.0057]
Training Navine AI Image:  58%|#####8    | 2328/4000 [36:16<16:12,  1.72it/s, loss=0.0057]
Training Navine AI Image:  58%|#####8    | 2328/4000 [36:16<16:12,  1.72it/s, loss=0.0107]
Training Navine AI Image:  58%|#####8    | 2329/4000 [36:16<16:04,  1.73it/s, loss=0.0107]
Training Navine AI Image:  58%|#####8    | 2329/4000 [36:16<16:04,  1.73it/s, loss=0.0088]
Training Navine AI Image:  58%|#####8    | 2330/4000 [36:17<16:17,  1.71it/s, loss=0.0088]
Training Navine AI Image:  58%|#####8    | 2330/4000 [36:17<16:17,  1.71it/s, loss=0.0191]
Training Navine AI Image:  58%|#####8    | 2331/4000 [36:17<15:36,  1.78it/s, loss=0.0191]
Training Navine AI Image:  58%|#####8    | 2331/4000 [36:17<15:36,  1.78it/s, loss=0.0020]
Training Navine AI Image:  58%|#####8    | 2332/4000 [36:18<15:45,  1.76it/s, loss=0.0020]
Training Navine AI Image:  58%|#####8    | 2332/4000 [36:18<15:45,  1.76it/s, loss=0.0216]
Training Navine AI Image:  58%|#####8    | 2333/4000 [36:18<16:29,  1.68it/s, loss=0.0216]
Training Navine AI Image:  58%|#####8    | 2333/4000 [36:18<16:29,  1.68it/s, loss=0.0230]
Training Navine AI Image:  58%|#####8    | 2334/4000 [36:19<16:08,  1.72it/s, loss=0.0230]
Training Navine AI Image:  58%|#####8    | 2334/4000 [36:19<16:08,  1.72it/s, loss=0.0162]
Training Navine AI Image:  58%|#####8    | 2335/4000 [36:20<16:05,  1.72it/s, loss=0.0162]
Training Navine AI Image:  58%|#####8    | 2335/4000 [36:20<16:05,  1.72it/s, loss=0.0152]
Training Navine AI Image:  58%|#####8    | 2336/4000 [36:20<16:13,  1.71it/s, loss=0.0152]
Training Navine AI Image:  58%|#####8    | 2336/4000 [36:20<16:13,  1.71it/s, loss=0.0146]
Training Navine AI Image:  58%|#####8    | 2337/4000 [36:21<16:00,  1.73it/s, loss=0.0146]
Training Navine AI Image:  58%|#####8    | 2337/4000 [36:21<16:00,  1.73it/s, loss=0.0069]
Training Navine AI Image:  58%|#####8    | 2338/4000 [36:21<15:58,  1.73it/s, loss=0.0069]
Training Navine AI Image:  58%|#####8    | 2338/4000 [36:21<15:58,  1.73it/s, loss=0.0215]
Training Navine AI Image:  58%|#####8    | 2339/4000 [36:22<16:00,  1.73it/s, loss=0.0215]
Training Navine AI Image:  58%|#####8    | 2339/4000 [36:22<16:00,  1.73it/s, loss=0.0220]
Training Navine AI Image:  58%|#####8    | 2340/4000 [36:22<16:05,  1.72it/s, loss=0.0220]
Training Navine AI Image:  58%|#####8    | 2340/4000 [36:23<16:05,  1.72it/s, loss=0.0028]
Training Navine AI Image:  59%|#####8    | 2341/4000 [36:23<16:55,  1.63it/s, loss=0.0028]
Training Navine AI Image:  59%|#####8    | 2341/4000 [36:23<16:55,  1.63it/s, loss=0.0118]
Training Navine AI Image:  59%|#####8    | 2342/4000 [36:24<16:24,  1.68it/s, loss=0.0118]
Training Navine AI Image:  59%|#####8    | 2342/4000 [36:24<16:24,  1.68it/s, loss=0.0278]
Training Navine AI Image:  59%|#####8    | 2343/4000 [36:24<16:16,  1.70it/s, loss=0.0278]
Training Navine AI Image:  59%|#####8    | 2343/4000 [36:24<16:16,  1.70it/s, loss=0.0085]
Training Navine AI Image:  59%|#####8    | 2344/4000 [36:25<16:24,  1.68it/s, loss=0.0085]
Training Navine AI Image:  59%|#####8    | 2344/4000 [36:25<16:24,  1.68it/s, loss=0.0123]
Training Navine AI Image:  59%|#####8    | 2345/4000 [36:25<15:47,  1.75it/s, loss=0.0123]
Training Navine AI Image:  59%|#####8    | 2345/4000 [36:25<15:47,  1.75it/s, loss=0.0192]
Training Navine AI Image:  59%|#####8    | 2346/4000 [36:26<16:00,  1.72it/s, loss=0.0192]
Training Navine AI Image:  59%|#####8    | 2346/4000 [36:26<16:00,  1.72it/s, loss=0.0158]
Training Navine AI Image:  59%|#####8    | 2347/4000 [36:27<15:49,  1.74it/s, loss=0.0158]
Training Navine AI Image:  59%|#####8    | 2347/4000 [36:27<15:49,  1.74it/s, loss=0.0075]
Training Navine AI Image:  59%|#####8    | 2348/4000 [36:27<16:07,  1.71it/s, loss=0.0075]
Training Navine AI Image:  59%|#####8    | 2348/4000 [36:27<16:07,  1.71it/s, loss=0.0071]
Training Navine AI Image:  59%|#####8    | 2349/4000 [36:28<15:35,  1.76it/s, loss=0.0071]
Training Navine AI Image:  59%|#####8    | 2349/4000 [36:28<15:35,  1.76it/s, loss=0.0092]
Training Navine AI Image:  59%|#####8    | 2350/4000 [36:28<15:40,  1.75it/s, loss=0.0092]
Training Navine AI Image:  59%|#####8    | 2350/4000 [36:28<15:40,  1.75it/s, loss=0.0202]
Training Navine AI Image:  59%|#####8    | 2351/4000 [36:29<16:03,  1.71it/s, loss=0.0202]
Training Navine AI Image:  59%|#####8    | 2351/4000 [36:29<16:03,  1.71it/s, loss=0.0446]
Training Navine AI Image:  59%|#####8    | 2352/4000 [36:29<15:45,  1.74it/s, loss=0.0446]
Training Navine AI Image:  59%|#####8    | 2352/4000 [36:30<15:45,  1.74it/s, loss=0.0167]
Training Navine AI Image:  59%|#####8    | 2353/4000 [36:30<15:56,  1.72it/s, loss=0.0167]
Training Navine AI Image:  59%|#####8    | 2353/4000 [36:30<15:56,  1.72it/s, loss=0.0066]
Training Navine AI Image:  59%|#####8    | 2354/4000 [36:31<15:58,  1.72it/s, loss=0.0066]
Training Navine AI Image:  59%|#####8    | 2354/4000 [36:31<15:58,  1.72it/s, loss=0.0043]
Training Navine AI Image:  59%|#####8    | 2355/4000 [36:31<15:57,  1.72it/s, loss=0.0043]
Training Navine AI Image:  59%|#####8    | 2355/4000 [36:31<15:57,  1.72it/s, loss=0.0070]
Training Navine AI Image:  59%|#####8    | 2356/4000 [36:32<15:50,  1.73it/s, loss=0.0070]
Training Navine AI Image:  59%|#####8    | 2356/4000 [36:32<15:50,  1.73it/s, loss=0.0038]
Training Navine AI Image:  59%|#####8    | 2357/4000 [36:32<15:53,  1.72it/s, loss=0.0038]
Training Navine AI Image:  59%|#####8    | 2357/4000 [36:32<15:53,  1.72it/s, loss=0.0199]
Training Navine AI Image:  59%|#####8    | 2358/4000 [36:33<15:43,  1.74it/s, loss=0.0199]
Training Navine AI Image:  59%|#####8    | 2358/4000 [36:33<15:43,  1.74it/s, loss=0.0056]
Training Navine AI Image:  59%|#####8    | 2359/4000 [36:34<15:40,  1.75it/s, loss=0.0056]
Training Navine AI Image:  59%|#####8    | 2359/4000 [36:34<15:40,  1.75it/s, loss=0.0029]
Training Navine AI Image:  59%|#####8    | 2360/4000 [36:34<15:34,  1.75it/s, loss=0.0029]
Training Navine AI Image:  59%|#####8    | 2360/4000 [36:34<15:34,  1.75it/s, loss=0.0021]
Training Navine AI Image:  59%|#####9    | 2361/4000 [36:35<16:06,  1.70it/s, loss=0.0021]
Training Navine AI Image:  59%|#####9    | 2361/4000 [36:35<16:06,  1.70it/s, loss=0.0038]
Training Navine AI Image:  59%|#####9    | 2362/4000 [36:35<15:40,  1.74it/s, loss=0.0038]
Training Navine AI Image:  59%|#####9    | 2362/4000 [36:35<15:40,  1.74it/s, loss=0.0237]
Training Navine AI Image:  59%|#####9    | 2363/4000 [36:36<15:38,  1.74it/s, loss=0.0237]
Training Navine AI Image:  59%|#####9    | 2363/4000 [36:36<15:38,  1.74it/s, loss=0.0086]
Training Navine AI Image:  59%|#####9    | 2364/4000 [36:36<16:01,  1.70it/s, loss=0.0086]
Training Navine AI Image:  59%|#####9    | 2364/4000 [36:36<16:01,  1.70it/s, loss=0.0020]
Training Navine AI Image:  59%|#####9    | 2365/4000 [36:37<15:25,  1.77it/s, loss=0.0020]
Training Navine AI Image:  59%|#####9    | 2365/4000 [36:37<15:25,  1.77it/s, loss=0.0048]
Training Navine AI Image:  59%|#####9    | 2366/4000 [36:38<16:01,  1.70it/s, loss=0.0048]
Training Navine AI Image:  59%|#####9    | 2366/4000 [36:38<16:01,  1.70it/s, loss=0.0094]
Training Navine AI Image:  59%|#####9    | 2367/4000 [36:38<15:49,  1.72it/s, loss=0.0094]
Training Navine AI Image:  59%|#####9    | 2367/4000 [36:38<15:49,  1.72it/s, loss=0.0126]
Training Navine AI Image:  59%|#####9    | 2368/4000 [36:39<16:01,  1.70it/s, loss=0.0126]
Training Navine AI Image:  59%|#####9    | 2368/4000 [36:39<16:01,  1.70it/s, loss=0.0075]
Training Navine AI Image:  59%|#####9    | 2369/4000 [36:39<15:29,  1.75it/s, loss=0.0075]
Training Navine AI Image:  59%|#####9    | 2369/4000 [36:39<15:29,  1.75it/s, loss=0.0076]
Training Navine AI Image:  59%|#####9    | 2370/4000 [36:40<15:30,  1.75it/s, loss=0.0076]
Training Navine AI Image:  59%|#####9    | 2370/4000 [36:40<15:30,  1.75it/s, loss=0.0081]
Training Navine AI Image:  59%|#####9    | 2371/4000 [36:40<15:52,  1.71it/s, loss=0.0081]
Training Navine AI Image:  59%|#####9    | 2371/4000 [36:40<15:52,  1.71it/s, loss=0.0071]
Training Navine AI Image:  59%|#####9    | 2372/4000 [36:41<15:31,  1.75it/s, loss=0.0071]
Training Navine AI Image:  59%|#####9    | 2372/4000 [36:41<15:31,  1.75it/s, loss=0.0513]
Training Navine AI Image:  59%|#####9    | 2373/4000 [36:42<15:42,  1.73it/s, loss=0.0513]
Training Navine AI Image:  59%|#####9    | 2373/4000 [36:42<15:42,  1.73it/s, loss=0.0038]
Training Navine AI Image:  59%|#####9    | 2374/4000 [36:42<15:50,  1.71it/s, loss=0.0038]
Training Navine AI Image:  59%|#####9    | 2374/4000 [36:42<15:50,  1.71it/s, loss=0.0048]
Training Navine AI Image:  59%|#####9    | 2375/4000 [36:43<15:38,  1.73it/s, loss=0.0048]
Training Navine AI Image:  59%|#####9    | 2375/4000 [36:43<15:38,  1.73it/s, loss=0.0021]
Training Navine AI Image:  59%|#####9    | 2376/4000 [36:43<15:38,  1.73it/s, loss=0.0021]
Training Navine AI Image:  59%|#####9    | 2376/4000 [36:43<15:38,  1.73it/s, loss=0.0061]
Training Navine AI Image:  59%|#####9    | 2377/4000 [36:44<15:51,  1.71it/s, loss=0.0061]
Training Navine AI Image:  59%|#####9    | 2377/4000 [36:44<15:51,  1.71it/s, loss=0.0039]
Training Navine AI Image:  59%|#####9    | 2378/4000 [36:45<15:41,  1.72it/s, loss=0.0039]
Training Navine AI Image:  59%|#####9    | 2378/4000 [36:45<15:41,  1.72it/s, loss=0.0052]
Training Navine AI Image:  59%|#####9    | 2379/4000 [36:45<15:14,  1.77it/s, loss=0.0052]
Training Navine AI Image:  59%|#####9    | 2379/4000 [36:45<15:14,  1.77it/s, loss=0.0120]
Training Navine AI Image:  60%|#####9    | 2380/4000 [36:46<15:19,  1.76it/s, loss=0.0120]
Training Navine AI Image:  60%|#####9    | 2380/4000 [36:46<15:19,  1.76it/s, loss=0.0073]
Training Navine AI Image:  60%|#####9    | 2381/4000 [36:46<15:20,  1.76it/s, loss=0.0073]
Training Navine AI Image:  60%|#####9    | 2381/4000 [36:46<15:20,  1.76it/s, loss=0.0068]
Training Navine AI Image:  60%|#####9    | 2382/4000 [36:47<15:40,  1.72it/s, loss=0.0068]
Training Navine AI Image:  60%|#####9    | 2382/4000 [36:47<15:40,  1.72it/s, loss=0.0036]
Training Navine AI Image:  60%|#####9    | 2383/4000 [36:47<15:17,  1.76it/s, loss=0.0036]
Training Navine AI Image:  60%|#####9    | 2383/4000 [36:47<15:17,  1.76it/s, loss=0.0042]
Training Navine AI Image:  60%|#####9    | 2384/4000 [36:48<15:53,  1.69it/s, loss=0.0042]
Training Navine AI Image:  60%|#####9    | 2384/4000 [36:48<15:53,  1.69it/s, loss=0.0050]
Training Navine AI Image:  60%|#####9    | 2385/4000 [36:49<15:28,  1.74it/s, loss=0.0050]
Training Navine AI Image:  60%|#####9    | 2385/4000 [36:49<15:28,  1.74it/s, loss=0.0213]
Training Navine AI Image:  60%|#####9    | 2386/4000 [36:49<15:36,  1.72it/s, loss=0.0213]
Training Navine AI Image:  60%|#####9    | 2386/4000 [36:49<15:36,  1.72it/s, loss=0.0064]
Training Navine AI Image:  60%|#####9    | 2387/4000 [36:50<15:59,  1.68it/s, loss=0.0064]
Training Navine AI Image:  60%|#####9    | 2387/4000 [36:50<15:59,  1.68it/s, loss=0.0397]
Training Navine AI Image:  60%|#####9    | 2388/4000 [36:50<15:25,  1.74it/s, loss=0.0397]
Training Navine AI Image:  60%|#####9    | 2388/4000 [36:50<15:25,  1.74it/s, loss=0.0070]
Training Navine AI Image:  60%|#####9    | 2389/4000 [36:51<15:18,  1.75it/s, loss=0.0070]
Training Navine AI Image:  60%|#####9    | 2389/4000 [36:51<15:18,  1.75it/s, loss=0.0095]
Training Navine AI Image:  60%|#####9    | 2390/4000 [36:51<15:40,  1.71it/s, loss=0.0095]
Training Navine AI Image:  60%|#####9    | 2390/4000 [36:51<15:40,  1.71it/s, loss=0.0174]
Training Navine AI Image:  60%|#####9    | 2391/4000 [36:52<15:40,  1.71it/s, loss=0.0174]
Training Navine AI Image:  60%|#####9    | 2391/4000 [36:52<15:40,  1.71it/s, loss=0.0078]
Training Navine AI Image:  60%|#####9    | 2392/4000 [36:53<15:16,  1.75it/s, loss=0.0078]
Training Navine AI Image:  60%|#####9    | 2392/4000 [36:53<15:16,  1.75it/s, loss=0.0034]
Training Navine AI Image:  60%|#####9    | 2393/4000 [36:53<15:20,  1.75it/s, loss=0.0034]
Training Navine AI Image:  60%|#####9    | 2393/4000 [36:53<15:20,  1.75it/s, loss=0.0173]
Training Navine AI Image:  60%|#####9    | 2394/4000 [36:54<15:41,  1.71it/s, loss=0.0173]
Training Navine AI Image:  60%|#####9    | 2394/4000 [36:54<15:41,  1.71it/s, loss=0.0290]
Training Navine AI Image:  60%|#####9    | 2395/4000 [36:54<15:14,  1.76it/s, loss=0.0290]
Training Navine AI Image:  60%|#####9    | 2395/4000 [36:54<15:14,  1.76it/s, loss=0.0145]
Training Navine AI Image:  60%|#####9    | 2396/4000 [36:55<15:09,  1.76it/s, loss=0.0145]
Training Navine AI Image:  60%|#####9    | 2396/4000 [36:55<15:09,  1.76it/s, loss=0.0059]
Training Navine AI Image:  60%|#####9    | 2397/4000 [36:55<15:01,  1.78it/s, loss=0.0059]
Training Navine AI Image:  60%|#####9    | 2397/4000 [36:55<15:01,  1.78it/s, loss=0.0166]
Training Navine AI Image:  60%|#####9    | 2398/4000 [36:56<15:26,  1.73it/s, loss=0.0166]
Training Navine AI Image:  60%|#####9    | 2398/4000 [36:56<15:26,  1.73it/s, loss=0.0040]
Training Navine AI Image:  60%|#####9    | 2399/4000 [36:57<15:29,  1.72it/s, loss=0.0040]
Training Navine AI Image:  60%|#####9    | 2399/4000 [36:57<15:29,  1.72it/s, loss=0.0181]
Training Navine AI Image:  60%|######    | 2400/4000 [36:57<14:57,  1.78it/s, loss=0.0181]
Training Navine AI Image:  60%|######    | 2400/4000 [36:57<14:57,  1.78it/s, loss=0.0256]
Training Navine AI Image:  60%|######    | 2401/4000 [36:58<15:03,  1.77it/s, loss=0.0256]
Training Navine AI Image:  60%|######    | 2401/4000 [36:58<15:03,  1.77it/s, loss=0.0050]
Training Navine AI Image:  60%|######    | 2402/4000 [36:58<15:26,  1.72it/s, loss=0.0050]
Training Navine AI Image:  60%|######    | 2402/4000 [36:58<15:26,  1.72it/s, loss=0.0098]
Training Navine AI Image:  60%|######    | 2403/4000 [36:59<15:38,  1.70it/s, loss=0.0098]
Training Navine AI Image:  60%|######    | 2403/4000 [36:59<15:38,  1.70it/s, loss=0.0189]
Training Navine AI Image:  60%|######    | 2404/4000 [37:00<15:55,  1.67it/s, loss=0.0189]
Training Navine AI Image:  60%|######    | 2404/4000 [37:00<15:55,  1.67it/s, loss=0.0044]
Training Navine AI Image:  60%|######    | 2405/4000 [37:00<15:35,  1.71it/s, loss=0.0044]
Training Navine AI Image:  60%|######    | 2405/4000 [37:00<15:35,  1.71it/s, loss=0.0040]
Training Navine AI Image:  60%|######    | 2406/4000 [37:01<15:09,  1.75it/s, loss=0.0040]
Training Navine AI Image:  60%|######    | 2406/4000 [37:01<15:09,  1.75it/s, loss=0.0121]
Training Navine AI Image:  60%|######    | 2407/4000 [37:01<15:11,  1.75it/s, loss=0.0121]
Training Navine AI Image:  60%|######    | 2407/4000 [37:01<15:11,  1.75it/s, loss=0.0119]
Training Navine AI Image:  60%|######    | 2408/4000 [37:02<15:15,  1.74it/s, loss=0.0119]
Training Navine AI Image:  60%|######    | 2408/4000 [37:02<15:15,  1.74it/s, loss=0.0148]
Training Navine AI Image:  60%|######    | 2409/4000 [37:02<15:18,  1.73it/s, loss=0.0148]
Training Navine AI Image:  60%|######    | 2409/4000 [37:02<15:18,  1.73it/s, loss=0.0257]
Training Navine AI Image:  60%|######    | 2410/4000 [37:03<15:17,  1.73it/s, loss=0.0257]
Training Navine AI Image:  60%|######    | 2410/4000 [37:03<15:17,  1.73it/s, loss=0.0122]
Training Navine AI Image:  60%|######    | 2411/4000 [37:04<15:11,  1.74it/s, loss=0.0122]
Training Navine AI Image:  60%|######    | 2411/4000 [37:04<15:11,  1.74it/s, loss=0.0049]
Training Navine AI Image:  60%|######    | 2412/4000 [37:04<15:28,  1.71it/s, loss=0.0049]
Training Navine AI Image:  60%|######    | 2412/4000 [37:04<15:28,  1.71it/s, loss=0.0075]
Training Navine AI Image:  60%|######    | 2413/4000 [37:05<15:02,  1.76it/s, loss=0.0075]
Training Navine AI Image:  60%|######    | 2413/4000 [37:05<15:02,  1.76it/s, loss=0.0063]
Training Navine AI Image:  60%|######    | 2414/4000 [37:05<15:44,  1.68it/s, loss=0.0063]
Training Navine AI Image:  60%|######    | 2414/4000 [37:05<15:44,  1.68it/s, loss=0.0419]
Training Navine AI Image:  60%|######    | 2415/4000 [37:06<15:15,  1.73it/s, loss=0.0419]
Training Navine AI Image:  60%|######    | 2415/4000 [37:06<15:15,  1.73it/s, loss=0.0032]
Training Navine AI Image:  60%|######    | 2416/4000 [37:06<15:11,  1.74it/s, loss=0.0032]
Training Navine AI Image:  60%|######    | 2416/4000 [37:06<15:11,  1.74it/s, loss=0.0412]
Training Navine AI Image:  60%|######    | 2417/4000 [37:07<15:33,  1.69it/s, loss=0.0412]
Training Navine AI Image:  60%|######    | 2417/4000 [37:07<15:33,  1.69it/s, loss=0.0128]
Training Navine AI Image:  60%|######    | 2418/4000 [37:08<15:21,  1.72it/s, loss=0.0128]
Training Navine AI Image:  60%|######    | 2418/4000 [37:08<15:21,  1.72it/s, loss=0.0056]
Training Navine AI Image:  60%|######    | 2419/4000 [37:08<14:52,  1.77it/s, loss=0.0056]
Training Navine AI Image:  60%|######    | 2419/4000 [37:08<14:52,  1.77it/s, loss=0.0058]
Training Navine AI Image:  60%|######    | 2420/4000 [37:09<14:47,  1.78it/s, loss=0.0058]
Training Navine AI Image:  60%|######    | 2420/4000 [37:09<14:47,  1.78it/s, loss=0.0037]
Training Navine AI Image:  61%|######    | 2421/4000 [37:09<14:51,  1.77it/s, loss=0.0037]
Training Navine AI Image:  61%|######    | 2421/4000 [37:09<14:51,  1.77it/s, loss=0.0032]
Training Navine AI Image:  61%|######    | 2422/4000 [37:10<14:53,  1.77it/s, loss=0.0032]
Training Navine AI Image:  61%|######    | 2422/4000 [37:10<14:53,  1.77it/s, loss=0.0025]
Training Navine AI Image:  61%|######    | 2423/4000 [37:10<14:49,  1.77it/s, loss=0.0025]
Training Navine AI Image:  61%|######    | 2423/4000 [37:10<14:49,  1.77it/s, loss=0.0062]
Training Navine AI Image:  61%|######    | 2424/4000 [37:11<15:06,  1.74it/s, loss=0.0062]
Training Navine AI Image:  61%|######    | 2424/4000 [37:11<15:06,  1.74it/s, loss=0.0112]
Training Navine AI Image:  61%|######    | 2425/4000 [37:12<15:03,  1.74it/s, loss=0.0112]
Training Navine AI Image:  61%|######    | 2425/4000 [37:12<15:03,  1.74it/s, loss=0.0349]
Training Navine AI Image:  61%|######    | 2426/4000 [37:12<15:05,  1.74it/s, loss=0.0349]
Training Navine AI Image:  61%|######    | 2426/4000 [37:12<15:05,  1.74it/s, loss=0.0040]
Training Navine AI Image:  61%|######    | 2427/4000 [37:13<15:12,  1.72it/s, loss=0.0040]
Training Navine AI Image:  61%|######    | 2427/4000 [37:13<15:12,  1.72it/s, loss=0.0119]
Training Navine AI Image:  61%|######    | 2428/4000 [37:13<15:05,  1.74it/s, loss=0.0119]
Training Navine AI Image:  61%|######    | 2428/4000 [37:13<15:05,  1.74it/s, loss=0.0036]
Training Navine AI Image:  61%|######    | 2429/4000 [37:14<15:19,  1.71it/s, loss=0.0036]
Training Navine AI Image:  61%|######    | 2429/4000 [37:14<15:19,  1.71it/s, loss=0.0045]
Training Navine AI Image:  61%|######    | 2430/4000 [37:14<14:52,  1.76it/s, loss=0.0045]
Training Navine AI Image:  61%|######    | 2430/4000 [37:14<14:52,  1.76it/s, loss=0.0133]
Training Navine AI Image:  61%|######    | 2431/4000 [37:15<14:55,  1.75it/s, loss=0.0133]
Training Navine AI Image:  61%|######    | 2431/4000 [37:15<14:55,  1.75it/s, loss=0.0065]
Training Navine AI Image:  61%|######    | 2432/4000 [37:16<15:19,  1.70it/s, loss=0.0065]
Training Navine AI Image:  61%|######    | 2432/4000 [37:16<15:19,  1.70it/s, loss=0.0040]
Training Navine AI Image:  61%|######    | 2433/4000 [37:16<15:06,  1.73it/s, loss=0.0040]
Training Navine AI Image:  61%|######    | 2433/4000 [37:16<15:06,  1.73it/s, loss=0.0034]
Training Navine AI Image:  61%|######    | 2434/4000 [37:17<14:55,  1.75it/s, loss=0.0034]
Training Navine AI Image:  61%|######    | 2434/4000 [37:17<14:55,  1.75it/s, loss=0.0029]
Training Navine AI Image:  61%|######    | 2435/4000 [37:17<14:48,  1.76it/s, loss=0.0029]
Training Navine AI Image:  61%|######    | 2435/4000 [37:17<14:48,  1.76it/s, loss=0.0204]
Training Navine AI Image:  61%|######    | 2436/4000 [37:18<15:04,  1.73it/s, loss=0.0204]
Training Navine AI Image:  61%|######    | 2436/4000 [37:18<15:04,  1.73it/s, loss=0.0025]
Training Navine AI Image:  61%|######    | 2437/4000 [37:18<14:53,  1.75it/s, loss=0.0025]
Training Navine AI Image:  61%|######    | 2437/4000 [37:18<14:53,  1.75it/s, loss=0.0176]
Training Navine AI Image:  61%|######    | 2438/4000 [37:19<14:28,  1.80it/s, loss=0.0176]
Training Navine AI Image:  61%|######    | 2438/4000 [37:19<14:28,  1.80it/s, loss=0.0612]
Training Navine AI Image:  61%|######    | 2439/4000 [37:20<14:31,  1.79it/s, loss=0.0612]
Training Navine AI Image:  61%|######    | 2439/4000 [37:20<14:31,  1.79it/s, loss=0.0109]
Training Navine AI Image:  61%|######1   | 2440/4000 [37:20<15:10,  1.71it/s, loss=0.0109]
Training Navine AI Image:  61%|######1   | 2440/4000 [37:20<15:10,  1.71it/s, loss=0.0098]
Training Navine AI Image:  61%|######1   | 2441/4000 [37:21<14:48,  1.75it/s, loss=0.0098]
Training Navine AI Image:  61%|######1   | 2441/4000 [37:21<14:48,  1.75it/s, loss=0.0070]
Training Navine AI Image:  61%|######1   | 2442/4000 [37:21<14:45,  1.76it/s, loss=0.0070]
Training Navine AI Image:  61%|######1   | 2442/4000 [37:21<14:45,  1.76it/s, loss=0.0107]
Training Navine AI Image:  61%|######1   | 2443/4000 [37:22<14:43,  1.76it/s, loss=0.0107]
Training Navine AI Image:  61%|######1   | 2443/4000 [37:22<14:43,  1.76it/s, loss=0.0132]
Training Navine AI Image:  61%|######1   | 2444/4000 [37:22<14:43,  1.76it/s, loss=0.0132]
Training Navine AI Image:  61%|######1   | 2444/4000 [37:22<14:43,  1.76it/s, loss=0.0240]
Training Navine AI Image:  61%|######1   | 2445/4000 [37:23<14:45,  1.76it/s, loss=0.0240]
Training Navine AI Image:  61%|######1   | 2445/4000 [37:23<14:45,  1.76it/s, loss=0.0088]
Training Navine AI Image:  61%|######1   | 2446/4000 [37:24<14:45,  1.75it/s, loss=0.0088]
Training Navine AI Image:  61%|######1   | 2446/4000 [37:24<14:45,  1.75it/s, loss=0.0050]
Training Navine AI Image:  61%|######1   | 2447/4000 [37:24<14:42,  1.76it/s, loss=0.0050]
Training Navine AI Image:  61%|######1   | 2447/4000 [37:24<14:42,  1.76it/s, loss=0.0026]
Training Navine AI Image:  61%|######1   | 2448/4000 [37:25<15:00,  1.72it/s, loss=0.0026]
Training Navine AI Image:  61%|######1   | 2448/4000 [37:25<15:00,  1.72it/s, loss=0.0113]
Training Navine AI Image:  61%|######1   | 2449/4000 [37:25<14:49,  1.74it/s, loss=0.0113]
Training Navine AI Image:  61%|######1   | 2449/4000 [37:25<14:49,  1.74it/s, loss=0.0077]
Training Navine AI Image:  61%|######1   | 2450/4000 [37:26<15:05,  1.71it/s, loss=0.0077]
Training Navine AI Image:  61%|######1   | 2450/4000 [37:26<15:05,  1.71it/s, loss=0.0042]
Training Navine AI Image:  61%|######1   | 2451/4000 [37:26<14:38,  1.76it/s, loss=0.0042]
Training Navine AI Image:  61%|######1   | 2451/4000 [37:27<14:38,  1.76it/s, loss=0.0122]
Training Navine AI Image:  61%|######1   | 2452/4000 [37:27<14:35,  1.77it/s, loss=0.0122]
Training Navine AI Image:  61%|######1   | 2452/4000 [37:27<14:35,  1.77it/s, loss=0.0136]
Training Navine AI Image:  61%|######1   | 2453/4000 [37:28<14:39,  1.76it/s, loss=0.0136]
Training Navine AI Image:  61%|######1   | 2453/4000 [37:28<14:39,  1.76it/s, loss=0.0058]
Training Navine AI Image:  61%|######1   | 2454/4000 [37:28<14:38,  1.76it/s, loss=0.0058]
Training Navine AI Image:  61%|######1   | 2454/4000 [37:28<14:38,  1.76it/s, loss=0.0155]
Training Navine AI Image:  61%|######1   | 2455/4000 [37:29<14:58,  1.72it/s, loss=0.0155]
Training Navine AI Image:  61%|######1   | 2455/4000 [37:29<14:58,  1.72it/s, loss=0.0045]
Training Navine AI Image:  61%|######1   | 2456/4000 [37:29<15:13,  1.69it/s, loss=0.0045]
Training Navine AI Image:  61%|######1   | 2456/4000 [37:29<15:13,  1.69it/s, loss=0.0117]
Training Navine AI Image:  61%|######1   | 2457/4000 [37:30<15:23,  1.67it/s, loss=0.0117]
Training Navine AI Image:  61%|######1   | 2457/4000 [37:30<15:23,  1.67it/s, loss=0.0038]
Training Navine AI Image:  61%|######1   | 2458/4000 [37:31<14:49,  1.73it/s, loss=0.0038]
Training Navine AI Image:  61%|######1   | 2458/4000 [37:31<14:49,  1.73it/s, loss=0.0048]
Training Navine AI Image:  61%|######1   | 2459/4000 [37:31<14:42,  1.75it/s, loss=0.0048]
Training Navine AI Image:  61%|######1   | 2459/4000 [37:31<14:42,  1.75it/s, loss=0.0381]
Training Navine AI Image:  62%|######1   | 2460/4000 [37:32<15:06,  1.70it/s, loss=0.0381]
Training Navine AI Image:  62%|######1   | 2460/4000 [37:32<15:06,  1.70it/s, loss=0.0036]
Training Navine AI Image:  62%|######1   | 2461/4000 [37:32<14:55,  1.72it/s, loss=0.0036]
Training Navine AI Image:  62%|######1   | 2461/4000 [37:32<14:55,  1.72it/s, loss=0.0084]
Training Navine AI Image:  62%|######1   | 2462/4000 [37:33<14:35,  1.76it/s, loss=0.0084]
Training Navine AI Image:  62%|######1   | 2462/4000 [37:33<14:35,  1.76it/s, loss=0.0261]
Training Navine AI Image:  62%|######1   | 2463/4000 [37:33<14:50,  1.73it/s, loss=0.0261]
Training Navine AI Image:  62%|######1   | 2463/4000 [37:33<14:50,  1.73it/s, loss=0.0025]
Training Navine AI Image:  62%|######1   | 2464/4000 [37:34<14:55,  1.71it/s, loss=0.0025]
Training Navine AI Image:  62%|######1   | 2464/4000 [37:34<14:55,  1.71it/s, loss=0.0017]
Training Navine AI Image:  62%|######1   | 2465/4000 [37:35<14:36,  1.75it/s, loss=0.0017]
Training Navine AI Image:  62%|######1   | 2465/4000 [37:35<14:36,  1.75it/s, loss=0.0066]
Training Navine AI Image:  62%|######1   | 2466/4000 [37:35<14:31,  1.76it/s, loss=0.0066]
Training Navine AI Image:  62%|######1   | 2466/4000 [37:35<14:31,  1.76it/s, loss=0.0050]
Training Navine AI Image:  62%|######1   | 2467/4000 [37:36<14:40,  1.74it/s, loss=0.0050]
Training Navine AI Image:  62%|######1   | 2467/4000 [37:36<14:40,  1.74it/s, loss=0.0035]
Training Navine AI Image:  62%|######1   | 2468/4000 [37:36<14:56,  1.71it/s, loss=0.0035]
Training Navine AI Image:  62%|######1   | 2468/4000 [37:36<14:56,  1.71it/s, loss=0.0063]
Training Navine AI Image:  62%|######1   | 2469/4000 [37:37<14:36,  1.75it/s, loss=0.0063]
Training Navine AI Image:  62%|######1   | 2469/4000 [37:37<14:36,  1.75it/s, loss=0.0036]
Training Navine AI Image:  62%|######1   | 2470/4000 [37:37<14:34,  1.75it/s, loss=0.0036]
Training Navine AI Image:  62%|######1   | 2470/4000 [37:37<14:34,  1.75it/s, loss=0.0036]
Training Navine AI Image:  62%|######1   | 2471/4000 [37:38<14:51,  1.72it/s, loss=0.0036]
Training Navine AI Image:  62%|######1   | 2471/4000 [37:38<14:51,  1.72it/s, loss=0.0012]
Training Navine AI Image:  62%|######1   | 2472/4000 [37:39<17:20,  1.47it/s, loss=0.0012]
Training Navine AI Image:  62%|######1   | 2472/4000 [37:39<17:20,  1.47it/s, loss=0.0141]
Training Navine AI Image:  62%|######1   | 2473/4000 [37:40<16:23,  1.55it/s, loss=0.0141]
Training Navine AI Image:  62%|######1   | 2473/4000 [37:40<16:23,  1.55it/s, loss=0.0093]
Training Navine AI Image:  62%|######1   | 2474/4000 [37:40<15:48,  1.61it/s, loss=0.0093]
Training Navine AI Image:  62%|######1   | 2474/4000 [37:40<15:48,  1.61it/s, loss=0.0033]
Training Navine AI Image:  62%|######1   | 2475/4000 [37:41<15:23,  1.65it/s, loss=0.0033]
Training Navine AI Image:  62%|######1   | 2475/4000 [37:41<15:23,  1.65it/s, loss=0.0713]
Training Navine AI Image:  62%|######1   | 2476/4000 [37:41<15:07,  1.68it/s, loss=0.0713]
Training Navine AI Image:  62%|######1   | 2476/4000 [37:41<15:07,  1.68it/s, loss=0.0279]
Training Navine AI Image:  62%|######1   | 2477/4000 [37:42<14:50,  1.71it/s, loss=0.0279]
Training Navine AI Image:  62%|######1   | 2477/4000 [37:42<14:50,  1.71it/s, loss=0.0072]
Training Navine AI Image:  62%|######1   | 2478/4000 [37:42<14:46,  1.72it/s, loss=0.0072]
Training Navine AI Image:  62%|######1   | 2478/4000 [37:42<14:46,  1.72it/s, loss=0.0040]
Training Navine AI Image:  62%|######1   | 2479/4000 [37:43<14:46,  1.72it/s, loss=0.0040]
Training Navine AI Image:  62%|######1   | 2479/4000 [37:43<14:46,  1.72it/s, loss=0.0070]
Training Navine AI Image:  62%|######2   | 2480/4000 [37:43<14:25,  1.76it/s, loss=0.0070]
Training Navine AI Image:  62%|######2   | 2480/4000 [37:44<14:25,  1.76it/s, loss=0.0358]
Training Navine AI Image:  62%|######2   | 2481/4000 [37:44<14:21,  1.76it/s, loss=0.0358]
Training Navine AI Image:  62%|######2   | 2481/4000 [37:44<14:21,  1.76it/s, loss=0.0159]
Training Navine AI Image:  62%|######2   | 2482/4000 [37:45<14:35,  1.73it/s, loss=0.0159]
Training Navine AI Image:  62%|######2   | 2482/4000 [37:45<14:35,  1.73it/s, loss=0.0020]
Training Navine AI Image:  62%|######2   | 2483/4000 [37:45<14:35,  1.73it/s, loss=0.0020]
Training Navine AI Image:  62%|######2   | 2483/4000 [37:45<14:35,  1.73it/s, loss=0.0034]
Training Navine AI Image:  62%|######2   | 2484/4000 [37:46<14:21,  1.76it/s, loss=0.0034]
Training Navine AI Image:  62%|######2   | 2484/4000 [37:46<14:21,  1.76it/s, loss=0.0071]
Training Navine AI Image:  62%|######2   | 2485/4000 [37:46<14:27,  1.75it/s, loss=0.0071]
Training Navine AI Image:  62%|######2   | 2485/4000 [37:46<14:27,  1.75it/s, loss=0.0035]
Training Navine AI Image:  62%|######2   | 2486/4000 [37:47<14:45,  1.71it/s, loss=0.0035]
Training Navine AI Image:  62%|######2   | 2486/4000 [37:47<14:45,  1.71it/s, loss=0.0109]
Training Navine AI Image:  62%|######2   | 2487/4000 [37:48<14:33,  1.73it/s, loss=0.0109]
Training Navine AI Image:  62%|######2   | 2487/4000 [37:48<14:33,  1.73it/s, loss=0.0160]
Training Navine AI Image:  62%|######2   | 2488/4000 [37:48<14:09,  1.78it/s, loss=0.0160]
Training Navine AI Image:  62%|######2   | 2488/4000 [37:48<14:09,  1.78it/s, loss=0.0036]
Training Navine AI Image:  62%|######2   | 2489/4000 [37:49<14:11,  1.78it/s, loss=0.0036]
Training Navine AI Image:  62%|######2   | 2489/4000 [37:49<14:11,  1.78it/s, loss=0.0229]
Training Navine AI Image:  62%|######2   | 2490/4000 [37:49<14:39,  1.72it/s, loss=0.0229]
Training Navine AI Image:  62%|######2   | 2490/4000 [37:49<14:39,  1.72it/s, loss=0.0068]
Training Navine AI Image:  62%|######2   | 2491/4000 [37:50<14:34,  1.73it/s, loss=0.0068]
Training Navine AI Image:  62%|######2   | 2491/4000 [37:50<14:34,  1.73it/s, loss=0.0162]
Training Navine AI Image:  62%|######2   | 2492/4000 [37:50<14:30,  1.73it/s, loss=0.0162]
Training Navine AI Image:  62%|######2   | 2492/4000 [37:50<14:30,  1.73it/s, loss=0.0110]
Training Navine AI Image:  62%|######2   | 2493/4000 [37:51<14:26,  1.74it/s, loss=0.0110]
Training Navine AI Image:  62%|######2   | 2493/4000 [37:51<14:26,  1.74it/s, loss=0.0330]
Training Navine AI Image:  62%|######2   | 2494/4000 [37:52<14:32,  1.73it/s, loss=0.0330]
Training Navine AI Image:  62%|######2   | 2494/4000 [37:52<14:32,  1.73it/s, loss=0.0060]
Training Navine AI Image:  62%|######2   | 2495/4000 [37:52<14:23,  1.74it/s, loss=0.0060]
Training Navine AI Image:  62%|######2   | 2495/4000 [37:52<14:23,  1.74it/s, loss=0.0378]
Training Navine AI Image:  62%|######2   | 2496/4000 [37:53<14:21,  1.74it/s, loss=0.0378]
Training Navine AI Image:  62%|######2   | 2496/4000 [37:53<14:21,  1.74it/s, loss=0.0030]
Training Navine AI Image:  62%|######2   | 2497/4000 [37:53<14:38,  1.71it/s, loss=0.0030]
Training Navine AI Image:  62%|######2   | 2497/4000 [37:53<14:38,  1.71it/s, loss=0.0052]
Training Navine AI Image:  62%|######2   | 2498/4000 [37:54<18:25,  1.36it/s, loss=0.0052]
Training Navine AI Image:  62%|######2   | 2498/4000 [37:54<18:25,  1.36it/s, loss=0.0119]
Training Navine AI Image:  62%|######2   | 2499/4000 [37:55<17:07,  1.46it/s, loss=0.0119]
Training Navine AI Image:  62%|######2   | 2499/4000 [37:55<17:07,  1.46it/s, loss=0.0292]
Training Navine AI Image:  62%|######2   | 2500/4000 [37:56<16:27,  1.52it/s, loss=0.0292]
Training Navine AI Image:  62%|######2   | 2500/4000 [37:56<16:27,  1.52it/s, loss=0.0235]
Training Navine AI Image:  63%|######2   | 2501/4000 [41:15<25:05:35, 60.26s/it, loss=0.0235]
Training Navine AI Image:  63%|######2   | 2501/4000 [41:15<25:05:35, 60.26s/it, loss=0.0072]
Training Navine AI Image:  63%|######2   | 2502/4000 [41:15<17:37:05, 42.34s/it, loss=0.0072]
Training Navine AI Image:  63%|######2   | 2502/4000 [41:15<17:37:05, 42.34s/it, loss=0.0043]
Training Navine AI Image:  63%|######2   | 2503/4000 [41:16<12:24:00, 29.82s/it, loss=0.0043]
Training Navine AI Image:  63%|######2   | 2503/4000 [41:16<12:24:00, 29.82s/it, loss=0.0025]
Training Navine AI Image:  63%|######2   | 2504/4000 [41:17<8:44:54, 21.05s/it, loss=0.0025] 
Training Navine AI Image:  63%|######2   | 2504/4000 [41:17<8:44:54, 21.05s/it, loss=0.0183]
Training Navine AI Image:  63%|######2   | 2505/4000 [41:17<6:11:33, 14.91s/it, loss=0.0183]
Training Navine AI Image:  63%|######2   | 2505/4000 [41:17<6:11:33, 14.91s/it, loss=0.0103]
Training Navine AI Image:  63%|######2   | 2506/4000 [41:18<4:24:18, 10.61s/it, loss=0.0103]
Training Navine AI Image:  63%|######2   | 2506/4000 [41:18<4:24:18, 10.61s/it, loss=0.0060]
Training Navine AI Image:  63%|######2   | 2507/4000 [41:18<3:09:19,  7.61s/it, loss=0.0060]
Training Navine AI Image:  63%|######2   | 2507/4000 [41:18<3:09:19,  7.61s/it, loss=0.0055]
Training Navine AI Image:  63%|######2   | 2508/4000 [41:19<2:16:34,  5.49s/it, loss=0.0055]
Training Navine AI Image:  63%|######2   | 2508/4000 [41:19<2:16:34,  5.49s/it, loss=0.0100]
Training Navine AI Image:  63%|######2   | 2509/4000 [41:20<1:39:57,  4.02s/it, loss=0.0100]
Training Navine AI Image:  63%|######2   | 2509/4000 [41:20<1:39:57,  4.02s/it, loss=0.0102]
Training Navine AI Image:  63%|######2   | 2510/4000 [41:20<1:14:30,  3.00s/it, loss=0.0102]
Training Navine AI Image:  63%|######2   | 2510/4000 [41:20<1:14:30,  3.00s/it, loss=0.0113]
Training Navine AI Image:  63%|######2   | 2511/4000 [41:21<56:05,  2.26s/it, loss=0.0113]  
Training Navine AI Image:  63%|######2   | 2511/4000 [41:21<56:05,  2.26s/it, loss=0.0199]
Training Navine AI Image:  63%|######2   | 2512/4000 [41:21<43:25,  1.75s/it, loss=0.0199]
Training Navine AI Image:  63%|######2   | 2512/4000 [41:21<43:25,  1.75s/it, loss=0.0027]
Training Navine AI Image:  63%|######2   | 2513/4000 [41:22<34:39,  1.40s/it, loss=0.0027]
Training Navine AI Image:  63%|######2   | 2513/4000 [41:22<34:39,  1.40s/it, loss=0.0057]
Training Navine AI Image:  63%|######2   | 2514/4000 [41:22<28:34,  1.15s/it, loss=0.0057]
Training Navine AI Image:  63%|######2   | 2514/4000 [41:22<28:34,  1.15s/it, loss=0.0123]
Training Navine AI Image:  63%|######2   | 2515/4000 [41:23<24:18,  1.02it/s, loss=0.0123]
Training Navine AI Image:  63%|######2   | 2515/4000 [41:23<24:18,  1.02it/s, loss=0.0104]
Training Navine AI Image:  63%|######2   | 2516/4000 [41:23<20:53,  1.18it/s, loss=0.0104]
Training Navine AI Image:  63%|######2   | 2516/4000 [41:24<20:53,  1.18it/s, loss=0.0069]
Training Navine AI Image:  63%|######2   | 2517/4000 [41:24<18:41,  1.32it/s, loss=0.0069]
Training Navine AI Image:  63%|######2   | 2517/4000 [41:24<18:41,  1.32it/s, loss=0.0040]
Training Navine AI Image:  63%|######2   | 2518/4000 [41:25<17:18,  1.43it/s, loss=0.0040]
Training Navine AI Image:  63%|######2   | 2518/4000 [41:25<17:18,  1.43it/s, loss=0.0064]
Training Navine AI Image:  63%|######2   | 2519/4000 [41:25<16:40,  1.48it/s, loss=0.0064]
Training Navine AI Image:  63%|######2   | 2519/4000 [41:25<16:40,  1.48it/s, loss=0.0036]
Training Navine AI Image:  63%|######3   | 2520/4000 [41:26<15:40,  1.57it/s, loss=0.0036]
Training Navine AI Image:  63%|######3   | 2520/4000 [41:26<15:40,  1.57it/s, loss=0.0075]
Training Navine AI Image:  63%|######3   | 2521/4000 [41:26<15:09,  1.63it/s, loss=0.0075]
Training Navine AI Image:  63%|######3   | 2521/4000 [41:26<15:09,  1.63it/s, loss=0.0066]
Training Navine AI Image:  63%|######3   | 2522/4000 [41:27<15:01,  1.64it/s, loss=0.0066]
Training Navine AI Image:  63%|######3   | 2522/4000 [41:27<15:01,  1.64it/s, loss=0.0036]
Training Navine AI Image:  63%|######3   | 2523/4000 [41:28<15:27,  1.59it/s, loss=0.0036]
Training Navine AI Image:  63%|######3   | 2523/4000 [41:28<15:27,  1.59it/s, loss=0.0073]
Training Navine AI Image:  63%|######3   | 2524/4000 [41:28<15:02,  1.64it/s, loss=0.0073]
Training Navine AI Image:  63%|######3   | 2524/4000 [41:28<15:02,  1.64it/s, loss=0.0137]
Training Navine AI Image:  63%|######3   | 2525/4000 [41:29<14:44,  1.67it/s, loss=0.0137]
Training Navine AI Image:  63%|######3   | 2525/4000 [41:29<14:44,  1.67it/s, loss=0.0214]
Training Navine AI Image:  63%|######3   | 2526/4000 [41:29<14:31,  1.69it/s, loss=0.0214]
Training Navine AI Image:  63%|######3   | 2526/4000 [41:29<14:31,  1.69it/s, loss=0.0031]
Training Navine AI Image:  63%|######3   | 2527/4000 [41:30<14:22,  1.71it/s, loss=0.0031]
Training Navine AI Image:  63%|######3   | 2527/4000 [41:30<14:22,  1.71it/s, loss=0.0069]
Training Navine AI Image:  63%|######3   | 2528/4000 [41:30<14:18,  1.71it/s, loss=0.0069]
Training Navine AI Image:  63%|######3   | 2528/4000 [41:31<14:18,  1.71it/s, loss=0.0023]
Training Navine AI Image:  63%|######3   | 2529/4000 [41:31<14:11,  1.73it/s, loss=0.0023]
Training Navine AI Image:  63%|######3   | 2529/4000 [41:31<14:11,  1.73it/s, loss=0.0053]
Training Navine AI Image:  63%|######3   | 2530/4000 [41:32<14:07,  1.73it/s, loss=0.0053]
Training Navine AI Image:  63%|######3   | 2530/4000 [41:32<14:07,  1.73it/s, loss=0.0324]
Training Navine AI Image:  63%|######3   | 2531/4000 [41:32<13:59,  1.75it/s, loss=0.0324]
Training Navine AI Image:  63%|######3   | 2531/4000 [41:32<13:59,  1.75it/s, loss=0.0086]
Training Navine AI Image:  63%|######3   | 2532/4000 [41:33<14:36,  1.68it/s, loss=0.0086]
Training Navine AI Image:  63%|######3   | 2532/4000 [41:33<14:36,  1.68it/s, loss=0.0061]
Training Navine AI Image:  63%|######3   | 2533/4000 [41:33<14:54,  1.64it/s, loss=0.0061]
Training Navine AI Image:  63%|######3   | 2533/4000 [41:33<14:54,  1.64it/s, loss=0.0206]
Training Navine AI Image:  63%|######3   | 2534/4000 [41:34<14:19,  1.71it/s, loss=0.0206]
Training Navine AI Image:  63%|######3   | 2534/4000 [41:34<14:19,  1.71it/s, loss=0.0254]
Training Navine AI Image:  63%|######3   | 2535/4000 [41:35<14:13,  1.72it/s, loss=0.0254]
Training Navine AI Image:  63%|######3   | 2535/4000 [41:35<14:13,  1.72it/s, loss=0.0085]
Training Navine AI Image:  63%|######3   | 2536/4000 [41:35<14:08,  1.73it/s, loss=0.0085]
Training Navine AI Image:  63%|######3   | 2536/4000 [41:35<14:08,  1.73it/s, loss=0.0030]
Training Navine AI Image:  63%|######3   | 2537/4000 [41:36<13:59,  1.74it/s, loss=0.0030]
Training Navine AI Image:  63%|######3   | 2537/4000 [41:36<13:59,  1.74it/s, loss=0.0119]
Training Navine AI Image:  63%|######3   | 2538/4000 [41:36<13:55,  1.75it/s, loss=0.0119]
Training Navine AI Image:  63%|######3   | 2538/4000 [41:36<13:55,  1.75it/s, loss=0.0024]
Training Navine AI Image:  63%|######3   | 2539/4000 [41:37<13:49,  1.76it/s, loss=0.0024]
Training Navine AI Image:  63%|######3   | 2539/4000 [41:37<13:49,  1.76it/s, loss=0.0023]
Training Navine AI Image:  64%|######3   | 2540/4000 [41:37<13:52,  1.75it/s, loss=0.0023]
Training Navine AI Image:  64%|######3   | 2540/4000 [41:37<13:52,  1.75it/s, loss=0.0037]
Training Navine AI Image:  64%|######3   | 2541/4000 [41:38<14:05,  1.72it/s, loss=0.0037]
Training Navine AI Image:  64%|######3   | 2541/4000 [41:38<14:05,  1.72it/s, loss=0.0181]
Training Navine AI Image:  64%|######3   | 2542/4000 [41:39<14:01,  1.73it/s, loss=0.0181]
Training Navine AI Image:  64%|######3   | 2542/4000 [41:39<14:01,  1.73it/s, loss=0.0025]
Training Navine AI Image:  64%|######3   | 2543/4000 [41:39<13:54,  1.75it/s, loss=0.0025]
Training Navine AI Image:  64%|######3   | 2543/4000 [41:39<13:54,  1.75it/s, loss=0.0072]
Training Navine AI Image:  64%|######3   | 2544/4000 [41:40<13:55,  1.74it/s, loss=0.0072]
Training Navine AI Image:  64%|######3   | 2544/4000 [41:40<13:55,  1.74it/s, loss=0.0086]
Training Navine AI Image:  64%|######3   | 2545/4000 [41:40<14:05,  1.72it/s, loss=0.0086]
Training Navine AI Image:  64%|######3   | 2545/4000 [41:40<14:05,  1.72it/s, loss=0.0113]
Training Navine AI Image:  64%|######3   | 2546/4000 [41:41<13:42,  1.77it/s, loss=0.0113]
Training Navine AI Image:  64%|######3   | 2546/4000 [41:41<13:42,  1.77it/s, loss=0.0054]
Training Navine AI Image:  64%|######3   | 2547/4000 [41:41<14:04,  1.72it/s, loss=0.0054]
Training Navine AI Image:  64%|######3   | 2547/4000 [41:41<14:04,  1.72it/s, loss=0.0075]
Training Navine AI Image:  64%|######3   | 2548/4000 [41:42<13:44,  1.76it/s, loss=0.0075]
Training Navine AI Image:  64%|######3   | 2548/4000 [41:42<13:44,  1.76it/s, loss=0.0160]
Training Navine AI Image:  64%|######3   | 2549/4000 [41:43<13:53,  1.74it/s, loss=0.0160]
Training Navine AI Image:  64%|######3   | 2549/4000 [41:43<13:53,  1.74it/s, loss=0.0050]
Training Navine AI Image:  64%|######3   | 2550/4000 [41:43<14:16,  1.69it/s, loss=0.0050]
Training Navine AI Image:  64%|######3   | 2550/4000 [41:43<14:16,  1.69it/s, loss=0.0150]
Training Navine AI Image:  64%|######3   | 2551/4000 [41:44<13:44,  1.76it/s, loss=0.0150]
Training Navine AI Image:  64%|######3   | 2551/4000 [41:44<13:44,  1.76it/s, loss=0.0050]
Training Navine AI Image:  64%|######3   | 2552/4000 [41:44<13:46,  1.75it/s, loss=0.0050]
Training Navine AI Image:  64%|######3   | 2552/4000 [41:44<13:46,  1.75it/s, loss=0.0223]
Training Navine AI Image:  64%|######3   | 2553/4000 [41:45<13:56,  1.73it/s, loss=0.0223]
Training Navine AI Image:  64%|######3   | 2553/4000 [41:45<13:56,  1.73it/s, loss=0.0108]
Training Navine AI Image:  64%|######3   | 2554/4000 [41:46<14:06,  1.71it/s, loss=0.0108]
Training Navine AI Image:  64%|######3   | 2554/4000 [41:46<14:06,  1.71it/s, loss=0.0049]
Training Navine AI Image:  64%|######3   | 2555/4000 [41:46<13:48,  1.74it/s, loss=0.0049]
Training Navine AI Image:  64%|######3   | 2555/4000 [41:46<13:48,  1.74it/s, loss=0.0564]
Training Navine AI Image:  64%|######3   | 2556/4000 [41:47<13:51,  1.74it/s, loss=0.0564]
Training Navine AI Image:  64%|######3   | 2556/4000 [41:47<13:51,  1.74it/s, loss=0.0435]
Training Navine AI Image:  64%|######3   | 2557/4000 [41:47<13:48,  1.74it/s, loss=0.0435]
Training Navine AI Image:  64%|######3   | 2557/4000 [41:47<13:48,  1.74it/s, loss=0.0085]
Training Navine AI Image:  64%|######3   | 2558/4000 [41:48<14:03,  1.71it/s, loss=0.0085]
Training Navine AI Image:  64%|######3   | 2558/4000 [41:48<14:03,  1.71it/s, loss=0.0063]
Training Navine AI Image:  64%|######3   | 2559/4000 [41:48<13:35,  1.77it/s, loss=0.0063]
Training Navine AI Image:  64%|######3   | 2559/4000 [41:48<13:35,  1.77it/s, loss=0.0025]
Training Navine AI Image:  64%|######4   | 2560/4000 [41:49<13:43,  1.75it/s, loss=0.0025]
Training Navine AI Image:  64%|######4   | 2560/4000 [41:49<13:43,  1.75it/s, loss=0.0133]
Training Navine AI Image:  64%|######4   | 2561/4000 [41:50<13:48,  1.74it/s, loss=0.0133]
Training Navine AI Image:  64%|######4   | 2561/4000 [41:50<13:48,  1.74it/s, loss=0.0037]
Training Navine AI Image:  64%|######4   | 2562/4000 [41:50<13:42,  1.75it/s, loss=0.0037]
Training Navine AI Image:  64%|######4   | 2562/4000 [41:50<13:42,  1.75it/s, loss=0.0038]
Training Navine AI Image:  64%|######4   | 2563/4000 [41:51<13:48,  1.73it/s, loss=0.0038]
Training Navine AI Image:  64%|######4   | 2563/4000 [41:51<13:48,  1.73it/s, loss=0.0165]
Training Navine AI Image:  64%|######4   | 2564/4000 [41:51<14:11,  1.69it/s, loss=0.0165]
Training Navine AI Image:  64%|######4   | 2564/4000 [41:51<14:11,  1.69it/s, loss=0.0053]
Training Navine AI Image:  64%|######4   | 2565/4000 [41:52<13:39,  1.75it/s, loss=0.0053]
Training Navine AI Image:  64%|######4   | 2565/4000 [41:52<13:39,  1.75it/s, loss=0.0063]
Training Navine AI Image:  64%|######4   | 2566/4000 [41:52<13:48,  1.73it/s, loss=0.0063]
Training Navine AI Image:  64%|######4   | 2566/4000 [41:52<13:48,  1.73it/s, loss=0.0143]
Training Navine AI Image:  64%|######4   | 2567/4000 [41:53<14:15,  1.68it/s, loss=0.0143]
Training Navine AI Image:  64%|######4   | 2567/4000 [41:53<14:15,  1.68it/s, loss=0.0038]
Training Navine AI Image:  64%|######4   | 2568/4000 [41:54<14:52,  1.61it/s, loss=0.0038]
Training Navine AI Image:  64%|######4   | 2568/4000 [41:54<14:52,  1.61it/s, loss=0.0176]
Training Navine AI Image:  64%|######4   | 2569/4000 [41:54<14:26,  1.65it/s, loss=0.0176]
Training Navine AI Image:  64%|######4   | 2569/4000 [41:54<14:26,  1.65it/s, loss=0.0072]
Training Navine AI Image:  64%|######4   | 2570/4000 [41:55<13:49,  1.72it/s, loss=0.0072]
Training Navine AI Image:  64%|######4   | 2570/4000 [41:55<13:49,  1.72it/s, loss=0.0047]
Training Navine AI Image:  64%|######4   | 2571/4000 [41:55<13:41,  1.74it/s, loss=0.0047]
Training Navine AI Image:  64%|######4   | 2571/4000 [41:55<13:41,  1.74it/s, loss=0.0020]
Training Navine AI Image:  64%|######4   | 2572/4000 [41:56<13:56,  1.71it/s, loss=0.0020]
Training Navine AI Image:  64%|######4   | 2572/4000 [41:56<13:56,  1.71it/s, loss=0.0376]
Training Navine AI Image:  64%|######4   | 2573/4000 [41:57<13:34,  1.75it/s, loss=0.0376]
Training Navine AI Image:  64%|######4   | 2573/4000 [41:57<13:34,  1.75it/s, loss=0.0065]
Training Navine AI Image:  64%|######4   | 2574/4000 [41:57<14:10,  1.68it/s, loss=0.0065]
Training Navine AI Image:  64%|######4   | 2574/4000 [41:57<14:10,  1.68it/s, loss=0.0038]
Training Navine AI Image:  64%|######4   | 2575/4000 [41:58<14:15,  1.67it/s, loss=0.0038]
Training Navine AI Image:  64%|######4   | 2575/4000 [41:58<14:15,  1.67it/s, loss=0.0114]
Training Navine AI Image:  64%|######4   | 2576/4000 [41:58<13:52,  1.71it/s, loss=0.0114]
Training Navine AI Image:  64%|######4   | 2576/4000 [41:58<13:52,  1.71it/s, loss=0.0122]
Training Navine AI Image:  64%|######4   | 2577/4000 [41:59<13:43,  1.73it/s, loss=0.0122]
Training Navine AI Image:  64%|######4   | 2577/4000 [41:59<13:43,  1.73it/s, loss=0.0083]
Training Navine AI Image:  64%|######4   | 2578/4000 [41:59<13:37,  1.74it/s, loss=0.0083]
Training Navine AI Image:  64%|######4   | 2578/4000 [42:00<13:37,  1.74it/s, loss=0.0130]
Training Navine AI Image:  64%|######4   | 2579/4000 [42:00<13:30,  1.75it/s, loss=0.0130]
Training Navine AI Image:  64%|######4   | 2579/4000 [42:00<13:30,  1.75it/s, loss=0.0075]
Training Navine AI Image:  64%|######4   | 2580/4000 [42:01<13:27,  1.76it/s, loss=0.0075]
Training Navine AI Image:  64%|######4   | 2580/4000 [42:01<13:27,  1.76it/s, loss=0.0045]
Training Navine AI Image:  65%|######4   | 2581/4000 [42:01<13:36,  1.74it/s, loss=0.0045]
Training Navine AI Image:  65%|######4   | 2581/4000 [42:01<13:36,  1.74it/s, loss=0.0138]
Training Navine AI Image:  65%|######4   | 2582/4000 [42:02<13:46,  1.72it/s, loss=0.0138]
Training Navine AI Image:  65%|######4   | 2582/4000 [42:02<13:46,  1.72it/s, loss=0.0056]
Training Navine AI Image:  65%|######4   | 2583/4000 [42:02<13:17,  1.78it/s, loss=0.0056]
Training Navine AI Image:  65%|######4   | 2583/4000 [42:02<13:17,  1.78it/s, loss=0.0123]
Training Navine AI Image:  65%|######4   | 2584/4000 [42:03<13:16,  1.78it/s, loss=0.0123]
Training Navine AI Image:  65%|######4   | 2584/4000 [42:03<13:16,  1.78it/s, loss=0.0446]
Training Navine AI Image:  65%|######4   | 2585/4000 [42:03<13:23,  1.76it/s, loss=0.0446]
Training Navine AI Image:  65%|######4   | 2585/4000 [42:03<13:23,  1.76it/s, loss=0.0123]
Training Navine AI Image:  65%|######4   | 2586/4000 [42:04<13:20,  1.77it/s, loss=0.0123]
Training Navine AI Image:  65%|######4   | 2586/4000 [42:04<13:20,  1.77it/s, loss=0.0026]
Training Navine AI Image:  65%|######4   | 2587/4000 [42:05<13:30,  1.74it/s, loss=0.0026]
Training Navine AI Image:  65%|######4   | 2587/4000 [42:05<13:30,  1.74it/s, loss=0.0049]
Training Navine AI Image:  65%|######4   | 2588/4000 [42:05<13:39,  1.72it/s, loss=0.0049]
Training Navine AI Image:  65%|######4   | 2588/4000 [42:05<13:39,  1.72it/s, loss=0.0050]
Training Navine AI Image:  65%|######4   | 2589/4000 [42:06<13:44,  1.71it/s, loss=0.0050]
Training Navine AI Image:  65%|######4   | 2589/4000 [42:06<13:44,  1.71it/s, loss=0.0030]
Training Navine AI Image:  65%|######4   | 2590/4000 [42:06<13:15,  1.77it/s, loss=0.0030]
Training Navine AI Image:  65%|######4   | 2590/4000 [42:06<13:15,  1.77it/s, loss=0.0025]
Training Navine AI Image:  65%|######4   | 2591/4000 [42:07<13:19,  1.76it/s, loss=0.0025]
Training Navine AI Image:  65%|######4   | 2591/4000 [42:07<13:19,  1.76it/s, loss=0.0147]
Training Navine AI Image:  65%|######4   | 2592/4000 [42:07<13:20,  1.76it/s, loss=0.0147]
Training Navine AI Image:  65%|######4   | 2592/4000 [42:07<13:20,  1.76it/s, loss=0.0475]
Training Navine AI Image:  65%|######4   | 2593/4000 [42:08<13:39,  1.72it/s, loss=0.0475]
Training Navine AI Image:  65%|######4   | 2593/4000 [42:08<13:39,  1.72it/s, loss=0.0020]
Training Navine AI Image:  65%|######4   | 2594/4000 [42:09<13:31,  1.73it/s, loss=0.0020]
Training Navine AI Image:  65%|######4   | 2594/4000 [42:09<13:31,  1.73it/s, loss=0.0099]
Training Navine AI Image:  65%|######4   | 2595/4000 [42:09<13:06,  1.79it/s, loss=0.0099]
Training Navine AI Image:  65%|######4   | 2595/4000 [42:09<13:06,  1.79it/s, loss=0.0064]
Training Navine AI Image:  65%|######4   | 2596/4000 [42:10<13:05,  1.79it/s, loss=0.0064]
Training Navine AI Image:  65%|######4   | 2596/4000 [42:10<13:05,  1.79it/s, loss=0.0074]
Training Navine AI Image:  65%|######4   | 2597/4000 [42:10<13:02,  1.79it/s, loss=0.0074]
Training Navine AI Image:  65%|######4   | 2597/4000 [42:10<13:02,  1.79it/s, loss=0.0029]
Training Navine AI Image:  65%|######4   | 2598/4000 [42:11<13:05,  1.78it/s, loss=0.0029]
Training Navine AI Image:  65%|######4   | 2598/4000 [42:11<13:05,  1.78it/s, loss=0.0146]
Training Navine AI Image:  65%|######4   | 2599/4000 [42:11<13:06,  1.78it/s, loss=0.0146]
Training Navine AI Image:  65%|######4   | 2599/4000 [42:11<13:06,  1.78it/s, loss=0.0427]
Training Navine AI Image:  65%|######5   | 2600/4000 [42:12<13:05,  1.78it/s, loss=0.0427]
Training Navine AI Image:  65%|######5   | 2600/4000 [42:12<13:05,  1.78it/s, loss=0.0313]
Training Navine AI Image:  65%|######5   | 2601/4000 [42:13<13:11,  1.77it/s, loss=0.0313]
Training Navine AI Image:  65%|######5   | 2601/4000 [42:13<13:11,  1.77it/s, loss=0.0040]
Training Navine AI Image:  65%|######5   | 2602/4000 [42:13<13:35,  1.71it/s, loss=0.0040]
Training Navine AI Image:  65%|######5   | 2602/4000 [42:13<13:35,  1.71it/s, loss=0.0038]
Training Navine AI Image:  65%|######5   | 2603/4000 [42:14<13:14,  1.76it/s, loss=0.0038]
Training Navine AI Image:  65%|######5   | 2603/4000 [42:14<13:14,  1.76it/s, loss=0.0060]
Training Navine AI Image:  65%|######5   | 2604/4000 [42:14<13:09,  1.77it/s, loss=0.0060]
Training Navine AI Image:  65%|######5   | 2604/4000 [42:14<13:09,  1.77it/s, loss=0.0021]
Training Navine AI Image:  65%|######5   | 2605/4000 [42:15<13:09,  1.77it/s, loss=0.0021]
Training Navine AI Image:  65%|######5   | 2605/4000 [42:15<13:09,  1.77it/s, loss=0.0085]
Training Navine AI Image:  65%|######5   | 2606/4000 [42:15<13:23,  1.74it/s, loss=0.0085]
Training Navine AI Image:  65%|######5   | 2606/4000 [42:15<13:23,  1.74it/s, loss=0.0037]
Training Navine AI Image:  65%|######5   | 2607/4000 [42:16<13:18,  1.74it/s, loss=0.0037]
Training Navine AI Image:  65%|######5   | 2607/4000 [42:16<13:18,  1.74it/s, loss=0.0071]
Training Navine AI Image:  65%|######5   | 2608/4000 [42:17<13:18,  1.74it/s, loss=0.0071]
Training Navine AI Image:  65%|######5   | 2608/4000 [42:17<13:18,  1.74it/s, loss=0.0119]
Training Navine AI Image:  65%|######5   | 2609/4000 [42:17<13:39,  1.70it/s, loss=0.0119]
Training Navine AI Image:  65%|######5   | 2609/4000 [42:17<13:39,  1.70it/s, loss=0.0334]
Training Navine AI Image:  65%|######5   | 2610/4000 [42:18<13:25,  1.73it/s, loss=0.0334]
Training Navine AI Image:  65%|######5   | 2610/4000 [42:18<13:25,  1.73it/s, loss=0.0060]
Training Navine AI Image:  65%|######5   | 2611/4000 [42:18<13:20,  1.73it/s, loss=0.0060]
Training Navine AI Image:  65%|######5   | 2611/4000 [42:18<13:20,  1.73it/s, loss=0.0203]
Training Navine AI Image:  65%|######5   | 2612/4000 [42:19<13:59,  1.65it/s, loss=0.0203]
Training Navine AI Image:  65%|######5   | 2612/4000 [42:19<13:59,  1.65it/s, loss=0.0130]
Training Navine AI Image:  65%|######5   | 2613/4000 [42:20<13:25,  1.72it/s, loss=0.0130]
Training Navine AI Image:  65%|######5   | 2613/4000 [42:20<13:25,  1.72it/s, loss=0.0025]
Training Navine AI Image:  65%|######5   | 2614/4000 [42:20<13:25,  1.72it/s, loss=0.0025]
Training Navine AI Image:  65%|######5   | 2614/4000 [42:20<13:25,  1.72it/s, loss=0.0036]
Training Navine AI Image:  65%|######5   | 2615/4000 [42:21<13:18,  1.74it/s, loss=0.0036]
Training Navine AI Image:  65%|######5   | 2615/4000 [42:21<13:18,  1.74it/s, loss=0.0031]
Training Navine AI Image:  65%|######5   | 2616/4000 [42:21<13:43,  1.68it/s, loss=0.0031]
Training Navine AI Image:  65%|######5   | 2616/4000 [42:21<13:43,  1.68it/s, loss=0.0044]
Training Navine AI Image:  65%|######5   | 2617/4000 [42:22<16:26,  1.40it/s, loss=0.0044]
Training Navine AI Image:  65%|######5   | 2617/4000 [42:22<16:26,  1.40it/s, loss=0.0107]
Training Navine AI Image:  65%|######5   | 2618/4000 [42:23<15:17,  1.51it/s, loss=0.0107]
Training Navine AI Image:  65%|######5   | 2618/4000 [42:23<15:17,  1.51it/s, loss=0.0037]
Training Navine AI Image:  65%|######5   | 2619/4000 [42:23<14:36,  1.58it/s, loss=0.0037]
Training Navine AI Image:  65%|######5   | 2619/4000 [42:23<14:36,  1.58it/s, loss=0.0041]
Training Navine AI Image:  66%|######5   | 2620/4000 [42:24<14:06,  1.63it/s, loss=0.0041]
Training Navine AI Image:  66%|######5   | 2620/4000 [42:24<14:06,  1.63it/s, loss=0.0085]
Training Navine AI Image:  66%|######5   | 2621/4000 [42:25<13:55,  1.65it/s, loss=0.0085]
Training Navine AI Image:  66%|######5   | 2621/4000 [42:25<13:55,  1.65it/s, loss=0.0053]
Training Navine AI Image:  66%|######5   | 2622/4000 [42:25<13:36,  1.69it/s, loss=0.0053]
Training Navine AI Image:  66%|######5   | 2622/4000 [42:25<13:36,  1.69it/s, loss=0.0044]
Training Navine AI Image:  66%|######5   | 2623/4000 [42:26<14:00,  1.64it/s, loss=0.0044]
Training Navine AI Image:  66%|######5   | 2623/4000 [42:26<14:00,  1.64it/s, loss=0.0054]
Training Navine AI Image:  66%|######5   | 2624/4000 [42:26<13:21,  1.72it/s, loss=0.0054]
Training Navine AI Image:  66%|######5   | 2624/4000 [42:26<13:21,  1.72it/s, loss=0.0020]
Training Navine AI Image:  66%|######5   | 2625/4000 [42:27<13:16,  1.73it/s, loss=0.0020]
Training Navine AI Image:  66%|######5   | 2625/4000 [42:27<13:16,  1.73it/s, loss=0.0036]
Training Navine AI Image:  66%|######5   | 2626/4000 [42:27<13:30,  1.69it/s, loss=0.0036]
Training Navine AI Image:  66%|######5   | 2626/4000 [42:27<13:30,  1.69it/s, loss=0.0084]
Training Navine AI Image:  66%|######5   | 2627/4000 [42:28<13:02,  1.76it/s, loss=0.0084]
Training Navine AI Image:  66%|######5   | 2627/4000 [42:28<13:02,  1.76it/s, loss=0.0064]
Training Navine AI Image:  66%|######5   | 2628/4000 [42:29<13:18,  1.72it/s, loss=0.0064]
Training Navine AI Image:  66%|######5   | 2628/4000 [42:29<13:18,  1.72it/s, loss=0.0041]
Training Navine AI Image:  66%|######5   | 2629/4000 [42:29<12:50,  1.78it/s, loss=0.0041]
Training Navine AI Image:  66%|######5   | 2629/4000 [42:29<12:50,  1.78it/s, loss=0.0135]
Training Navine AI Image:  66%|######5   | 2630/4000 [42:30<13:02,  1.75it/s, loss=0.0135]
Training Navine AI Image:  66%|######5   | 2630/4000 [42:30<13:02,  1.75it/s, loss=0.0057]
Training Navine AI Image:  66%|######5   | 2631/4000 [42:30<13:18,  1.72it/s, loss=0.0057]
Training Navine AI Image:  66%|######5   | 2631/4000 [42:30<13:18,  1.72it/s, loss=0.0224]
Training Navine AI Image:  66%|######5   | 2632/4000 [42:31<13:01,  1.75it/s, loss=0.0224]
Training Navine AI Image:  66%|######5   | 2632/4000 [42:31<13:01,  1.75it/s, loss=0.0031]
Training Navine AI Image:  66%|######5   | 2633/4000 [42:31<13:07,  1.74it/s, loss=0.0031]
Training Navine AI Image:  66%|######5   | 2633/4000 [42:31<13:07,  1.74it/s, loss=0.0059]
Training Navine AI Image:  66%|######5   | 2634/4000 [42:32<13:20,  1.71it/s, loss=0.0059]
Training Navine AI Image:  66%|######5   | 2634/4000 [42:32<13:20,  1.71it/s, loss=0.0120]
Training Navine AI Image:  66%|######5   | 2635/4000 [42:33<12:54,  1.76it/s, loss=0.0120]
Training Navine AI Image:  66%|######5   | 2635/4000 [42:33<12:54,  1.76it/s, loss=0.0125]
Training Navine AI Image:  66%|######5   | 2636/4000 [42:33<12:56,  1.76it/s, loss=0.0125]
Training Navine AI Image:  66%|######5   | 2636/4000 [42:33<12:56,  1.76it/s, loss=0.0103]
Training Navine AI Image:  66%|######5   | 2637/4000 [42:34<12:48,  1.77it/s, loss=0.0103]
Training Navine AI Image:  66%|######5   | 2637/4000 [42:34<12:48,  1.77it/s, loss=0.0062]
Training Navine AI Image:  66%|######5   | 2638/4000 [42:34<12:52,  1.76it/s, loss=0.0062]
Training Navine AI Image:  66%|######5   | 2638/4000 [42:34<12:52,  1.76it/s, loss=0.0119]
Training Navine AI Image:  66%|######5   | 2639/4000 [42:35<13:04,  1.73it/s, loss=0.0119]
Training Navine AI Image:  66%|######5   | 2639/4000 [42:35<13:04,  1.73it/s, loss=0.0064]
Training Navine AI Image:  66%|######6   | 2640/4000 [42:35<12:50,  1.77it/s, loss=0.0064]
Training Navine AI Image:  66%|######6   | 2640/4000 [42:35<12:50,  1.77it/s, loss=0.0468]
Training Navine AI Image:  66%|######6   | 2641/4000 [42:36<13:26,  1.68it/s, loss=0.0468]
Training Navine AI Image:  66%|######6   | 2641/4000 [42:36<13:26,  1.68it/s, loss=0.0105]
Training Navine AI Image:  66%|######6   | 2642/4000 [42:37<13:05,  1.73it/s, loss=0.0105]
Training Navine AI Image:  66%|######6   | 2642/4000 [42:37<13:05,  1.73it/s, loss=0.0100]
Training Navine AI Image:  66%|######6   | 2643/4000 [42:37<12:57,  1.75it/s, loss=0.0100]
Training Navine AI Image:  66%|######6   | 2643/4000 [42:37<12:57,  1.75it/s, loss=0.0119]
Training Navine AI Image:  66%|######6   | 2644/4000 [42:38<12:45,  1.77it/s, loss=0.0119]
Training Navine AI Image:  66%|######6   | 2644/4000 [42:38<12:45,  1.77it/s, loss=0.0147]
Training Navine AI Image:  66%|######6   | 2645/4000 [42:38<13:12,  1.71it/s, loss=0.0147]
Training Navine AI Image:  66%|######6   | 2645/4000 [42:38<13:12,  1.71it/s, loss=0.0153]
Training Navine AI Image:  66%|######6   | 2646/4000 [42:39<12:51,  1.75it/s, loss=0.0153]
Training Navine AI Image:  66%|######6   | 2646/4000 [42:39<12:51,  1.75it/s, loss=0.0078]
Training Navine AI Image:  66%|######6   | 2647/4000 [42:39<13:00,  1.73it/s, loss=0.0078]
Training Navine AI Image:  66%|######6   | 2647/4000 [42:40<13:00,  1.73it/s, loss=0.0139]
Training Navine AI Image:  66%|######6   | 2648/4000 [42:40<13:18,  1.69it/s, loss=0.0139]
Training Navine AI Image:  66%|######6   | 2648/4000 [42:40<13:18,  1.69it/s, loss=0.0022]
Training Navine AI Image:  66%|######6   | 2649/4000 [42:41<12:52,  1.75it/s, loss=0.0022]
Training Navine AI Image:  66%|######6   | 2649/4000 [42:41<12:52,  1.75it/s, loss=0.0066]
Training Navine AI Image:  66%|######6   | 2650/4000 [42:41<12:54,  1.74it/s, loss=0.0066]
Training Navine AI Image:  66%|######6   | 2650/4000 [42:41<12:54,  1.74it/s, loss=0.0463]
Training Navine AI Image:  66%|######6   | 2651/4000 [42:42<12:52,  1.75it/s, loss=0.0463]
Training Navine AI Image:  66%|######6   | 2651/4000 [42:42<12:52,  1.75it/s, loss=0.0097]
Training Navine AI Image:  66%|######6   | 2652/4000 [42:42<13:14,  1.70it/s, loss=0.0097]
Training Navine AI Image:  66%|######6   | 2652/4000 [42:42<13:14,  1.70it/s, loss=0.0113]
Training Navine AI Image:  66%|######6   | 2653/4000 [42:43<12:49,  1.75it/s, loss=0.0113]
Training Navine AI Image:  66%|######6   | 2653/4000 [42:43<12:49,  1.75it/s, loss=0.0049]
Training Navine AI Image:  66%|######6   | 2654/4000 [42:44<12:54,  1.74it/s, loss=0.0049]
Training Navine AI Image:  66%|######6   | 2654/4000 [42:44<12:54,  1.74it/s, loss=0.0053]
Training Navine AI Image:  66%|######6   | 2655/4000 [42:44<13:06,  1.71it/s, loss=0.0053]
Training Navine AI Image:  66%|######6   | 2655/4000 [42:44<13:06,  1.71it/s, loss=0.0117]
Training Navine AI Image:  66%|######6   | 2656/4000 [42:45<12:57,  1.73it/s, loss=0.0117]
Training Navine AI Image:  66%|######6   | 2656/4000 [42:45<12:57,  1.73it/s, loss=0.0095]
Training Navine AI Image:  66%|######6   | 2657/4000 [42:45<13:46,  1.63it/s, loss=0.0095]
Training Navine AI Image:  66%|######6   | 2657/4000 [42:45<13:46,  1.63it/s, loss=0.0177]
Training Navine AI Image:  66%|######6   | 2658/4000 [42:46<13:08,  1.70it/s, loss=0.0177]
Training Navine AI Image:  66%|######6   | 2658/4000 [42:46<13:08,  1.70it/s, loss=0.0095]
Training Navine AI Image:  66%|######6   | 2659/4000 [42:47<13:19,  1.68it/s, loss=0.0095]
Training Navine AI Image:  66%|######6   | 2659/4000 [42:47<13:19,  1.68it/s, loss=0.0142]
Training Navine AI Image:  66%|######6   | 2660/4000 [42:47<13:02,  1.71it/s, loss=0.0142]
Training Navine AI Image:  66%|######6   | 2660/4000 [42:47<13:02,  1.71it/s, loss=0.0048]
Training Navine AI Image:  67%|######6   | 2661/4000 [42:48<12:41,  1.76it/s, loss=0.0048]
Training Navine AI Image:  67%|######6   | 2661/4000 [42:48<12:41,  1.76it/s, loss=0.0023]
Training Navine AI Image:  67%|######6   | 2662/4000 [42:48<12:53,  1.73it/s, loss=0.0023]
Training Navine AI Image:  67%|######6   | 2662/4000 [42:48<12:53,  1.73it/s, loss=0.0060]
Training Navine AI Image:  67%|######6   | 2663/4000 [42:49<13:13,  1.69it/s, loss=0.0060]
Training Navine AI Image:  67%|######6   | 2663/4000 [42:49<13:13,  1.69it/s, loss=0.0157]
Training Navine AI Image:  67%|######6   | 2664/4000 [42:49<12:59,  1.71it/s, loss=0.0157]
Training Navine AI Image:  67%|######6   | 2664/4000 [42:49<12:59,  1.71it/s, loss=0.0064]
Training Navine AI Image:  67%|######6   | 2665/4000 [42:50<12:33,  1.77it/s, loss=0.0064]
Training Navine AI Image:  67%|######6   | 2665/4000 [42:50<12:33,  1.77it/s, loss=0.0049]
Training Navine AI Image:  67%|######6   | 2666/4000 [42:51<12:38,  1.76it/s, loss=0.0049]
Training Navine AI Image:  67%|######6   | 2666/4000 [42:51<12:38,  1.76it/s, loss=0.0118]
Training Navine AI Image:  67%|######6   | 2667/4000 [42:51<12:50,  1.73it/s, loss=0.0118]
Training Navine AI Image:  67%|######6   | 2667/4000 [42:51<12:50,  1.73it/s, loss=0.0070]
Training Navine AI Image:  67%|######6   | 2668/4000 [42:52<12:47,  1.74it/s, loss=0.0070]
Training Navine AI Image:  67%|######6   | 2668/4000 [42:52<12:47,  1.74it/s, loss=0.0054]
Training Navine AI Image:  67%|######6   | 2669/4000 [42:52<12:16,  1.81it/s, loss=0.0054]
Training Navine AI Image:  67%|######6   | 2669/4000 [42:52<12:16,  1.81it/s, loss=0.0030]
Training Navine AI Image:  67%|######6   | 2670/4000 [42:53<12:22,  1.79it/s, loss=0.0030]
Training Navine AI Image:  67%|######6   | 2670/4000 [42:53<12:22,  1.79it/s, loss=0.0055]
Training Navine AI Image:  67%|######6   | 2671/4000 [42:53<12:27,  1.78it/s, loss=0.0055]
Training Navine AI Image:  67%|######6   | 2671/4000 [42:53<12:27,  1.78it/s, loss=0.0042]
Training Navine AI Image:  67%|######6   | 2672/4000 [42:54<12:44,  1.74it/s, loss=0.0042]
Training Navine AI Image:  67%|######6   | 2672/4000 [42:54<12:44,  1.74it/s, loss=0.0082]
Training Navine AI Image:  67%|######6   | 2673/4000 [42:55<13:36,  1.63it/s, loss=0.0082]
Training Navine AI Image:  67%|######6   | 2673/4000 [42:55<13:36,  1.63it/s, loss=0.0115]
Training Navine AI Image:  67%|######6   | 2674/4000 [42:55<13:05,  1.69it/s, loss=0.0115]
Training Navine AI Image:  67%|######6   | 2674/4000 [42:55<13:05,  1.69it/s, loss=0.0130]
Training Navine AI Image:  67%|######6   | 2675/4000 [42:56<13:54,  1.59it/s, loss=0.0130]
Training Navine AI Image:  67%|######6   | 2675/4000 [42:56<13:54,  1.59it/s, loss=0.0119]
Training Navine AI Image:  67%|######6   | 2676/4000 [42:56<13:34,  1.63it/s, loss=0.0119]
Training Navine AI Image:  67%|######6   | 2676/4000 [42:57<13:34,  1.63it/s, loss=0.0141]
Training Navine AI Image:  67%|######6   | 2677/4000 [42:57<13:32,  1.63it/s, loss=0.0141]
Training Navine AI Image:  67%|######6   | 2677/4000 [42:57<13:32,  1.63it/s, loss=0.0056]
Training Navine AI Image:  67%|######6   | 2678/4000 [42:58<13:24,  1.64it/s, loss=0.0056]
Training Navine AI Image:  67%|######6   | 2678/4000 [42:58<13:24,  1.64it/s, loss=0.0033]
Training Navine AI Image:  67%|######6   | 2679/4000 [42:58<12:59,  1.69it/s, loss=0.0033]
Training Navine AI Image:  67%|######6   | 2679/4000 [42:58<12:59,  1.69it/s, loss=0.0251]
Training Navine AI Image:  67%|######7   | 2680/4000 [42:59<13:03,  1.68it/s, loss=0.0251]
Training Navine AI Image:  67%|######7   | 2680/4000 [42:59<13:03,  1.68it/s, loss=0.0298]
Training Navine AI Image:  67%|######7   | 2681/4000 [42:59<12:51,  1.71it/s, loss=0.0298]
Training Navine AI Image:  67%|######7   | 2681/4000 [42:59<12:51,  1.71it/s, loss=0.0728]
Training Navine AI Image:  67%|######7   | 2682/4000 [43:00<12:35,  1.74it/s, loss=0.0728]
Training Navine AI Image:  67%|######7   | 2682/4000 [43:00<12:35,  1.74it/s, loss=0.0026]
Training Navine AI Image:  67%|######7   | 2683/4000 [43:01<12:31,  1.75it/s, loss=0.0026]
Training Navine AI Image:  67%|######7   | 2683/4000 [43:01<12:31,  1.75it/s, loss=0.0156]
Training Navine AI Image:  67%|######7   | 2684/4000 [43:01<12:22,  1.77it/s, loss=0.0156]
Training Navine AI Image:  67%|######7   | 2684/4000 [43:01<12:22,  1.77it/s, loss=0.0118]
Training Navine AI Image:  67%|######7   | 2685/4000 [43:02<12:32,  1.75it/s, loss=0.0118]
Training Navine AI Image:  67%|######7   | 2685/4000 [43:02<12:32,  1.75it/s, loss=0.0055]
Training Navine AI Image:  67%|######7   | 2686/4000 [43:02<12:44,  1.72it/s, loss=0.0055]
Training Navine AI Image:  67%|######7   | 2686/4000 [43:02<12:44,  1.72it/s, loss=0.0031]
Training Navine AI Image:  67%|######7   | 2687/4000 [43:03<12:55,  1.69it/s, loss=0.0031]
Training Navine AI Image:  67%|######7   | 2687/4000 [43:03<12:55,  1.69it/s, loss=0.0124]
Training Navine AI Image:  67%|######7   | 2688/4000 [43:03<12:33,  1.74it/s, loss=0.0124]
Training Navine AI Image:  67%|######7   | 2688/4000 [43:03<12:33,  1.74it/s, loss=0.0424]
Training Navine AI Image:  67%|######7   | 2689/4000 [43:04<12:37,  1.73it/s, loss=0.0424]
Training Navine AI Image:  67%|######7   | 2689/4000 [43:04<12:37,  1.73it/s, loss=0.0059]
Training Navine AI Image:  67%|######7   | 2690/4000 [43:05<12:47,  1.71it/s, loss=0.0059]
Training Navine AI Image:  67%|######7   | 2690/4000 [43:05<12:47,  1.71it/s, loss=0.0078]
Training Navine AI Image:  67%|######7   | 2691/4000 [43:05<12:22,  1.76it/s, loss=0.0078]
Training Navine AI Image:  67%|######7   | 2691/4000 [43:05<12:22,  1.76it/s, loss=0.0035]
Training Navine AI Image:  67%|######7   | 2692/4000 [43:06<12:25,  1.75it/s, loss=0.0035]
Training Navine AI Image:  67%|######7   | 2692/4000 [43:06<12:25,  1.75it/s, loss=0.0261]
Training Navine AI Image:  67%|######7   | 2693/4000 [43:06<12:22,  1.76it/s, loss=0.0261]
Training Navine AI Image:  67%|######7   | 2693/4000 [43:06<12:22,  1.76it/s, loss=0.0079]
Training Navine AI Image:  67%|######7   | 2694/4000 [43:07<12:43,  1.71it/s, loss=0.0079]
Training Navine AI Image:  67%|######7   | 2694/4000 [43:07<12:43,  1.71it/s, loss=0.0041]
Training Navine AI Image:  67%|######7   | 2695/4000 [43:07<12:34,  1.73it/s, loss=0.0041]
Training Navine AI Image:  67%|######7   | 2695/4000 [43:07<12:34,  1.73it/s, loss=0.0274]
Training Navine AI Image:  67%|######7   | 2696/4000 [43:08<12:30,  1.74it/s, loss=0.0274]
Training Navine AI Image:  67%|######7   | 2696/4000 [43:08<12:30,  1.74it/s, loss=0.0152]
Training Navine AI Image:  67%|######7   | 2697/4000 [43:09<12:50,  1.69it/s, loss=0.0152]
Training Navine AI Image:  67%|######7   | 2697/4000 [43:09<12:50,  1.69it/s, loss=0.0111]
Training Navine AI Image:  67%|######7   | 2698/4000 [43:09<12:27,  1.74it/s, loss=0.0111]
Training Navine AI Image:  67%|######7   | 2698/4000 [43:09<12:27,  1.74it/s, loss=0.0159]
Training Navine AI Image:  67%|######7   | 2699/4000 [43:10<12:29,  1.74it/s, loss=0.0159]
Training Navine AI Image:  67%|######7   | 2699/4000 [43:10<12:29,  1.74it/s, loss=0.0023]
Training Navine AI Image:  68%|######7   | 2700/4000 [43:10<12:49,  1.69it/s, loss=0.0023]
Training Navine AI Image:  68%|######7   | 2700/4000 [43:10<12:49,  1.69it/s, loss=0.0145]
Training Navine AI Image:  68%|######7   | 2701/4000 [43:11<12:21,  1.75it/s, loss=0.0145]
Training Navine AI Image:  68%|######7   | 2701/4000 [43:11<12:21,  1.75it/s, loss=0.0082]
Training Navine AI Image:  68%|######7   | 2702/4000 [43:11<12:13,  1.77it/s, loss=0.0082]
Training Navine AI Image:  68%|######7   | 2702/4000 [43:12<12:13,  1.77it/s, loss=0.0056]
Training Navine AI Image:  68%|######7   | 2703/4000 [43:12<12:17,  1.76it/s, loss=0.0056]
Training Navine AI Image:  68%|######7   | 2703/4000 [43:12<12:17,  1.76it/s, loss=0.0079]
Training Navine AI Image:  68%|######7   | 2704/4000 [43:13<12:37,  1.71it/s, loss=0.0079]
Training Navine AI Image:  68%|######7   | 2704/4000 [43:13<12:37,  1.71it/s, loss=0.0400]
Training Navine AI Image:  68%|######7   | 2705/4000 [43:13<12:16,  1.76it/s, loss=0.0400]
Training Navine AI Image:  68%|######7   | 2705/4000 [43:13<12:16,  1.76it/s, loss=0.0062]
Training Navine AI Image:  68%|######7   | 2706/4000 [43:14<12:12,  1.77it/s, loss=0.0062]
Training Navine AI Image:  68%|######7   | 2706/4000 [43:14<12:12,  1.77it/s, loss=0.0041]
Training Navine AI Image:  68%|######7   | 2707/4000 [43:14<12:12,  1.77it/s, loss=0.0041]
Training Navine AI Image:  68%|######7   | 2707/4000 [43:14<12:12,  1.77it/s, loss=0.0048]
Training Navine AI Image:  68%|######7   | 2708/4000 [43:15<12:25,  1.73it/s, loss=0.0048]
Training Navine AI Image:  68%|######7   | 2708/4000 [43:15<12:25,  1.73it/s, loss=0.0055]
Training Navine AI Image:  68%|######7   | 2709/4000 [43:15<12:20,  1.74it/s, loss=0.0055]
Training Navine AI Image:  68%|######7   | 2709/4000 [43:15<12:20,  1.74it/s, loss=0.0081]
Training Navine AI Image:  68%|######7   | 2710/4000 [43:16<12:03,  1.78it/s, loss=0.0081]
Training Navine AI Image:  68%|######7   | 2710/4000 [43:16<12:03,  1.78it/s, loss=0.0060]
Training Navine AI Image:  68%|######7   | 2711/4000 [43:17<12:03,  1.78it/s, loss=0.0060]
Training Navine AI Image:  68%|######7   | 2711/4000 [43:17<12:03,  1.78it/s, loss=0.0040]
Training Navine AI Image:  68%|######7   | 2712/4000 [43:17<12:03,  1.78it/s, loss=0.0040]
Training Navine AI Image:  68%|######7   | 2712/4000 [43:17<12:03,  1.78it/s, loss=0.0099]
Training Navine AI Image:  68%|######7   | 2713/4000 [43:18<12:18,  1.74it/s, loss=0.0099]
Training Navine AI Image:  68%|######7   | 2713/4000 [43:18<12:18,  1.74it/s, loss=0.0152]
Training Navine AI Image:  68%|######7   | 2714/4000 [43:18<12:12,  1.76it/s, loss=0.0152]
Training Navine AI Image:  68%|######7   | 2714/4000 [43:18<12:12,  1.76it/s, loss=0.0305]
Training Navine AI Image:  68%|######7   | 2715/4000 [43:19<12:11,  1.76it/s, loss=0.0305]
Training Navine AI Image:  68%|######7   | 2715/4000 [43:19<12:11,  1.76it/s, loss=0.0127]
Training Navine AI Image:  68%|######7   | 2716/4000 [43:19<12:28,  1.71it/s, loss=0.0127]
Training Navine AI Image:  68%|######7   | 2716/4000 [43:19<12:28,  1.71it/s, loss=0.0095]
Training Navine AI Image:  68%|######7   | 2717/4000 [43:20<12:17,  1.74it/s, loss=0.0095]
Training Navine AI Image:  68%|######7   | 2717/4000 [43:20<12:17,  1.74it/s, loss=0.0275]
Training Navine AI Image:  68%|######7   | 2718/4000 [43:21<12:11,  1.75it/s, loss=0.0275]
Training Navine AI Image:  68%|######7   | 2718/4000 [43:21<12:11,  1.75it/s, loss=0.0043]
Training Navine AI Image:  68%|######7   | 2719/4000 [43:21<12:25,  1.72it/s, loss=0.0043]
Training Navine AI Image:  68%|######7   | 2719/4000 [43:21<12:25,  1.72it/s, loss=0.0620]
Training Navine AI Image:  68%|######8   | 2720/4000 [43:22<13:14,  1.61it/s, loss=0.0620]
Training Navine AI Image:  68%|######8   | 2720/4000 [43:22<13:14,  1.61it/s, loss=0.0024]
Training Navine AI Image:  68%|######8   | 2721/4000 [43:22<12:40,  1.68it/s, loss=0.0024]
Training Navine AI Image:  68%|######8   | 2721/4000 [43:22<12:40,  1.68it/s, loss=0.0082]
Training Navine AI Image:  68%|######8   | 2722/4000 [43:23<12:22,  1.72it/s, loss=0.0082]
Training Navine AI Image:  68%|######8   | 2722/4000 [43:23<12:22,  1.72it/s, loss=0.0025]
Training Navine AI Image:  68%|######8   | 2723/4000 [43:24<12:14,  1.74it/s, loss=0.0025]
Training Navine AI Image:  68%|######8   | 2723/4000 [43:24<12:14,  1.74it/s, loss=0.0037]
Training Navine AI Image:  68%|######8   | 2724/4000 [43:24<12:12,  1.74it/s, loss=0.0037]
Training Navine AI Image:  68%|######8   | 2724/4000 [43:24<12:12,  1.74it/s, loss=0.0097]
Training Navine AI Image:  68%|######8   | 2725/4000 [43:25<12:08,  1.75it/s, loss=0.0097]
Training Navine AI Image:  68%|######8   | 2725/4000 [43:25<12:08,  1.75it/s, loss=0.0038]
Training Navine AI Image:  68%|######8   | 2726/4000 [43:25<12:06,  1.75it/s, loss=0.0038]
Training Navine AI Image:  68%|######8   | 2726/4000 [43:25<12:06,  1.75it/s, loss=0.0083]
Training Navine AI Image:  68%|######8   | 2727/4000 [43:26<11:58,  1.77it/s, loss=0.0083]
Training Navine AI Image:  68%|######8   | 2727/4000 [43:26<11:58,  1.77it/s, loss=0.0068]
Training Navine AI Image:  68%|######8   | 2728/4000 [43:26<12:00,  1.77it/s, loss=0.0068]
Training Navine AI Image:  68%|######8   | 2728/4000 [43:26<12:00,  1.77it/s, loss=0.0169]
Training Navine AI Image:  68%|######8   | 2729/4000 [43:27<12:00,  1.77it/s, loss=0.0169]
Training Navine AI Image:  68%|######8   | 2729/4000 [43:27<12:00,  1.77it/s, loss=0.0138]
Training Navine AI Image:  68%|######8   | 2730/4000 [43:28<12:12,  1.73it/s, loss=0.0138]
Training Navine AI Image:  68%|######8   | 2730/4000 [43:28<12:12,  1.73it/s, loss=0.0058]
Training Navine AI Image:  68%|######8   | 2731/4000 [43:28<11:44,  1.80it/s, loss=0.0058]
Training Navine AI Image:  68%|######8   | 2731/4000 [43:28<11:44,  1.80it/s, loss=0.0035]
Training Navine AI Image:  68%|######8   | 2732/4000 [43:29<11:49,  1.79it/s, loss=0.0035]
Training Navine AI Image:  68%|######8   | 2732/4000 [43:29<11:49,  1.79it/s, loss=0.0054]
Training Navine AI Image:  68%|######8   | 2733/4000 [43:29<12:43,  1.66it/s, loss=0.0054]
Training Navine AI Image:  68%|######8   | 2733/4000 [43:29<12:43,  1.66it/s, loss=0.0027]
Training Navine AI Image:  68%|######8   | 2734/4000 [43:30<12:26,  1.70it/s, loss=0.0027]
Training Navine AI Image:  68%|######8   | 2734/4000 [43:30<12:26,  1.70it/s, loss=0.0050]
Training Navine AI Image:  68%|######8   | 2735/4000 [43:31<12:33,  1.68it/s, loss=0.0050]
Training Navine AI Image:  68%|######8   | 2735/4000 [43:31<12:33,  1.68it/s, loss=0.0092]
Training Navine AI Image:  68%|######8   | 2736/4000 [43:31<12:04,  1.74it/s, loss=0.0092]
Training Navine AI Image:  68%|######8   | 2736/4000 [43:31<12:04,  1.74it/s, loss=0.0086]
Training Navine AI Image:  68%|######8   | 2737/4000 [43:32<11:58,  1.76it/s, loss=0.0086]
Training Navine AI Image:  68%|######8   | 2737/4000 [43:32<11:58,  1.76it/s, loss=0.0152]
Training Navine AI Image:  68%|######8   | 2738/4000 [43:32<12:27,  1.69it/s, loss=0.0152]
Training Navine AI Image:  68%|######8   | 2738/4000 [43:32<12:27,  1.69it/s, loss=0.0108]
Training Navine AI Image:  68%|######8   | 2739/4000 [43:33<12:15,  1.71it/s, loss=0.0108]
Training Navine AI Image:  68%|######8   | 2739/4000 [43:33<12:15,  1.71it/s, loss=0.0033]
Training Navine AI Image:  68%|######8   | 2740/4000 [43:33<12:17,  1.71it/s, loss=0.0033]
Training Navine AI Image:  68%|######8   | 2740/4000 [43:33<12:17,  1.71it/s, loss=0.0023]
Training Navine AI Image:  69%|######8   | 2741/4000 [43:34<12:19,  1.70it/s, loss=0.0023]
Training Navine AI Image:  69%|######8   | 2741/4000 [43:34<12:19,  1.70it/s, loss=0.0021]
Training Navine AI Image:  69%|######8   | 2742/4000 [43:35<12:10,  1.72it/s, loss=0.0021]
Training Navine AI Image:  69%|######8   | 2742/4000 [43:35<12:10,  1.72it/s, loss=0.0108]
Training Navine AI Image:  69%|######8   | 2743/4000 [43:35<13:08,  1.59it/s, loss=0.0108]
Training Navine AI Image:  69%|######8   | 2743/4000 [43:35<13:08,  1.59it/s, loss=0.0084]
Training Navine AI Image:  69%|######8   | 2744/4000 [43:36<12:27,  1.68it/s, loss=0.0084]
Training Navine AI Image:  69%|######8   | 2744/4000 [43:36<12:27,  1.68it/s, loss=0.0089]
Training Navine AI Image:  69%|######8   | 2745/4000 [43:36<12:15,  1.71it/s, loss=0.0089]
Training Navine AI Image:  69%|######8   | 2745/4000 [43:36<12:15,  1.71it/s, loss=0.0075]
Training Navine AI Image:  69%|######8   | 2746/4000 [43:37<12:09,  1.72it/s, loss=0.0075]
Training Navine AI Image:  69%|######8   | 2746/4000 [43:37<12:09,  1.72it/s, loss=0.0060]
Training Navine AI Image:  69%|######8   | 2747/4000 [43:38<12:23,  1.69it/s, loss=0.0060]
Training Navine AI Image:  69%|######8   | 2747/4000 [43:38<12:23,  1.69it/s, loss=0.0024]
Training Navine AI Image:  69%|######8   | 2748/4000 [43:38<11:56,  1.75it/s, loss=0.0024]
Training Navine AI Image:  69%|######8   | 2748/4000 [43:38<11:56,  1.75it/s, loss=0.0056]
Training Navine AI Image:  69%|######8   | 2749/4000 [43:39<12:27,  1.67it/s, loss=0.0056]
Training Navine AI Image:  69%|######8   | 2749/4000 [43:39<12:27,  1.67it/s, loss=0.0061]
Training Navine AI Image:  69%|######8   | 2750/4000 [43:39<12:19,  1.69it/s, loss=0.0061]
Training Navine AI Image:  69%|######8   | 2750/4000 [43:39<12:19,  1.69it/s, loss=0.0618]
Training Navine AI Image:  69%|######8   | 2751/4000 [43:40<15:23,  1.35it/s, loss=0.0618]
Training Navine AI Image:  69%|######8   | 2751/4000 [43:40<15:23,  1.35it/s, loss=0.0113]
Training Navine AI Image:  69%|######8   | 2752/4000 [43:41<14:36,  1.42it/s, loss=0.0113]
Training Navine AI Image:  69%|######8   | 2752/4000 [43:41<14:36,  1.42it/s, loss=0.0035]
Training Navine AI Image:  69%|######8   | 2753/4000 [43:42<13:30,  1.54it/s, loss=0.0035]
Training Navine AI Image:  69%|######8   | 2753/4000 [43:42<13:30,  1.54it/s, loss=0.0083]
Training Navine AI Image:  69%|######8   | 2754/4000 [43:42<12:59,  1.60it/s, loss=0.0083]
Training Navine AI Image:  69%|######8   | 2754/4000 [43:42<12:59,  1.60it/s, loss=0.0067]
Training Navine AI Image:  69%|######8   | 2755/4000 [43:43<12:52,  1.61it/s, loss=0.0067]
Training Navine AI Image:  69%|######8   | 2755/4000 [43:43<12:52,  1.61it/s, loss=0.0550]
Training Navine AI Image:  69%|######8   | 2756/4000 [43:43<12:36,  1.64it/s, loss=0.0550]
Training Navine AI Image:  69%|######8   | 2756/4000 [43:43<12:36,  1.64it/s, loss=0.0256]
Training Navine AI Image:  69%|######8   | 2757/4000 [43:44<12:10,  1.70it/s, loss=0.0256]
Training Navine AI Image:  69%|######8   | 2757/4000 [43:44<12:10,  1.70it/s, loss=0.0112]
Training Navine AI Image:  69%|######8   | 2758/4000 [43:44<12:00,  1.72it/s, loss=0.0112]
Training Navine AI Image:  69%|######8   | 2758/4000 [43:44<12:00,  1.72it/s, loss=0.0049]
Training Navine AI Image:  69%|######8   | 2759/4000 [43:45<11:53,  1.74it/s, loss=0.0049]
Training Navine AI Image:  69%|######8   | 2759/4000 [43:45<11:53,  1.74it/s, loss=0.0053]
Training Navine AI Image:  69%|######9   | 2760/4000 [43:46<11:47,  1.75it/s, loss=0.0053]
Training Navine AI Image:  69%|######9   | 2760/4000 [43:46<11:47,  1.75it/s, loss=0.0055]
Training Navine AI Image:  69%|######9   | 2761/4000 [43:46<11:38,  1.77it/s, loss=0.0055]
Training Navine AI Image:  69%|######9   | 2761/4000 [43:46<11:38,  1.77it/s, loss=0.0027]
Training Navine AI Image:  69%|######9   | 2762/4000 [43:47<12:22,  1.67it/s, loss=0.0027]
Training Navine AI Image:  69%|######9   | 2762/4000 [43:47<12:22,  1.67it/s, loss=0.0073]
Training Navine AI Image:  69%|######9   | 2763/4000 [43:47<12:10,  1.69it/s, loss=0.0073]
Training Navine AI Image:  69%|######9   | 2763/4000 [43:47<12:10,  1.69it/s, loss=0.0157]
Training Navine AI Image:  69%|######9   | 2764/4000 [43:48<12:02,  1.71it/s, loss=0.0157]
Training Navine AI Image:  69%|######9   | 2764/4000 [43:48<12:02,  1.71it/s, loss=0.0037]
Training Navine AI Image:  69%|######9   | 2765/4000 [43:49<12:16,  1.68it/s, loss=0.0037]
Training Navine AI Image:  69%|######9   | 2765/4000 [43:49<12:16,  1.68it/s, loss=0.0030]
Training Navine AI Image:  69%|######9   | 2766/4000 [43:49<11:49,  1.74it/s, loss=0.0030]
Training Navine AI Image:  69%|######9   | 2766/4000 [43:49<11:49,  1.74it/s, loss=0.0129]
Training Navine AI Image:  69%|######9   | 2767/4000 [43:50<11:37,  1.77it/s, loss=0.0129]
Training Navine AI Image:  69%|######9   | 2767/4000 [43:50<11:37,  1.77it/s, loss=0.0069]
Training Navine AI Image:  69%|######9   | 2768/4000 [43:50<11:44,  1.75it/s, loss=0.0069]
Training Navine AI Image:  69%|######9   | 2768/4000 [43:50<11:44,  1.75it/s, loss=0.0068]
Training Navine AI Image:  69%|######9   | 2769/4000 [43:51<11:32,  1.78it/s, loss=0.0068]
Training Navine AI Image:  69%|######9   | 2769/4000 [43:51<11:32,  1.78it/s, loss=0.0033]
Training Navine AI Image:  69%|######9   | 2770/4000 [43:51<11:48,  1.74it/s, loss=0.0033]
Training Navine AI Image:  69%|######9   | 2770/4000 [43:51<11:48,  1.74it/s, loss=0.0094]
Training Navine AI Image:  69%|######9   | 2771/4000 [43:52<11:32,  1.77it/s, loss=0.0094]
Training Navine AI Image:  69%|######9   | 2771/4000 [43:52<11:32,  1.77it/s, loss=0.0227]
Training Navine AI Image:  69%|######9   | 2772/4000 [43:52<11:30,  1.78it/s, loss=0.0227]
Training Navine AI Image:  69%|######9   | 2772/4000 [43:52<11:30,  1.78it/s, loss=0.0076]
Training Navine AI Image:  69%|######9   | 2773/4000 [43:53<11:38,  1.76it/s, loss=0.0076]
Training Navine AI Image:  69%|######9   | 2773/4000 [43:53<11:38,  1.76it/s, loss=0.0067]
Training Navine AI Image:  69%|######9   | 2774/4000 [43:54<11:55,  1.71it/s, loss=0.0067]
Training Navine AI Image:  69%|######9   | 2774/4000 [43:54<11:55,  1.71it/s, loss=0.0026]
Training Navine AI Image:  69%|######9   | 2775/4000 [43:54<11:34,  1.76it/s, loss=0.0026]
Training Navine AI Image:  69%|######9   | 2775/4000 [43:54<11:34,  1.76it/s, loss=0.0069]
Training Navine AI Image:  69%|######9   | 2776/4000 [43:55<11:38,  1.75it/s, loss=0.0069]
Training Navine AI Image:  69%|######9   | 2776/4000 [43:55<11:38,  1.75it/s, loss=0.0042]
Training Navine AI Image:  69%|######9   | 2777/4000 [43:55<12:43,  1.60it/s, loss=0.0042]
Training Navine AI Image:  69%|######9   | 2777/4000 [43:55<12:43,  1.60it/s, loss=0.0091]
Training Navine AI Image:  69%|######9   | 2778/4000 [43:56<14:05,  1.44it/s, loss=0.0091]
Training Navine AI Image:  69%|######9   | 2778/4000 [43:56<14:05,  1.44it/s, loss=0.0017]
Training Navine AI Image:  69%|######9   | 2779/4000 [43:57<13:28,  1.51it/s, loss=0.0017]
Training Navine AI Image:  69%|######9   | 2779/4000 [43:57<13:28,  1.51it/s, loss=0.0097]
Training Navine AI Image:  70%|######9   | 2780/4000 [43:57<12:44,  1.60it/s, loss=0.0097]
Training Navine AI Image:  70%|######9   | 2780/4000 [43:58<12:44,  1.60it/s, loss=0.0212]
Training Navine AI Image:  70%|######9   | 2781/4000 [43:58<12:53,  1.58it/s, loss=0.0212]
Training Navine AI Image:  70%|######9   | 2781/4000 [43:58<12:53,  1.58it/s, loss=0.0035]
Training Navine AI Image:  70%|######9   | 2782/4000 [43:59<12:45,  1.59it/s, loss=0.0035]
Training Navine AI Image:  70%|######9   | 2782/4000 [43:59<12:45,  1.59it/s, loss=0.0077]
Training Navine AI Image:  70%|######9   | 2783/4000 [43:59<12:23,  1.64it/s, loss=0.0077]
Training Navine AI Image:  70%|######9   | 2783/4000 [43:59<12:23,  1.64it/s, loss=0.0068]
Training Navine AI Image:  70%|######9   | 2784/4000 [44:00<12:04,  1.68it/s, loss=0.0068]
Training Navine AI Image:  70%|######9   | 2784/4000 [44:00<12:04,  1.68it/s, loss=0.0077]
Training Navine AI Image:  70%|######9   | 2785/4000 [44:00<11:51,  1.71it/s, loss=0.0077]
Training Navine AI Image:  70%|######9   | 2785/4000 [44:00<11:51,  1.71it/s, loss=0.0063]
Training Navine AI Image:  70%|######9   | 2786/4000 [44:01<11:43,  1.73it/s, loss=0.0063]
Training Navine AI Image:  70%|######9   | 2786/4000 [44:01<11:43,  1.73it/s, loss=0.0040]
Training Navine AI Image:  70%|######9   | 2787/4000 [44:02<11:43,  1.72it/s, loss=0.0040]
Training Navine AI Image:  70%|######9   | 2787/4000 [44:02<11:43,  1.72it/s, loss=0.0261]
Training Navine AI Image:  70%|######9   | 2788/4000 [44:02<12:04,  1.67it/s, loss=0.0261]
Training Navine AI Image:  70%|######9   | 2788/4000 [44:02<12:04,  1.67it/s, loss=0.0147]
Training Navine AI Image:  70%|######9   | 2789/4000 [44:03<11:35,  1.74it/s, loss=0.0147]
Training Navine AI Image:  70%|######9   | 2789/4000 [44:03<11:35,  1.74it/s, loss=0.0164]
Training Navine AI Image:  70%|######9   | 2790/4000 [44:03<11:37,  1.73it/s, loss=0.0164]
Training Navine AI Image:  70%|######9   | 2790/4000 [44:03<11:37,  1.73it/s, loss=0.0123]
Training Navine AI Image:  70%|######9   | 2791/4000 [44:04<11:42,  1.72it/s, loss=0.0123]
Training Navine AI Image:  70%|######9   | 2791/4000 [44:04<11:42,  1.72it/s, loss=0.0106]
Training Navine AI Image:  70%|######9   | 2792/4000 [44:04<11:31,  1.75it/s, loss=0.0106]
Training Navine AI Image:  70%|######9   | 2792/4000 [44:04<11:31,  1.75it/s, loss=0.0415]
Training Navine AI Image:  70%|######9   | 2793/4000 [44:05<11:21,  1.77it/s, loss=0.0415]
Training Navine AI Image:  70%|######9   | 2793/4000 [44:05<11:21,  1.77it/s, loss=0.0097]
Training Navine AI Image:  70%|######9   | 2794/4000 [44:06<11:12,  1.79it/s, loss=0.0097]
Training Navine AI Image:  70%|######9   | 2794/4000 [44:06<11:12,  1.79it/s, loss=0.0150]
Training Navine AI Image:  70%|######9   | 2795/4000 [44:06<11:36,  1.73it/s, loss=0.0150]
Training Navine AI Image:  70%|######9   | 2795/4000 [44:06<11:36,  1.73it/s, loss=0.0133]
Training Navine AI Image:  70%|######9   | 2796/4000 [44:07<11:33,  1.74it/s, loss=0.0133]
Training Navine AI Image:  70%|######9   | 2796/4000 [44:07<11:33,  1.74it/s, loss=0.0131]
Training Navine AI Image:  70%|######9   | 2797/4000 [44:07<11:32,  1.74it/s, loss=0.0131]
Training Navine AI Image:  70%|######9   | 2797/4000 [44:07<11:32,  1.74it/s, loss=0.0018]
Training Navine AI Image:  70%|######9   | 2798/4000 [44:08<11:24,  1.76it/s, loss=0.0018]
Training Navine AI Image:  70%|######9   | 2798/4000 [44:08<11:24,  1.76it/s, loss=0.0033]
Training Navine AI Image:  70%|######9   | 2799/4000 [44:08<11:42,  1.71it/s, loss=0.0033]
Training Navine AI Image:  70%|######9   | 2799/4000 [44:08<11:42,  1.71it/s, loss=0.0025]
Training Navine AI Image:  70%|#######   | 2800/4000 [44:09<11:35,  1.72it/s, loss=0.0025]
Training Navine AI Image:  70%|#######   | 2800/4000 [44:09<11:35,  1.72it/s, loss=0.0058]
Training Navine AI Image:  70%|#######   | 2801/4000 [44:10<11:37,  1.72it/s, loss=0.0058]
Training Navine AI Image:  70%|#######   | 2801/4000 [44:10<11:37,  1.72it/s, loss=0.0327]
Training Navine AI Image:  70%|#######   | 2802/4000 [44:10<11:43,  1.70it/s, loss=0.0327]
Training Navine AI Image:  70%|#######   | 2802/4000 [44:10<11:43,  1.70it/s, loss=0.0282]
Training Navine AI Image:  70%|#######   | 2803/4000 [44:11<11:20,  1.76it/s, loss=0.0282]
Training Navine AI Image:  70%|#######   | 2803/4000 [44:11<11:20,  1.76it/s, loss=0.0060]
Training Navine AI Image:  70%|#######   | 2804/4000 [44:11<11:33,  1.73it/s, loss=0.0060]
Training Navine AI Image:  70%|#######   | 2804/4000 [44:11<11:33,  1.73it/s, loss=0.0101]
Training Navine AI Image:  70%|#######   | 2805/4000 [44:12<11:11,  1.78it/s, loss=0.0101]
Training Navine AI Image:  70%|#######   | 2805/4000 [44:12<11:11,  1.78it/s, loss=0.0050]
Training Navine AI Image:  70%|#######   | 2806/4000 [44:13<11:39,  1.71it/s, loss=0.0050]
Training Navine AI Image:  70%|#######   | 2806/4000 [44:13<11:39,  1.71it/s, loss=0.0089]
Training Navine AI Image:  70%|#######   | 2807/4000 [44:13<11:24,  1.74it/s, loss=0.0089]
Training Navine AI Image:  70%|#######   | 2807/4000 [44:13<11:24,  1.74it/s, loss=0.0511]
Training Navine AI Image:  70%|#######   | 2808/4000 [44:14<11:21,  1.75it/s, loss=0.0511]
Training Navine AI Image:  70%|#######   | 2808/4000 [44:14<11:21,  1.75it/s, loss=0.0332]
Training Navine AI Image:  70%|#######   | 2809/4000 [44:14<11:17,  1.76it/s, loss=0.0332]
Training Navine AI Image:  70%|#######   | 2809/4000 [44:14<11:17,  1.76it/s, loss=0.0095]
Training Navine AI Image:  70%|#######   | 2810/4000 [44:15<11:20,  1.75it/s, loss=0.0095]
Training Navine AI Image:  70%|#######   | 2810/4000 [44:15<11:20,  1.75it/s, loss=0.0146]
Training Navine AI Image:  70%|#######   | 2811/4000 [44:15<11:17,  1.76it/s, loss=0.0146]
Training Navine AI Image:  70%|#######   | 2811/4000 [44:15<11:17,  1.76it/s, loss=0.0093]
Training Navine AI Image:  70%|#######   | 2812/4000 [44:16<11:22,  1.74it/s, loss=0.0093]
Training Navine AI Image:  70%|#######   | 2812/4000 [44:16<11:22,  1.74it/s, loss=0.0032]
Training Navine AI Image:  70%|#######   | 2813/4000 [44:17<11:34,  1.71it/s, loss=0.0032]
Training Navine AI Image:  70%|#######   | 2813/4000 [44:17<11:34,  1.71it/s, loss=0.0080]
Training Navine AI Image:  70%|#######   | 2814/4000 [44:17<11:16,  1.75it/s, loss=0.0080]
Training Navine AI Image:  70%|#######   | 2814/4000 [44:17<11:16,  1.75it/s, loss=0.0167]
Training Navine AI Image:  70%|#######   | 2815/4000 [44:18<11:21,  1.74it/s, loss=0.0167]
Training Navine AI Image:  70%|#######   | 2815/4000 [44:18<11:21,  1.74it/s, loss=0.0038]
Training Navine AI Image:  70%|#######   | 2816/4000 [44:18<11:35,  1.70it/s, loss=0.0038]
Training Navine AI Image:  70%|#######   | 2816/4000 [44:18<11:35,  1.70it/s, loss=0.0082]
Training Navine AI Image:  70%|#######   | 2817/4000 [44:19<11:25,  1.73it/s, loss=0.0082]
Training Navine AI Image:  70%|#######   | 2817/4000 [44:19<11:25,  1.73it/s, loss=0.0092]
Training Navine AI Image:  70%|#######   | 2818/4000 [44:19<11:03,  1.78it/s, loss=0.0092]
Training Navine AI Image:  70%|#######   | 2818/4000 [44:19<11:03,  1.78it/s, loss=0.0155]
Training Navine AI Image:  70%|#######   | 2819/4000 [44:20<11:43,  1.68it/s, loss=0.0155]
Training Navine AI Image:  70%|#######   | 2819/4000 [44:20<11:43,  1.68it/s, loss=0.0099]
Training Navine AI Image:  70%|#######   | 2820/4000 [44:21<11:16,  1.74it/s, loss=0.0099]
Training Navine AI Image:  70%|#######   | 2820/4000 [44:21<11:16,  1.74it/s, loss=0.0080]
Training Navine AI Image:  71%|#######   | 2821/4000 [44:21<11:14,  1.75it/s, loss=0.0080]
Training Navine AI Image:  71%|#######   | 2821/4000 [44:21<11:14,  1.75it/s, loss=0.0090]
Training Navine AI Image:  71%|#######   | 2822/4000 [44:22<11:16,  1.74it/s, loss=0.0090]
Training Navine AI Image:  71%|#######   | 2822/4000 [44:22<11:16,  1.74it/s, loss=0.0053]
Training Navine AI Image:  71%|#######   | 2823/4000 [44:22<11:13,  1.75it/s, loss=0.0053]
Training Navine AI Image:  71%|#######   | 2823/4000 [44:22<11:13,  1.75it/s, loss=0.0053]
Training Navine AI Image:  71%|#######   | 2824/4000 [44:23<11:14,  1.74it/s, loss=0.0053]
Training Navine AI Image:  71%|#######   | 2824/4000 [44:23<11:14,  1.74it/s, loss=0.0189]
Training Navine AI Image:  71%|#######   | 2825/4000 [44:23<11:11,  1.75it/s, loss=0.0189]
Training Navine AI Image:  71%|#######   | 2825/4000 [44:23<11:11,  1.75it/s, loss=0.0260]
Training Navine AI Image:  71%|#######   | 2826/4000 [44:24<11:05,  1.76it/s, loss=0.0260]
Training Navine AI Image:  71%|#######   | 2826/4000 [44:24<11:05,  1.76it/s, loss=0.0089]
Training Navine AI Image:  71%|#######   | 2827/4000 [44:25<11:20,  1.72it/s, loss=0.0089]
Training Navine AI Image:  71%|#######   | 2827/4000 [44:25<11:20,  1.72it/s, loss=0.0202]
Training Navine AI Image:  71%|#######   | 2828/4000 [44:25<11:13,  1.74it/s, loss=0.0202]
Training Navine AI Image:  71%|#######   | 2828/4000 [44:25<11:13,  1.74it/s, loss=0.0062]
Training Navine AI Image:  71%|#######   | 2829/4000 [44:26<11:12,  1.74it/s, loss=0.0062]
Training Navine AI Image:  71%|#######   | 2829/4000 [44:26<11:12,  1.74it/s, loss=0.0161]
Training Navine AI Image:  71%|#######   | 2830/4000 [44:26<11:31,  1.69it/s, loss=0.0161]
Training Navine AI Image:  71%|#######   | 2830/4000 [44:26<11:31,  1.69it/s, loss=0.0008]
Training Navine AI Image:  71%|#######   | 2831/4000 [44:27<11:10,  1.74it/s, loss=0.0008]
Training Navine AI Image:  71%|#######   | 2831/4000 [44:27<11:10,  1.74it/s, loss=0.0063]
Training Navine AI Image:  71%|#######   | 2832/4000 [44:27<11:11,  1.74it/s, loss=0.0063]
Training Navine AI Image:  71%|#######   | 2832/4000 [44:28<11:11,  1.74it/s, loss=0.0084]
Training Navine AI Image:  71%|#######   | 2833/4000 [44:28<11:25,  1.70it/s, loss=0.0084]
Training Navine AI Image:  71%|#######   | 2833/4000 [44:28<11:25,  1.70it/s, loss=0.0045]
Training Navine AI Image:  71%|#######   | 2834/4000 [44:29<10:59,  1.77it/s, loss=0.0045]
Training Navine AI Image:  71%|#######   | 2834/4000 [44:29<10:59,  1.77it/s, loss=0.0032]
Training Navine AI Image:  71%|#######   | 2835/4000 [44:29<11:01,  1.76it/s, loss=0.0032]
Training Navine AI Image:  71%|#######   | 2835/4000 [44:29<11:01,  1.76it/s, loss=0.0331]
Training Navine AI Image:  71%|#######   | 2836/4000 [44:30<11:03,  1.75it/s, loss=0.0331]
Training Navine AI Image:  71%|#######   | 2836/4000 [44:30<11:03,  1.75it/s, loss=0.0344]
Training Navine AI Image:  71%|#######   | 2837/4000 [44:30<11:01,  1.76it/s, loss=0.0344]
Training Navine AI Image:  71%|#######   | 2837/4000 [44:30<11:01,  1.76it/s, loss=0.0078]
Training Navine AI Image:  71%|#######   | 2838/4000 [44:31<11:15,  1.72it/s, loss=0.0078]
Training Navine AI Image:  71%|#######   | 2838/4000 [44:31<11:15,  1.72it/s, loss=0.0039]
Training Navine AI Image:  71%|#######   | 2839/4000 [44:31<10:55,  1.77it/s, loss=0.0039]
Training Navine AI Image:  71%|#######   | 2839/4000 [44:31<10:55,  1.77it/s, loss=0.0044]
Training Navine AI Image:  71%|#######1  | 2840/4000 [44:32<10:59,  1.76it/s, loss=0.0044]
Training Navine AI Image:  71%|#######1  | 2840/4000 [44:32<10:59,  1.76it/s, loss=0.0146]
Training Navine AI Image:  71%|#######1  | 2841/4000 [44:33<11:24,  1.69it/s, loss=0.0146]
Training Navine AI Image:  71%|#######1  | 2841/4000 [44:33<11:24,  1.69it/s, loss=0.0063]
Training Navine AI Image:  71%|#######1  | 2842/4000 [44:33<10:57,  1.76it/s, loss=0.0063]
Training Navine AI Image:  71%|#######1  | 2842/4000 [44:33<10:57,  1.76it/s, loss=0.0053]
Training Navine AI Image:  71%|#######1  | 2843/4000 [44:34<10:57,  1.76it/s, loss=0.0053]
Training Navine AI Image:  71%|#######1  | 2843/4000 [44:34<10:57,  1.76it/s, loss=0.0062]
Training Navine AI Image:  71%|#######1  | 2844/4000 [44:34<11:09,  1.73it/s, loss=0.0062]
Training Navine AI Image:  71%|#######1  | 2844/4000 [44:34<11:09,  1.73it/s, loss=0.0176]
Training Navine AI Image:  71%|#######1  | 2845/4000 [44:35<11:08,  1.73it/s, loss=0.0176]
Training Navine AI Image:  71%|#######1  | 2845/4000 [44:35<11:08,  1.73it/s, loss=0.0043]
Training Navine AI Image:  71%|#######1  | 2846/4000 [44:35<11:01,  1.74it/s, loss=0.0043]
Training Navine AI Image:  71%|#######1  | 2846/4000 [44:36<11:01,  1.74it/s, loss=0.0047]
Training Navine AI Image:  71%|#######1  | 2847/4000 [44:36<10:57,  1.75it/s, loss=0.0047]
Training Navine AI Image:  71%|#######1  | 2847/4000 [44:36<10:57,  1.75it/s, loss=0.0070]
Training Navine AI Image:  71%|#######1  | 2848/4000 [44:37<11:12,  1.71it/s, loss=0.0070]
Training Navine AI Image:  71%|#######1  | 2848/4000 [44:37<11:12,  1.71it/s, loss=0.0039]
Training Navine AI Image:  71%|#######1  | 2849/4000 [44:37<10:48,  1.78it/s, loss=0.0039]
Training Navine AI Image:  71%|#######1  | 2849/4000 [44:37<10:48,  1.78it/s, loss=0.0089]
Training Navine AI Image:  71%|#######1  | 2850/4000 [44:38<10:46,  1.78it/s, loss=0.0089]
Training Navine AI Image:  71%|#######1  | 2850/4000 [44:38<10:46,  1.78it/s, loss=0.0075]
Training Navine AI Image:  71%|#######1  | 2851/4000 [44:38<10:46,  1.78it/s, loss=0.0075]
Training Navine AI Image:  71%|#######1  | 2851/4000 [44:38<10:46,  1.78it/s, loss=0.0042]
Training Navine AI Image:  71%|#######1  | 2852/4000 [44:39<11:03,  1.73it/s, loss=0.0042]
Training Navine AI Image:  71%|#######1  | 2852/4000 [44:39<11:03,  1.73it/s, loss=0.0684]
Training Navine AI Image:  71%|#######1  | 2853/4000 [44:39<10:40,  1.79it/s, loss=0.0684]
Training Navine AI Image:  71%|#######1  | 2853/4000 [44:39<10:40,  1.79it/s, loss=0.0026]
Training Navine AI Image:  71%|#######1  | 2854/4000 [44:40<10:46,  1.77it/s, loss=0.0026]
Training Navine AI Image:  71%|#######1  | 2854/4000 [44:40<10:46,  1.77it/s, loss=0.0323]
Training Navine AI Image:  71%|#######1  | 2855/4000 [44:41<10:54,  1.75it/s, loss=0.0323]
Training Navine AI Image:  71%|#######1  | 2855/4000 [44:41<10:54,  1.75it/s, loss=0.0027]
Training Navine AI Image:  71%|#######1  | 2856/4000 [44:41<11:08,  1.71it/s, loss=0.0027]
Training Navine AI Image:  71%|#######1  | 2856/4000 [44:41<11:08,  1.71it/s, loss=0.0030]
Training Navine AI Image:  71%|#######1  | 2857/4000 [44:42<10:59,  1.73it/s, loss=0.0030]
Training Navine AI Image:  71%|#######1  | 2857/4000 [44:42<10:59,  1.73it/s, loss=0.0150]
Training Navine AI Image:  71%|#######1  | 2858/4000 [44:42<10:59,  1.73it/s, loss=0.0150]
Training Navine AI Image:  71%|#######1  | 2858/4000 [44:42<10:59,  1.73it/s, loss=0.0021]
Training Navine AI Image:  71%|#######1  | 2859/4000 [44:43<11:14,  1.69it/s, loss=0.0021]
Training Navine AI Image:  71%|#######1  | 2859/4000 [44:43<11:14,  1.69it/s, loss=0.0122]
Training Navine AI Image:  72%|#######1  | 2860/4000 [44:44<10:54,  1.74it/s, loss=0.0122]
Training Navine AI Image:  72%|#######1  | 2860/4000 [44:44<10:54,  1.74it/s, loss=0.0091]
Training Navine AI Image:  72%|#######1  | 2861/4000 [44:44<10:51,  1.75it/s, loss=0.0091]
Training Navine AI Image:  72%|#######1  | 2861/4000 [44:44<10:51,  1.75it/s, loss=0.0069]
Training Navine AI Image:  72%|#######1  | 2862/4000 [44:45<10:52,  1.74it/s, loss=0.0069]
Training Navine AI Image:  72%|#######1  | 2862/4000 [44:45<10:52,  1.74it/s, loss=0.0059]
Training Navine AI Image:  72%|#######1  | 2863/4000 [44:45<11:02,  1.72it/s, loss=0.0059]
Training Navine AI Image:  72%|#######1  | 2863/4000 [44:45<11:02,  1.72it/s, loss=0.0178]
Training Navine AI Image:  72%|#######1  | 2864/4000 [44:46<10:36,  1.79it/s, loss=0.0178]
Training Navine AI Image:  72%|#######1  | 2864/4000 [44:46<10:36,  1.79it/s, loss=0.0071]
Training Navine AI Image:  72%|#######1  | 2865/4000 [44:46<10:29,  1.80it/s, loss=0.0071]
Training Navine AI Image:  72%|#######1  | 2865/4000 [44:46<10:29,  1.80it/s, loss=0.0181]
Training Navine AI Image:  72%|#######1  | 2866/4000 [44:47<10:27,  1.81it/s, loss=0.0181]
Training Navine AI Image:  72%|#######1  | 2866/4000 [44:47<10:27,  1.81it/s, loss=0.0059]
Training Navine AI Image:  72%|#######1  | 2867/4000 [44:47<10:32,  1.79it/s, loss=0.0059]
Training Navine AI Image:  72%|#######1  | 2867/4000 [44:47<10:32,  1.79it/s, loss=0.0042]
Training Navine AI Image:  72%|#######1  | 2868/4000 [44:48<10:54,  1.73it/s, loss=0.0042]
Training Navine AI Image:  72%|#######1  | 2868/4000 [44:48<10:54,  1.73it/s, loss=0.0239]
Training Navine AI Image:  72%|#######1  | 2869/4000 [44:49<10:48,  1.74it/s, loss=0.0239]
Training Navine AI Image:  72%|#######1  | 2869/4000 [44:49<10:48,  1.74it/s, loss=0.0029]
Training Navine AI Image:  72%|#######1  | 2870/4000 [44:49<10:43,  1.76it/s, loss=0.0029]
Training Navine AI Image:  72%|#######1  | 2870/4000 [44:49<10:43,  1.76it/s, loss=0.0061]
Training Navine AI Image:  72%|#######1  | 2871/4000 [44:50<10:50,  1.74it/s, loss=0.0061]
Training Navine AI Image:  72%|#######1  | 2871/4000 [44:50<10:50,  1.74it/s, loss=0.0182]
Training Navine AI Image:  72%|#######1  | 2872/4000 [44:50<10:45,  1.75it/s, loss=0.0182]
Training Navine AI Image:  72%|#######1  | 2872/4000 [44:50<10:45,  1.75it/s, loss=0.0024]
Training Navine AI Image:  72%|#######1  | 2873/4000 [44:51<10:26,  1.80it/s, loss=0.0024]
Training Navine AI Image:  72%|#######1  | 2873/4000 [44:51<10:26,  1.80it/s, loss=0.0026]
Training Navine AI Image:  72%|#######1  | 2874/4000 [44:51<10:32,  1.78it/s, loss=0.0026]
Training Navine AI Image:  72%|#######1  | 2874/4000 [44:51<10:32,  1.78it/s, loss=0.0042]
Training Navine AI Image:  72%|#######1  | 2875/4000 [44:52<11:05,  1.69it/s, loss=0.0042]
Training Navine AI Image:  72%|#######1  | 2875/4000 [44:52<11:05,  1.69it/s, loss=0.0074]
Training Navine AI Image:  72%|#######1  | 2876/4000 [44:53<11:02,  1.70it/s, loss=0.0074]
Training Navine AI Image:  72%|#######1  | 2876/4000 [44:53<11:02,  1.70it/s, loss=0.0102]
Training Navine AI Image:  72%|#######1  | 2877/4000 [44:53<10:41,  1.75it/s, loss=0.0102]
Training Navine AI Image:  72%|#######1  | 2877/4000 [44:53<10:41,  1.75it/s, loss=0.0035]
Training Navine AI Image:  72%|#######1  | 2878/4000 [44:54<10:36,  1.76it/s, loss=0.0035]
Training Navine AI Image:  72%|#######1  | 2878/4000 [44:54<10:36,  1.76it/s, loss=0.0032]
Training Navine AI Image:  72%|#######1  | 2879/4000 [44:54<10:42,  1.74it/s, loss=0.0032]
Training Navine AI Image:  72%|#######1  | 2879/4000 [44:54<10:42,  1.74it/s, loss=0.0088]
Training Navine AI Image:  72%|#######2  | 2880/4000 [44:55<11:04,  1.69it/s, loss=0.0088]
Training Navine AI Image:  72%|#######2  | 2880/4000 [44:55<11:04,  1.69it/s, loss=0.0344]
Training Navine AI Image:  72%|#######2  | 2881/4000 [44:56<11:01,  1.69it/s, loss=0.0344]
Training Navine AI Image:  72%|#######2  | 2881/4000 [44:56<11:01,  1.69it/s, loss=0.0140]
Training Navine AI Image:  72%|#######2  | 2882/4000 [44:56<11:22,  1.64it/s, loss=0.0140]
Training Navine AI Image:  72%|#######2  | 2882/4000 [44:56<11:22,  1.64it/s, loss=0.0081]
Training Navine AI Image:  72%|#######2  | 2883/4000 [44:57<10:56,  1.70it/s, loss=0.0081]
Training Navine AI Image:  72%|#######2  | 2883/4000 [44:57<10:56,  1.70it/s, loss=0.0089]
Training Navine AI Image:  72%|#######2  | 2884/4000 [44:57<10:48,  1.72it/s, loss=0.0089]
Training Navine AI Image:  72%|#######2  | 2884/4000 [44:57<10:48,  1.72it/s, loss=0.0049]
Training Navine AI Image:  72%|#######2  | 2885/4000 [44:58<10:42,  1.73it/s, loss=0.0049]
Training Navine AI Image:  72%|#######2  | 2885/4000 [44:58<10:42,  1.73it/s, loss=0.0195]
Training Navine AI Image:  72%|#######2  | 2886/4000 [44:59<10:54,  1.70it/s, loss=0.0195]
Training Navine AI Image:  72%|#######2  | 2886/4000 [44:59<10:54,  1.70it/s, loss=0.0167]
Training Navine AI Image:  72%|#######2  | 2887/4000 [44:59<10:47,  1.72it/s, loss=0.0167]
Training Navine AI Image:  72%|#######2  | 2887/4000 [44:59<10:47,  1.72it/s, loss=0.0350]
Training Navine AI Image:  72%|#######2  | 2888/4000 [45:00<10:26,  1.77it/s, loss=0.0350]
Training Navine AI Image:  72%|#######2  | 2888/4000 [45:00<10:26,  1.77it/s, loss=0.0041]
Training Navine AI Image:  72%|#######2  | 2889/4000 [45:00<10:34,  1.75it/s, loss=0.0041]
Training Navine AI Image:  72%|#######2  | 2889/4000 [45:00<10:34,  1.75it/s, loss=0.0944]
Training Navine AI Image:  72%|#######2  | 2890/4000 [45:01<10:39,  1.74it/s, loss=0.0944]
Training Navine AI Image:  72%|#######2  | 2890/4000 [45:01<10:39,  1.74it/s, loss=0.0099]
Training Navine AI Image:  72%|#######2  | 2891/4000 [45:01<10:54,  1.69it/s, loss=0.0099]
Training Navine AI Image:  72%|#######2  | 2891/4000 [45:01<10:54,  1.69it/s, loss=0.0085]
Training Navine AI Image:  72%|#######2  | 2892/4000 [45:02<11:17,  1.64it/s, loss=0.0085]
Training Navine AI Image:  72%|#######2  | 2892/4000 [45:02<11:17,  1.64it/s, loss=0.0173]
Training Navine AI Image:  72%|#######2  | 2893/4000 [45:03<10:49,  1.70it/s, loss=0.0173]
Training Navine AI Image:  72%|#######2  | 2893/4000 [45:03<10:49,  1.70it/s, loss=0.0043]
Training Navine AI Image:  72%|#######2  | 2894/4000 [45:03<10:41,  1.72it/s, loss=0.0043]
Training Navine AI Image:  72%|#######2  | 2894/4000 [45:03<10:41,  1.72it/s, loss=0.0078]
Training Navine AI Image:  72%|#######2  | 2895/4000 [45:04<10:35,  1.74it/s, loss=0.0078]
Training Navine AI Image:  72%|#######2  | 2895/4000 [45:04<10:35,  1.74it/s, loss=0.0199]
Training Navine AI Image:  72%|#######2  | 2896/4000 [45:04<10:46,  1.71it/s, loss=0.0199]
Training Navine AI Image:  72%|#######2  | 2896/4000 [45:04<10:46,  1.71it/s, loss=0.0021]
Training Navine AI Image:  72%|#######2  | 2897/4000 [45:05<10:33,  1.74it/s, loss=0.0021]
Training Navine AI Image:  72%|#######2  | 2897/4000 [45:05<10:33,  1.74it/s, loss=0.0024]
Training Navine AI Image:  72%|#######2  | 2898/4000 [45:05<10:29,  1.75it/s, loss=0.0024]
Training Navine AI Image:  72%|#######2  | 2898/4000 [45:05<10:29,  1.75it/s, loss=0.0074]
Training Navine AI Image:  72%|#######2  | 2899/4000 [45:06<10:40,  1.72it/s, loss=0.0074]
Training Navine AI Image:  72%|#######2  | 2899/4000 [45:06<10:40,  1.72it/s, loss=0.0050]
Training Navine AI Image:  72%|#######2  | 2900/4000 [45:07<10:22,  1.77it/s, loss=0.0050]
Training Navine AI Image:  72%|#######2  | 2900/4000 [45:07<10:22,  1.77it/s, loss=0.0029]
Training Navine AI Image:  73%|#######2  | 2901/4000 [45:07<10:23,  1.76it/s, loss=0.0029]
Training Navine AI Image:  73%|#######2  | 2901/4000 [45:07<10:23,  1.76it/s, loss=0.0078]
Training Navine AI Image:  73%|#######2  | 2902/4000 [45:08<10:23,  1.76it/s, loss=0.0078]
Training Navine AI Image:  73%|#######2  | 2902/4000 [45:08<10:23,  1.76it/s, loss=0.0099]
Training Navine AI Image:  73%|#######2  | 2903/4000 [45:08<10:48,  1.69it/s, loss=0.0099]
Training Navine AI Image:  73%|#######2  | 2903/4000 [45:08<10:48,  1.69it/s, loss=0.0157]
Training Navine AI Image:  73%|#######2  | 2904/4000 [45:09<10:37,  1.72it/s, loss=0.0157]
Training Navine AI Image:  73%|#######2  | 2904/4000 [45:09<10:37,  1.72it/s, loss=0.0212]
Training Navine AI Image:  73%|#######2  | 2905/4000 [45:09<10:32,  1.73it/s, loss=0.0212]
Training Navine AI Image:  73%|#######2  | 2905/4000 [45:10<10:32,  1.73it/s, loss=0.0099]
Training Navine AI Image:  73%|#######2  | 2906/4000 [45:10<10:26,  1.75it/s, loss=0.0099]
Training Navine AI Image:  73%|#######2  | 2906/4000 [45:10<10:26,  1.75it/s, loss=0.0058]
Training Navine AI Image:  73%|#######2  | 2907/4000 [45:11<10:25,  1.75it/s, loss=0.0058]
Training Navine AI Image:  73%|#######2  | 2907/4000 [45:11<10:25,  1.75it/s, loss=0.0117]
Training Navine AI Image:  73%|#######2  | 2908/4000 [45:11<10:35,  1.72it/s, loss=0.0117]
Training Navine AI Image:  73%|#######2  | 2908/4000 [45:11<10:35,  1.72it/s, loss=0.0086]
Training Navine AI Image:  73%|#######2  | 2909/4000 [45:12<10:16,  1.77it/s, loss=0.0086]
Training Navine AI Image:  73%|#######2  | 2909/4000 [45:12<10:16,  1.77it/s, loss=0.0070]
Training Navine AI Image:  73%|#######2  | 2910/4000 [45:12<10:15,  1.77it/s, loss=0.0070]
Training Navine AI Image:  73%|#######2  | 2910/4000 [45:12<10:15,  1.77it/s, loss=0.0071]
Training Navine AI Image:  73%|#######2  | 2911/4000 [45:13<10:27,  1.74it/s, loss=0.0071]
Training Navine AI Image:  73%|#######2  | 2911/4000 [45:13<10:27,  1.74it/s, loss=0.0058]
Training Navine AI Image:  73%|#######2  | 2912/4000 [45:13<10:07,  1.79it/s, loss=0.0058]
Training Navine AI Image:  73%|#######2  | 2912/4000 [45:13<10:07,  1.79it/s, loss=0.0078]
Training Navine AI Image:  73%|#######2  | 2913/4000 [45:14<10:07,  1.79it/s, loss=0.0078]
Training Navine AI Image:  73%|#######2  | 2913/4000 [45:14<10:07,  1.79it/s, loss=0.0085]
Training Navine AI Image:  73%|#######2  | 2914/4000 [45:15<10:28,  1.73it/s, loss=0.0085]
Training Navine AI Image:  73%|#######2  | 2914/4000 [45:15<10:28,  1.73it/s, loss=0.0222]
Training Navine AI Image:  73%|#######2  | 2915/4000 [45:15<10:29,  1.72it/s, loss=0.0222]
Training Navine AI Image:  73%|#######2  | 2915/4000 [45:15<10:29,  1.72it/s, loss=0.0075]
Training Navine AI Image:  73%|#######2  | 2916/4000 [45:16<10:27,  1.73it/s, loss=0.0075]
Training Navine AI Image:  73%|#######2  | 2916/4000 [45:16<10:27,  1.73it/s, loss=0.0027]
Training Navine AI Image:  73%|#######2  | 2917/4000 [45:16<10:37,  1.70it/s, loss=0.0027]
Training Navine AI Image:  73%|#######2  | 2917/4000 [45:16<10:37,  1.70it/s, loss=0.0160]
Training Navine AI Image:  73%|#######2  | 2918/4000 [45:17<10:27,  1.72it/s, loss=0.0160]
Training Navine AI Image:  73%|#######2  | 2918/4000 [45:17<10:27,  1.72it/s, loss=0.0199]
Training Navine AI Image:  73%|#######2  | 2919/4000 [45:18<10:25,  1.73it/s, loss=0.0199]
Training Navine AI Image:  73%|#######2  | 2919/4000 [45:18<10:25,  1.73it/s, loss=0.0056]
Training Navine AI Image:  73%|#######3  | 2920/4000 [45:18<10:20,  1.74it/s, loss=0.0056]
Training Navine AI Image:  73%|#######3  | 2920/4000 [45:18<10:20,  1.74it/s, loss=0.0319]
Training Navine AI Image:  73%|#######3  | 2921/4000 [45:19<10:25,  1.73it/s, loss=0.0319]
Training Navine AI Image:  73%|#######3  | 2921/4000 [45:19<10:25,  1.73it/s, loss=0.0347]
Training Navine AI Image:  73%|#######3  | 2922/4000 [45:19<10:26,  1.72it/s, loss=0.0347]
Training Navine AI Image:  73%|#######3  | 2922/4000 [45:19<10:26,  1.72it/s, loss=0.0062]
Training Navine AI Image:  73%|#######3  | 2923/4000 [45:20<10:20,  1.74it/s, loss=0.0062]
Training Navine AI Image:  73%|#######3  | 2923/4000 [45:20<10:20,  1.74it/s, loss=0.0099]
Training Navine AI Image:  73%|#######3  | 2924/4000 [45:20<10:43,  1.67it/s, loss=0.0099]
Training Navine AI Image:  73%|#######3  | 2924/4000 [45:21<10:43,  1.67it/s, loss=0.0153]
Training Navine AI Image:  73%|#######3  | 2925/4000 [45:21<10:32,  1.70it/s, loss=0.0153]
Training Navine AI Image:  73%|#######3  | 2925/4000 [45:21<10:32,  1.70it/s, loss=0.0417]
Training Navine AI Image:  73%|#######3  | 2926/4000 [45:22<10:24,  1.72it/s, loss=0.0417]
Training Navine AI Image:  73%|#######3  | 2926/4000 [45:22<10:24,  1.72it/s, loss=0.0043]
Training Navine AI Image:  73%|#######3  | 2927/4000 [45:22<10:21,  1.73it/s, loss=0.0043]
Training Navine AI Image:  73%|#######3  | 2927/4000 [45:22<10:21,  1.73it/s, loss=0.0017]
Training Navine AI Image:  73%|#######3  | 2928/4000 [45:23<10:19,  1.73it/s, loss=0.0017]
Training Navine AI Image:  73%|#######3  | 2928/4000 [45:23<10:19,  1.73it/s, loss=0.0107]
Training Navine AI Image:  73%|#######3  | 2929/4000 [45:23<10:34,  1.69it/s, loss=0.0107]
Training Navine AI Image:  73%|#######3  | 2929/4000 [45:23<10:34,  1.69it/s, loss=0.0032]
Training Navine AI Image:  73%|#######3  | 2930/4000 [45:24<10:12,  1.75it/s, loss=0.0032]
Training Navine AI Image:  73%|#######3  | 2930/4000 [45:24<10:12,  1.75it/s, loss=0.0058]
Training Navine AI Image:  73%|#######3  | 2931/4000 [45:24<10:11,  1.75it/s, loss=0.0058]
Training Navine AI Image:  73%|#######3  | 2931/4000 [45:25<10:11,  1.75it/s, loss=0.0054]
Training Navine AI Image:  73%|#######3  | 2932/4000 [45:25<10:07,  1.76it/s, loss=0.0054]
Training Navine AI Image:  73%|#######3  | 2932/4000 [45:25<10:07,  1.76it/s, loss=0.0095]
Training Navine AI Image:  73%|#######3  | 2933/4000 [45:26<10:04,  1.76it/s, loss=0.0095]
Training Navine AI Image:  73%|#######3  | 2933/4000 [45:26<10:04,  1.76it/s, loss=0.0088]
Training Navine AI Image:  73%|#######3  | 2934/4000 [45:26<10:11,  1.74it/s, loss=0.0088]
Training Navine AI Image:  73%|#######3  | 2934/4000 [45:26<10:11,  1.74it/s, loss=0.0095]
Training Navine AI Image:  73%|#######3  | 2935/4000 [45:27<10:08,  1.75it/s, loss=0.0095]
Training Navine AI Image:  73%|#######3  | 2935/4000 [45:27<10:08,  1.75it/s, loss=0.0069]
Training Navine AI Image:  73%|#######3  | 2936/4000 [45:27<10:00,  1.77it/s, loss=0.0069]
Training Navine AI Image:  73%|#######3  | 2936/4000 [45:27<10:00,  1.77it/s, loss=0.0496]
Training Navine AI Image:  73%|#######3  | 2937/4000 [45:28<10:14,  1.73it/s, loss=0.0496]
Training Navine AI Image:  73%|#######3  | 2937/4000 [45:28<10:14,  1.73it/s, loss=0.0051]
Training Navine AI Image:  73%|#######3  | 2938/4000 [45:28<10:02,  1.76it/s, loss=0.0051]
Training Navine AI Image:  73%|#######3  | 2938/4000 [45:29<10:02,  1.76it/s, loss=0.0614]
Training Navine AI Image:  73%|#######3  | 2939/4000 [45:29<10:04,  1.75it/s, loss=0.0614]
Training Navine AI Image:  73%|#######3  | 2939/4000 [45:29<10:04,  1.75it/s, loss=0.0110]
Training Navine AI Image:  74%|#######3  | 2940/4000 [45:30<09:59,  1.77it/s, loss=0.0110]
Training Navine AI Image:  74%|#######3  | 2940/4000 [45:30<09:59,  1.77it/s, loss=0.0478]
Training Navine AI Image:  74%|#######3  | 2941/4000 [45:30<10:04,  1.75it/s, loss=0.0478]
Training Navine AI Image:  74%|#######3  | 2941/4000 [45:30<10:04,  1.75it/s, loss=0.0076]
Training Navine AI Image:  74%|#######3  | 2942/4000 [45:31<10:10,  1.73it/s, loss=0.0076]
Training Navine AI Image:  74%|#######3  | 2942/4000 [45:31<10:10,  1.73it/s, loss=0.0059]
Training Navine AI Image:  74%|#######3  | 2943/4000 [45:31<10:40,  1.65it/s, loss=0.0059]
Training Navine AI Image:  74%|#######3  | 2943/4000 [45:31<10:40,  1.65it/s, loss=0.0049]
Training Navine AI Image:  74%|#######3  | 2944/4000 [45:32<10:27,  1.68it/s, loss=0.0049]
Training Navine AI Image:  74%|#######3  | 2944/4000 [45:32<10:27,  1.68it/s, loss=0.0209]
Training Navine AI Image:  74%|#######3  | 2945/4000 [45:33<10:19,  1.70it/s, loss=0.0209]
Training Navine AI Image:  74%|#######3  | 2945/4000 [45:33<10:19,  1.70it/s, loss=0.0150]
Training Navine AI Image:  74%|#######3  | 2946/4000 [45:33<10:24,  1.69it/s, loss=0.0150]
Training Navine AI Image:  74%|#######3  | 2946/4000 [45:33<10:24,  1.69it/s, loss=0.0080]
Training Navine AI Image:  74%|#######3  | 2947/4000 [45:34<10:10,  1.73it/s, loss=0.0080]
Training Navine AI Image:  74%|#######3  | 2947/4000 [45:34<10:10,  1.73it/s, loss=0.0060]
Training Navine AI Image:  74%|#######3  | 2948/4000 [45:34<10:04,  1.74it/s, loss=0.0060]
Training Navine AI Image:  74%|#######3  | 2948/4000 [45:34<10:04,  1.74it/s, loss=0.0134]
Training Navine AI Image:  74%|#######3  | 2949/4000 [45:35<10:01,  1.75it/s, loss=0.0134]
Training Navine AI Image:  74%|#######3  | 2949/4000 [45:35<10:01,  1.75it/s, loss=0.0078]
Training Navine AI Image:  74%|#######3  | 2950/4000 [45:35<10:05,  1.73it/s, loss=0.0078]
Training Navine AI Image:  74%|#######3  | 2950/4000 [45:35<10:05,  1.73it/s, loss=0.0121]
Training Navine AI Image:  74%|#######3  | 2951/4000 [45:36<10:05,  1.73it/s, loss=0.0121]
Training Navine AI Image:  74%|#######3  | 2951/4000 [45:36<10:05,  1.73it/s, loss=0.0043]
Training Navine AI Image:  74%|#######3  | 2952/4000 [45:37<10:03,  1.74it/s, loss=0.0043]
Training Navine AI Image:  74%|#######3  | 2952/4000 [45:37<10:03,  1.74it/s, loss=0.0059]
Training Navine AI Image:  74%|#######3  | 2953/4000 [45:37<10:13,  1.71it/s, loss=0.0059]
Training Navine AI Image:  74%|#######3  | 2953/4000 [45:37<10:13,  1.71it/s, loss=0.0090]
Training Navine AI Image:  74%|#######3  | 2954/4000 [45:38<09:55,  1.76it/s, loss=0.0090]
Training Navine AI Image:  74%|#######3  | 2954/4000 [45:38<09:55,  1.76it/s, loss=0.0035]
Training Navine AI Image:  74%|#######3  | 2955/4000 [45:38<09:57,  1.75it/s, loss=0.0035]
Training Navine AI Image:  74%|#######3  | 2955/4000 [45:38<09:57,  1.75it/s, loss=0.0042]
Training Navine AI Image:  74%|#######3  | 2956/4000 [45:39<09:56,  1.75it/s, loss=0.0042]
Training Navine AI Image:  74%|#######3  | 2956/4000 [45:39<09:56,  1.75it/s, loss=0.0081]
Training Navine AI Image:  74%|#######3  | 2957/4000 [45:40<10:14,  1.70it/s, loss=0.0081]
Training Navine AI Image:  74%|#######3  | 2957/4000 [45:40<10:14,  1.70it/s, loss=0.0040]
Training Navine AI Image:  74%|#######3  | 2958/4000 [45:40<09:57,  1.75it/s, loss=0.0040]
Training Navine AI Image:  74%|#######3  | 2958/4000 [45:40<09:57,  1.75it/s, loss=0.0093]
Training Navine AI Image:  74%|#######3  | 2959/4000 [45:41<09:55,  1.75it/s, loss=0.0093]
Training Navine AI Image:  74%|#######3  | 2959/4000 [45:41<09:55,  1.75it/s, loss=0.0081]
Training Navine AI Image:  74%|#######4  | 2960/4000 [45:41<10:11,  1.70it/s, loss=0.0081]
Training Navine AI Image:  74%|#######4  | 2960/4000 [45:41<10:11,  1.70it/s, loss=0.0093]
Training Navine AI Image:  74%|#######4  | 2961/4000 [45:42<09:53,  1.75it/s, loss=0.0093]
Training Navine AI Image:  74%|#######4  | 2961/4000 [45:42<09:53,  1.75it/s, loss=0.0122]
Training Navine AI Image:  74%|#######4  | 2962/4000 [45:42<09:50,  1.76it/s, loss=0.0122]
Training Navine AI Image:  74%|#######4  | 2962/4000 [45:42<09:50,  1.76it/s, loss=0.0054]
Training Navine AI Image:  74%|#######4  | 2963/4000 [45:43<10:05,  1.71it/s, loss=0.0054]
Training Navine AI Image:  74%|#######4  | 2963/4000 [45:43<10:05,  1.71it/s, loss=0.0201]
Training Navine AI Image:  74%|#######4  | 2964/4000 [45:44<10:00,  1.72it/s, loss=0.0201]
Training Navine AI Image:  74%|#######4  | 2964/4000 [45:44<10:00,  1.72it/s, loss=0.0092]
Training Navine AI Image:  74%|#######4  | 2965/4000 [45:44<09:59,  1.73it/s, loss=0.0092]
Training Navine AI Image:  74%|#######4  | 2965/4000 [45:44<09:59,  1.73it/s, loss=0.0044]
Training Navine AI Image:  74%|#######4  | 2966/4000 [45:45<09:40,  1.78it/s, loss=0.0044]
Training Navine AI Image:  74%|#######4  | 2966/4000 [45:45<09:40,  1.78it/s, loss=0.0047]
Training Navine AI Image:  74%|#######4  | 2967/4000 [45:45<09:37,  1.79it/s, loss=0.0047]
Training Navine AI Image:  74%|#######4  | 2967/4000 [45:45<09:37,  1.79it/s, loss=0.0039]
Training Navine AI Image:  74%|#######4  | 2968/4000 [45:46<09:55,  1.73it/s, loss=0.0039]
Training Navine AI Image:  74%|#######4  | 2968/4000 [45:46<09:55,  1.73it/s, loss=0.0305]
Training Navine AI Image:  74%|#######4  | 2969/4000 [45:46<09:41,  1.77it/s, loss=0.0305]
Training Navine AI Image:  74%|#######4  | 2969/4000 [45:46<09:41,  1.77it/s, loss=0.0057]
Training Navine AI Image:  74%|#######4  | 2970/4000 [45:47<09:45,  1.76it/s, loss=0.0057]
Training Navine AI Image:  74%|#######4  | 2970/4000 [45:47<09:45,  1.76it/s, loss=0.0040]
Training Navine AI Image:  74%|#######4  | 2971/4000 [45:48<09:51,  1.74it/s, loss=0.0040]
Training Navine AI Image:  74%|#######4  | 2971/4000 [45:48<09:51,  1.74it/s, loss=0.0309]
Training Navine AI Image:  74%|#######4  | 2972/4000 [45:48<09:58,  1.72it/s, loss=0.0309]
Training Navine AI Image:  74%|#######4  | 2972/4000 [45:48<09:58,  1.72it/s, loss=0.0204]
Training Navine AI Image:  74%|#######4  | 2973/4000 [45:49<09:54,  1.73it/s, loss=0.0204]
Training Navine AI Image:  74%|#######4  | 2973/4000 [45:49<09:54,  1.73it/s, loss=0.0109]
Training Navine AI Image:  74%|#######4  | 2974/4000 [45:49<09:58,  1.71it/s, loss=0.0109]
Training Navine AI Image:  74%|#######4  | 2974/4000 [45:49<09:58,  1.71it/s, loss=0.0058]
Training Navine AI Image:  74%|#######4  | 2975/4000 [45:50<09:51,  1.73it/s, loss=0.0058]
Training Navine AI Image:  74%|#######4  | 2975/4000 [45:50<09:51,  1.73it/s, loss=0.0051]
Training Navine AI Image:  74%|#######4  | 2976/4000 [45:50<09:59,  1.71it/s, loss=0.0051]
Training Navine AI Image:  74%|#######4  | 2976/4000 [45:50<09:59,  1.71it/s, loss=0.0028]
Training Navine AI Image:  74%|#######4  | 2977/4000 [45:51<09:56,  1.72it/s, loss=0.0028]
Training Navine AI Image:  74%|#######4  | 2977/4000 [45:51<09:56,  1.72it/s, loss=0.0143]
Training Navine AI Image:  74%|#######4  | 2978/4000 [45:52<09:43,  1.75it/s, loss=0.0143]
Training Navine AI Image:  74%|#######4  | 2978/4000 [45:52<09:43,  1.75it/s, loss=0.0240]
Training Navine AI Image:  74%|#######4  | 2979/4000 [45:52<09:40,  1.76it/s, loss=0.0240]
Training Navine AI Image:  74%|#######4  | 2979/4000 [45:52<09:40,  1.76it/s, loss=0.0077]
Training Navine AI Image:  74%|#######4  | 2980/4000 [45:53<11:28,  1.48it/s, loss=0.0077]
Training Navine AI Image:  74%|#######4  | 2980/4000 [45:53<11:28,  1.48it/s, loss=0.0089]
Training Navine AI Image:  75%|#######4  | 2981/4000 [45:54<11:03,  1.53it/s, loss=0.0089]
Training Navine AI Image:  75%|#######4  | 2981/4000 [45:54<11:03,  1.53it/s, loss=0.0113]
Training Navine AI Image:  75%|#######4  | 2982/4000 [45:54<10:35,  1.60it/s, loss=0.0113]
Training Navine AI Image:  75%|#######4  | 2982/4000 [45:54<10:35,  1.60it/s, loss=0.0919]
Training Navine AI Image:  75%|#######4  | 2983/4000 [45:55<10:15,  1.65it/s, loss=0.0919]
Training Navine AI Image:  75%|#######4  | 2983/4000 [45:55<10:15,  1.65it/s, loss=0.0054]
Training Navine AI Image:  75%|#######4  | 2984/4000 [45:55<09:56,  1.70it/s, loss=0.0054]
Training Navine AI Image:  75%|#######4  | 2984/4000 [45:55<09:56,  1.70it/s, loss=0.0102]
Training Navine AI Image:  75%|#######4  | 2985/4000 [45:56<09:52,  1.71it/s, loss=0.0102]
Training Navine AI Image:  75%|#######4  | 2985/4000 [45:56<09:52,  1.71it/s, loss=0.0041]
Training Navine AI Image:  75%|#######4  | 2986/4000 [45:56<09:46,  1.73it/s, loss=0.0041]
Training Navine AI Image:  75%|#######4  | 2986/4000 [45:56<09:46,  1.73it/s, loss=0.0045]
Training Navine AI Image:  75%|#######4  | 2987/4000 [45:57<09:39,  1.75it/s, loss=0.0045]
Training Navine AI Image:  75%|#######4  | 2987/4000 [45:57<09:39,  1.75it/s, loss=0.0106]
Training Navine AI Image:  75%|#######4  | 2988/4000 [45:58<09:39,  1.74it/s, loss=0.0106]
Training Navine AI Image:  75%|#######4  | 2988/4000 [45:58<09:39,  1.74it/s, loss=0.0028]
Training Navine AI Image:  75%|#######4  | 2989/4000 [45:58<09:49,  1.71it/s, loss=0.0028]
Training Navine AI Image:  75%|#######4  | 2989/4000 [45:58<09:49,  1.71it/s, loss=0.0028]
Training Navine AI Image:  75%|#######4  | 2990/4000 [45:59<09:46,  1.72it/s, loss=0.0028]
Training Navine AI Image:  75%|#######4  | 2990/4000 [45:59<09:46,  1.72it/s, loss=0.0141]
Training Navine AI Image:  75%|#######4  | 2991/4000 [45:59<09:33,  1.76it/s, loss=0.0141]
Training Navine AI Image:  75%|#######4  | 2991/4000 [45:59<09:33,  1.76it/s, loss=0.0154]
Training Navine AI Image:  75%|#######4  | 2992/4000 [46:00<09:27,  1.78it/s, loss=0.0154]
Training Navine AI Image:  75%|#######4  | 2992/4000 [46:00<09:27,  1.78it/s, loss=0.0025]
Training Navine AI Image:  75%|#######4  | 2993/4000 [46:00<09:30,  1.77it/s, loss=0.0025]
Training Navine AI Image:  75%|#######4  | 2993/4000 [46:00<09:30,  1.77it/s, loss=0.0079]
Training Navine AI Image:  75%|#######4  | 2994/4000 [46:01<09:45,  1.72it/s, loss=0.0079]
Training Navine AI Image:  75%|#######4  | 2994/4000 [46:01<09:45,  1.72it/s, loss=0.0040]
Training Navine AI Image:  75%|#######4  | 2995/4000 [46:02<09:39,  1.73it/s, loss=0.0040]
Training Navine AI Image:  75%|#######4  | 2995/4000 [46:02<09:39,  1.73it/s, loss=0.0102]
Training Navine AI Image:  75%|#######4  | 2996/4000 [46:02<10:57,  1.53it/s, loss=0.0102]
Training Navine AI Image:  75%|#######4  | 2996/4000 [46:02<10:57,  1.53it/s, loss=0.0219]
Training Navine AI Image:  75%|#######4  | 2997/4000 [46:03<10:35,  1.58it/s, loss=0.0219]
Training Navine AI Image:  75%|#######4  | 2997/4000 [46:03<10:35,  1.58it/s, loss=0.0059]
Training Navine AI Image:  75%|#######4  | 2998/4000 [46:04<10:16,  1.62it/s, loss=0.0059]
Training Navine AI Image:  75%|#######4  | 2998/4000 [46:04<10:16,  1.62it/s, loss=0.0073]
Training Navine AI Image:  75%|#######4  | 2999/4000 [46:04<10:11,  1.64it/s, loss=0.0073]
Training Navine AI Image:  75%|#######4  | 2999/4000 [46:04<10:11,  1.64it/s, loss=0.0045]
Training Navine AI Image:  75%|#######5  | 3000/4000 [46:05<09:55,  1.68it/s, loss=0.0045]
Training Navine AI Image:  75%|#######5  | 3000/4000 [46:05<09:55,  1.68it/s, loss=0.0380]
Training Navine AI Image:  75%|#######5  | 3001/4000 [49:24<16:42:11, 60.19s/it, loss=0.0380]
Training Navine AI Image:  75%|#######5  | 3001/4000 [49:24<16:42:11, 60.19s/it, loss=0.0113]
Training Navine AI Image:  75%|#######5  | 3002/4000 [49:25<11:43:51, 42.32s/it, loss=0.0113]
Training Navine AI Image:  75%|#######5  | 3002/4000 [49:25<11:43:51, 42.32s/it, loss=0.0194]
Training Navine AI Image:  75%|#######5  | 3003/4000 [49:25<8:15:02, 29.79s/it, loss=0.0194] 
Training Navine AI Image:  75%|#######5  | 3003/4000 [49:25<8:15:02, 29.79s/it, loss=0.0105]
Training Navine AI Image:  75%|#######5  | 3004/4000 [49:26<5:49:08, 21.03s/it, loss=0.0105]
Training Navine AI Image:  75%|#######5  | 3004/4000 [49:26<5:49:08, 21.03s/it, loss=0.0045]
Training Navine AI Image:  75%|#######5  | 3005/4000 [49:26<4:06:59, 14.89s/it, loss=0.0045]
Training Navine AI Image:  75%|#######5  | 3005/4000 [49:26<4:06:59, 14.89s/it, loss=0.0246]
Training Navine AI Image:  75%|#######5  | 3006/4000 [49:27<2:55:35, 10.60s/it, loss=0.0246]
Training Navine AI Image:  75%|#######5  | 3006/4000 [49:27<2:55:35, 10.60s/it, loss=0.0041]
Training Navine AI Image:  75%|#######5  | 3007/4000 [49:28<2:05:39,  7.59s/it, loss=0.0041]
Training Navine AI Image:  75%|#######5  | 3007/4000 [49:28<2:05:39,  7.59s/it, loss=0.0044]
Training Navine AI Image:  75%|#######5  | 3008/4000 [49:28<1:30:38,  5.48s/it, loss=0.0044]
Training Navine AI Image:  75%|#######5  | 3008/4000 [49:28<1:30:38,  5.48s/it, loss=0.0066]
Training Navine AI Image:  75%|#######5  | 3009/4000 [49:29<1:06:38,  4.03s/it, loss=0.0066]
Training Navine AI Image:  75%|#######5  | 3009/4000 [49:29<1:06:38,  4.03s/it, loss=0.0037]
Training Navine AI Image:  75%|#######5  | 3010/4000 [49:29<49:14,  2.98s/it, loss=0.0037]  
Training Navine AI Image:  75%|#######5  | 3010/4000 [49:29<49:14,  2.98s/it, loss=0.0031]
Training Navine AI Image:  75%|#######5  | 3011/4000 [49:30<37:29,  2.27s/it, loss=0.0031]
Training Navine AI Image:  75%|#######5  | 3011/4000 [49:30<37:29,  2.27s/it, loss=0.0387]
Training Navine AI Image:  75%|#######5  | 3012/4000 [49:30<29:03,  1.76s/it, loss=0.0387]
Training Navine AI Image:  75%|#######5  | 3012/4000 [49:30<29:03,  1.76s/it, loss=0.0090]
Training Navine AI Image:  75%|#######5  | 3013/4000 [49:31<23:17,  1.42s/it, loss=0.0090]
Training Navine AI Image:  75%|#######5  | 3013/4000 [49:31<23:17,  1.42s/it, loss=0.0041]
Training Navine AI Image:  75%|#######5  | 3014/4000 [49:32<19:24,  1.18s/it, loss=0.0041]
Training Navine AI Image:  75%|#######5  | 3014/4000 [49:32<19:24,  1.18s/it, loss=0.0024]
Training Navine AI Image:  75%|#######5  | 3015/4000 [49:32<16:21,  1.00it/s, loss=0.0024]
Training Navine AI Image:  75%|#######5  | 3015/4000 [49:32<16:21,  1.00it/s, loss=0.0247]
Training Navine AI Image:  75%|#######5  | 3016/4000 [49:33<14:25,  1.14it/s, loss=0.0247]
Training Navine AI Image:  75%|#######5  | 3016/4000 [49:33<14:25,  1.14it/s, loss=0.0196]
Training Navine AI Image:  75%|#######5  | 3017/4000 [49:33<12:52,  1.27it/s, loss=0.0196]
Training Navine AI Image:  75%|#######5  | 3017/4000 [49:33<12:52,  1.27it/s, loss=0.0169]
Training Navine AI Image:  75%|#######5  | 3018/4000 [49:34<11:50,  1.38it/s, loss=0.0169]
Training Navine AI Image:  75%|#######5  | 3018/4000 [49:34<11:50,  1.38it/s, loss=0.0475]
Training Navine AI Image:  75%|#######5  | 3019/4000 [49:35<11:42,  1.40it/s, loss=0.0475]
Training Navine AI Image:  75%|#######5  | 3019/4000 [49:35<11:42,  1.40it/s, loss=0.0187]
Training Navine AI Image:  76%|#######5  | 3020/4000 [49:35<10:50,  1.51it/s, loss=0.0187]
Training Navine AI Image:  76%|#######5  | 3020/4000 [49:35<10:50,  1.51it/s, loss=0.0074]
Training Navine AI Image:  76%|#######5  | 3021/4000 [49:36<10:22,  1.57it/s, loss=0.0074]
Training Navine AI Image:  76%|#######5  | 3021/4000 [49:36<10:22,  1.57it/s, loss=0.0083]
Training Navine AI Image:  76%|#######5  | 3022/4000 [49:36<10:10,  1.60it/s, loss=0.0083]
Training Navine AI Image:  76%|#######5  | 3022/4000 [49:36<10:10,  1.60it/s, loss=0.0183]
Training Navine AI Image:  76%|#######5  | 3023/4000 [49:37<09:57,  1.63it/s, loss=0.0183]
Training Navine AI Image:  76%|#######5  | 3023/4000 [49:37<09:57,  1.63it/s, loss=0.0014]
Training Navine AI Image:  76%|#######5  | 3024/4000 [49:38<09:43,  1.67it/s, loss=0.0014]
Training Navine AI Image:  76%|#######5  | 3024/4000 [49:38<09:43,  1.67it/s, loss=0.0069]
Training Navine AI Image:  76%|#######5  | 3025/4000 [49:38<09:47,  1.66it/s, loss=0.0069]
Training Navine AI Image:  76%|#######5  | 3025/4000 [49:38<09:47,  1.66it/s, loss=0.0626]
Training Navine AI Image:  76%|#######5  | 3026/4000 [49:39<09:22,  1.73it/s, loss=0.0626]
Training Navine AI Image:  76%|#######5  | 3026/4000 [49:39<09:22,  1.73it/s, loss=0.0075]
Training Navine AI Image:  76%|#######5  | 3027/4000 [49:39<09:12,  1.76it/s, loss=0.0075]
Training Navine AI Image:  76%|#######5  | 3027/4000 [49:39<09:12,  1.76it/s, loss=0.0103]
Training Navine AI Image:  76%|#######5  | 3028/4000 [49:40<09:11,  1.76it/s, loss=0.0103]
Training Navine AI Image:  76%|#######5  | 3028/4000 [49:40<09:11,  1.76it/s, loss=0.0058]
Training Navine AI Image:  76%|#######5  | 3029/4000 [49:40<09:09,  1.77it/s, loss=0.0058]
Training Navine AI Image:  76%|#######5  | 3029/4000 [49:40<09:09,  1.77it/s, loss=0.0208]
Training Navine AI Image:  76%|#######5  | 3030/4000 [49:41<09:21,  1.73it/s, loss=0.0208]
Training Navine AI Image:  76%|#######5  | 3030/4000 [49:41<09:21,  1.73it/s, loss=0.0348]
Training Navine AI Image:  76%|#######5  | 3031/4000 [49:41<09:02,  1.79it/s, loss=0.0348]
Training Navine AI Image:  76%|#######5  | 3031/4000 [49:42<09:02,  1.79it/s, loss=0.0137]
Training Navine AI Image:  76%|#######5  | 3032/4000 [49:42<09:03,  1.78it/s, loss=0.0137]
Training Navine AI Image:  76%|#######5  | 3032/4000 [49:42<09:03,  1.78it/s, loss=0.0031]
Training Navine AI Image:  76%|#######5  | 3033/4000 [49:43<09:07,  1.77it/s, loss=0.0031]
Training Navine AI Image:  76%|#######5  | 3033/4000 [49:43<09:07,  1.77it/s, loss=0.0031]
Training Navine AI Image:  76%|#######5  | 3034/4000 [49:43<09:24,  1.71it/s, loss=0.0031]
Training Navine AI Image:  76%|#######5  | 3034/4000 [49:43<09:24,  1.71it/s, loss=0.0338]
Training Navine AI Image:  76%|#######5  | 3035/4000 [49:44<09:08,  1.76it/s, loss=0.0338]
Training Navine AI Image:  76%|#######5  | 3035/4000 [49:44<09:08,  1.76it/s, loss=0.0104]
Training Navine AI Image:  76%|#######5  | 3036/4000 [49:44<09:22,  1.71it/s, loss=0.0104]
Training Navine AI Image:  76%|#######5  | 3036/4000 [49:44<09:22,  1.71it/s, loss=0.0076]
Training Navine AI Image:  76%|#######5  | 3037/4000 [49:45<09:18,  1.72it/s, loss=0.0076]
Training Navine AI Image:  76%|#######5  | 3037/4000 [49:45<09:18,  1.72it/s, loss=0.0324]
Training Navine AI Image:  76%|#######5  | 3038/4000 [49:46<09:11,  1.75it/s, loss=0.0324]
Training Navine AI Image:  76%|#######5  | 3038/4000 [49:46<09:11,  1.75it/s, loss=0.0094]
Training Navine AI Image:  76%|#######5  | 3039/4000 [49:46<09:11,  1.74it/s, loss=0.0094]
Training Navine AI Image:  76%|#######5  | 3039/4000 [49:46<09:11,  1.74it/s, loss=0.0071]
Training Navine AI Image:  76%|#######6  | 3040/4000 [49:47<09:09,  1.75it/s, loss=0.0071]
Training Navine AI Image:  76%|#######6  | 3040/4000 [49:47<09:09,  1.75it/s, loss=0.0069]
Training Navine AI Image:  76%|#######6  | 3041/4000 [49:47<09:25,  1.70it/s, loss=0.0069]
Training Navine AI Image:  76%|#######6  | 3041/4000 [49:47<09:25,  1.70it/s, loss=0.0059]
Training Navine AI Image:  76%|#######6  | 3042/4000 [49:48<09:01,  1.77it/s, loss=0.0059]
Training Navine AI Image:  76%|#######6  | 3042/4000 [49:48<09:01,  1.77it/s, loss=0.0102]
Training Navine AI Image:  76%|#######6  | 3043/4000 [49:48<09:02,  1.76it/s, loss=0.0102]
Training Navine AI Image:  76%|#######6  | 3043/4000 [49:48<09:02,  1.76it/s, loss=0.0021]
Training Navine AI Image:  76%|#######6  | 3044/4000 [49:49<09:18,  1.71it/s, loss=0.0021]
Training Navine AI Image:  76%|#######6  | 3044/4000 [49:49<09:18,  1.71it/s, loss=0.0142]
Training Navine AI Image:  76%|#######6  | 3045/4000 [49:50<08:57,  1.78it/s, loss=0.0142]
Training Navine AI Image:  76%|#######6  | 3045/4000 [49:50<08:57,  1.78it/s, loss=0.0136]
Training Navine AI Image:  76%|#######6  | 3046/4000 [49:50<09:05,  1.75it/s, loss=0.0136]
Training Navine AI Image:  76%|#######6  | 3046/4000 [49:50<09:05,  1.75it/s, loss=0.0217]
Training Navine AI Image:  76%|#######6  | 3047/4000 [49:51<09:04,  1.75it/s, loss=0.0217]
Training Navine AI Image:  76%|#######6  | 3047/4000 [49:51<09:04,  1.75it/s, loss=0.0055]
Training Navine AI Image:  76%|#######6  | 3048/4000 [49:51<09:12,  1.72it/s, loss=0.0055]
Training Navine AI Image:  76%|#######6  | 3048/4000 [49:51<09:12,  1.72it/s, loss=0.0049]
Training Navine AI Image:  76%|#######6  | 3049/4000 [49:52<08:51,  1.79it/s, loss=0.0049]
Training Navine AI Image:  76%|#######6  | 3049/4000 [49:52<08:51,  1.79it/s, loss=0.0058]
Training Navine AI Image:  76%|#######6  | 3050/4000 [49:52<08:57,  1.77it/s, loss=0.0058]
Training Navine AI Image:  76%|#######6  | 3050/4000 [49:52<08:57,  1.77it/s, loss=0.0082]
Training Navine AI Image:  76%|#######6  | 3051/4000 [49:53<09:01,  1.75it/s, loss=0.0082]
Training Navine AI Image:  76%|#######6  | 3051/4000 [49:53<09:01,  1.75it/s, loss=0.0013]
Training Navine AI Image:  76%|#######6  | 3052/4000 [49:54<09:14,  1.71it/s, loss=0.0013]
Training Navine AI Image:  76%|#######6  | 3052/4000 [49:54<09:14,  1.71it/s, loss=0.0362]
Training Navine AI Image:  76%|#######6  | 3053/4000 [49:54<08:56,  1.77it/s, loss=0.0362]
Training Navine AI Image:  76%|#######6  | 3053/4000 [49:54<08:56,  1.77it/s, loss=0.0749]
Training Navine AI Image:  76%|#######6  | 3054/4000 [49:55<08:56,  1.76it/s, loss=0.0749]
Training Navine AI Image:  76%|#######6  | 3054/4000 [49:55<08:56,  1.76it/s, loss=0.0115]
Training Navine AI Image:  76%|#######6  | 3055/4000 [49:55<08:59,  1.75it/s, loss=0.0115]
Training Navine AI Image:  76%|#######6  | 3055/4000 [49:55<08:59,  1.75it/s, loss=0.0024]
Training Navine AI Image:  76%|#######6  | 3056/4000 [49:56<09:08,  1.72it/s, loss=0.0024]
Training Navine AI Image:  76%|#######6  | 3056/4000 [49:56<09:08,  1.72it/s, loss=0.0049]
Training Navine AI Image:  76%|#######6  | 3057/4000 [49:56<08:59,  1.75it/s, loss=0.0049]
Training Navine AI Image:  76%|#######6  | 3057/4000 [49:56<08:59,  1.75it/s, loss=0.0165]
Training Navine AI Image:  76%|#######6  | 3058/4000 [49:57<08:57,  1.75it/s, loss=0.0165]
Training Navine AI Image:  76%|#######6  | 3058/4000 [49:57<08:57,  1.75it/s, loss=0.0060]
Training Navine AI Image:  76%|#######6  | 3059/4000 [49:58<09:12,  1.70it/s, loss=0.0060]
Training Navine AI Image:  76%|#######6  | 3059/4000 [49:58<09:12,  1.70it/s, loss=0.0122]
Training Navine AI Image:  76%|#######6  | 3060/4000 [49:58<09:07,  1.72it/s, loss=0.0122]
Training Navine AI Image:  76%|#######6  | 3060/4000 [49:58<09:07,  1.72it/s, loss=0.0065]
Training Navine AI Image:  77%|#######6  | 3061/4000 [49:59<08:46,  1.78it/s, loss=0.0065]
Training Navine AI Image:  77%|#######6  | 3061/4000 [49:59<08:46,  1.78it/s, loss=0.0028]
Training Navine AI Image:  77%|#######6  | 3062/4000 [49:59<08:50,  1.77it/s, loss=0.0028]
Training Navine AI Image:  77%|#######6  | 3062/4000 [49:59<08:50,  1.77it/s, loss=0.0092]
Training Navine AI Image:  77%|#######6  | 3063/4000 [50:00<09:05,  1.72it/s, loss=0.0092]
Training Navine AI Image:  77%|#######6  | 3063/4000 [50:00<09:05,  1.72it/s, loss=0.0026]
Training Navine AI Image:  77%|#######6  | 3064/4000 [50:00<08:48,  1.77it/s, loss=0.0026]
Training Navine AI Image:  77%|#######6  | 3064/4000 [50:00<08:48,  1.77it/s, loss=0.0087]
Training Navine AI Image:  77%|#######6  | 3065/4000 [50:01<08:47,  1.77it/s, loss=0.0087]
Training Navine AI Image:  77%|#######6  | 3065/4000 [50:01<08:47,  1.77it/s, loss=0.0025]
Training Navine AI Image:  77%|#######6  | 3066/4000 [50:02<08:43,  1.78it/s, loss=0.0025]
Training Navine AI Image:  77%|#######6  | 3066/4000 [50:02<08:43,  1.78it/s, loss=0.0079]
Training Navine AI Image:  77%|#######6  | 3067/4000 [50:02<08:58,  1.73it/s, loss=0.0079]
Training Navine AI Image:  77%|#######6  | 3067/4000 [50:02<08:58,  1.73it/s, loss=0.0094]
Training Navine AI Image:  77%|#######6  | 3068/4000 [50:03<08:56,  1.74it/s, loss=0.0094]
Training Navine AI Image:  77%|#######6  | 3068/4000 [50:03<08:56,  1.74it/s, loss=0.0057]
Training Navine AI Image:  77%|#######6  | 3069/4000 [50:03<08:46,  1.77it/s, loss=0.0057]
Training Navine AI Image:  77%|#######6  | 3069/4000 [50:03<08:46,  1.77it/s, loss=0.0073]
Training Navine AI Image:  77%|#######6  | 3070/4000 [50:04<08:46,  1.77it/s, loss=0.0073]
Training Navine AI Image:  77%|#######6  | 3070/4000 [50:04<08:46,  1.77it/s, loss=0.0421]
Training Navine AI Image:  77%|#######6  | 3071/4000 [50:04<08:58,  1.72it/s, loss=0.0421]
Training Navine AI Image:  77%|#######6  | 3071/4000 [50:04<08:58,  1.72it/s, loss=0.0130]
Training Navine AI Image:  77%|#######6  | 3072/4000 [50:05<08:42,  1.78it/s, loss=0.0130]
Training Navine AI Image:  77%|#######6  | 3072/4000 [50:05<08:42,  1.78it/s, loss=0.0027]
Training Navine AI Image:  77%|#######6  | 3073/4000 [50:06<08:46,  1.76it/s, loss=0.0027]
Training Navine AI Image:  77%|#######6  | 3073/4000 [50:06<08:46,  1.76it/s, loss=0.0040]
Training Navine AI Image:  77%|#######6  | 3074/4000 [50:06<08:46,  1.76it/s, loss=0.0040]
Training Navine AI Image:  77%|#######6  | 3074/4000 [50:06<08:46,  1.76it/s, loss=0.0031]
Training Navine AI Image:  77%|#######6  | 3075/4000 [50:07<08:58,  1.72it/s, loss=0.0031]
Training Navine AI Image:  77%|#######6  | 3075/4000 [50:07<08:58,  1.72it/s, loss=0.0131]
Training Navine AI Image:  77%|#######6  | 3076/4000 [50:07<08:40,  1.77it/s, loss=0.0131]
Training Navine AI Image:  77%|#######6  | 3076/4000 [50:07<08:40,  1.77it/s, loss=0.0023]
Training Navine AI Image:  77%|#######6  | 3077/4000 [50:08<08:40,  1.77it/s, loss=0.0023]
Training Navine AI Image:  77%|#######6  | 3077/4000 [50:08<08:40,  1.77it/s, loss=0.0206]
Training Navine AI Image:  77%|#######6  | 3078/4000 [50:08<08:40,  1.77it/s, loss=0.0206]
Training Navine AI Image:  77%|#######6  | 3078/4000 [50:08<08:40,  1.77it/s, loss=0.0056]
Training Navine AI Image:  77%|#######6  | 3079/4000 [50:09<08:56,  1.72it/s, loss=0.0056]
Training Navine AI Image:  77%|#######6  | 3079/4000 [50:09<08:56,  1.72it/s, loss=0.0284]
Training Navine AI Image:  77%|#######7  | 3080/4000 [50:10<08:44,  1.75it/s, loss=0.0284]
Training Navine AI Image:  77%|#######7  | 3080/4000 [50:10<08:44,  1.75it/s, loss=0.0062]
Training Navine AI Image:  77%|#######7  | 3081/4000 [50:10<08:43,  1.76it/s, loss=0.0062]
Training Navine AI Image:  77%|#######7  | 3081/4000 [50:10<08:43,  1.76it/s, loss=0.0195]
Training Navine AI Image:  77%|#######7  | 3082/4000 [50:11<08:57,  1.71it/s, loss=0.0195]
Training Navine AI Image:  77%|#######7  | 3082/4000 [50:11<08:57,  1.71it/s, loss=0.0069]
Training Navine AI Image:  77%|#######7  | 3083/4000 [50:11<08:54,  1.72it/s, loss=0.0069]
Training Navine AI Image:  77%|#######7  | 3083/4000 [50:11<08:54,  1.72it/s, loss=0.0017]
Training Navine AI Image:  77%|#######7  | 3084/4000 [50:12<08:38,  1.77it/s, loss=0.0017]
Training Navine AI Image:  77%|#######7  | 3084/4000 [50:12<08:38,  1.77it/s, loss=0.0055]
Training Navine AI Image:  77%|#######7  | 3085/4000 [50:12<08:36,  1.77it/s, loss=0.0055]
Training Navine AI Image:  77%|#######7  | 3085/4000 [50:12<08:36,  1.77it/s, loss=0.0066]
Training Navine AI Image:  77%|#######7  | 3086/4000 [50:13<08:36,  1.77it/s, loss=0.0066]
Training Navine AI Image:  77%|#######7  | 3086/4000 [50:13<08:36,  1.77it/s, loss=0.0050]
Training Navine AI Image:  77%|#######7  | 3087/4000 [50:14<08:37,  1.77it/s, loss=0.0050]
Training Navine AI Image:  77%|#######7  | 3087/4000 [50:14<08:37,  1.77it/s, loss=0.0058]
Training Navine AI Image:  77%|#######7  | 3088/4000 [50:14<08:42,  1.75it/s, loss=0.0058]
Training Navine AI Image:  77%|#######7  | 3088/4000 [50:14<08:42,  1.75it/s, loss=0.0024]
Training Navine AI Image:  77%|#######7  | 3089/4000 [50:15<08:41,  1.75it/s, loss=0.0024]
Training Navine AI Image:  77%|#######7  | 3089/4000 [50:15<08:41,  1.75it/s, loss=0.0727]
Training Navine AI Image:  77%|#######7  | 3090/4000 [50:15<08:55,  1.70it/s, loss=0.0727]
Training Navine AI Image:  77%|#######7  | 3090/4000 [50:15<08:55,  1.70it/s, loss=0.0158]
Training Navine AI Image:  77%|#######7  | 3091/4000 [50:16<08:34,  1.77it/s, loss=0.0158]
Training Navine AI Image:  77%|#######7  | 3091/4000 [50:16<08:34,  1.77it/s, loss=0.0051]
Training Navine AI Image:  77%|#######7  | 3092/4000 [50:16<08:33,  1.77it/s, loss=0.0051]
Training Navine AI Image:  77%|#######7  | 3092/4000 [50:16<08:33,  1.77it/s, loss=0.0028]
Training Navine AI Image:  77%|#######7  | 3093/4000 [50:17<08:35,  1.76it/s, loss=0.0028]
Training Navine AI Image:  77%|#######7  | 3093/4000 [50:17<08:35,  1.76it/s, loss=0.0131]
Training Navine AI Image:  77%|#######7  | 3094/4000 [50:18<08:35,  1.76it/s, loss=0.0131]
Training Navine AI Image:  77%|#######7  | 3094/4000 [50:18<08:35,  1.76it/s, loss=0.0025]
Training Navine AI Image:  77%|#######7  | 3095/4000 [50:18<08:35,  1.76it/s, loss=0.0025]
Training Navine AI Image:  77%|#######7  | 3095/4000 [50:18<08:35,  1.76it/s, loss=0.0064]
Training Navine AI Image:  77%|#######7  | 3096/4000 [50:19<08:28,  1.78it/s, loss=0.0064]
Training Navine AI Image:  77%|#######7  | 3096/4000 [50:19<08:28,  1.78it/s, loss=0.0033]
Training Navine AI Image:  77%|#######7  | 3097/4000 [50:19<08:28,  1.77it/s, loss=0.0033]
Training Navine AI Image:  77%|#######7  | 3097/4000 [50:19<08:28,  1.77it/s, loss=0.0049]
Training Navine AI Image:  77%|#######7  | 3098/4000 [50:20<08:28,  1.77it/s, loss=0.0049]
Training Navine AI Image:  77%|#######7  | 3098/4000 [50:20<08:28,  1.77it/s, loss=0.0043]
Training Navine AI Image:  77%|#######7  | 3099/4000 [50:20<08:27,  1.78it/s, loss=0.0043]
Training Navine AI Image:  77%|#######7  | 3099/4000 [50:20<08:27,  1.78it/s, loss=0.0029]
Training Navine AI Image:  78%|#######7  | 3100/4000 [50:21<08:34,  1.75it/s, loss=0.0029]
Training Navine AI Image:  78%|#######7  | 3100/4000 [50:21<08:34,  1.75it/s, loss=0.0035]
Training Navine AI Image:  78%|#######7  | 3101/4000 [50:22<08:50,  1.70it/s, loss=0.0035]
Training Navine AI Image:  78%|#######7  | 3101/4000 [50:22<08:50,  1.70it/s, loss=0.0009]
Training Navine AI Image:  78%|#######7  | 3102/4000 [50:22<08:42,  1.72it/s, loss=0.0009]
Training Navine AI Image:  78%|#######7  | 3102/4000 [50:22<08:42,  1.72it/s, loss=0.0094]
Training Navine AI Image:  78%|#######7  | 3103/4000 [50:23<08:26,  1.77it/s, loss=0.0094]
Training Navine AI Image:  78%|#######7  | 3103/4000 [50:23<08:26,  1.77it/s, loss=0.0108]
Training Navine AI Image:  78%|#######7  | 3104/4000 [50:23<08:28,  1.76it/s, loss=0.0108]
Training Navine AI Image:  78%|#######7  | 3104/4000 [50:23<08:28,  1.76it/s, loss=0.0041]
Training Navine AI Image:  78%|#######7  | 3105/4000 [50:24<08:38,  1.73it/s, loss=0.0041]
Training Navine AI Image:  78%|#######7  | 3105/4000 [50:24<08:38,  1.73it/s, loss=0.0205]
Training Navine AI Image:  78%|#######7  | 3106/4000 [50:24<08:32,  1.75it/s, loss=0.0205]
Training Navine AI Image:  78%|#######7  | 3106/4000 [50:24<08:32,  1.75it/s, loss=0.0026]
Training Navine AI Image:  78%|#######7  | 3107/4000 [50:25<08:29,  1.75it/s, loss=0.0026]
Training Navine AI Image:  78%|#######7  | 3107/4000 [50:25<08:29,  1.75it/s, loss=0.0068]
Training Navine AI Image:  78%|#######7  | 3108/4000 [50:26<08:28,  1.75it/s, loss=0.0068]
Training Navine AI Image:  78%|#######7  | 3108/4000 [50:26<08:28,  1.75it/s, loss=0.0094]
Training Navine AI Image:  78%|#######7  | 3109/4000 [50:26<08:35,  1.73it/s, loss=0.0094]
Training Navine AI Image:  78%|#######7  | 3109/4000 [50:26<08:35,  1.73it/s, loss=0.0043]
Training Navine AI Image:  78%|#######7  | 3110/4000 [50:27<08:29,  1.75it/s, loss=0.0043]
Training Navine AI Image:  78%|#######7  | 3110/4000 [50:27<08:29,  1.75it/s, loss=0.0105]
Training Navine AI Image:  78%|#######7  | 3111/4000 [50:27<08:28,  1.75it/s, loss=0.0105]
Training Navine AI Image:  78%|#######7  | 3111/4000 [50:27<08:28,  1.75it/s, loss=0.0129]
Training Navine AI Image:  78%|#######7  | 3112/4000 [50:28<08:42,  1.70it/s, loss=0.0129]
Training Navine AI Image:  78%|#######7  | 3112/4000 [50:28<08:42,  1.70it/s, loss=0.0180]
Training Navine AI Image:  78%|#######7  | 3113/4000 [50:28<08:31,  1.73it/s, loss=0.0180]
Training Navine AI Image:  78%|#######7  | 3113/4000 [50:28<08:31,  1.73it/s, loss=0.0036]
Training Navine AI Image:  78%|#######7  | 3114/4000 [50:29<08:37,  1.71it/s, loss=0.0036]
Training Navine AI Image:  78%|#######7  | 3114/4000 [50:29<08:37,  1.71it/s, loss=0.0233]
Training Navine AI Image:  78%|#######7  | 3115/4000 [50:30<08:47,  1.68it/s, loss=0.0233]
Training Navine AI Image:  78%|#######7  | 3115/4000 [50:30<08:47,  1.68it/s, loss=0.0147]
Training Navine AI Image:  78%|#######7  | 3116/4000 [50:30<08:33,  1.72it/s, loss=0.0147]
Training Navine AI Image:  78%|#######7  | 3116/4000 [50:30<08:33,  1.72it/s, loss=0.0081]
Training Navine AI Image:  78%|#######7  | 3117/4000 [50:31<08:31,  1.72it/s, loss=0.0081]
Training Navine AI Image:  78%|#######7  | 3117/4000 [50:31<08:31,  1.72it/s, loss=0.0067]
Training Navine AI Image:  78%|#######7  | 3118/4000 [50:31<08:30,  1.73it/s, loss=0.0067]
Training Navine AI Image:  78%|#######7  | 3118/4000 [50:31<08:30,  1.73it/s, loss=0.0022]
Training Navine AI Image:  78%|#######7  | 3119/4000 [50:32<08:30,  1.73it/s, loss=0.0022]
Training Navine AI Image:  78%|#######7  | 3119/4000 [50:32<08:30,  1.73it/s, loss=0.0224]
Training Navine AI Image:  78%|#######8  | 3120/4000 [50:33<08:28,  1.73it/s, loss=0.0224]
Training Navine AI Image:  78%|#######8  | 3120/4000 [50:33<08:28,  1.73it/s, loss=0.0042]
Training Navine AI Image:  78%|#######8  | 3121/4000 [50:33<08:36,  1.70it/s, loss=0.0042]
Training Navine AI Image:  78%|#######8  | 3121/4000 [50:33<08:36,  1.70it/s, loss=0.0113]
Training Navine AI Image:  78%|#######8  | 3122/4000 [50:34<08:18,  1.76it/s, loss=0.0113]
Training Navine AI Image:  78%|#######8  | 3122/4000 [50:34<08:18,  1.76it/s, loss=0.0072]
Training Navine AI Image:  78%|#######8  | 3123/4000 [50:34<08:19,  1.76it/s, loss=0.0072]
Training Navine AI Image:  78%|#######8  | 3123/4000 [50:34<08:19,  1.76it/s, loss=0.0277]
Training Navine AI Image:  78%|#######8  | 3124/4000 [50:35<08:23,  1.74it/s, loss=0.0277]
Training Navine AI Image:  78%|#######8  | 3124/4000 [50:35<08:23,  1.74it/s, loss=0.0023]
Training Navine AI Image:  78%|#######8  | 3125/4000 [50:35<08:27,  1.73it/s, loss=0.0023]
Training Navine AI Image:  78%|#######8  | 3125/4000 [50:35<08:27,  1.73it/s, loss=0.0043]
Training Navine AI Image:  78%|#######8  | 3126/4000 [50:36<08:23,  1.74it/s, loss=0.0043]
Training Navine AI Image:  78%|#######8  | 3126/4000 [50:36<08:23,  1.74it/s, loss=0.0032]
Training Navine AI Image:  78%|#######8  | 3127/4000 [50:37<08:19,  1.75it/s, loss=0.0032]
Training Navine AI Image:  78%|#######8  | 3127/4000 [50:37<08:19,  1.75it/s, loss=0.0074]
Training Navine AI Image:  78%|#######8  | 3128/4000 [50:37<08:16,  1.75it/s, loss=0.0074]
Training Navine AI Image:  78%|#######8  | 3128/4000 [50:37<08:16,  1.75it/s, loss=0.0049]
Training Navine AI Image:  78%|#######8  | 3129/4000 [50:38<08:13,  1.76it/s, loss=0.0049]
Training Navine AI Image:  78%|#######8  | 3129/4000 [50:38<08:13,  1.76it/s, loss=0.0017]
Training Navine AI Image:  78%|#######8  | 3130/4000 [50:38<08:22,  1.73it/s, loss=0.0017]
Training Navine AI Image:  78%|#######8  | 3130/4000 [50:38<08:22,  1.73it/s, loss=0.0070]
Training Navine AI Image:  78%|#######8  | 3131/4000 [50:39<08:21,  1.73it/s, loss=0.0070]
Training Navine AI Image:  78%|#######8  | 3131/4000 [50:39<08:21,  1.73it/s, loss=0.0070]
Training Navine AI Image:  78%|#######8  | 3132/4000 [50:39<08:30,  1.70it/s, loss=0.0070]
Training Navine AI Image:  78%|#######8  | 3132/4000 [50:39<08:30,  1.70it/s, loss=0.0271]
Training Navine AI Image:  78%|#######8  | 3133/4000 [50:40<08:13,  1.76it/s, loss=0.0271]
Training Navine AI Image:  78%|#######8  | 3133/4000 [50:40<08:13,  1.76it/s, loss=0.0234]
Training Navine AI Image:  78%|#######8  | 3134/4000 [50:41<08:16,  1.74it/s, loss=0.0234]
Training Navine AI Image:  78%|#######8  | 3134/4000 [50:41<08:16,  1.74it/s, loss=0.0083]
Training Navine AI Image:  78%|#######8  | 3135/4000 [50:41<08:26,  1.71it/s, loss=0.0083]
Training Navine AI Image:  78%|#######8  | 3135/4000 [50:41<08:26,  1.71it/s, loss=0.0049]
Training Navine AI Image:  78%|#######8  | 3136/4000 [50:42<08:09,  1.76it/s, loss=0.0049]
Training Navine AI Image:  78%|#######8  | 3136/4000 [50:42<08:09,  1.76it/s, loss=0.0040]
Training Navine AI Image:  78%|#######8  | 3137/4000 [50:42<08:19,  1.73it/s, loss=0.0040]
Training Navine AI Image:  78%|#######8  | 3137/4000 [50:42<08:19,  1.73it/s, loss=0.0047]
Training Navine AI Image:  78%|#######8  | 3138/4000 [50:43<08:31,  1.69it/s, loss=0.0047]
Training Navine AI Image:  78%|#######8  | 3138/4000 [50:43<08:31,  1.69it/s, loss=0.0023]
Training Navine AI Image:  78%|#######8  | 3139/4000 [50:43<08:17,  1.73it/s, loss=0.0023]
Training Navine AI Image:  78%|#######8  | 3139/4000 [50:44<08:17,  1.73it/s, loss=0.0169]
Training Navine AI Image:  78%|#######8  | 3140/4000 [50:44<08:13,  1.74it/s, loss=0.0169]
Training Navine AI Image:  78%|#######8  | 3140/4000 [50:44<08:13,  1.74it/s, loss=0.0041]
Training Navine AI Image:  79%|#######8  | 3141/4000 [50:45<08:14,  1.74it/s, loss=0.0041]
Training Navine AI Image:  79%|#######8  | 3141/4000 [50:45<08:14,  1.74it/s, loss=0.0261]
Training Navine AI Image:  79%|#######8  | 3142/4000 [50:45<08:12,  1.74it/s, loss=0.0261]
Training Navine AI Image:  79%|#######8  | 3142/4000 [50:45<08:12,  1.74it/s, loss=0.0142]
Training Navine AI Image:  79%|#######8  | 3143/4000 [50:46<08:08,  1.75it/s, loss=0.0142]
Training Navine AI Image:  79%|#######8  | 3143/4000 [50:46<08:08,  1.75it/s, loss=0.0064]
Training Navine AI Image:  79%|#######8  | 3144/4000 [50:46<08:10,  1.74it/s, loss=0.0064]
Training Navine AI Image:  79%|#######8  | 3144/4000 [50:46<08:10,  1.74it/s, loss=0.0041]
Training Navine AI Image:  79%|#######8  | 3145/4000 [50:47<08:22,  1.70it/s, loss=0.0041]
Training Navine AI Image:  79%|#######8  | 3145/4000 [50:47<08:22,  1.70it/s, loss=0.0056]
Training Navine AI Image:  79%|#######8  | 3146/4000 [50:48<08:17,  1.72it/s, loss=0.0056]
Training Navine AI Image:  79%|#######8  | 3146/4000 [50:48<08:17,  1.72it/s, loss=0.0791]
Training Navine AI Image:  79%|#######8  | 3147/4000 [50:48<08:03,  1.76it/s, loss=0.0791]
Training Navine AI Image:  79%|#######8  | 3147/4000 [50:48<08:03,  1.76it/s, loss=0.0097]
Training Navine AI Image:  79%|#######8  | 3148/4000 [50:49<08:07,  1.75it/s, loss=0.0097]
Training Navine AI Image:  79%|#######8  | 3148/4000 [50:49<08:07,  1.75it/s, loss=0.0071]
Training Navine AI Image:  79%|#######8  | 3149/4000 [50:49<08:20,  1.70it/s, loss=0.0071]
Training Navine AI Image:  79%|#######8  | 3149/4000 [50:49<08:20,  1.70it/s, loss=0.0082]
Training Navine AI Image:  79%|#######8  | 3150/4000 [50:50<08:50,  1.60it/s, loss=0.0082]
Training Navine AI Image:  79%|#######8  | 3150/4000 [50:50<08:50,  1.60it/s, loss=0.0045]
Training Navine AI Image:  79%|#######8  | 3151/4000 [50:51<08:37,  1.64it/s, loss=0.0045]
Training Navine AI Image:  79%|#######8  | 3151/4000 [50:51<08:37,  1.64it/s, loss=0.0057]
Training Navine AI Image:  79%|#######8  | 3152/4000 [50:51<08:25,  1.68it/s, loss=0.0057]
Training Navine AI Image:  79%|#######8  | 3152/4000 [50:51<08:25,  1.68it/s, loss=0.0099]
Training Navine AI Image:  79%|#######8  | 3153/4000 [50:52<08:22,  1.69it/s, loss=0.0099]
Training Navine AI Image:  79%|#######8  | 3153/4000 [50:52<08:22,  1.69it/s, loss=0.0066]
Training Navine AI Image:  79%|#######8  | 3154/4000 [50:52<08:17,  1.70it/s, loss=0.0066]
Training Navine AI Image:  79%|#######8  | 3154/4000 [50:52<08:17,  1.70it/s, loss=0.0224]
Training Navine AI Image:  79%|#######8  | 3155/4000 [50:53<08:28,  1.66it/s, loss=0.0224]
Training Navine AI Image:  79%|#######8  | 3155/4000 [50:53<08:28,  1.66it/s, loss=0.0223]
Training Navine AI Image:  79%|#######8  | 3156/4000 [50:53<08:25,  1.67it/s, loss=0.0223]
Training Navine AI Image:  79%|#######8  | 3156/4000 [50:54<08:25,  1.67it/s, loss=0.0044]
Training Navine AI Image:  79%|#######8  | 3157/4000 [50:54<08:15,  1.70it/s, loss=0.0044]
Training Navine AI Image:  79%|#######8  | 3157/4000 [50:54<08:15,  1.70it/s, loss=0.0074]
Training Navine AI Image:  79%|#######8  | 3158/4000 [50:55<08:21,  1.68it/s, loss=0.0074]
Training Navine AI Image:  79%|#######8  | 3158/4000 [50:55<08:21,  1.68it/s, loss=0.0234]
Training Navine AI Image:  79%|#######8  | 3159/4000 [50:55<08:02,  1.74it/s, loss=0.0234]
Training Navine AI Image:  79%|#######8  | 3159/4000 [50:55<08:02,  1.74it/s, loss=0.0182]
Training Navine AI Image:  79%|#######9  | 3160/4000 [50:56<08:06,  1.73it/s, loss=0.0182]
Training Navine AI Image:  79%|#######9  | 3160/4000 [50:56<08:06,  1.73it/s, loss=0.0041]
Training Navine AI Image:  79%|#######9  | 3161/4000 [50:56<08:06,  1.73it/s, loss=0.0041]
Training Navine AI Image:  79%|#######9  | 3161/4000 [50:56<08:06,  1.73it/s, loss=0.0064]
Training Navine AI Image:  79%|#######9  | 3162/4000 [50:57<08:02,  1.74it/s, loss=0.0064]
Training Navine AI Image:  79%|#######9  | 3162/4000 [50:57<08:02,  1.74it/s, loss=0.0061]
Training Navine AI Image:  79%|#######9  | 3163/4000 [50:58<08:02,  1.74it/s, loss=0.0061]
Training Navine AI Image:  79%|#######9  | 3163/4000 [50:58<08:02,  1.74it/s, loss=0.0145]
Training Navine AI Image:  79%|#######9  | 3164/4000 [50:58<08:15,  1.69it/s, loss=0.0145]
Training Navine AI Image:  79%|#######9  | 3164/4000 [50:58<08:15,  1.69it/s, loss=0.0036]
Training Navine AI Image:  79%|#######9  | 3165/4000 [50:59<08:04,  1.72it/s, loss=0.0036]
Training Navine AI Image:  79%|#######9  | 3165/4000 [50:59<08:04,  1.72it/s, loss=0.0084]
Training Navine AI Image:  79%|#######9  | 3166/4000 [50:59<08:05,  1.72it/s, loss=0.0084]
Training Navine AI Image:  79%|#######9  | 3166/4000 [50:59<08:05,  1.72it/s, loss=0.0315]
Training Navine AI Image:  79%|#######9  | 3167/4000 [51:00<07:58,  1.74it/s, loss=0.0315]
Training Navine AI Image:  79%|#######9  | 3167/4000 [51:00<07:58,  1.74it/s, loss=0.0048]
Training Navine AI Image:  79%|#######9  | 3168/4000 [51:00<08:05,  1.71it/s, loss=0.0048]
Training Navine AI Image:  79%|#######9  | 3168/4000 [51:00<08:05,  1.71it/s, loss=0.0045]
Training Navine AI Image:  79%|#######9  | 3169/4000 [51:01<07:52,  1.76it/s, loss=0.0045]
Training Navine AI Image:  79%|#######9  | 3169/4000 [51:01<07:52,  1.76it/s, loss=0.0278]
Training Navine AI Image:  79%|#######9  | 3170/4000 [51:02<07:59,  1.73it/s, loss=0.0278]
Training Navine AI Image:  79%|#######9  | 3170/4000 [51:02<07:59,  1.73it/s, loss=0.0106]
Training Navine AI Image:  79%|#######9  | 3171/4000 [51:02<07:59,  1.73it/s, loss=0.0106]
Training Navine AI Image:  79%|#######9  | 3171/4000 [51:02<07:59,  1.73it/s, loss=0.0070]
Training Navine AI Image:  79%|#######9  | 3172/4000 [51:03<07:54,  1.74it/s, loss=0.0070]
Training Navine AI Image:  79%|#######9  | 3172/4000 [51:03<07:54,  1.74it/s, loss=0.0690]
Training Navine AI Image:  79%|#######9  | 3173/4000 [51:03<07:57,  1.73it/s, loss=0.0690]
Training Navine AI Image:  79%|#######9  | 3173/4000 [51:03<07:57,  1.73it/s, loss=0.0025]
Training Navine AI Image:  79%|#######9  | 3174/4000 [51:04<08:06,  1.70it/s, loss=0.0025]
Training Navine AI Image:  79%|#######9  | 3174/4000 [51:04<08:06,  1.70it/s, loss=0.0184]
Training Navine AI Image:  79%|#######9  | 3175/4000 [51:05<08:10,  1.68it/s, loss=0.0184]
Training Navine AI Image:  79%|#######9  | 3175/4000 [51:05<08:10,  1.68it/s, loss=0.0028]
Training Navine AI Image:  79%|#######9  | 3176/4000 [51:05<08:25,  1.63it/s, loss=0.0028]
Training Navine AI Image:  79%|#######9  | 3176/4000 [51:05<08:25,  1.63it/s, loss=0.0097]
Training Navine AI Image:  79%|#######9  | 3177/4000 [51:06<08:01,  1.71it/s, loss=0.0097]
Training Navine AI Image:  79%|#######9  | 3177/4000 [51:06<08:01,  1.71it/s, loss=0.0046]
Training Navine AI Image:  79%|#######9  | 3178/4000 [51:06<08:02,  1.70it/s, loss=0.0046]
Training Navine AI Image:  79%|#######9  | 3178/4000 [51:06<08:02,  1.70it/s, loss=0.0051]
Training Navine AI Image:  79%|#######9  | 3179/4000 [51:07<08:17,  1.65it/s, loss=0.0051]
Training Navine AI Image:  79%|#######9  | 3179/4000 [51:07<08:17,  1.65it/s, loss=0.0102]
Training Navine AI Image:  80%|#######9  | 3180/4000 [51:08<08:09,  1.68it/s, loss=0.0102]
Training Navine AI Image:  80%|#######9  | 3180/4000 [51:08<08:09,  1.68it/s, loss=0.0164]
Training Navine AI Image:  80%|#######9  | 3181/4000 [51:08<08:07,  1.68it/s, loss=0.0164]
Training Navine AI Image:  80%|#######9  | 3181/4000 [51:08<08:07,  1.68it/s, loss=0.0024]
Training Navine AI Image:  80%|#######9  | 3182/4000 [51:09<08:02,  1.69it/s, loss=0.0024]
Training Navine AI Image:  80%|#######9  | 3182/4000 [51:09<08:02,  1.69it/s, loss=0.0053]
Training Navine AI Image:  80%|#######9  | 3183/4000 [51:09<08:03,  1.69it/s, loss=0.0053]
Training Navine AI Image:  80%|#######9  | 3183/4000 [51:09<08:03,  1.69it/s, loss=0.0059]
Training Navine AI Image:  80%|#######9  | 3184/4000 [51:10<08:10,  1.66it/s, loss=0.0059]
Training Navine AI Image:  80%|#######9  | 3184/4000 [51:10<08:10,  1.66it/s, loss=0.0073]
Training Navine AI Image:  80%|#######9  | 3185/4000 [51:11<08:31,  1.59it/s, loss=0.0073]
Training Navine AI Image:  80%|#######9  | 3185/4000 [51:11<08:31,  1.59it/s, loss=0.0072]
Training Navine AI Image:  80%|#######9  | 3186/4000 [51:11<08:17,  1.63it/s, loss=0.0072]
Training Navine AI Image:  80%|#######9  | 3186/4000 [51:11<08:17,  1.63it/s, loss=0.0124]
Training Navine AI Image:  80%|#######9  | 3187/4000 [51:12<08:03,  1.68it/s, loss=0.0124]
Training Navine AI Image:  80%|#######9  | 3187/4000 [51:12<08:03,  1.68it/s, loss=0.0488]
Training Navine AI Image:  80%|#######9  | 3188/4000 [51:12<07:54,  1.71it/s, loss=0.0488]
Training Navine AI Image:  80%|#######9  | 3188/4000 [51:12<07:54,  1.71it/s, loss=0.0057]
Training Navine AI Image:  80%|#######9  | 3189/4000 [51:13<07:59,  1.69it/s, loss=0.0057]
Training Navine AI Image:  80%|#######9  | 3189/4000 [51:13<07:59,  1.69it/s, loss=0.0034]
Training Navine AI Image:  80%|#######9  | 3190/4000 [51:13<07:42,  1.75it/s, loss=0.0034]
Training Navine AI Image:  80%|#######9  | 3190/4000 [51:13<07:42,  1.75it/s, loss=0.0403]
Training Navine AI Image:  80%|#######9  | 3191/4000 [51:14<07:44,  1.74it/s, loss=0.0403]
Training Navine AI Image:  80%|#######9  | 3191/4000 [51:14<07:44,  1.74it/s, loss=0.0059]
Training Navine AI Image:  80%|#######9  | 3192/4000 [51:15<07:53,  1.71it/s, loss=0.0059]
Training Navine AI Image:  80%|#######9  | 3192/4000 [51:15<07:53,  1.71it/s, loss=0.0606]
Training Navine AI Image:  80%|#######9  | 3193/4000 [51:15<07:37,  1.77it/s, loss=0.0606]
Training Navine AI Image:  80%|#######9  | 3193/4000 [51:15<07:37,  1.77it/s, loss=0.0013]
Training Navine AI Image:  80%|#######9  | 3194/4000 [51:16<07:47,  1.73it/s, loss=0.0013]
Training Navine AI Image:  80%|#######9  | 3194/4000 [51:16<07:47,  1.73it/s, loss=0.0133]
Training Navine AI Image:  80%|#######9  | 3195/4000 [51:16<07:56,  1.69it/s, loss=0.0133]
Training Navine AI Image:  80%|#######9  | 3195/4000 [51:16<07:56,  1.69it/s, loss=0.0060]
Training Navine AI Image:  80%|#######9  | 3196/4000 [51:17<07:48,  1.72it/s, loss=0.0060]
Training Navine AI Image:  80%|#######9  | 3196/4000 [51:17<07:48,  1.72it/s, loss=0.0072]
Training Navine AI Image:  80%|#######9  | 3197/4000 [51:17<07:37,  1.76it/s, loss=0.0072]
Training Navine AI Image:  80%|#######9  | 3197/4000 [51:18<07:37,  1.76it/s, loss=0.0100]
Training Navine AI Image:  80%|#######9  | 3198/4000 [51:18<07:40,  1.74it/s, loss=0.0100]
Training Navine AI Image:  80%|#######9  | 3198/4000 [51:18<07:40,  1.74it/s, loss=0.0085]
Training Navine AI Image:  80%|#######9  | 3199/4000 [51:19<07:48,  1.71it/s, loss=0.0085]
Training Navine AI Image:  80%|#######9  | 3199/4000 [51:19<07:48,  1.71it/s, loss=0.0240]
Training Navine AI Image:  80%|########  | 3200/4000 [51:19<07:38,  1.74it/s, loss=0.0240]
Training Navine AI Image:  80%|########  | 3200/4000 [51:19<07:38,  1.74it/s, loss=0.0072]
Training Navine AI Image:  80%|########  | 3201/4000 [51:20<07:55,  1.68it/s, loss=0.0072]
Training Navine AI Image:  80%|########  | 3201/4000 [51:20<07:55,  1.68it/s, loss=0.0025]
Training Navine AI Image:  80%|########  | 3202/4000 [51:20<07:39,  1.74it/s, loss=0.0025]
Training Navine AI Image:  80%|########  | 3202/4000 [51:20<07:39,  1.74it/s, loss=0.0092]
Training Navine AI Image:  80%|########  | 3203/4000 [51:21<07:38,  1.74it/s, loss=0.0092]
Training Navine AI Image:  80%|########  | 3203/4000 [51:21<07:38,  1.74it/s, loss=0.0048]
Training Navine AI Image:  80%|########  | 3204/4000 [51:22<07:37,  1.74it/s, loss=0.0048]
Training Navine AI Image:  80%|########  | 3204/4000 [51:22<07:37,  1.74it/s, loss=0.0087]
Training Navine AI Image:  80%|########  | 3205/4000 [51:22<07:44,  1.71it/s, loss=0.0087]
Training Navine AI Image:  80%|########  | 3205/4000 [51:22<07:44,  1.71it/s, loss=0.0024]
Training Navine AI Image:  80%|########  | 3206/4000 [51:23<07:30,  1.76it/s, loss=0.0024]
Training Navine AI Image:  80%|########  | 3206/4000 [51:23<07:30,  1.76it/s, loss=0.0080]
Training Navine AI Image:  80%|########  | 3207/4000 [51:23<07:29,  1.76it/s, loss=0.0080]
Training Navine AI Image:  80%|########  | 3207/4000 [51:23<07:29,  1.76it/s, loss=0.0057]
Training Navine AI Image:  80%|########  | 3208/4000 [51:24<07:31,  1.76it/s, loss=0.0057]
Training Navine AI Image:  80%|########  | 3208/4000 [51:24<07:31,  1.76it/s, loss=0.0048]
Training Navine AI Image:  80%|########  | 3209/4000 [51:24<07:28,  1.77it/s, loss=0.0048]
Training Navine AI Image:  80%|########  | 3209/4000 [51:24<07:28,  1.77it/s, loss=0.0057]
Training Navine AI Image:  80%|########  | 3210/4000 [51:25<07:28,  1.76it/s, loss=0.0057]
Training Navine AI Image:  80%|########  | 3210/4000 [51:25<07:28,  1.76it/s, loss=0.0606]
Training Navine AI Image:  80%|########  | 3211/4000 [51:25<07:26,  1.77it/s, loss=0.0606]
Training Navine AI Image:  80%|########  | 3211/4000 [51:26<07:26,  1.77it/s, loss=0.0068]
Training Navine AI Image:  80%|########  | 3212/4000 [51:26<07:26,  1.76it/s, loss=0.0068]
Training Navine AI Image:  80%|########  | 3212/4000 [51:26<07:26,  1.76it/s, loss=0.0284]
Training Navine AI Image:  80%|########  | 3213/4000 [51:27<07:31,  1.74it/s, loss=0.0284]
Training Navine AI Image:  80%|########  | 3213/4000 [51:27<07:31,  1.74it/s, loss=0.0025]
Training Navine AI Image:  80%|########  | 3214/4000 [51:27<07:29,  1.75it/s, loss=0.0025]
Training Navine AI Image:  80%|########  | 3214/4000 [51:27<07:29,  1.75it/s, loss=0.0061]
Training Navine AI Image:  80%|########  | 3215/4000 [51:28<07:23,  1.77it/s, loss=0.0061]
Training Navine AI Image:  80%|########  | 3215/4000 [51:28<07:23,  1.77it/s, loss=0.0063]
Training Navine AI Image:  80%|########  | 3216/4000 [51:28<07:23,  1.77it/s, loss=0.0063]
Training Navine AI Image:  80%|########  | 3216/4000 [51:28<07:23,  1.77it/s, loss=0.0203]
Training Navine AI Image:  80%|########  | 3217/4000 [51:29<07:28,  1.75it/s, loss=0.0203]
Training Navine AI Image:  80%|########  | 3217/4000 [51:29<07:28,  1.75it/s, loss=0.0188]
Training Navine AI Image:  80%|########  | 3218/4000 [51:29<07:25,  1.75it/s, loss=0.0188]
Training Navine AI Image:  80%|########  | 3218/4000 [51:30<07:25,  1.75it/s, loss=0.0040]
Training Navine AI Image:  80%|########  | 3219/4000 [51:30<07:28,  1.74it/s, loss=0.0040]
Training Navine AI Image:  80%|########  | 3219/4000 [51:30<07:28,  1.74it/s, loss=0.0059]
Training Navine AI Image:  80%|########  | 3220/4000 [51:31<07:42,  1.69it/s, loss=0.0059]
Training Navine AI Image:  80%|########  | 3220/4000 [51:31<07:42,  1.69it/s, loss=0.0087]
Training Navine AI Image:  81%|########  | 3221/4000 [51:31<07:34,  1.71it/s, loss=0.0087]
Training Navine AI Image:  81%|########  | 3221/4000 [51:31<07:34,  1.71it/s, loss=0.0064]
Training Navine AI Image:  81%|########  | 3222/4000 [51:32<07:21,  1.76it/s, loss=0.0064]
Training Navine AI Image:  81%|########  | 3222/4000 [51:32<07:21,  1.76it/s, loss=0.0172]
Training Navine AI Image:  81%|########  | 3223/4000 [51:32<07:21,  1.76it/s, loss=0.0172]
Training Navine AI Image:  81%|########  | 3223/4000 [51:32<07:21,  1.76it/s, loss=0.0195]
Training Navine AI Image:  81%|########  | 3224/4000 [51:33<07:21,  1.76it/s, loss=0.0195]
Training Navine AI Image:  81%|########  | 3224/4000 [51:33<07:21,  1.76it/s, loss=0.0557]
Training Navine AI Image:  81%|########  | 3225/4000 [51:34<07:20,  1.76it/s, loss=0.0557]
Training Navine AI Image:  81%|########  | 3225/4000 [51:34<07:20,  1.76it/s, loss=0.0030]
Training Navine AI Image:  81%|########  | 3226/4000 [51:34<07:19,  1.76it/s, loss=0.0030]
Training Navine AI Image:  81%|########  | 3226/4000 [51:34<07:19,  1.76it/s, loss=0.0036]
Training Navine AI Image:  81%|########  | 3227/4000 [51:35<07:20,  1.75it/s, loss=0.0036]
Training Navine AI Image:  81%|########  | 3227/4000 [51:35<07:20,  1.75it/s, loss=0.0136]
Training Navine AI Image:  81%|########  | 3228/4000 [51:35<07:31,  1.71it/s, loss=0.0136]
Training Navine AI Image:  81%|########  | 3228/4000 [51:35<07:31,  1.71it/s, loss=0.0034]
Training Navine AI Image:  81%|########  | 3229/4000 [51:36<07:17,  1.76it/s, loss=0.0034]
Training Navine AI Image:  81%|########  | 3229/4000 [51:36<07:17,  1.76it/s, loss=0.0448]
Training Navine AI Image:  81%|########  | 3230/4000 [51:36<07:19,  1.75it/s, loss=0.0448]
Training Navine AI Image:  81%|########  | 3230/4000 [51:36<07:19,  1.75it/s, loss=0.0115]
Training Navine AI Image:  81%|########  | 3231/4000 [51:37<07:17,  1.76it/s, loss=0.0115]
Training Navine AI Image:  81%|########  | 3231/4000 [51:37<07:17,  1.76it/s, loss=0.0259]
Training Navine AI Image:  81%|########  | 3232/4000 [51:38<07:23,  1.73it/s, loss=0.0259]
Training Navine AI Image:  81%|########  | 3232/4000 [51:38<07:23,  1.73it/s, loss=0.0094]
Training Navine AI Image:  81%|########  | 3233/4000 [51:38<07:12,  1.77it/s, loss=0.0094]
Training Navine AI Image:  81%|########  | 3233/4000 [51:38<07:12,  1.77it/s, loss=0.0105]
Training Navine AI Image:  81%|########  | 3234/4000 [51:39<07:25,  1.72it/s, loss=0.0105]
Training Navine AI Image:  81%|########  | 3234/4000 [51:39<07:25,  1.72it/s, loss=0.0101]
Training Navine AI Image:  81%|########  | 3235/4000 [51:39<07:11,  1.77it/s, loss=0.0101]
Training Navine AI Image:  81%|########  | 3235/4000 [51:39<07:11,  1.77it/s, loss=0.0142]
Training Navine AI Image:  81%|########  | 3236/4000 [51:40<07:14,  1.76it/s, loss=0.0142]
Training Navine AI Image:  81%|########  | 3236/4000 [51:40<07:14,  1.76it/s, loss=0.0037]
Training Navine AI Image:  81%|########  | 3237/4000 [51:40<07:18,  1.74it/s, loss=0.0037]
Training Navine AI Image:  81%|########  | 3237/4000 [51:40<07:18,  1.74it/s, loss=0.0118]
Training Navine AI Image:  81%|########  | 3238/4000 [51:41<07:14,  1.75it/s, loss=0.0118]
Training Navine AI Image:  81%|########  | 3238/4000 [51:41<07:14,  1.75it/s, loss=0.0158]
Training Navine AI Image:  81%|########  | 3239/4000 [51:42<07:24,  1.71it/s, loss=0.0158]
Training Navine AI Image:  81%|########  | 3239/4000 [51:42<07:24,  1.71it/s, loss=0.0138]
Training Navine AI Image:  81%|########1 | 3240/4000 [51:42<07:12,  1.76it/s, loss=0.0138]
Training Navine AI Image:  81%|########1 | 3240/4000 [51:42<07:12,  1.76it/s, loss=0.0238]
Training Navine AI Image:  81%|########1 | 3241/4000 [51:43<07:13,  1.75it/s, loss=0.0238]
Training Navine AI Image:  81%|########1 | 3241/4000 [51:43<07:13,  1.75it/s, loss=0.0088]
Training Navine AI Image:  81%|########1 | 3242/4000 [51:43<07:25,  1.70it/s, loss=0.0088]
Training Navine AI Image:  81%|########1 | 3242/4000 [51:43<07:25,  1.70it/s, loss=0.0030]
Training Navine AI Image:  81%|########1 | 3243/4000 [51:44<07:10,  1.76it/s, loss=0.0030]
Training Navine AI Image:  81%|########1 | 3243/4000 [51:44<07:10,  1.76it/s, loss=0.0246]
Training Navine AI Image:  81%|########1 | 3244/4000 [51:44<07:10,  1.76it/s, loss=0.0246]
Training Navine AI Image:  81%|########1 | 3244/4000 [51:44<07:10,  1.76it/s, loss=0.0045]
Training Navine AI Image:  81%|########1 | 3245/4000 [51:45<07:28,  1.68it/s, loss=0.0045]
Training Navine AI Image:  81%|########1 | 3245/4000 [51:45<07:28,  1.68it/s, loss=0.0067]
Training Navine AI Image:  81%|########1 | 3246/4000 [51:46<07:21,  1.71it/s, loss=0.0067]
Training Navine AI Image:  81%|########1 | 3246/4000 [51:46<07:21,  1.71it/s, loss=0.0049]
Training Navine AI Image:  81%|########1 | 3247/4000 [51:46<07:03,  1.78it/s, loss=0.0049]
Training Navine AI Image:  81%|########1 | 3247/4000 [51:46<07:03,  1.78it/s, loss=0.0112]
Training Navine AI Image:  81%|########1 | 3248/4000 [51:47<07:34,  1.65it/s, loss=0.0112]
Training Navine AI Image:  81%|########1 | 3248/4000 [51:47<07:34,  1.65it/s, loss=0.0181]
Training Navine AI Image:  81%|########1 | 3249/4000 [51:47<07:18,  1.71it/s, loss=0.0181]
Training Navine AI Image:  81%|########1 | 3249/4000 [51:47<07:18,  1.71it/s, loss=0.0019]
Training Navine AI Image:  81%|########1 | 3250/4000 [51:48<07:39,  1.63it/s, loss=0.0019]
Training Navine AI Image:  81%|########1 | 3250/4000 [51:48<07:39,  1.63it/s, loss=0.0041]
Training Navine AI Image:  81%|########1 | 3251/4000 [51:49<09:23,  1.33it/s, loss=0.0041]
Training Navine AI Image:  81%|########1 | 3251/4000 [51:49<09:23,  1.33it/s, loss=0.0260]
Training Navine AI Image:  81%|########1 | 3252/4000 [51:50<09:56,  1.25it/s, loss=0.0260]
Training Navine AI Image:  81%|########1 | 3252/4000 [51:50<09:56,  1.25it/s, loss=0.0028]
Training Navine AI Image:  81%|########1 | 3253/4000 [51:51<09:17,  1.34it/s, loss=0.0028]
Training Navine AI Image:  81%|########1 | 3253/4000 [51:51<09:17,  1.34it/s, loss=0.0047]
Training Navine AI Image:  81%|########1 | 3254/4000 [51:51<08:34,  1.45it/s, loss=0.0047]
Training Navine AI Image:  81%|########1 | 3254/4000 [51:51<08:34,  1.45it/s, loss=0.0053]
Training Navine AI Image:  81%|########1 | 3255/4000 [51:52<08:01,  1.55it/s, loss=0.0053]
Training Navine AI Image:  81%|########1 | 3255/4000 [51:52<08:01,  1.55it/s, loss=0.0181]
Training Navine AI Image:  81%|########1 | 3256/4000 [51:52<07:44,  1.60it/s, loss=0.0181]
Training Navine AI Image:  81%|########1 | 3256/4000 [51:52<07:44,  1.60it/s, loss=0.0130]
Training Navine AI Image:  81%|########1 | 3257/4000 [51:53<07:29,  1.65it/s, loss=0.0130]
Training Navine AI Image:  81%|########1 | 3257/4000 [51:53<07:29,  1.65it/s, loss=0.0373]
Training Navine AI Image:  81%|########1 | 3258/4000 [51:54<07:36,  1.62it/s, loss=0.0373]
Training Navine AI Image:  81%|########1 | 3258/4000 [51:54<07:36,  1.62it/s, loss=0.0080]
Training Navine AI Image:  81%|########1 | 3259/4000 [51:54<07:16,  1.70it/s, loss=0.0080]
Training Navine AI Image:  81%|########1 | 3259/4000 [51:54<07:16,  1.70it/s, loss=0.0121]
Training Navine AI Image:  82%|########1 | 3260/4000 [51:55<07:25,  1.66it/s, loss=0.0121]
Training Navine AI Image:  82%|########1 | 3260/4000 [51:55<07:25,  1.66it/s, loss=0.0224]
Training Navine AI Image:  82%|########1 | 3261/4000 [51:55<07:09,  1.72it/s, loss=0.0224]
Training Navine AI Image:  82%|########1 | 3261/4000 [51:55<07:09,  1.72it/s, loss=0.0111]
Training Navine AI Image:  82%|########1 | 3262/4000 [51:56<07:10,  1.72it/s, loss=0.0111]
Training Navine AI Image:  82%|########1 | 3262/4000 [51:56<07:10,  1.72it/s, loss=0.0032]
Training Navine AI Image:  82%|########1 | 3263/4000 [51:56<07:17,  1.68it/s, loss=0.0032]
Training Navine AI Image:  82%|########1 | 3263/4000 [51:56<07:17,  1.68it/s, loss=0.0066]
Training Navine AI Image:  82%|########1 | 3264/4000 [51:57<07:12,  1.70it/s, loss=0.0066]
Training Navine AI Image:  82%|########1 | 3264/4000 [51:57<07:12,  1.70it/s, loss=0.0043]
Training Navine AI Image:  82%|########1 | 3265/4000 [51:58<06:55,  1.77it/s, loss=0.0043]
Training Navine AI Image:  82%|########1 | 3265/4000 [51:58<06:55,  1.77it/s, loss=0.0290]
Training Navine AI Image:  82%|########1 | 3266/4000 [51:58<06:58,  1.75it/s, loss=0.0290]
Training Navine AI Image:  82%|########1 | 3266/4000 [51:58<06:58,  1.75it/s, loss=0.0393]
Training Navine AI Image:  82%|########1 | 3267/4000 [51:59<06:57,  1.75it/s, loss=0.0393]
Training Navine AI Image:  82%|########1 | 3267/4000 [51:59<06:57,  1.75it/s, loss=0.0051]
Training Navine AI Image:  82%|########1 | 3268/4000 [51:59<07:02,  1.73it/s, loss=0.0051]
Training Navine AI Image:  82%|########1 | 3268/4000 [51:59<07:02,  1.73it/s, loss=0.0053]
Training Navine AI Image:  82%|########1 | 3269/4000 [52:00<07:09,  1.70it/s, loss=0.0053]
Training Navine AI Image:  82%|########1 | 3269/4000 [52:00<07:09,  1.70it/s, loss=0.0170]
Training Navine AI Image:  82%|########1 | 3270/4000 [52:00<07:15,  1.68it/s, loss=0.0170]
Training Navine AI Image:  82%|########1 | 3270/4000 [52:00<07:15,  1.68it/s, loss=0.0047]
Training Navine AI Image:  82%|########1 | 3271/4000 [52:01<06:59,  1.74it/s, loss=0.0047]
Training Navine AI Image:  82%|########1 | 3271/4000 [52:01<06:59,  1.74it/s, loss=0.0857]
Training Navine AI Image:  82%|########1 | 3272/4000 [52:02<06:56,  1.75it/s, loss=0.0857]
Training Navine AI Image:  82%|########1 | 3272/4000 [52:02<06:56,  1.75it/s, loss=0.0075]
Training Navine AI Image:  82%|########1 | 3273/4000 [52:02<06:56,  1.75it/s, loss=0.0075]
Training Navine AI Image:  82%|########1 | 3273/4000 [52:02<06:56,  1.75it/s, loss=0.0031]
Training Navine AI Image:  82%|########1 | 3274/4000 [52:03<07:04,  1.71it/s, loss=0.0031]
Training Navine AI Image:  82%|########1 | 3274/4000 [52:03<07:04,  1.71it/s, loss=0.0024]
Training Navine AI Image:  82%|########1 | 3275/4000 [52:03<06:48,  1.77it/s, loss=0.0024]
Training Navine AI Image:  82%|########1 | 3275/4000 [52:03<06:48,  1.77it/s, loss=0.0466]
Training Navine AI Image:  82%|########1 | 3276/4000 [52:04<06:47,  1.77it/s, loss=0.0466]
Training Navine AI Image:  82%|########1 | 3276/4000 [52:04<06:47,  1.77it/s, loss=0.0089]
Training Navine AI Image:  82%|########1 | 3277/4000 [52:05<07:59,  1.51it/s, loss=0.0089]
Training Navine AI Image:  82%|########1 | 3277/4000 [52:05<07:59,  1.51it/s, loss=0.0294]
Training Navine AI Image:  82%|########1 | 3278/4000 [52:05<07:53,  1.53it/s, loss=0.0294]
Training Navine AI Image:  82%|########1 | 3278/4000 [52:05<07:53,  1.53it/s, loss=0.0096]
Training Navine AI Image:  82%|########1 | 3279/4000 [52:06<07:25,  1.62it/s, loss=0.0096]
Training Navine AI Image:  82%|########1 | 3279/4000 [52:06<07:25,  1.62it/s, loss=0.0079]
Training Navine AI Image:  82%|########2 | 3280/4000 [52:06<07:12,  1.67it/s, loss=0.0079]
Training Navine AI Image:  82%|########2 | 3280/4000 [52:07<07:12,  1.67it/s, loss=0.0039]
Training Navine AI Image:  82%|########2 | 3281/4000 [52:07<07:01,  1.71it/s, loss=0.0039]
Training Navine AI Image:  82%|########2 | 3281/4000 [52:07<07:01,  1.71it/s, loss=0.0392]
Training Navine AI Image:  82%|########2 | 3282/4000 [52:08<06:58,  1.71it/s, loss=0.0392]
Training Navine AI Image:  82%|########2 | 3282/4000 [52:08<06:58,  1.71it/s, loss=0.0071]
Training Navine AI Image:  82%|########2 | 3283/4000 [52:08<06:55,  1.73it/s, loss=0.0071]
Training Navine AI Image:  82%|########2 | 3283/4000 [52:08<06:55,  1.73it/s, loss=0.0114]
Training Navine AI Image:  82%|########2 | 3284/4000 [52:09<06:54,  1.73it/s, loss=0.0114]
Training Navine AI Image:  82%|########2 | 3284/4000 [52:09<06:54,  1.73it/s, loss=0.0129]
Training Navine AI Image:  82%|########2 | 3285/4000 [52:09<06:52,  1.73it/s, loss=0.0129]
Training Navine AI Image:  82%|########2 | 3285/4000 [52:09<06:52,  1.73it/s, loss=0.0412]
Training Navine AI Image:  82%|########2 | 3286/4000 [52:10<06:46,  1.76it/s, loss=0.0412]
Training Navine AI Image:  82%|########2 | 3286/4000 [52:10<06:46,  1.76it/s, loss=0.0111]
Training Navine AI Image:  82%|########2 | 3287/4000 [52:11<07:01,  1.69it/s, loss=0.0111]
Training Navine AI Image:  82%|########2 | 3287/4000 [52:11<07:01,  1.69it/s, loss=0.0197]
Training Navine AI Image:  82%|########2 | 3288/4000 [52:11<07:09,  1.66it/s, loss=0.0197]
Training Navine AI Image:  82%|########2 | 3288/4000 [52:11<07:09,  1.66it/s, loss=0.0157]
Training Navine AI Image:  82%|########2 | 3289/4000 [52:12<07:01,  1.69it/s, loss=0.0157]
Training Navine AI Image:  82%|########2 | 3289/4000 [52:12<07:01,  1.69it/s, loss=0.0555]
Training Navine AI Image:  82%|########2 | 3290/4000 [52:12<06:56,  1.70it/s, loss=0.0555]
Training Navine AI Image:  82%|########2 | 3290/4000 [52:12<06:56,  1.70it/s, loss=0.0069]
Training Navine AI Image:  82%|########2 | 3291/4000 [52:13<06:57,  1.70it/s, loss=0.0069]
Training Navine AI Image:  82%|########2 | 3291/4000 [52:13<06:57,  1.70it/s, loss=0.0062]
Training Navine AI Image:  82%|########2 | 3292/4000 [52:13<06:52,  1.72it/s, loss=0.0062]
Training Navine AI Image:  82%|########2 | 3292/4000 [52:13<06:52,  1.72it/s, loss=0.0042]
Training Navine AI Image:  82%|########2 | 3293/4000 [52:14<06:41,  1.76it/s, loss=0.0042]
Training Navine AI Image:  82%|########2 | 3293/4000 [52:14<06:41,  1.76it/s, loss=0.0210]
Training Navine AI Image:  82%|########2 | 3294/4000 [52:15<06:40,  1.76it/s, loss=0.0210]
Training Navine AI Image:  82%|########2 | 3294/4000 [52:15<06:40,  1.76it/s, loss=0.0051]
Training Navine AI Image:  82%|########2 | 3295/4000 [52:15<06:48,  1.73it/s, loss=0.0051]
Training Navine AI Image:  82%|########2 | 3295/4000 [52:15<06:48,  1.73it/s, loss=0.0036]
Training Navine AI Image:  82%|########2 | 3296/4000 [52:16<06:40,  1.76it/s, loss=0.0036]
Training Navine AI Image:  82%|########2 | 3296/4000 [52:16<06:40,  1.76it/s, loss=0.0056]
Training Navine AI Image:  82%|########2 | 3297/4000 [52:16<06:52,  1.70it/s, loss=0.0056]
Training Navine AI Image:  82%|########2 | 3297/4000 [52:16<06:52,  1.70it/s, loss=0.0459]
Training Navine AI Image:  82%|########2 | 3298/4000 [52:17<06:42,  1.75it/s, loss=0.0459]
Training Navine AI Image:  82%|########2 | 3298/4000 [52:17<06:42,  1.75it/s, loss=0.0131]
Training Navine AI Image:  82%|########2 | 3299/4000 [52:17<06:45,  1.73it/s, loss=0.0131]
Training Navine AI Image:  82%|########2 | 3299/4000 [52:17<06:45,  1.73it/s, loss=0.0214]
Training Navine AI Image:  82%|########2 | 3300/4000 [52:18<06:36,  1.77it/s, loss=0.0214]
Training Navine AI Image:  82%|########2 | 3300/4000 [52:18<06:36,  1.77it/s, loss=0.0064]
Training Navine AI Image:  83%|########2 | 3301/4000 [52:19<06:35,  1.77it/s, loss=0.0064]
Training Navine AI Image:  83%|########2 | 3301/4000 [52:19<06:35,  1.77it/s, loss=0.0297]
Training Navine AI Image:  83%|########2 | 3302/4000 [52:19<06:45,  1.72it/s, loss=0.0297]
Training Navine AI Image:  83%|########2 | 3302/4000 [52:19<06:45,  1.72it/s, loss=0.0054]
Training Navine AI Image:  83%|########2 | 3303/4000 [52:20<06:36,  1.76it/s, loss=0.0054]
Training Navine AI Image:  83%|########2 | 3303/4000 [52:20<06:36,  1.76it/s, loss=0.0207]
Training Navine AI Image:  83%|########2 | 3304/4000 [52:20<07:03,  1.65it/s, loss=0.0207]
Training Navine AI Image:  83%|########2 | 3304/4000 [52:20<07:03,  1.65it/s, loss=0.0088]
Training Navine AI Image:  83%|########2 | 3305/4000 [52:21<06:52,  1.69it/s, loss=0.0088]
Training Navine AI Image:  83%|########2 | 3305/4000 [52:21<06:52,  1.69it/s, loss=0.0074]
Training Navine AI Image:  83%|########2 | 3306/4000 [52:22<06:39,  1.74it/s, loss=0.0074]
Training Navine AI Image:  83%|########2 | 3306/4000 [52:22<06:39,  1.74it/s, loss=0.0044]
Training Navine AI Image:  83%|########2 | 3307/4000 [52:22<06:36,  1.75it/s, loss=0.0044]
Training Navine AI Image:  83%|########2 | 3307/4000 [52:22<06:36,  1.75it/s, loss=0.0082]
Training Navine AI Image:  83%|########2 | 3308/4000 [52:23<06:43,  1.72it/s, loss=0.0082]
Training Navine AI Image:  83%|########2 | 3308/4000 [52:23<06:43,  1.72it/s, loss=0.0053]
Training Navine AI Image:  83%|########2 | 3309/4000 [52:23<06:30,  1.77it/s, loss=0.0053]
Training Navine AI Image:  83%|########2 | 3309/4000 [52:23<06:30,  1.77it/s, loss=0.0222]
Training Navine AI Image:  83%|########2 | 3310/4000 [52:24<06:29,  1.77it/s, loss=0.0222]
Training Navine AI Image:  83%|########2 | 3310/4000 [52:24<06:29,  1.77it/s, loss=0.0085]
Training Navine AI Image:  83%|########2 | 3311/4000 [52:24<06:35,  1.74it/s, loss=0.0085]
Training Navine AI Image:  83%|########2 | 3311/4000 [52:24<06:35,  1.74it/s, loss=0.0325]
Training Navine AI Image:  83%|########2 | 3312/4000 [52:25<06:33,  1.75it/s, loss=0.0325]
Training Navine AI Image:  83%|########2 | 3312/4000 [52:25<06:33,  1.75it/s, loss=0.0091]
Training Navine AI Image:  83%|########2 | 3313/4000 [52:26<06:34,  1.74it/s, loss=0.0091]
Training Navine AI Image:  83%|########2 | 3313/4000 [52:26<06:34,  1.74it/s, loss=0.0058]
Training Navine AI Image:  83%|########2 | 3314/4000 [52:26<06:38,  1.72it/s, loss=0.0058]
Training Navine AI Image:  83%|########2 | 3314/4000 [52:26<06:38,  1.72it/s, loss=0.0144]
Training Navine AI Image:  83%|########2 | 3315/4000 [52:27<06:45,  1.69it/s, loss=0.0144]
Training Navine AI Image:  83%|########2 | 3315/4000 [52:27<06:45,  1.69it/s, loss=0.0098]
Training Navine AI Image:  83%|########2 | 3316/4000 [52:27<06:40,  1.71it/s, loss=0.0098]
Training Navine AI Image:  83%|########2 | 3316/4000 [52:27<06:40,  1.71it/s, loss=0.0024]
Training Navine AI Image:  83%|########2 | 3317/4000 [52:28<06:49,  1.67it/s, loss=0.0024]
Training Navine AI Image:  83%|########2 | 3317/4000 [52:28<06:49,  1.67it/s, loss=0.0069]
Training Navine AI Image:  83%|########2 | 3318/4000 [52:28<06:43,  1.69it/s, loss=0.0069]
Training Navine AI Image:  83%|########2 | 3318/4000 [52:28<06:43,  1.69it/s, loss=0.0267]
Training Navine AI Image:  83%|########2 | 3319/4000 [52:29<06:26,  1.76it/s, loss=0.0267]
Training Navine AI Image:  83%|########2 | 3319/4000 [52:29<06:26,  1.76it/s, loss=0.0051]
Training Navine AI Image:  83%|########2 | 3320/4000 [52:30<06:27,  1.75it/s, loss=0.0051]
Training Navine AI Image:  83%|########2 | 3320/4000 [52:30<06:27,  1.75it/s, loss=0.0105]
Training Navine AI Image:  83%|########3 | 3321/4000 [52:30<06:25,  1.76it/s, loss=0.0105]
Training Navine AI Image:  83%|########3 | 3321/4000 [52:30<06:25,  1.76it/s, loss=0.0078]
Training Navine AI Image:  83%|########3 | 3322/4000 [52:31<06:36,  1.71it/s, loss=0.0078]
Training Navine AI Image:  83%|########3 | 3322/4000 [52:31<06:36,  1.71it/s, loss=0.0035]
Training Navine AI Image:  83%|########3 | 3323/4000 [52:31<06:23,  1.77it/s, loss=0.0035]
Training Navine AI Image:  83%|########3 | 3323/4000 [52:31<06:23,  1.77it/s, loss=0.0056]
Training Navine AI Image:  83%|########3 | 3324/4000 [52:32<06:23,  1.76it/s, loss=0.0056]
Training Navine AI Image:  83%|########3 | 3324/4000 [52:32<06:23,  1.76it/s, loss=0.0020]
Training Navine AI Image:  83%|########3 | 3325/4000 [52:32<06:23,  1.76it/s, loss=0.0020]
Training Navine AI Image:  83%|########3 | 3325/4000 [52:32<06:23,  1.76it/s, loss=0.0042]
Training Navine AI Image:  83%|########3 | 3326/4000 [52:33<06:26,  1.74it/s, loss=0.0042]
Training Navine AI Image:  83%|########3 | 3326/4000 [52:33<06:26,  1.74it/s, loss=0.0362]
Training Navine AI Image:  83%|########3 | 3327/4000 [52:34<06:33,  1.71it/s, loss=0.0362]
Training Navine AI Image:  83%|########3 | 3327/4000 [52:34<06:33,  1.71it/s, loss=0.0057]
Training Navine AI Image:  83%|########3 | 3328/4000 [52:34<06:34,  1.70it/s, loss=0.0057]
Training Navine AI Image:  83%|########3 | 3328/4000 [52:34<06:34,  1.70it/s, loss=0.0253]
Training Navine AI Image:  83%|########3 | 3329/4000 [52:35<06:38,  1.68it/s, loss=0.0253]
Training Navine AI Image:  83%|########3 | 3329/4000 [52:35<06:38,  1.68it/s, loss=0.0073]
Training Navine AI Image:  83%|########3 | 3330/4000 [52:35<06:22,  1.75it/s, loss=0.0073]
Training Navine AI Image:  83%|########3 | 3330/4000 [52:35<06:22,  1.75it/s, loss=0.0133]
Training Navine AI Image:  83%|########3 | 3331/4000 [52:36<06:21,  1.75it/s, loss=0.0133]
Training Navine AI Image:  83%|########3 | 3331/4000 [52:36<06:21,  1.75it/s, loss=0.0022]
Training Navine AI Image:  83%|########3 | 3332/4000 [52:37<06:28,  1.72it/s, loss=0.0022]
Training Navine AI Image:  83%|########3 | 3332/4000 [52:37<06:28,  1.72it/s, loss=0.0050]
Training Navine AI Image:  83%|########3 | 3333/4000 [52:37<06:24,  1.73it/s, loss=0.0050]
Training Navine AI Image:  83%|########3 | 3333/4000 [52:37<06:24,  1.73it/s, loss=0.0021]
Training Navine AI Image:  83%|########3 | 3334/4000 [52:38<06:35,  1.68it/s, loss=0.0021]
Training Navine AI Image:  83%|########3 | 3334/4000 [52:38<06:35,  1.68it/s, loss=0.0022]
Training Navine AI Image:  83%|########3 | 3335/4000 [52:38<06:20,  1.75it/s, loss=0.0022]
Training Navine AI Image:  83%|########3 | 3335/4000 [52:38<06:20,  1.75it/s, loss=0.0157]
Training Navine AI Image:  83%|########3 | 3336/4000 [52:39<06:18,  1.76it/s, loss=0.0157]
Training Navine AI Image:  83%|########3 | 3336/4000 [52:39<06:18,  1.76it/s, loss=0.0046]
Training Navine AI Image:  83%|########3 | 3337/4000 [52:39<06:15,  1.76it/s, loss=0.0046]
Training Navine AI Image:  83%|########3 | 3337/4000 [52:39<06:15,  1.76it/s, loss=0.0071]
Training Navine AI Image:  83%|########3 | 3338/4000 [52:40<06:29,  1.70it/s, loss=0.0071]
Training Navine AI Image:  83%|########3 | 3338/4000 [52:40<06:29,  1.70it/s, loss=0.0118]
Training Navine AI Image:  83%|########3 | 3339/4000 [52:41<06:15,  1.76it/s, loss=0.0118]
Training Navine AI Image:  83%|########3 | 3339/4000 [52:41<06:15,  1.76it/s, loss=0.0031]
Training Navine AI Image:  84%|########3 | 3340/4000 [52:41<06:13,  1.77it/s, loss=0.0031]
Training Navine AI Image:  84%|########3 | 3340/4000 [52:41<06:13,  1.77it/s, loss=0.0063]
Training Navine AI Image:  84%|########3 | 3341/4000 [52:42<06:13,  1.77it/s, loss=0.0063]
Training Navine AI Image:  84%|########3 | 3341/4000 [52:42<06:13,  1.77it/s, loss=0.0103]
Training Navine AI Image:  84%|########3 | 3342/4000 [52:42<06:13,  1.76it/s, loss=0.0103]
Training Navine AI Image:  84%|########3 | 3342/4000 [52:42<06:13,  1.76it/s, loss=0.0018]
Training Navine AI Image:  84%|########3 | 3343/4000 [52:43<06:12,  1.76it/s, loss=0.0018]
Training Navine AI Image:  84%|########3 | 3343/4000 [52:43<06:12,  1.76it/s, loss=0.0180]
Training Navine AI Image:  84%|########3 | 3344/4000 [52:43<06:11,  1.76it/s, loss=0.0180]
Training Navine AI Image:  84%|########3 | 3344/4000 [52:43<06:11,  1.76it/s, loss=0.0041]
Training Navine AI Image:  84%|########3 | 3345/4000 [52:44<06:11,  1.76it/s, loss=0.0041]
Training Navine AI Image:  84%|########3 | 3345/4000 [52:44<06:11,  1.76it/s, loss=0.0067]
Training Navine AI Image:  84%|########3 | 3346/4000 [52:45<06:21,  1.71it/s, loss=0.0067]
Training Navine AI Image:  84%|########3 | 3346/4000 [52:45<06:21,  1.71it/s, loss=0.0211]
Training Navine AI Image:  84%|########3 | 3347/4000 [52:45<06:09,  1.77it/s, loss=0.0211]
Training Navine AI Image:  84%|########3 | 3347/4000 [52:45<06:09,  1.77it/s, loss=0.0114]
Training Navine AI Image:  84%|########3 | 3348/4000 [52:46<06:10,  1.76it/s, loss=0.0114]
Training Navine AI Image:  84%|########3 | 3348/4000 [52:46<06:10,  1.76it/s, loss=0.0040]
Training Navine AI Image:  84%|########3 | 3349/4000 [52:46<06:08,  1.77it/s, loss=0.0040]
Training Navine AI Image:  84%|########3 | 3349/4000 [52:46<06:08,  1.77it/s, loss=0.0033]
Training Navine AI Image:  84%|########3 | 3350/4000 [52:47<06:19,  1.71it/s, loss=0.0033]
Training Navine AI Image:  84%|########3 | 3350/4000 [52:47<06:19,  1.71it/s, loss=0.0078]
Training Navine AI Image:  84%|########3 | 3351/4000 [52:47<06:09,  1.76it/s, loss=0.0078]
Training Navine AI Image:  84%|########3 | 3351/4000 [52:47<06:09,  1.76it/s, loss=0.0087]
Training Navine AI Image:  84%|########3 | 3352/4000 [52:48<06:15,  1.73it/s, loss=0.0087]
Training Navine AI Image:  84%|########3 | 3352/4000 [52:48<06:15,  1.73it/s, loss=0.0270]
Training Navine AI Image:  84%|########3 | 3353/4000 [52:49<06:16,  1.72it/s, loss=0.0270]
Training Navine AI Image:  84%|########3 | 3353/4000 [52:49<06:16,  1.72it/s, loss=0.0059]
Training Navine AI Image:  84%|########3 | 3354/4000 [52:49<06:09,  1.75it/s, loss=0.0059]
Training Navine AI Image:  84%|########3 | 3354/4000 [52:49<06:09,  1.75it/s, loss=0.0258]
Training Navine AI Image:  84%|########3 | 3355/4000 [52:50<06:06,  1.76it/s, loss=0.0258]
Training Navine AI Image:  84%|########3 | 3355/4000 [52:50<06:06,  1.76it/s, loss=0.0640]
Training Navine AI Image:  84%|########3 | 3356/4000 [52:50<06:06,  1.76it/s, loss=0.0640]
Training Navine AI Image:  84%|########3 | 3356/4000 [52:50<06:06,  1.76it/s, loss=0.0538]
Training Navine AI Image:  84%|########3 | 3357/4000 [52:51<06:12,  1.73it/s, loss=0.0538]
Training Navine AI Image:  84%|########3 | 3357/4000 [52:51<06:12,  1.73it/s, loss=0.0086]
Training Navine AI Image:  84%|########3 | 3358/4000 [52:51<06:11,  1.73it/s, loss=0.0086]
Training Navine AI Image:  84%|########3 | 3358/4000 [52:51<06:11,  1.73it/s, loss=0.0087]
Training Navine AI Image:  84%|########3 | 3359/4000 [52:52<05:59,  1.78it/s, loss=0.0087]
Training Navine AI Image:  84%|########3 | 3359/4000 [52:52<05:59,  1.78it/s, loss=0.0367]
Training Navine AI Image:  84%|########4 | 3360/4000 [52:53<06:28,  1.65it/s, loss=0.0367]
Training Navine AI Image:  84%|########4 | 3360/4000 [52:53<06:28,  1.65it/s, loss=0.0051]
Training Navine AI Image:  84%|########4 | 3361/4000 [52:53<06:22,  1.67it/s, loss=0.0051]
Training Navine AI Image:  84%|########4 | 3361/4000 [52:53<06:22,  1.67it/s, loss=0.0478]
Training Navine AI Image:  84%|########4 | 3362/4000 [52:54<06:24,  1.66it/s, loss=0.0478]
Training Navine AI Image:  84%|########4 | 3362/4000 [52:54<06:24,  1.66it/s, loss=0.0051]
Training Navine AI Image:  84%|########4 | 3363/4000 [52:54<06:14,  1.70it/s, loss=0.0051]
Training Navine AI Image:  84%|########4 | 3363/4000 [52:54<06:14,  1.70it/s, loss=0.0038]
Training Navine AI Image:  84%|########4 | 3364/4000 [52:55<06:10,  1.71it/s, loss=0.0038]
Training Navine AI Image:  84%|########4 | 3364/4000 [52:55<06:10,  1.71it/s, loss=0.0113]
Training Navine AI Image:  84%|########4 | 3365/4000 [52:56<06:16,  1.69it/s, loss=0.0113]
Training Navine AI Image:  84%|########4 | 3365/4000 [52:56<06:16,  1.69it/s, loss=0.0355]
Training Navine AI Image:  84%|########4 | 3366/4000 [52:56<06:02,  1.75it/s, loss=0.0355]
Training Navine AI Image:  84%|########4 | 3366/4000 [52:56<06:02,  1.75it/s, loss=0.0054]
Training Navine AI Image:  84%|########4 | 3367/4000 [52:57<06:02,  1.75it/s, loss=0.0054]
Training Navine AI Image:  84%|########4 | 3367/4000 [52:57<06:02,  1.75it/s, loss=0.0158]
Training Navine AI Image:  84%|########4 | 3368/4000 [52:57<06:11,  1.70it/s, loss=0.0158]
Training Navine AI Image:  84%|########4 | 3368/4000 [52:57<06:11,  1.70it/s, loss=0.0049]
Training Navine AI Image:  84%|########4 | 3369/4000 [52:58<06:06,  1.72it/s, loss=0.0049]
Training Navine AI Image:  84%|########4 | 3369/4000 [52:58<06:06,  1.72it/s, loss=0.0044]
Training Navine AI Image:  84%|########4 | 3370/4000 [52:58<06:08,  1.71it/s, loss=0.0044]
Training Navine AI Image:  84%|########4 | 3370/4000 [52:59<06:08,  1.71it/s, loss=0.0084]
Training Navine AI Image:  84%|########4 | 3371/4000 [52:59<06:07,  1.71it/s, loss=0.0084]
Training Navine AI Image:  84%|########4 | 3371/4000 [52:59<06:07,  1.71it/s, loss=0.0190]
Training Navine AI Image:  84%|########4 | 3372/4000 [53:00<06:01,  1.74it/s, loss=0.0190]
Training Navine AI Image:  84%|########4 | 3372/4000 [53:00<06:01,  1.74it/s, loss=0.0034]
Training Navine AI Image:  84%|########4 | 3373/4000 [53:00<06:21,  1.64it/s, loss=0.0034]
Training Navine AI Image:  84%|########4 | 3373/4000 [53:00<06:21,  1.64it/s, loss=0.0080]
Training Navine AI Image:  84%|########4 | 3374/4000 [53:01<06:12,  1.68it/s, loss=0.0080]
Training Navine AI Image:  84%|########4 | 3374/4000 [53:01<06:12,  1.68it/s, loss=0.0065]
Training Navine AI Image:  84%|########4 | 3375/4000 [53:01<06:03,  1.72it/s, loss=0.0065]
Training Navine AI Image:  84%|########4 | 3375/4000 [53:01<06:03,  1.72it/s, loss=0.0093]
Training Navine AI Image:  84%|########4 | 3376/4000 [53:02<05:59,  1.74it/s, loss=0.0093]
Training Navine AI Image:  84%|########4 | 3376/4000 [53:02<05:59,  1.74it/s, loss=0.0197]
Training Navine AI Image:  84%|########4 | 3377/4000 [53:03<05:57,  1.74it/s, loss=0.0197]
Training Navine AI Image:  84%|########4 | 3377/4000 [53:03<05:57,  1.74it/s, loss=0.0548]
Training Navine AI Image:  84%|########4 | 3378/4000 [53:03<05:55,  1.75it/s, loss=0.0548]
Training Navine AI Image:  84%|########4 | 3378/4000 [53:03<05:55,  1.75it/s, loss=0.0141]
Training Navine AI Image:  84%|########4 | 3379/4000 [53:04<05:53,  1.76it/s, loss=0.0141]
Training Navine AI Image:  84%|########4 | 3379/4000 [53:04<05:53,  1.76it/s, loss=0.0199]
Training Navine AI Image:  84%|########4 | 3380/4000 [53:04<05:49,  1.77it/s, loss=0.0199]
Training Navine AI Image:  84%|########4 | 3380/4000 [53:04<05:49,  1.77it/s, loss=0.0042]
Training Navine AI Image:  85%|########4 | 3381/4000 [53:05<05:51,  1.76it/s, loss=0.0042]
Training Navine AI Image:  85%|########4 | 3381/4000 [53:05<05:51,  1.76it/s, loss=0.0030]
Training Navine AI Image:  85%|########4 | 3382/4000 [53:05<05:52,  1.75it/s, loss=0.0030]
Training Navine AI Image:  85%|########4 | 3382/4000 [53:05<05:52,  1.75it/s, loss=0.0302]
Training Navine AI Image:  85%|########4 | 3383/4000 [53:06<05:52,  1.75it/s, loss=0.0302]
Training Navine AI Image:  85%|########4 | 3383/4000 [53:06<05:52,  1.75it/s, loss=0.0054]
Training Navine AI Image:  85%|########4 | 3384/4000 [53:07<05:54,  1.74it/s, loss=0.0054]
Training Navine AI Image:  85%|########4 | 3384/4000 [53:07<05:54,  1.74it/s, loss=0.0477]
Training Navine AI Image:  85%|########4 | 3385/4000 [53:07<05:53,  1.74it/s, loss=0.0477]
Training Navine AI Image:  85%|########4 | 3385/4000 [53:07<05:53,  1.74it/s, loss=0.0880]
Training Navine AI Image:  85%|########4 | 3386/4000 [53:08<05:49,  1.76it/s, loss=0.0880]
Training Navine AI Image:  85%|########4 | 3386/4000 [53:08<05:49,  1.76it/s, loss=0.0043]
Training Navine AI Image:  85%|########4 | 3387/4000 [53:08<05:52,  1.74it/s, loss=0.0043]
Training Navine AI Image:  85%|########4 | 3387/4000 [53:08<05:52,  1.74it/s, loss=0.0092]
Training Navine AI Image:  85%|########4 | 3388/4000 [53:09<05:50,  1.74it/s, loss=0.0092]
Training Navine AI Image:  85%|########4 | 3388/4000 [53:09<05:50,  1.74it/s, loss=0.0080]
Training Navine AI Image:  85%|########4 | 3389/4000 [53:09<05:55,  1.72it/s, loss=0.0080]
Training Navine AI Image:  85%|########4 | 3389/4000 [53:09<05:55,  1.72it/s, loss=0.0142]
Training Navine AI Image:  85%|########4 | 3390/4000 [53:10<05:52,  1.73it/s, loss=0.0142]
Training Navine AI Image:  85%|########4 | 3390/4000 [53:10<05:52,  1.73it/s, loss=0.0076]
Training Navine AI Image:  85%|########4 | 3391/4000 [53:11<05:49,  1.74it/s, loss=0.0076]
Training Navine AI Image:  85%|########4 | 3391/4000 [53:11<05:49,  1.74it/s, loss=0.0029]
Training Navine AI Image:  85%|########4 | 3392/4000 [53:11<05:59,  1.69it/s, loss=0.0029]
Training Navine AI Image:  85%|########4 | 3392/4000 [53:11<05:59,  1.69it/s, loss=0.0102]
Training Navine AI Image:  85%|########4 | 3393/4000 [53:12<05:48,  1.74it/s, loss=0.0102]
Training Navine AI Image:  85%|########4 | 3393/4000 [53:12<05:48,  1.74it/s, loss=0.0204]
Training Navine AI Image:  85%|########4 | 3394/4000 [53:12<05:59,  1.69it/s, loss=0.0204]
Training Navine AI Image:  85%|########4 | 3394/4000 [53:12<05:59,  1.69it/s, loss=0.0075]
Training Navine AI Image:  85%|########4 | 3395/4000 [53:13<06:04,  1.66it/s, loss=0.0075]
Training Navine AI Image:  85%|########4 | 3395/4000 [53:13<06:04,  1.66it/s, loss=0.0023]
Training Navine AI Image:  85%|########4 | 3396/4000 [53:14<06:00,  1.67it/s, loss=0.0023]
Training Navine AI Image:  85%|########4 | 3396/4000 [53:14<06:00,  1.67it/s, loss=0.0060]
Training Navine AI Image:  85%|########4 | 3397/4000 [53:14<05:59,  1.68it/s, loss=0.0060]
Training Navine AI Image:  85%|########4 | 3397/4000 [53:14<05:59,  1.68it/s, loss=0.0072]
Training Navine AI Image:  85%|########4 | 3398/4000 [53:15<05:52,  1.71it/s, loss=0.0072]
Training Navine AI Image:  85%|########4 | 3398/4000 [53:15<05:52,  1.71it/s, loss=0.0032]
Training Navine AI Image:  85%|########4 | 3399/4000 [53:15<05:50,  1.71it/s, loss=0.0032]
Training Navine AI Image:  85%|########4 | 3399/4000 [53:15<05:50,  1.71it/s, loss=0.0034]
Training Navine AI Image:  85%|########5 | 3400/4000 [53:16<05:58,  1.67it/s, loss=0.0034]
Training Navine AI Image:  85%|########5 | 3400/4000 [53:16<05:58,  1.67it/s, loss=0.0017]
Training Navine AI Image:  85%|########5 | 3401/4000 [53:16<05:45,  1.73it/s, loss=0.0017]
Training Navine AI Image:  85%|########5 | 3401/4000 [53:16<05:45,  1.73it/s, loss=0.0040]
Training Navine AI Image:  85%|########5 | 3402/4000 [53:17<05:52,  1.70it/s, loss=0.0040]
Training Navine AI Image:  85%|########5 | 3402/4000 [53:17<05:52,  1.70it/s, loss=0.0282]
Training Navine AI Image:  85%|########5 | 3403/4000 [53:18<05:52,  1.69it/s, loss=0.0282]
Training Navine AI Image:  85%|########5 | 3403/4000 [53:18<05:52,  1.69it/s, loss=0.0105]
Training Navine AI Image:  85%|########5 | 3404/4000 [53:18<05:48,  1.71it/s, loss=0.0105]
Training Navine AI Image:  85%|########5 | 3404/4000 [53:18<05:48,  1.71it/s, loss=0.0196]
Training Navine AI Image:  85%|########5 | 3405/4000 [53:19<05:55,  1.67it/s, loss=0.0196]
Training Navine AI Image:  85%|########5 | 3405/4000 [53:19<05:55,  1.67it/s, loss=0.0049]
Training Navine AI Image:  85%|########5 | 3406/4000 [53:19<05:45,  1.72it/s, loss=0.0049]
Training Navine AI Image:  85%|########5 | 3406/4000 [53:19<05:45,  1.72it/s, loss=0.0063]
Training Navine AI Image:  85%|########5 | 3407/4000 [53:20<05:42,  1.73it/s, loss=0.0063]
Training Navine AI Image:  85%|########5 | 3407/4000 [53:20<05:42,  1.73it/s, loss=0.0067]
Training Navine AI Image:  85%|########5 | 3408/4000 [53:21<05:48,  1.70it/s, loss=0.0067]
Training Navine AI Image:  85%|########5 | 3408/4000 [53:21<05:48,  1.70it/s, loss=0.0037]
Training Navine AI Image:  85%|########5 | 3409/4000 [53:21<05:39,  1.74it/s, loss=0.0037]
Training Navine AI Image:  85%|########5 | 3409/4000 [53:21<05:39,  1.74it/s, loss=0.0208]
Training Navine AI Image:  85%|########5 | 3410/4000 [53:22<05:30,  1.78it/s, loss=0.0208]
Training Navine AI Image:  85%|########5 | 3410/4000 [53:22<05:30,  1.78it/s, loss=0.0089]
Training Navine AI Image:  85%|########5 | 3411/4000 [53:22<05:34,  1.76it/s, loss=0.0089]
Training Navine AI Image:  85%|########5 | 3411/4000 [53:22<05:34,  1.76it/s, loss=0.0051]
Training Navine AI Image:  85%|########5 | 3412/4000 [53:23<05:33,  1.77it/s, loss=0.0051]
Training Navine AI Image:  85%|########5 | 3412/4000 [53:23<05:33,  1.77it/s, loss=0.0017]
Training Navine AI Image:  85%|########5 | 3413/4000 [53:23<05:40,  1.72it/s, loss=0.0017]
Training Navine AI Image:  85%|########5 | 3413/4000 [53:23<05:40,  1.72it/s, loss=0.0051]
Training Navine AI Image:  85%|########5 | 3414/4000 [53:24<05:31,  1.77it/s, loss=0.0051]
Training Navine AI Image:  85%|########5 | 3414/4000 [53:24<05:31,  1.77it/s, loss=0.0023]
Training Navine AI Image:  85%|########5 | 3415/4000 [53:25<05:33,  1.75it/s, loss=0.0023]
Training Navine AI Image:  85%|########5 | 3415/4000 [53:25<05:33,  1.75it/s, loss=0.0042]
Training Navine AI Image:  85%|########5 | 3416/4000 [53:25<05:42,  1.70it/s, loss=0.0042]
Training Navine AI Image:  85%|########5 | 3416/4000 [53:25<05:42,  1.70it/s, loss=0.0065]
Training Navine AI Image:  85%|########5 | 3417/4000 [53:26<05:31,  1.76it/s, loss=0.0065]
Training Navine AI Image:  85%|########5 | 3417/4000 [53:26<05:31,  1.76it/s, loss=0.0142]
Training Navine AI Image:  85%|########5 | 3418/4000 [53:26<05:29,  1.77it/s, loss=0.0142]
Training Navine AI Image:  85%|########5 | 3418/4000 [53:26<05:29,  1.77it/s, loss=0.0064]
Training Navine AI Image:  85%|########5 | 3419/4000 [53:27<05:29,  1.76it/s, loss=0.0064]
Training Navine AI Image:  85%|########5 | 3419/4000 [53:27<05:29,  1.76it/s, loss=0.0344]
Training Navine AI Image:  86%|########5 | 3420/4000 [53:27<05:41,  1.70it/s, loss=0.0344]
Training Navine AI Image:  86%|########5 | 3420/4000 [53:27<05:41,  1.70it/s, loss=0.0034]
Training Navine AI Image:  86%|########5 | 3421/4000 [53:28<05:28,  1.76it/s, loss=0.0034]
Training Navine AI Image:  86%|########5 | 3421/4000 [53:28<05:28,  1.76it/s, loss=0.0137]
Training Navine AI Image:  86%|########5 | 3422/4000 [53:29<05:26,  1.77it/s, loss=0.0137]
Training Navine AI Image:  86%|########5 | 3422/4000 [53:29<05:26,  1.77it/s, loss=0.0065]
Training Navine AI Image:  86%|########5 | 3423/4000 [53:29<05:28,  1.76it/s, loss=0.0065]
Training Navine AI Image:  86%|########5 | 3423/4000 [53:29<05:28,  1.76it/s, loss=0.0043]
Training Navine AI Image:  86%|########5 | 3424/4000 [53:30<06:00,  1.60it/s, loss=0.0043]
Training Navine AI Image:  86%|########5 | 3424/4000 [53:30<06:00,  1.60it/s, loss=0.0097]
Training Navine AI Image:  86%|########5 | 3425/4000 [53:30<05:45,  1.66it/s, loss=0.0097]
Training Navine AI Image:  86%|########5 | 3425/4000 [53:30<05:45,  1.66it/s, loss=0.0082]
Training Navine AI Image:  86%|########5 | 3426/4000 [53:31<05:39,  1.69it/s, loss=0.0082]
Training Navine AI Image:  86%|########5 | 3426/4000 [53:31<05:39,  1.69it/s, loss=0.0267]
Training Navine AI Image:  86%|########5 | 3427/4000 [53:32<05:34,  1.71it/s, loss=0.0267]
Training Navine AI Image:  86%|########5 | 3427/4000 [53:32<05:34,  1.71it/s, loss=0.0026]
Training Navine AI Image:  86%|########5 | 3428/4000 [53:32<05:33,  1.71it/s, loss=0.0026]
Training Navine AI Image:  86%|########5 | 3428/4000 [53:32<05:33,  1.71it/s, loss=0.0069]
Training Navine AI Image:  86%|########5 | 3429/4000 [53:33<05:37,  1.69it/s, loss=0.0069]
Training Navine AI Image:  86%|########5 | 3429/4000 [53:33<05:37,  1.69it/s, loss=0.0165]
Training Navine AI Image:  86%|########5 | 3430/4000 [53:33<05:34,  1.71it/s, loss=0.0165]
Training Navine AI Image:  86%|########5 | 3430/4000 [53:33<05:34,  1.71it/s, loss=0.0148]
Training Navine AI Image:  86%|########5 | 3431/4000 [53:34<05:38,  1.68it/s, loss=0.0148]
Training Navine AI Image:  86%|########5 | 3431/4000 [53:34<05:38,  1.68it/s, loss=0.0053]
Training Navine AI Image:  86%|########5 | 3432/4000 [53:35<05:48,  1.63it/s, loss=0.0053]
Training Navine AI Image:  86%|########5 | 3432/4000 [53:35<05:48,  1.63it/s, loss=0.0122]
Training Navine AI Image:  86%|########5 | 3433/4000 [53:35<05:41,  1.66it/s, loss=0.0122]
Training Navine AI Image:  86%|########5 | 3433/4000 [53:35<05:41,  1.66it/s, loss=0.0407]
Training Navine AI Image:  86%|########5 | 3434/4000 [53:36<05:29,  1.72it/s, loss=0.0407]
Training Navine AI Image:  86%|########5 | 3434/4000 [53:36<05:29,  1.72it/s, loss=0.0017]
Training Navine AI Image:  86%|########5 | 3435/4000 [53:36<05:34,  1.69it/s, loss=0.0017]
Training Navine AI Image:  86%|########5 | 3435/4000 [53:36<05:34,  1.69it/s, loss=0.0214]
Training Navine AI Image:  86%|########5 | 3436/4000 [53:37<05:24,  1.74it/s, loss=0.0214]
Training Navine AI Image:  86%|########5 | 3436/4000 [53:37<05:24,  1.74it/s, loss=0.0127]
Training Navine AI Image:  86%|########5 | 3437/4000 [53:37<05:25,  1.73it/s, loss=0.0127]
Training Navine AI Image:  86%|########5 | 3437/4000 [53:37<05:25,  1.73it/s, loss=0.0021]
Training Navine AI Image:  86%|########5 | 3438/4000 [53:38<05:24,  1.73it/s, loss=0.0021]
Training Navine AI Image:  86%|########5 | 3438/4000 [53:38<05:24,  1.73it/s, loss=0.0104]
Training Navine AI Image:  86%|########5 | 3439/4000 [53:39<05:29,  1.70it/s, loss=0.0104]
Training Navine AI Image:  86%|########5 | 3439/4000 [53:39<05:29,  1.70it/s, loss=0.0062]
Training Navine AI Image:  86%|########6 | 3440/4000 [53:39<05:21,  1.74it/s, loss=0.0062]
Training Navine AI Image:  86%|########6 | 3440/4000 [53:39<05:21,  1.74it/s, loss=0.0027]
Training Navine AI Image:  86%|########6 | 3441/4000 [53:40<05:18,  1.75it/s, loss=0.0027]
Training Navine AI Image:  86%|########6 | 3441/4000 [53:40<05:18,  1.75it/s, loss=0.0023]
Training Navine AI Image:  86%|########6 | 3442/4000 [53:40<05:18,  1.75it/s, loss=0.0023]
Training Navine AI Image:  86%|########6 | 3442/4000 [53:40<05:18,  1.75it/s, loss=0.0071]
Training Navine AI Image:  86%|########6 | 3443/4000 [53:41<05:37,  1.65it/s, loss=0.0071]
Training Navine AI Image:  86%|########6 | 3443/4000 [53:41<05:37,  1.65it/s, loss=0.0094]
Training Navine AI Image:  86%|########6 | 3444/4000 [53:42<05:31,  1.68it/s, loss=0.0094]
Training Navine AI Image:  86%|########6 | 3444/4000 [53:42<05:31,  1.68it/s, loss=0.0067]
Training Navine AI Image:  86%|########6 | 3445/4000 [53:42<05:33,  1.66it/s, loss=0.0067]
Training Navine AI Image:  86%|########6 | 3445/4000 [53:42<05:33,  1.66it/s, loss=0.0118]
Training Navine AI Image:  86%|########6 | 3446/4000 [53:43<05:20,  1.73it/s, loss=0.0118]
Training Navine AI Image:  86%|########6 | 3446/4000 [53:43<05:20,  1.73it/s, loss=0.0069]
Training Navine AI Image:  86%|########6 | 3447/4000 [53:43<05:17,  1.74it/s, loss=0.0069]
Training Navine AI Image:  86%|########6 | 3447/4000 [53:43<05:17,  1.74it/s, loss=0.0560]
Training Navine AI Image:  86%|########6 | 3448/4000 [53:44<05:24,  1.70it/s, loss=0.0560]
Training Navine AI Image:  86%|########6 | 3448/4000 [53:44<05:24,  1.70it/s, loss=0.0114]
Training Navine AI Image:  86%|########6 | 3449/4000 [53:44<05:16,  1.74it/s, loss=0.0114]
Training Navine AI Image:  86%|########6 | 3449/4000 [53:44<05:16,  1.74it/s, loss=0.0292]
Training Navine AI Image:  86%|########6 | 3450/4000 [53:45<05:13,  1.76it/s, loss=0.0292]
Training Navine AI Image:  86%|########6 | 3450/4000 [53:45<05:13,  1.76it/s, loss=0.0190]
Training Navine AI Image:  86%|########6 | 3451/4000 [53:46<05:13,  1.75it/s, loss=0.0190]
Training Navine AI Image:  86%|########6 | 3451/4000 [53:46<05:13,  1.75it/s, loss=0.0055]
Training Navine AI Image:  86%|########6 | 3452/4000 [53:46<05:23,  1.69it/s, loss=0.0055]
Training Navine AI Image:  86%|########6 | 3452/4000 [53:46<05:23,  1.69it/s, loss=0.0153]
Training Navine AI Image:  86%|########6 | 3453/4000 [53:47<05:14,  1.74it/s, loss=0.0153]
Training Navine AI Image:  86%|########6 | 3453/4000 [53:47<05:14,  1.74it/s, loss=0.0129]
Training Navine AI Image:  86%|########6 | 3454/4000 [53:47<05:14,  1.74it/s, loss=0.0129]
Training Navine AI Image:  86%|########6 | 3454/4000 [53:47<05:14,  1.74it/s, loss=0.0064]
Training Navine AI Image:  86%|########6 | 3455/4000 [53:48<05:12,  1.74it/s, loss=0.0064]
Training Navine AI Image:  86%|########6 | 3455/4000 [53:48<05:12,  1.74it/s, loss=0.0107]
Training Navine AI Image:  86%|########6 | 3456/4000 [53:48<05:15,  1.73it/s, loss=0.0107]
Training Navine AI Image:  86%|########6 | 3456/4000 [53:49<05:15,  1.73it/s, loss=0.0074]
Training Navine AI Image:  86%|########6 | 3457/4000 [53:49<05:25,  1.67it/s, loss=0.0074]
Training Navine AI Image:  86%|########6 | 3457/4000 [53:49<05:25,  1.67it/s, loss=0.0267]
Training Navine AI Image:  86%|########6 | 3458/4000 [53:50<05:15,  1.72it/s, loss=0.0267]
Training Navine AI Image:  86%|########6 | 3458/4000 [53:50<05:15,  1.72it/s, loss=0.0052]
Training Navine AI Image:  86%|########6 | 3459/4000 [53:50<05:12,  1.73it/s, loss=0.0052]
Training Navine AI Image:  86%|########6 | 3459/4000 [53:50<05:12,  1.73it/s, loss=0.0033]
Training Navine AI Image:  86%|########6 | 3460/4000 [53:51<05:11,  1.73it/s, loss=0.0033]
Training Navine AI Image:  86%|########6 | 3460/4000 [53:51<05:11,  1.73it/s, loss=0.0050]
Training Navine AI Image:  87%|########6 | 3461/4000 [53:51<05:16,  1.70it/s, loss=0.0050]
Training Navine AI Image:  87%|########6 | 3461/4000 [53:51<05:16,  1.70it/s, loss=0.0243]
Training Navine AI Image:  87%|########6 | 3462/4000 [53:52<05:10,  1.73it/s, loss=0.0243]
Training Navine AI Image:  87%|########6 | 3462/4000 [53:52<05:10,  1.73it/s, loss=0.0042]
Training Navine AI Image:  87%|########6 | 3463/4000 [53:53<05:03,  1.77it/s, loss=0.0042]
Training Navine AI Image:  87%|########6 | 3463/4000 [53:53<05:03,  1.77it/s, loss=0.0109]
Training Navine AI Image:  87%|########6 | 3464/4000 [53:53<05:15,  1.70it/s, loss=0.0109]
Training Navine AI Image:  87%|########6 | 3464/4000 [53:53<05:15,  1.70it/s, loss=0.0160]
Training Navine AI Image:  87%|########6 | 3465/4000 [53:54<05:09,  1.73it/s, loss=0.0160]
Training Navine AI Image:  87%|########6 | 3465/4000 [53:54<05:09,  1.73it/s, loss=0.0120]
Training Navine AI Image:  87%|########6 | 3466/4000 [53:54<04:59,  1.78it/s, loss=0.0120]
Training Navine AI Image:  87%|########6 | 3466/4000 [53:54<04:59,  1.78it/s, loss=0.0078]
Training Navine AI Image:  87%|########6 | 3467/4000 [53:55<05:00,  1.78it/s, loss=0.0078]
Training Navine AI Image:  87%|########6 | 3467/4000 [53:55<05:00,  1.78it/s, loss=0.0194]
Training Navine AI Image:  87%|########6 | 3468/4000 [53:55<05:02,  1.76it/s, loss=0.0194]
Training Navine AI Image:  87%|########6 | 3468/4000 [53:55<05:02,  1.76it/s, loss=0.0091]
Training Navine AI Image:  87%|########6 | 3469/4000 [53:56<05:01,  1.76it/s, loss=0.0091]
Training Navine AI Image:  87%|########6 | 3469/4000 [53:56<05:01,  1.76it/s, loss=0.0052]
Training Navine AI Image:  87%|########6 | 3470/4000 [53:57<05:00,  1.76it/s, loss=0.0052]
Training Navine AI Image:  87%|########6 | 3470/4000 [53:57<05:00,  1.76it/s, loss=0.0114]
Training Navine AI Image:  87%|########6 | 3471/4000 [53:57<05:01,  1.76it/s, loss=0.0114]
Training Navine AI Image:  87%|########6 | 3471/4000 [53:57<05:01,  1.76it/s, loss=0.0053]
Training Navine AI Image:  87%|########6 | 3472/4000 [53:58<04:59,  1.76it/s, loss=0.0053]
Training Navine AI Image:  87%|########6 | 3472/4000 [53:58<04:59,  1.76it/s, loss=0.0073]
Training Navine AI Image:  87%|########6 | 3473/4000 [53:58<05:05,  1.73it/s, loss=0.0073]
Training Navine AI Image:  87%|########6 | 3473/4000 [53:58<05:05,  1.73it/s, loss=0.0042]
Training Navine AI Image:  87%|########6 | 3474/4000 [53:59<04:58,  1.76it/s, loss=0.0042]
Training Navine AI Image:  87%|########6 | 3474/4000 [53:59<04:58,  1.76it/s, loss=0.0457]
Training Navine AI Image:  87%|########6 | 3475/4000 [53:59<04:58,  1.76it/s, loss=0.0457]
Training Navine AI Image:  87%|########6 | 3475/4000 [53:59<04:58,  1.76it/s, loss=0.0203]
Training Navine AI Image:  87%|########6 | 3476/4000 [54:00<04:56,  1.77it/s, loss=0.0203]
Training Navine AI Image:  87%|########6 | 3476/4000 [54:00<04:56,  1.77it/s, loss=0.0027]
Training Navine AI Image:  87%|########6 | 3477/4000 [54:01<05:03,  1.72it/s, loss=0.0027]
Training Navine AI Image:  87%|########6 | 3477/4000 [54:01<05:03,  1.72it/s, loss=0.0199]
Training Navine AI Image:  87%|########6 | 3478/4000 [54:01<04:53,  1.78it/s, loss=0.0199]
Training Navine AI Image:  87%|########6 | 3478/4000 [54:01<04:53,  1.78it/s, loss=0.0070]
Training Navine AI Image:  87%|########6 | 3479/4000 [54:02<04:59,  1.74it/s, loss=0.0070]
Training Navine AI Image:  87%|########6 | 3479/4000 [54:02<04:59,  1.74it/s, loss=0.0098]
Training Navine AI Image:  87%|########7 | 3480/4000 [54:02<04:59,  1.74it/s, loss=0.0098]
Training Navine AI Image:  87%|########7 | 3480/4000 [54:02<04:59,  1.74it/s, loss=0.0031]
Training Navine AI Image:  87%|########7 | 3481/4000 [54:03<05:03,  1.71it/s, loss=0.0031]
Training Navine AI Image:  87%|########7 | 3481/4000 [54:03<05:03,  1.71it/s, loss=0.0064]
Training Navine AI Image:  87%|########7 | 3482/4000 [54:03<04:54,  1.76it/s, loss=0.0064]
Training Navine AI Image:  87%|########7 | 3482/4000 [54:03<04:54,  1.76it/s, loss=0.0039]
Training Navine AI Image:  87%|########7 | 3483/4000 [54:04<04:54,  1.75it/s, loss=0.0039]
Training Navine AI Image:  87%|########7 | 3483/4000 [54:04<04:54,  1.75it/s, loss=0.0048]
Training Navine AI Image:  87%|########7 | 3484/4000 [54:05<04:57,  1.73it/s, loss=0.0048]
Training Navine AI Image:  87%|########7 | 3484/4000 [54:05<04:57,  1.73it/s, loss=0.0157]
Training Navine AI Image:  87%|########7 | 3485/4000 [54:05<04:58,  1.73it/s, loss=0.0157]
Training Navine AI Image:  87%|########7 | 3485/4000 [54:05<04:58,  1.73it/s, loss=0.0097]
Training Navine AI Image:  87%|########7 | 3486/4000 [54:06<04:56,  1.73it/s, loss=0.0097]
Training Navine AI Image:  87%|########7 | 3486/4000 [54:06<04:56,  1.73it/s, loss=0.0032]
Training Navine AI Image:  87%|########7 | 3487/4000 [54:06<05:00,  1.71it/s, loss=0.0032]
Training Navine AI Image:  87%|########7 | 3487/4000 [54:06<05:00,  1.71it/s, loss=0.0104]
Training Navine AI Image:  87%|########7 | 3488/4000 [54:07<04:58,  1.72it/s, loss=0.0104]
Training Navine AI Image:  87%|########7 | 3488/4000 [54:07<04:58,  1.72it/s, loss=0.0185]
Training Navine AI Image:  87%|########7 | 3489/4000 [54:07<04:56,  1.73it/s, loss=0.0185]
Training Navine AI Image:  87%|########7 | 3489/4000 [54:07<04:56,  1.73it/s, loss=0.0189]
Training Navine AI Image:  87%|########7 | 3490/4000 [54:08<04:52,  1.74it/s, loss=0.0189]
Training Navine AI Image:  87%|########7 | 3490/4000 [54:08<04:52,  1.74it/s, loss=0.0119]
Training Navine AI Image:  87%|########7 | 3491/4000 [54:09<04:50,  1.75it/s, loss=0.0119]
Training Navine AI Image:  87%|########7 | 3491/4000 [54:09<04:50,  1.75it/s, loss=0.0042]
Training Navine AI Image:  87%|########7 | 3492/4000 [54:09<04:56,  1.72it/s, loss=0.0042]
Training Navine AI Image:  87%|########7 | 3492/4000 [54:09<04:56,  1.72it/s, loss=0.0196]
Training Navine AI Image:  87%|########7 | 3493/4000 [54:10<04:48,  1.76it/s, loss=0.0196]
Training Navine AI Image:  87%|########7 | 3493/4000 [54:10<04:48,  1.76it/s, loss=0.0202]
Training Navine AI Image:  87%|########7 | 3494/4000 [54:10<04:47,  1.76it/s, loss=0.0202]
Training Navine AI Image:  87%|########7 | 3494/4000 [54:10<04:47,  1.76it/s, loss=0.0084]
Training Navine AI Image:  87%|########7 | 3495/4000 [54:11<04:43,  1.78it/s, loss=0.0084]
Training Navine AI Image:  87%|########7 | 3495/4000 [54:11<04:43,  1.78it/s, loss=0.0029]
Training Navine AI Image:  87%|########7 | 3496/4000 [54:11<04:46,  1.76it/s, loss=0.0029]
Training Navine AI Image:  87%|########7 | 3496/4000 [54:11<04:46,  1.76it/s, loss=0.0047]
Training Navine AI Image:  87%|########7 | 3497/4000 [54:12<04:46,  1.76it/s, loss=0.0047]
Training Navine AI Image:  87%|########7 | 3497/4000 [54:12<04:46,  1.76it/s, loss=0.0021]
Training Navine AI Image:  87%|########7 | 3498/4000 [54:13<04:45,  1.76it/s, loss=0.0021]
Training Navine AI Image:  87%|########7 | 3498/4000 [54:13<04:45,  1.76it/s, loss=0.0066]
Training Navine AI Image:  87%|########7 | 3499/4000 [54:13<04:48,  1.73it/s, loss=0.0066]
Training Navine AI Image:  87%|########7 | 3499/4000 [54:13<04:48,  1.73it/s, loss=0.0093]
Training Navine AI Image:  88%|########7 | 3500/4000 [54:14<04:41,  1.78it/s, loss=0.0093]
Training Navine AI Image:  88%|########7 | 3500/4000 [54:14<04:41,  1.78it/s, loss=0.0101]
Training Navine AI Image:  88%|########7 | 3501/4000 [57:33<8:20:52, 60.23s/it, loss=0.0101]
Training Navine AI Image:  88%|########7 | 3501/4000 [57:33<8:20:52, 60.23s/it, loss=0.0117]
Training Navine AI Image:  88%|########7 | 3502/4000 [57:34<5:51:20, 42.33s/it, loss=0.0117]
Training Navine AI Image:  88%|########7 | 3502/4000 [57:34<5:51:20, 42.33s/it, loss=0.0038]
Training Navine AI Image:  88%|########7 | 3503/4000 [57:34<4:06:44, 29.79s/it, loss=0.0038]
Training Navine AI Image:  88%|########7 | 3503/4000 [57:34<4:06:44, 29.79s/it, loss=0.0036]
Training Navine AI Image:  88%|########7 | 3504/4000 [57:35<2:53:52, 21.03s/it, loss=0.0036]
Training Navine AI Image:  88%|########7 | 3504/4000 [57:35<2:53:52, 21.03s/it, loss=0.0082]
Training Navine AI Image:  88%|########7 | 3505/4000 [57:35<2:02:53, 14.90s/it, loss=0.0082]
Training Navine AI Image:  88%|########7 | 3505/4000 [57:35<2:02:53, 14.90s/it, loss=0.0077]
Training Navine AI Image:  88%|########7 | 3506/4000 [57:36<1:27:19, 10.61s/it, loss=0.0077]
Training Navine AI Image:  88%|########7 | 3506/4000 [57:36<1:27:19, 10.61s/it, loss=0.0101]
Training Navine AI Image:  88%|########7 | 3507/4000 [57:37<1:02:34,  7.62s/it, loss=0.0101]
Training Navine AI Image:  88%|########7 | 3507/4000 [57:37<1:02:34,  7.62s/it, loss=0.0044]
Training Navine AI Image:  88%|########7 | 3508/4000 [57:37<44:59,  5.49s/it, loss=0.0044]  
Training Navine AI Image:  88%|########7 | 3508/4000 [57:37<44:59,  5.49s/it, loss=0.0088]
Training Navine AI Image:  88%|########7 | 3509/4000 [57:38<32:47,  4.01s/it, loss=0.0088]
Training Navine AI Image:  88%|########7 | 3509/4000 [57:38<32:47,  4.01s/it, loss=0.0468]
Training Navine AI Image:  88%|########7 | 3510/4000 [57:38<24:18,  2.98s/it, loss=0.0468]
Training Navine AI Image:  88%|########7 | 3510/4000 [57:38<24:18,  2.98s/it, loss=0.0059]
Training Navine AI Image:  88%|########7 | 3511/4000 [57:39<18:30,  2.27s/it, loss=0.0059]
Training Navine AI Image:  88%|########7 | 3511/4000 [57:39<18:30,  2.27s/it, loss=0.0683]
Training Navine AI Image:  88%|########7 | 3512/4000 [57:39<14:17,  1.76s/it, loss=0.0683]
Training Navine AI Image:  88%|########7 | 3512/4000 [57:39<14:17,  1.76s/it, loss=0.0343]
Training Navine AI Image:  88%|########7 | 3513/4000 [57:40<11:17,  1.39s/it, loss=0.0343]
Training Navine AI Image:  88%|########7 | 3513/4000 [57:40<11:17,  1.39s/it, loss=0.0082]
Training Navine AI Image:  88%|########7 | 3514/4000 [57:41<09:18,  1.15s/it, loss=0.0082]
Training Navine AI Image:  88%|########7 | 3514/4000 [57:41<09:18,  1.15s/it, loss=0.0096]
Training Navine AI Image:  88%|########7 | 3515/4000 [57:41<08:00,  1.01it/s, loss=0.0096]
Training Navine AI Image:  88%|########7 | 3515/4000 [57:41<08:00,  1.01it/s, loss=0.0126]
Training Navine AI Image:  88%|########7 | 3516/4000 [57:42<06:50,  1.18it/s, loss=0.0126]
Training Navine AI Image:  88%|########7 | 3516/4000 [57:42<06:50,  1.18it/s, loss=0.0011]
Training Navine AI Image:  88%|########7 | 3517/4000 [57:42<06:09,  1.31it/s, loss=0.0011]
Training Navine AI Image:  88%|########7 | 3517/4000 [57:42<06:09,  1.31it/s, loss=0.0066]
Training Navine AI Image:  88%|########7 | 3518/4000 [57:43<05:41,  1.41it/s, loss=0.0066]
Training Navine AI Image:  88%|########7 | 3518/4000 [57:43<05:41,  1.41it/s, loss=0.0068]
Training Navine AI Image:  88%|########7 | 3519/4000 [57:43<05:29,  1.46it/s, loss=0.0068]
Training Navine AI Image:  88%|########7 | 3519/4000 [57:43<05:29,  1.46it/s, loss=0.0084]
Training Navine AI Image:  88%|########8 | 3520/4000 [57:44<05:05,  1.57it/s, loss=0.0084]
Training Navine AI Image:  88%|########8 | 3520/4000 [57:44<05:05,  1.57it/s, loss=0.0126]
Training Navine AI Image:  88%|########8 | 3521/4000 [57:45<04:55,  1.62it/s, loss=0.0126]
Training Navine AI Image:  88%|########8 | 3521/4000 [57:45<04:55,  1.62it/s, loss=0.0123]
Training Navine AI Image:  88%|########8 | 3522/4000 [57:45<04:54,  1.62it/s, loss=0.0123]
Training Navine AI Image:  88%|########8 | 3522/4000 [57:45<04:54,  1.62it/s, loss=0.0016]
Training Navine AI Image:  88%|########8 | 3523/4000 [57:46<04:40,  1.70it/s, loss=0.0016]
Training Navine AI Image:  88%|########8 | 3523/4000 [57:46<04:40,  1.70it/s, loss=0.0166]
Training Navine AI Image:  88%|########8 | 3524/4000 [57:46<04:36,  1.72it/s, loss=0.0166]
Training Navine AI Image:  88%|########8 | 3524/4000 [57:46<04:36,  1.72it/s, loss=0.0039]
Training Navine AI Image:  88%|########8 | 3525/4000 [57:47<04:34,  1.73it/s, loss=0.0039]
Training Navine AI Image:  88%|########8 | 3525/4000 [57:47<04:34,  1.73it/s, loss=0.0031]
Training Navine AI Image:  88%|########8 | 3526/4000 [57:47<04:41,  1.69it/s, loss=0.0031]
Training Navine AI Image:  88%|########8 | 3526/4000 [57:47<04:41,  1.69it/s, loss=0.0170]
Training Navine AI Image:  88%|########8 | 3527/4000 [57:48<04:30,  1.75it/s, loss=0.0170]
Training Navine AI Image:  88%|########8 | 3527/4000 [57:48<04:30,  1.75it/s, loss=0.0040]
Training Navine AI Image:  88%|########8 | 3528/4000 [57:49<04:31,  1.74it/s, loss=0.0040]
Training Navine AI Image:  88%|########8 | 3528/4000 [57:49<04:31,  1.74it/s, loss=0.0100]
Training Navine AI Image:  88%|########8 | 3529/4000 [57:49<04:38,  1.69it/s, loss=0.0100]
Training Navine AI Image:  88%|########8 | 3529/4000 [57:49<04:38,  1.69it/s, loss=0.0071]
Training Navine AI Image:  88%|########8 | 3530/4000 [57:50<04:33,  1.72it/s, loss=0.0071]
Training Navine AI Image:  88%|########8 | 3530/4000 [57:50<04:33,  1.72it/s, loss=0.0046]
Training Navine AI Image:  88%|########8 | 3531/4000 [57:50<04:27,  1.75it/s, loss=0.0046]
Training Navine AI Image:  88%|########8 | 3531/4000 [57:50<04:27,  1.75it/s, loss=0.0231]
Training Navine AI Image:  88%|########8 | 3532/4000 [57:51<04:27,  1.75it/s, loss=0.0231]
Training Navine AI Image:  88%|########8 | 3532/4000 [57:51<04:27,  1.75it/s, loss=0.0116]
Training Navine AI Image:  88%|########8 | 3533/4000 [57:52<04:33,  1.71it/s, loss=0.0116]
Training Navine AI Image:  88%|########8 | 3533/4000 [57:52<04:33,  1.71it/s, loss=0.0381]
Training Navine AI Image:  88%|########8 | 3534/4000 [57:52<04:25,  1.76it/s, loss=0.0381]
Training Navine AI Image:  88%|########8 | 3534/4000 [57:52<04:25,  1.76it/s, loss=0.0072]
Training Navine AI Image:  88%|########8 | 3535/4000 [57:53<04:29,  1.73it/s, loss=0.0072]
Training Navine AI Image:  88%|########8 | 3535/4000 [57:53<04:29,  1.73it/s, loss=0.0069]
Training Navine AI Image:  88%|########8 | 3536/4000 [57:53<04:33,  1.70it/s, loss=0.0069]
Training Navine AI Image:  88%|########8 | 3536/4000 [57:53<04:33,  1.70it/s, loss=0.0051]
Training Navine AI Image:  88%|########8 | 3537/4000 [57:54<04:24,  1.75it/s, loss=0.0051]
Training Navine AI Image:  88%|########8 | 3537/4000 [57:54<04:24,  1.75it/s, loss=0.0068]
Training Navine AI Image:  88%|########8 | 3538/4000 [57:54<04:22,  1.76it/s, loss=0.0068]
Training Navine AI Image:  88%|########8 | 3538/4000 [57:54<04:22,  1.76it/s, loss=0.0085]
Training Navine AI Image:  88%|########8 | 3539/4000 [57:55<04:25,  1.73it/s, loss=0.0085]
Training Navine AI Image:  88%|########8 | 3539/4000 [57:55<04:25,  1.73it/s, loss=0.0061]
Training Navine AI Image:  88%|########8 | 3540/4000 [57:56<04:23,  1.74it/s, loss=0.0061]
Training Navine AI Image:  88%|########8 | 3540/4000 [57:56<04:23,  1.74it/s, loss=0.0062]
Training Navine AI Image:  89%|########8 | 3541/4000 [57:56<04:18,  1.77it/s, loss=0.0062]
Training Navine AI Image:  89%|########8 | 3541/4000 [57:56<04:18,  1.77it/s, loss=0.0150]
Training Navine AI Image:  89%|########8 | 3542/4000 [57:57<04:18,  1.77it/s, loss=0.0150]
Training Navine AI Image:  89%|########8 | 3542/4000 [57:57<04:18,  1.77it/s, loss=0.0319]
Training Navine AI Image:  89%|########8 | 3543/4000 [57:57<04:16,  1.78it/s, loss=0.0319]
Training Navine AI Image:  89%|########8 | 3543/4000 [57:57<04:16,  1.78it/s, loss=0.0032]
Training Navine AI Image:  89%|########8 | 3544/4000 [57:58<04:23,  1.73it/s, loss=0.0032]
Training Navine AI Image:  89%|########8 | 3544/4000 [57:58<04:23,  1.73it/s, loss=0.0085]
Training Navine AI Image:  89%|########8 | 3545/4000 [57:58<04:17,  1.77it/s, loss=0.0085]
Training Navine AI Image:  89%|########8 | 3545/4000 [57:58<04:17,  1.77it/s, loss=0.0110]
Training Navine AI Image:  89%|########8 | 3546/4000 [57:59<04:16,  1.77it/s, loss=0.0110]
Training Navine AI Image:  89%|########8 | 3546/4000 [57:59<04:16,  1.77it/s, loss=0.0191]
Training Navine AI Image:  89%|########8 | 3547/4000 [57:59<04:15,  1.78it/s, loss=0.0191]
Training Navine AI Image:  89%|########8 | 3547/4000 [58:00<04:15,  1.78it/s, loss=0.0082]
Training Navine AI Image:  89%|########8 | 3548/4000 [58:00<04:19,  1.74it/s, loss=0.0082]
Training Navine AI Image:  89%|########8 | 3548/4000 [58:00<04:19,  1.74it/s, loss=0.0041]
Training Navine AI Image:  89%|########8 | 3549/4000 [58:01<04:17,  1.75it/s, loss=0.0041]
Training Navine AI Image:  89%|########8 | 3549/4000 [58:01<04:17,  1.75it/s, loss=0.0185]
Training Navine AI Image:  89%|########8 | 3550/4000 [58:01<04:16,  1.75it/s, loss=0.0185]
Training Navine AI Image:  89%|########8 | 3550/4000 [58:01<04:16,  1.75it/s, loss=0.0131]
Training Navine AI Image:  89%|########8 | 3551/4000 [58:02<04:24,  1.70it/s, loss=0.0131]
Training Navine AI Image:  89%|########8 | 3551/4000 [58:02<04:24,  1.70it/s, loss=0.0091]
Training Navine AI Image:  89%|########8 | 3552/4000 [58:02<04:12,  1.78it/s, loss=0.0091]
Training Navine AI Image:  89%|########8 | 3552/4000 [58:02<04:12,  1.78it/s, loss=0.0060]
Training Navine AI Image:  89%|########8 | 3553/4000 [58:03<04:11,  1.77it/s, loss=0.0060]
Training Navine AI Image:  89%|########8 | 3553/4000 [58:03<04:11,  1.77it/s, loss=0.0041]
Training Navine AI Image:  89%|########8 | 3554/4000 [58:03<04:12,  1.77it/s, loss=0.0041]
Training Navine AI Image:  89%|########8 | 3554/4000 [58:04<04:12,  1.77it/s, loss=0.0061]
Training Navine AI Image:  89%|########8 | 3555/4000 [58:04<04:20,  1.71it/s, loss=0.0061]
Training Navine AI Image:  89%|########8 | 3555/4000 [58:04<04:20,  1.71it/s, loss=0.0055]
Training Navine AI Image:  89%|########8 | 3556/4000 [58:05<04:17,  1.73it/s, loss=0.0055]
Training Navine AI Image:  89%|########8 | 3556/4000 [58:05<04:17,  1.73it/s, loss=0.0038]
Training Navine AI Image:  89%|########8 | 3557/4000 [58:05<04:12,  1.75it/s, loss=0.0038]
Training Navine AI Image:  89%|########8 | 3557/4000 [58:05<04:12,  1.75it/s, loss=0.0632]
Training Navine AI Image:  89%|########8 | 3558/4000 [58:06<04:12,  1.75it/s, loss=0.0632]
Training Navine AI Image:  89%|########8 | 3558/4000 [58:06<04:12,  1.75it/s, loss=0.0083]
Training Navine AI Image:  89%|########8 | 3559/4000 [58:06<04:11,  1.75it/s, loss=0.0083]
Training Navine AI Image:  89%|########8 | 3559/4000 [58:06<04:11,  1.75it/s, loss=0.0190]
Training Navine AI Image:  89%|########9 | 3560/4000 [58:07<04:10,  1.75it/s, loss=0.0190]
Training Navine AI Image:  89%|########9 | 3560/4000 [58:07<04:10,  1.75it/s, loss=0.0088]
Training Navine AI Image:  89%|########9 | 3561/4000 [58:07<04:09,  1.76it/s, loss=0.0088]
Training Navine AI Image:  89%|########9 | 3561/4000 [58:08<04:09,  1.76it/s, loss=0.0081]
Training Navine AI Image:  89%|########9 | 3562/4000 [58:08<04:17,  1.70it/s, loss=0.0081]
Training Navine AI Image:  89%|########9 | 3562/4000 [58:08<04:17,  1.70it/s, loss=0.0046]
Training Navine AI Image:  89%|########9 | 3563/4000 [58:09<04:14,  1.72it/s, loss=0.0046]
Training Navine AI Image:  89%|########9 | 3563/4000 [58:09<04:14,  1.72it/s, loss=0.0083]
Training Navine AI Image:  89%|########9 | 3564/4000 [58:09<04:17,  1.69it/s, loss=0.0083]
Training Navine AI Image:  89%|########9 | 3564/4000 [58:09<04:17,  1.69it/s, loss=0.0088]
Training Navine AI Image:  89%|########9 | 3565/4000 [58:10<04:16,  1.70it/s, loss=0.0088]
Training Navine AI Image:  89%|########9 | 3565/4000 [58:10<04:16,  1.70it/s, loss=0.0063]
Training Navine AI Image:  89%|########9 | 3566/4000 [58:10<04:09,  1.74it/s, loss=0.0063]
Training Navine AI Image:  89%|########9 | 3566/4000 [58:10<04:09,  1.74it/s, loss=0.0071]
Training Navine AI Image:  89%|########9 | 3567/4000 [58:11<04:09,  1.73it/s, loss=0.0071]
Training Navine AI Image:  89%|########9 | 3567/4000 [58:11<04:09,  1.73it/s, loss=0.0059]
Training Navine AI Image:  89%|########9 | 3568/4000 [58:12<04:12,  1.71it/s, loss=0.0059]
Training Navine AI Image:  89%|########9 | 3568/4000 [58:12<04:12,  1.71it/s, loss=0.0030]
Training Navine AI Image:  89%|########9 | 3569/4000 [58:12<04:19,  1.66it/s, loss=0.0030]
Training Navine AI Image:  89%|########9 | 3569/4000 [58:12<04:19,  1.66it/s, loss=0.0143]
Training Navine AI Image:  89%|########9 | 3570/4000 [58:13<04:20,  1.65it/s, loss=0.0143]
Training Navine AI Image:  89%|########9 | 3570/4000 [58:13<04:20,  1.65it/s, loss=0.0077]
Training Navine AI Image:  89%|########9 | 3571/4000 [58:13<04:09,  1.72it/s, loss=0.0077]
Training Navine AI Image:  89%|########9 | 3571/4000 [58:13<04:09,  1.72it/s, loss=0.0088]
Training Navine AI Image:  89%|########9 | 3572/4000 [58:14<04:06,  1.74it/s, loss=0.0088]
Training Navine AI Image:  89%|########9 | 3572/4000 [58:14<04:06,  1.74it/s, loss=0.0111]
Training Navine AI Image:  89%|########9 | 3573/4000 [58:15<04:07,  1.73it/s, loss=0.0111]
Training Navine AI Image:  89%|########9 | 3573/4000 [58:15<04:07,  1.73it/s, loss=0.0013]
Training Navine AI Image:  89%|########9 | 3574/4000 [58:15<04:04,  1.74it/s, loss=0.0013]
Training Navine AI Image:  89%|########9 | 3574/4000 [58:15<04:04,  1.74it/s, loss=0.0068]
Training Navine AI Image:  89%|########9 | 3575/4000 [58:16<04:02,  1.75it/s, loss=0.0068]
Training Navine AI Image:  89%|########9 | 3575/4000 [58:16<04:02,  1.75it/s, loss=0.0205]
Training Navine AI Image:  89%|########9 | 3576/4000 [58:16<04:05,  1.73it/s, loss=0.0205]
Training Navine AI Image:  89%|########9 | 3576/4000 [58:16<04:05,  1.73it/s, loss=0.0029]
Training Navine AI Image:  89%|########9 | 3577/4000 [58:17<04:04,  1.73it/s, loss=0.0029]
Training Navine AI Image:  89%|########9 | 3577/4000 [58:17<04:04,  1.73it/s, loss=0.0053]
Training Navine AI Image:  89%|########9 | 3578/4000 [58:17<04:06,  1.71it/s, loss=0.0053]
Training Navine AI Image:  89%|########9 | 3578/4000 [58:17<04:06,  1.71it/s, loss=0.0176]
Training Navine AI Image:  89%|########9 | 3579/4000 [58:18<03:58,  1.76it/s, loss=0.0176]
Training Navine AI Image:  89%|########9 | 3579/4000 [58:18<03:58,  1.76it/s, loss=0.0086]
Training Navine AI Image:  90%|########9 | 3580/4000 [58:19<03:58,  1.76it/s, loss=0.0086]
Training Navine AI Image:  90%|########9 | 3580/4000 [58:19<03:58,  1.76it/s, loss=0.0022]
Training Navine AI Image:  90%|########9 | 3581/4000 [58:19<03:58,  1.76it/s, loss=0.0022]
Training Navine AI Image:  90%|########9 | 3581/4000 [58:19<03:58,  1.76it/s, loss=0.0171]
Training Navine AI Image:  90%|########9 | 3582/4000 [58:20<03:56,  1.77it/s, loss=0.0171]
Training Navine AI Image:  90%|########9 | 3582/4000 [58:20<03:56,  1.77it/s, loss=0.0110]
Training Navine AI Image:  90%|########9 | 3583/4000 [58:20<03:52,  1.79it/s, loss=0.0110]
Training Navine AI Image:  90%|########9 | 3583/4000 [58:20<03:52,  1.79it/s, loss=0.0053]
Training Navine AI Image:  90%|########9 | 3584/4000 [58:21<03:53,  1.78it/s, loss=0.0053]
Training Navine AI Image:  90%|########9 | 3584/4000 [58:21<03:53,  1.78it/s, loss=0.0230]
Training Navine AI Image:  90%|########9 | 3585/4000 [58:21<03:55,  1.77it/s, loss=0.0230]
Training Navine AI Image:  90%|########9 | 3585/4000 [58:21<03:55,  1.77it/s, loss=0.0076]
Training Navine AI Image:  90%|########9 | 3586/4000 [58:22<04:00,  1.72it/s, loss=0.0076]
Training Navine AI Image:  90%|########9 | 3586/4000 [58:22<04:00,  1.72it/s, loss=0.0017]
Training Navine AI Image:  90%|########9 | 3587/4000 [58:22<03:51,  1.78it/s, loss=0.0017]
Training Navine AI Image:  90%|########9 | 3587/4000 [58:23<03:51,  1.78it/s, loss=0.0092]
Training Navine AI Image:  90%|########9 | 3588/4000 [58:23<03:54,  1.76it/s, loss=0.0092]
Training Navine AI Image:  90%|########9 | 3588/4000 [58:23<03:54,  1.76it/s, loss=0.0115]
Training Navine AI Image:  90%|########9 | 3589/4000 [58:24<03:53,  1.76it/s, loss=0.0115]
Training Navine AI Image:  90%|########9 | 3589/4000 [58:24<03:53,  1.76it/s, loss=0.0786]
Training Navine AI Image:  90%|########9 | 3590/4000 [58:24<03:58,  1.72it/s, loss=0.0786]
Training Navine AI Image:  90%|########9 | 3590/4000 [58:24<03:58,  1.72it/s, loss=0.0037]
Training Navine AI Image:  90%|########9 | 3591/4000 [58:25<03:58,  1.72it/s, loss=0.0037]
Training Navine AI Image:  90%|########9 | 3591/4000 [58:25<03:58,  1.72it/s, loss=0.0244]
Training Navine AI Image:  90%|########9 | 3592/4000 [58:25<04:02,  1.68it/s, loss=0.0244]
Training Navine AI Image:  90%|########9 | 3592/4000 [58:25<04:02,  1.68it/s, loss=0.0093]
Training Navine AI Image:  90%|########9 | 3593/4000 [58:26<04:01,  1.68it/s, loss=0.0093]
Training Navine AI Image:  90%|########9 | 3593/4000 [58:26<04:01,  1.68it/s, loss=0.0030]
Training Navine AI Image:  90%|########9 | 3594/4000 [58:27<03:55,  1.72it/s, loss=0.0030]
Training Navine AI Image:  90%|########9 | 3594/4000 [58:27<03:55,  1.72it/s, loss=0.0056]
Training Navine AI Image:  90%|########9 | 3595/4000 [58:27<03:56,  1.71it/s, loss=0.0056]
Training Navine AI Image:  90%|########9 | 3595/4000 [58:27<03:56,  1.71it/s, loss=0.0193]
Training Navine AI Image:  90%|########9 | 3596/4000 [58:28<03:57,  1.70it/s, loss=0.0193]
Training Navine AI Image:  90%|########9 | 3596/4000 [58:28<03:57,  1.70it/s, loss=0.0036]
Training Navine AI Image:  90%|########9 | 3597/4000 [58:28<03:53,  1.72it/s, loss=0.0036]
Training Navine AI Image:  90%|########9 | 3597/4000 [58:28<03:53,  1.72it/s, loss=0.0070]
Training Navine AI Image:  90%|########9 | 3598/4000 [58:29<03:56,  1.70it/s, loss=0.0070]
Training Navine AI Image:  90%|########9 | 3598/4000 [58:29<03:56,  1.70it/s, loss=0.0084]
Training Navine AI Image:  90%|########9 | 3599/4000 [58:29<03:49,  1.75it/s, loss=0.0084]
Training Navine AI Image:  90%|########9 | 3599/4000 [58:30<03:49,  1.75it/s, loss=0.0082]
Training Navine AI Image:  90%|######### | 3600/4000 [58:30<03:50,  1.73it/s, loss=0.0082]
Training Navine AI Image:  90%|######### | 3600/4000 [58:30<03:50,  1.73it/s, loss=0.0158]
Training Navine AI Image:  90%|######### | 3601/4000 [58:31<03:50,  1.73it/s, loss=0.0158]
Training Navine AI Image:  90%|######### | 3601/4000 [58:31<03:50,  1.73it/s, loss=0.0340]
Training Navine AI Image:  90%|######### | 3602/4000 [58:32<04:32,  1.46it/s, loss=0.0340]
Training Navine AI Image:  90%|######### | 3602/4000 [58:32<04:32,  1.46it/s, loss=0.0040]
Training Navine AI Image:  90%|######### | 3603/4000 [58:32<04:18,  1.54it/s, loss=0.0040]
Training Navine AI Image:  90%|######### | 3603/4000 [58:32<04:18,  1.54it/s, loss=0.0017]
Training Navine AI Image:  90%|######### | 3604/4000 [58:33<04:09,  1.59it/s, loss=0.0017]
Training Navine AI Image:  90%|######### | 3604/4000 [58:33<04:09,  1.59it/s, loss=0.0054]
Training Navine AI Image:  90%|######### | 3605/4000 [58:33<04:00,  1.65it/s, loss=0.0054]
Training Navine AI Image:  90%|######### | 3605/4000 [58:33<04:00,  1.65it/s, loss=0.0022]
Training Navine AI Image:  90%|######### | 3606/4000 [58:34<03:57,  1.66it/s, loss=0.0022]
Training Navine AI Image:  90%|######### | 3606/4000 [58:34<03:57,  1.66it/s, loss=0.0052]
Training Navine AI Image:  90%|######### | 3607/4000 [58:34<03:47,  1.73it/s, loss=0.0052]
Training Navine AI Image:  90%|######### | 3607/4000 [58:34<03:47,  1.73it/s, loss=0.0035]
Training Navine AI Image:  90%|######### | 3608/4000 [58:35<03:46,  1.73it/s, loss=0.0035]
Training Navine AI Image:  90%|######### | 3608/4000 [58:35<03:46,  1.73it/s, loss=0.0049]
Training Navine AI Image:  90%|######### | 3609/4000 [58:36<03:52,  1.68it/s, loss=0.0049]
Training Navine AI Image:  90%|######### | 3609/4000 [58:36<03:52,  1.68it/s, loss=0.0349]
Training Navine AI Image:  90%|######### | 3610/4000 [58:36<03:48,  1.71it/s, loss=0.0349]
Training Navine AI Image:  90%|######### | 3610/4000 [58:36<03:48,  1.71it/s, loss=0.0287]
Training Navine AI Image:  90%|######### | 3611/4000 [58:37<03:46,  1.71it/s, loss=0.0287]
Training Navine AI Image:  90%|######### | 3611/4000 [58:37<03:46,  1.71it/s, loss=0.0069]
Training Navine AI Image:  90%|######### | 3612/4000 [58:37<03:44,  1.73it/s, loss=0.0069]
Training Navine AI Image:  90%|######### | 3612/4000 [58:37<03:44,  1.73it/s, loss=0.0063]
Training Navine AI Image:  90%|######### | 3613/4000 [58:38<03:43,  1.73it/s, loss=0.0063]
Training Navine AI Image:  90%|######### | 3613/4000 [58:38<03:43,  1.73it/s, loss=0.0020]
Training Navine AI Image:  90%|######### | 3614/4000 [58:38<03:41,  1.74it/s, loss=0.0020]
Training Navine AI Image:  90%|######### | 3614/4000 [58:39<03:41,  1.74it/s, loss=0.0040]
Training Navine AI Image:  90%|######### | 3615/4000 [58:39<03:50,  1.67it/s, loss=0.0040]
Training Navine AI Image:  90%|######### | 3615/4000 [58:39<03:50,  1.67it/s, loss=0.0142]
Training Navine AI Image:  90%|######### | 3616/4000 [58:40<03:43,  1.72it/s, loss=0.0142]
Training Navine AI Image:  90%|######### | 3616/4000 [58:40<03:43,  1.72it/s, loss=0.0091]
Training Navine AI Image:  90%|######### | 3617/4000 [58:40<03:42,  1.73it/s, loss=0.0091]
Training Navine AI Image:  90%|######### | 3617/4000 [58:40<03:42,  1.73it/s, loss=0.0081]
Training Navine AI Image:  90%|######### | 3618/4000 [58:41<03:41,  1.72it/s, loss=0.0081]
Training Navine AI Image:  90%|######### | 3618/4000 [58:41<03:41,  1.72it/s, loss=0.0048]
Training Navine AI Image:  90%|######### | 3619/4000 [58:41<03:39,  1.73it/s, loss=0.0048]
Training Navine AI Image:  90%|######### | 3619/4000 [58:41<03:39,  1.73it/s, loss=0.0107]
Training Navine AI Image:  90%|######### | 3620/4000 [58:42<03:39,  1.73it/s, loss=0.0107]
Training Navine AI Image:  90%|######### | 3620/4000 [58:42<03:39,  1.73it/s, loss=0.0088]
Training Navine AI Image:  91%|######### | 3621/4000 [58:43<03:43,  1.69it/s, loss=0.0088]
Training Navine AI Image:  91%|######### | 3621/4000 [58:43<03:43,  1.69it/s, loss=0.0155]
Training Navine AI Image:  91%|######### | 3622/4000 [58:43<03:33,  1.77it/s, loss=0.0155]
Training Navine AI Image:  91%|######### | 3622/4000 [58:43<03:33,  1.77it/s, loss=0.0641]
Training Navine AI Image:  91%|######### | 3623/4000 [58:44<03:32,  1.77it/s, loss=0.0641]
Training Navine AI Image:  91%|######### | 3623/4000 [58:44<03:32,  1.77it/s, loss=0.0098]
Training Navine AI Image:  91%|######### | 3624/4000 [58:44<03:29,  1.79it/s, loss=0.0098]
Training Navine AI Image:  91%|######### | 3624/4000 [58:44<03:29,  1.79it/s, loss=0.0057]
Training Navine AI Image:  91%|######### | 3625/4000 [58:45<03:35,  1.74it/s, loss=0.0057]
Training Navine AI Image:  91%|######### | 3625/4000 [58:45<03:35,  1.74it/s, loss=0.0055]
Training Navine AI Image:  91%|######### | 3626/4000 [58:45<03:29,  1.79it/s, loss=0.0055]
Training Navine AI Image:  91%|######### | 3626/4000 [58:45<03:29,  1.79it/s, loss=0.0168]
Training Navine AI Image:  91%|######### | 3627/4000 [58:46<03:36,  1.72it/s, loss=0.0168]
Training Navine AI Image:  91%|######### | 3627/4000 [58:46<03:36,  1.72it/s, loss=0.0036]
Training Navine AI Image:  91%|######### | 3628/4000 [58:47<03:30,  1.77it/s, loss=0.0036]
Training Navine AI Image:  91%|######### | 3628/4000 [58:47<03:30,  1.77it/s, loss=0.0058]
Training Navine AI Image:  91%|######### | 3629/4000 [58:47<03:30,  1.76it/s, loss=0.0058]
Training Navine AI Image:  91%|######### | 3629/4000 [58:47<03:30,  1.76it/s, loss=0.0019]
Training Navine AI Image:  91%|######### | 3630/4000 [58:48<03:30,  1.76it/s, loss=0.0019]
Training Navine AI Image:  91%|######### | 3630/4000 [58:48<03:30,  1.76it/s, loss=0.0022]
Training Navine AI Image:  91%|######### | 3631/4000 [58:48<03:32,  1.74it/s, loss=0.0022]
Training Navine AI Image:  91%|######### | 3631/4000 [58:48<03:32,  1.74it/s, loss=0.0017]
Training Navine AI Image:  91%|######### | 3632/4000 [58:49<03:27,  1.77it/s, loss=0.0017]
Training Navine AI Image:  91%|######### | 3632/4000 [58:49<03:27,  1.77it/s, loss=0.0075]
Training Navine AI Image:  91%|######### | 3633/4000 [58:49<03:40,  1.66it/s, loss=0.0075]
Training Navine AI Image:  91%|######### | 3633/4000 [58:50<03:40,  1.66it/s, loss=0.0055]
Training Navine AI Image:  91%|######### | 3634/4000 [58:50<03:35,  1.70it/s, loss=0.0055]
Training Navine AI Image:  91%|######### | 3634/4000 [58:50<03:35,  1.70it/s, loss=0.0040]
Training Navine AI Image:  91%|######### | 3635/4000 [58:51<03:37,  1.68it/s, loss=0.0040]
Training Navine AI Image:  91%|######### | 3635/4000 [58:51<03:37,  1.68it/s, loss=0.0045]
Training Navine AI Image:  91%|######### | 3636/4000 [58:51<03:33,  1.70it/s, loss=0.0045]
Training Navine AI Image:  91%|######### | 3636/4000 [58:51<03:33,  1.70it/s, loss=0.0224]
Training Navine AI Image:  91%|######### | 3637/4000 [58:52<03:28,  1.74it/s, loss=0.0224]
Training Navine AI Image:  91%|######### | 3637/4000 [58:52<03:28,  1.74it/s, loss=0.0262]
Training Navine AI Image:  91%|######### | 3638/4000 [58:52<03:29,  1.73it/s, loss=0.0262]
Training Navine AI Image:  91%|######### | 3638/4000 [58:52<03:29,  1.73it/s, loss=0.0055]
Training Navine AI Image:  91%|######### | 3639/4000 [58:53<03:28,  1.73it/s, loss=0.0055]
Training Navine AI Image:  91%|######### | 3639/4000 [58:53<03:28,  1.73it/s, loss=0.0213]
Training Navine AI Image:  91%|#########1| 3640/4000 [58:53<03:22,  1.78it/s, loss=0.0213]
Training Navine AI Image:  91%|#########1| 3640/4000 [58:53<03:22,  1.78it/s, loss=0.0746]
Training Navine AI Image:  91%|#########1| 3641/4000 [58:54<03:22,  1.77it/s, loss=0.0746]
Training Navine AI Image:  91%|#########1| 3641/4000 [58:54<03:22,  1.77it/s, loss=0.0105]
Training Navine AI Image:  91%|#########1| 3642/4000 [58:55<03:21,  1.77it/s, loss=0.0105]
Training Navine AI Image:  91%|#########1| 3642/4000 [58:55<03:21,  1.77it/s, loss=0.0090]
Training Navine AI Image:  91%|#########1| 3643/4000 [58:55<03:22,  1.76it/s, loss=0.0090]
Training Navine AI Image:  91%|#########1| 3643/4000 [58:55<03:22,  1.76it/s, loss=0.0052]
Training Navine AI Image:  91%|#########1| 3644/4000 [58:56<03:25,  1.73it/s, loss=0.0052]
Training Navine AI Image:  91%|#########1| 3644/4000 [58:56<03:25,  1.73it/s, loss=0.0132]
Training Navine AI Image:  91%|#########1| 3645/4000 [58:56<03:19,  1.78it/s, loss=0.0132]
Training Navine AI Image:  91%|#########1| 3645/4000 [58:56<03:19,  1.78it/s, loss=0.0059]
Training Navine AI Image:  91%|#########1| 3646/4000 [58:57<03:20,  1.77it/s, loss=0.0059]
Training Navine AI Image:  91%|#########1| 3646/4000 [58:57<03:20,  1.77it/s, loss=0.0066]
Training Navine AI Image:  91%|#########1| 3647/4000 [58:57<03:25,  1.72it/s, loss=0.0066]
Training Navine AI Image:  91%|#########1| 3647/4000 [58:57<03:25,  1.72it/s, loss=0.0021]
Training Navine AI Image:  91%|#########1| 3648/4000 [58:58<03:25,  1.71it/s, loss=0.0021]
Training Navine AI Image:  91%|#########1| 3648/4000 [58:58<03:25,  1.71it/s, loss=0.0125]
Training Navine AI Image:  91%|#########1| 3649/4000 [58:59<03:17,  1.77it/s, loss=0.0125]
Training Navine AI Image:  91%|#########1| 3649/4000 [58:59<03:17,  1.77it/s, loss=0.0109]
Training Navine AI Image:  91%|#########1| 3650/4000 [58:59<03:17,  1.77it/s, loss=0.0109]
Training Navine AI Image:  91%|#########1| 3650/4000 [58:59<03:17,  1.77it/s, loss=0.0022]
Training Navine AI Image:  91%|#########1| 3651/4000 [59:00<03:20,  1.74it/s, loss=0.0022]
Training Navine AI Image:  91%|#########1| 3651/4000 [59:00<03:20,  1.74it/s, loss=0.0043]
Training Navine AI Image:  91%|#########1| 3652/4000 [59:00<03:18,  1.75it/s, loss=0.0043]
Training Navine AI Image:  91%|#########1| 3652/4000 [59:00<03:18,  1.75it/s, loss=0.0034]
Training Navine AI Image:  91%|#########1| 3653/4000 [59:01<03:17,  1.76it/s, loss=0.0034]
Training Navine AI Image:  91%|#########1| 3653/4000 [59:01<03:17,  1.76it/s, loss=0.0067]
Training Navine AI Image:  91%|#########1| 3654/4000 [59:01<03:22,  1.71it/s, loss=0.0067]
Training Navine AI Image:  91%|#########1| 3654/4000 [59:01<03:22,  1.71it/s, loss=0.0431]
Training Navine AI Image:  91%|#########1| 3655/4000 [59:02<03:15,  1.77it/s, loss=0.0431]
Training Navine AI Image:  91%|#########1| 3655/4000 [59:02<03:15,  1.77it/s, loss=0.0046]
Training Navine AI Image:  91%|#########1| 3656/4000 [59:03<03:14,  1.77it/s, loss=0.0046]
Training Navine AI Image:  91%|#########1| 3656/4000 [59:03<03:14,  1.77it/s, loss=0.0039]
Training Navine AI Image:  91%|#########1| 3657/4000 [59:03<03:14,  1.77it/s, loss=0.0039]
Training Navine AI Image:  91%|#########1| 3657/4000 [59:03<03:14,  1.77it/s, loss=0.0248]
Training Navine AI Image:  91%|#########1| 3658/4000 [59:04<03:14,  1.76it/s, loss=0.0248]
Training Navine AI Image:  91%|#########1| 3658/4000 [59:04<03:14,  1.76it/s, loss=0.0012]
Training Navine AI Image:  91%|#########1| 3659/4000 [59:04<03:19,  1.71it/s, loss=0.0012]
Training Navine AI Image:  91%|#########1| 3659/4000 [59:04<03:19,  1.71it/s, loss=0.0060]
Training Navine AI Image:  92%|#########1| 3660/4000 [59:05<03:14,  1.75it/s, loss=0.0060]
Training Navine AI Image:  92%|#########1| 3660/4000 [59:05<03:14,  1.75it/s, loss=0.0630]
Training Navine AI Image:  92%|#########1| 3661/4000 [59:05<03:17,  1.71it/s, loss=0.0630]
Training Navine AI Image:  92%|#########1| 3661/4000 [59:05<03:17,  1.71it/s, loss=0.0063]
Training Navine AI Image:  92%|#########1| 3662/4000 [59:06<03:10,  1.77it/s, loss=0.0063]
Training Navine AI Image:  92%|#########1| 3662/4000 [59:06<03:10,  1.77it/s, loss=0.0037]
Training Navine AI Image:  92%|#########1| 3663/4000 [59:07<03:19,  1.69it/s, loss=0.0037]
Training Navine AI Image:  92%|#########1| 3663/4000 [59:07<03:19,  1.69it/s, loss=0.0044]
Training Navine AI Image:  92%|#########1| 3664/4000 [59:07<03:27,  1.62it/s, loss=0.0044]
Training Navine AI Image:  92%|#########1| 3664/4000 [59:07<03:27,  1.62it/s, loss=0.0020]
Training Navine AI Image:  92%|#########1| 3665/4000 [59:08<03:22,  1.65it/s, loss=0.0020]
Training Navine AI Image:  92%|#########1| 3665/4000 [59:08<03:22,  1.65it/s, loss=0.0198]
Training Navine AI Image:  92%|#########1| 3666/4000 [59:09<03:22,  1.65it/s, loss=0.0198]
Training Navine AI Image:  92%|#########1| 3666/4000 [59:09<03:22,  1.65it/s, loss=0.0128]
Training Navine AI Image:  92%|#########1| 3667/4000 [59:09<03:16,  1.69it/s, loss=0.0128]
Training Navine AI Image:  92%|#########1| 3667/4000 [59:09<03:16,  1.69it/s, loss=0.0029]
Training Navine AI Image:  92%|#########1| 3668/4000 [59:10<03:14,  1.71it/s, loss=0.0029]
Training Navine AI Image:  92%|#########1| 3668/4000 [59:10<03:14,  1.71it/s, loss=0.0066]
Training Navine AI Image:  92%|#########1| 3669/4000 [59:10<03:12,  1.72it/s, loss=0.0066]
Training Navine AI Image:  92%|#########1| 3669/4000 [59:10<03:12,  1.72it/s, loss=0.0095]
Training Navine AI Image:  92%|#########1| 3670/4000 [59:11<03:16,  1.68it/s, loss=0.0095]
Training Navine AI Image:  92%|#########1| 3670/4000 [59:11<03:16,  1.68it/s, loss=0.0149]
Training Navine AI Image:  92%|#########1| 3671/4000 [59:11<03:17,  1.67it/s, loss=0.0149]
Training Navine AI Image:  92%|#########1| 3671/4000 [59:11<03:17,  1.67it/s, loss=0.0123]
Training Navine AI Image:  92%|#########1| 3672/4000 [59:12<03:09,  1.73it/s, loss=0.0123]
Training Navine AI Image:  92%|#########1| 3672/4000 [59:12<03:09,  1.73it/s, loss=0.0065]
Training Navine AI Image:  92%|#########1| 3673/4000 [59:13<03:07,  1.75it/s, loss=0.0065]
Training Navine AI Image:  92%|#########1| 3673/4000 [59:13<03:07,  1.75it/s, loss=0.0024]
Training Navine AI Image:  92%|#########1| 3674/4000 [59:13<03:05,  1.75it/s, loss=0.0024]
Training Navine AI Image:  92%|#########1| 3674/4000 [59:13<03:05,  1.75it/s, loss=0.0105]
Training Navine AI Image:  92%|#########1| 3675/4000 [59:14<03:04,  1.76it/s, loss=0.0105]
Training Navine AI Image:  92%|#########1| 3675/4000 [59:14<03:04,  1.76it/s, loss=0.0315]
Training Navine AI Image:  92%|#########1| 3676/4000 [59:14<03:04,  1.76it/s, loss=0.0315]
Training Navine AI Image:  92%|#########1| 3676/4000 [59:14<03:04,  1.76it/s, loss=0.0213]
Training Navine AI Image:  92%|#########1| 3677/4000 [59:15<03:04,  1.75it/s, loss=0.0213]
Training Navine AI Image:  92%|#########1| 3677/4000 [59:15<03:04,  1.75it/s, loss=0.0069]
Training Navine AI Image:  92%|#########1| 3678/4000 [59:15<03:04,  1.75it/s, loss=0.0069]
Training Navine AI Image:  92%|#########1| 3678/4000 [59:15<03:04,  1.75it/s, loss=0.0069]
Training Navine AI Image:  92%|#########1| 3679/4000 [59:16<03:09,  1.69it/s, loss=0.0069]
Training Navine AI Image:  92%|#########1| 3679/4000 [59:16<03:09,  1.69it/s, loss=0.0062]
Training Navine AI Image:  92%|#########2| 3680/4000 [59:17<03:02,  1.75it/s, loss=0.0062]
Training Navine AI Image:  92%|#########2| 3680/4000 [59:17<03:02,  1.75it/s, loss=0.0066]
Training Navine AI Image:  92%|#########2| 3681/4000 [59:17<03:00,  1.77it/s, loss=0.0066]
Training Navine AI Image:  92%|#########2| 3681/4000 [59:17<03:00,  1.77it/s, loss=0.0034]
Training Navine AI Image:  92%|#########2| 3682/4000 [59:18<03:01,  1.76it/s, loss=0.0034]
Training Navine AI Image:  92%|#########2| 3682/4000 [59:18<03:01,  1.76it/s, loss=0.0054]
Training Navine AI Image:  92%|#########2| 3683/4000 [59:18<02:59,  1.76it/s, loss=0.0054]
Training Navine AI Image:  92%|#########2| 3683/4000 [59:18<02:59,  1.76it/s, loss=0.0085]
Training Navine AI Image:  92%|#########2| 3684/4000 [59:19<03:06,  1.70it/s, loss=0.0085]
Training Navine AI Image:  92%|#########2| 3684/4000 [59:19<03:06,  1.70it/s, loss=0.0030]
Training Navine AI Image:  92%|#########2| 3685/4000 [59:20<03:08,  1.67it/s, loss=0.0030]
Training Navine AI Image:  92%|#########2| 3685/4000 [59:20<03:08,  1.67it/s, loss=0.0020]
Training Navine AI Image:  92%|#########2| 3686/4000 [59:20<03:00,  1.74it/s, loss=0.0020]
Training Navine AI Image:  92%|#########2| 3686/4000 [59:20<03:00,  1.74it/s, loss=0.0056]
Training Navine AI Image:  92%|#########2| 3687/4000 [59:21<02:59,  1.75it/s, loss=0.0056]
Training Navine AI Image:  92%|#########2| 3687/4000 [59:21<02:59,  1.75it/s, loss=0.0015]
Training Navine AI Image:  92%|#########2| 3688/4000 [59:21<02:58,  1.75it/s, loss=0.0015]
Training Navine AI Image:  92%|#########2| 3688/4000 [59:21<02:58,  1.75it/s, loss=0.0036]
Training Navine AI Image:  92%|#########2| 3689/4000 [59:22<03:02,  1.70it/s, loss=0.0036]
Training Navine AI Image:  92%|#########2| 3689/4000 [59:22<03:02,  1.70it/s, loss=0.0603]
Training Navine AI Image:  92%|#########2| 3690/4000 [59:22<02:59,  1.73it/s, loss=0.0603]
Training Navine AI Image:  92%|#########2| 3690/4000 [59:22<02:59,  1.73it/s, loss=0.0051]
Training Navine AI Image:  92%|#########2| 3691/4000 [59:23<02:54,  1.77it/s, loss=0.0051]
Training Navine AI Image:  92%|#########2| 3691/4000 [59:23<02:54,  1.77it/s, loss=0.0182]
Training Navine AI Image:  92%|#########2| 3692/4000 [59:23<02:53,  1.77it/s, loss=0.0182]
Training Navine AI Image:  92%|#########2| 3692/4000 [59:23<02:53,  1.77it/s, loss=0.0031]
Training Navine AI Image:  92%|#########2| 3693/4000 [59:24<03:25,  1.49it/s, loss=0.0031]
Training Navine AI Image:  92%|#########2| 3693/4000 [59:24<03:25,  1.49it/s, loss=0.0486]
Training Navine AI Image:  92%|#########2| 3694/4000 [59:25<03:18,  1.54it/s, loss=0.0486]
Training Navine AI Image:  92%|#########2| 3694/4000 [59:25<03:18,  1.54it/s, loss=0.0067]
Training Navine AI Image:  92%|#########2| 3695/4000 [59:26<03:08,  1.62it/s, loss=0.0067]
Training Navine AI Image:  92%|#########2| 3695/4000 [59:26<03:08,  1.62it/s, loss=0.0270]
Training Navine AI Image:  92%|#########2| 3696/4000 [59:26<03:04,  1.65it/s, loss=0.0270]
Training Navine AI Image:  92%|#########2| 3696/4000 [59:26<03:04,  1.65it/s, loss=0.0034]
Training Navine AI Image:  92%|#########2| 3697/4000 [59:27<03:00,  1.68it/s, loss=0.0034]
Training Navine AI Image:  92%|#########2| 3697/4000 [59:27<03:00,  1.68it/s, loss=0.0029]
Training Navine AI Image:  92%|#########2| 3698/4000 [59:27<02:57,  1.70it/s, loss=0.0029]
Training Navine AI Image:  92%|#########2| 3698/4000 [59:27<02:57,  1.70it/s, loss=0.0089]
Training Navine AI Image:  92%|#########2| 3699/4000 [59:28<02:55,  1.71it/s, loss=0.0089]
Training Navine AI Image:  92%|#########2| 3699/4000 [59:28<02:55,  1.71it/s, loss=0.0160]
Training Navine AI Image:  92%|#########2| 3700/4000 [59:28<02:55,  1.71it/s, loss=0.0160]
Training Navine AI Image:  92%|#########2| 3700/4000 [59:28<02:55,  1.71it/s, loss=0.0063]
Training Navine AI Image:  93%|#########2| 3701/4000 [59:29<02:56,  1.69it/s, loss=0.0063]
Training Navine AI Image:  93%|#########2| 3701/4000 [59:29<02:56,  1.69it/s, loss=0.0085]
Training Navine AI Image:  93%|#########2| 3702/4000 [59:30<02:50,  1.74it/s, loss=0.0085]
Training Navine AI Image:  93%|#########2| 3702/4000 [59:30<02:50,  1.74it/s, loss=0.0289]
Training Navine AI Image:  93%|#########2| 3703/4000 [59:30<02:49,  1.75it/s, loss=0.0289]
Training Navine AI Image:  93%|#########2| 3703/4000 [59:30<02:49,  1.75it/s, loss=0.0032]
Training Navine AI Image:  93%|#########2| 3704/4000 [59:31<02:49,  1.75it/s, loss=0.0032]
Training Navine AI Image:  93%|#########2| 3704/4000 [59:31<02:49,  1.75it/s, loss=0.0079]
Training Navine AI Image:  93%|#########2| 3705/4000 [59:31<02:52,  1.71it/s, loss=0.0079]
Training Navine AI Image:  93%|#########2| 3705/4000 [59:31<02:52,  1.71it/s, loss=0.0149]
Training Navine AI Image:  93%|#########2| 3706/4000 [59:32<02:46,  1.77it/s, loss=0.0149]
Training Navine AI Image:  93%|#########2| 3706/4000 [59:32<02:46,  1.77it/s, loss=0.0061]
Training Navine AI Image:  93%|#########2| 3707/4000 [59:32<02:47,  1.75it/s, loss=0.0061]
Training Navine AI Image:  93%|#########2| 3707/4000 [59:32<02:47,  1.75it/s, loss=0.0075]
Training Navine AI Image:  93%|#########2| 3708/4000 [59:33<02:48,  1.74it/s, loss=0.0075]
Training Navine AI Image:  93%|#########2| 3708/4000 [59:33<02:48,  1.74it/s, loss=0.0094]
Training Navine AI Image:  93%|#########2| 3709/4000 [59:34<02:48,  1.73it/s, loss=0.0094]
Training Navine AI Image:  93%|#########2| 3709/4000 [59:34<02:48,  1.73it/s, loss=0.0055]
Training Navine AI Image:  93%|#########2| 3710/4000 [59:34<02:47,  1.73it/s, loss=0.0055]
Training Navine AI Image:  93%|#########2| 3710/4000 [59:34<02:47,  1.73it/s, loss=0.0025]
Training Navine AI Image:  93%|#########2| 3711/4000 [59:35<02:49,  1.70it/s, loss=0.0025]
Training Navine AI Image:  93%|#########2| 3711/4000 [59:35<02:49,  1.70it/s, loss=0.0170]
Training Navine AI Image:  93%|#########2| 3712/4000 [59:35<02:48,  1.71it/s, loss=0.0170]
Training Navine AI Image:  93%|#########2| 3712/4000 [59:35<02:48,  1.71it/s, loss=0.0024]
Training Navine AI Image:  93%|#########2| 3713/4000 [59:36<02:42,  1.76it/s, loss=0.0024]
Training Navine AI Image:  93%|#########2| 3713/4000 [59:36<02:42,  1.76it/s, loss=0.0071]
Training Navine AI Image:  93%|#########2| 3714/4000 [59:36<02:43,  1.75it/s, loss=0.0071]
Training Navine AI Image:  93%|#########2| 3714/4000 [59:36<02:43,  1.75it/s, loss=0.0119]
Training Navine AI Image:  93%|#########2| 3715/4000 [59:37<02:46,  1.71it/s, loss=0.0119]
Training Navine AI Image:  93%|#########2| 3715/4000 [59:37<02:46,  1.71it/s, loss=0.0124]
Training Navine AI Image:  93%|#########2| 3716/4000 [59:38<02:43,  1.73it/s, loss=0.0124]
Training Navine AI Image:  93%|#########2| 3716/4000 [59:38<02:43,  1.73it/s, loss=0.0068]
Training Navine AI Image:  93%|#########2| 3717/4000 [59:38<02:39,  1.78it/s, loss=0.0068]
Training Navine AI Image:  93%|#########2| 3717/4000 [59:38<02:39,  1.78it/s, loss=0.0226]
Training Navine AI Image:  93%|#########2| 3718/4000 [59:39<02:38,  1.78it/s, loss=0.0226]
Training Navine AI Image:  93%|#########2| 3718/4000 [59:39<02:38,  1.78it/s, loss=0.0022]
Training Navine AI Image:  93%|#########2| 3719/4000 [59:39<02:45,  1.70it/s, loss=0.0022]
Training Navine AI Image:  93%|#########2| 3719/4000 [59:39<02:45,  1.70it/s, loss=0.0018]
Training Navine AI Image:  93%|#########3| 3720/4000 [59:40<02:38,  1.76it/s, loss=0.0018]
Training Navine AI Image:  93%|#########3| 3720/4000 [59:40<02:38,  1.76it/s, loss=0.0031]
Training Navine AI Image:  93%|#########3| 3721/4000 [59:40<02:39,  1.74it/s, loss=0.0031]
Training Navine AI Image:  93%|#########3| 3721/4000 [59:40<02:39,  1.74it/s, loss=0.0163]
Training Navine AI Image:  93%|#########3| 3722/4000 [59:41<02:44,  1.69it/s, loss=0.0163]
Training Navine AI Image:  93%|#########3| 3722/4000 [59:41<02:44,  1.69it/s, loss=0.0061]
Training Navine AI Image:  93%|#########3| 3723/4000 [59:42<02:38,  1.75it/s, loss=0.0061]
Training Navine AI Image:  93%|#########3| 3723/4000 [59:42<02:38,  1.75it/s, loss=0.0149]
Training Navine AI Image:  93%|#########3| 3724/4000 [59:42<02:39,  1.73it/s, loss=0.0149]
Training Navine AI Image:  93%|#########3| 3724/4000 [59:42<02:39,  1.73it/s, loss=0.0471]
Training Navine AI Image:  93%|#########3| 3725/4000 [59:43<02:37,  1.74it/s, loss=0.0471]
Training Navine AI Image:  93%|#########3| 3725/4000 [59:43<02:37,  1.74it/s, loss=0.0053]
Training Navine AI Image:  93%|#########3| 3726/4000 [59:43<02:43,  1.68it/s, loss=0.0053]
Training Navine AI Image:  93%|#########3| 3726/4000 [59:43<02:43,  1.68it/s, loss=0.0092]
Training Navine AI Image:  93%|#########3| 3727/4000 [59:44<02:46,  1.64it/s, loss=0.0092]
Training Navine AI Image:  93%|#########3| 3727/4000 [59:44<02:46,  1.64it/s, loss=0.0021]
Training Navine AI Image:  93%|#########3| 3728/4000 [59:45<02:38,  1.72it/s, loss=0.0021]
Training Navine AI Image:  93%|#########3| 3728/4000 [59:45<02:38,  1.72it/s, loss=0.0119]
Training Navine AI Image:  93%|#########3| 3729/4000 [59:45<02:41,  1.68it/s, loss=0.0119]
Training Navine AI Image:  93%|#########3| 3729/4000 [59:45<02:41,  1.68it/s, loss=0.0082]
Training Navine AI Image:  93%|#########3| 3730/4000 [59:46<02:41,  1.67it/s, loss=0.0082]
Training Navine AI Image:  93%|#########3| 3730/4000 [59:46<02:41,  1.67it/s, loss=0.0190]
Training Navine AI Image:  93%|#########3| 3731/4000 [59:46<02:36,  1.72it/s, loss=0.0190]
Training Navine AI Image:  93%|#########3| 3731/4000 [59:46<02:36,  1.72it/s, loss=0.0023]
Training Navine AI Image:  93%|#########3| 3732/4000 [59:47<02:42,  1.65it/s, loss=0.0023]
Training Navine AI Image:  93%|#########3| 3732/4000 [59:47<02:42,  1.65it/s, loss=0.0239]
Training Navine AI Image:  93%|#########3| 3733/4000 [59:48<02:36,  1.70it/s, loss=0.0239]
Training Navine AI Image:  93%|#########3| 3733/4000 [59:48<02:36,  1.70it/s, loss=0.0024]
Training Navine AI Image:  93%|#########3| 3734/4000 [59:48<02:34,  1.72it/s, loss=0.0024]
Training Navine AI Image:  93%|#########3| 3734/4000 [59:48<02:34,  1.72it/s, loss=0.0022]
Training Navine AI Image:  93%|#########3| 3735/4000 [59:49<02:32,  1.74it/s, loss=0.0022]
Training Navine AI Image:  93%|#########3| 3735/4000 [59:49<02:32,  1.74it/s, loss=0.0093]
Training Navine AI Image:  93%|#########3| 3736/4000 [59:49<02:31,  1.74it/s, loss=0.0093]
Training Navine AI Image:  93%|#########3| 3736/4000 [59:49<02:31,  1.74it/s, loss=0.0046]
Training Navine AI Image:  93%|#########3| 3737/4000 [59:50<02:32,  1.73it/s, loss=0.0046]
Training Navine AI Image:  93%|#########3| 3737/4000 [59:50<02:32,  1.73it/s, loss=0.0089]
Training Navine AI Image:  93%|#########3| 3738/4000 [59:50<02:30,  1.74it/s, loss=0.0089]
Training Navine AI Image:  93%|#########3| 3738/4000 [59:50<02:30,  1.74it/s, loss=0.0049]
Training Navine AI Image:  93%|#########3| 3739/4000 [59:51<02:32,  1.71it/s, loss=0.0049]
Training Navine AI Image:  93%|#########3| 3739/4000 [59:51<02:32,  1.71it/s, loss=0.0067]
Training Navine AI Image:  94%|#########3| 3740/4000 [59:52<02:29,  1.74it/s, loss=0.0067]
Training Navine AI Image:  94%|#########3| 3740/4000 [59:52<02:29,  1.74it/s, loss=0.0077]
Training Navine AI Image:  94%|#########3| 3741/4000 [59:52<02:37,  1.64it/s, loss=0.0077]
Training Navine AI Image:  94%|#########3| 3741/4000 [59:52<02:37,  1.64it/s, loss=0.0022]
Training Navine AI Image:  94%|#########3| 3742/4000 [59:53<02:34,  1.67it/s, loss=0.0022]
Training Navine AI Image:  94%|#########3| 3742/4000 [59:53<02:34,  1.67it/s, loss=0.0333]
Training Navine AI Image:  94%|#########3| 3743/4000 [59:53<02:31,  1.69it/s, loss=0.0333]
Training Navine AI Image:  94%|#########3| 3743/4000 [59:53<02:31,  1.69it/s, loss=0.0025]
Training Navine AI Image:  94%|#########3| 3744/4000 [59:54<02:32,  1.68it/s, loss=0.0025]
Training Navine AI Image:  94%|#########3| 3744/4000 [59:54<02:32,  1.68it/s, loss=0.0078]
Training Navine AI Image:  94%|#########3| 3745/4000 [59:55<02:29,  1.71it/s, loss=0.0078]
Training Navine AI Image:  94%|#########3| 3745/4000 [59:55<02:29,  1.71it/s, loss=0.0190]
Training Navine AI Image:  94%|#########3| 3746/4000 [59:55<02:27,  1.72it/s, loss=0.0190]
Training Navine AI Image:  94%|#########3| 3746/4000 [59:55<02:27,  1.72it/s, loss=0.0081]
Training Navine AI Image:  94%|#########3| 3747/4000 [59:56<02:26,  1.72it/s, loss=0.0081]
Training Navine AI Image:  94%|#########3| 3747/4000 [59:56<02:26,  1.72it/s, loss=0.0084]
Training Navine AI Image:  94%|#########3| 3748/4000 [59:56<02:31,  1.66it/s, loss=0.0084]
Training Navine AI Image:  94%|#########3| 3748/4000 [59:56<02:31,  1.66it/s, loss=0.0032]
Training Navine AI Image:  94%|#########3| 3749/4000 [59:57<02:32,  1.65it/s, loss=0.0032]
Training Navine AI Image:  94%|#########3| 3749/4000 [59:57<02:32,  1.65it/s, loss=0.0164]
Training Navine AI Image:  94%|#########3| 3750/4000 [59:58<02:25,  1.72it/s, loss=0.0164]
Training Navine AI Image:  94%|#########3| 3750/4000 [59:58<02:25,  1.72it/s, loss=0.0035]
Training Navine AI Image:  94%|#########3| 3751/4000 [59:59<03:01,  1.37it/s, loss=0.0035]
Training Navine AI Image:  94%|#########3| 3751/4000 [59:59<03:01,  1.37it/s, loss=0.0029]
Training Navine AI Image:  94%|#########3| 3752/4000 [59:59<02:48,  1.47it/s, loss=0.0029]
Training Navine AI Image:  94%|#########3| 3752/4000 [59:59<02:48,  1.47it/s, loss=0.0050]
Training Navine AI Image:  94%|#########3| 3753/4000 [1:00:00<02:39,  1.55it/s, loss=0.0050]
Training Navine AI Image:  94%|#########3| 3753/4000 [1:00:00<02:39,  1.55it/s, loss=0.0066]
Training Navine AI Image:  94%|#########3| 3754/4000 [1:00:00<02:32,  1.62it/s, loss=0.0066]
Training Navine AI Image:  94%|#########3| 3754/4000 [1:00:00<02:32,  1.62it/s, loss=0.0099]
Training Navine AI Image:  94%|#########3| 3755/4000 [1:00:01<02:28,  1.65it/s, loss=0.0099]
Training Navine AI Image:  94%|#########3| 3755/4000 [1:00:01<02:28,  1.65it/s, loss=0.0049]
Training Navine AI Image:  94%|#########3| 3756/4000 [1:00:01<02:29,  1.63it/s, loss=0.0049]
Training Navine AI Image:  94%|#########3| 3756/4000 [1:00:02<02:29,  1.63it/s, loss=0.0030]
Training Navine AI Image:  94%|#########3| 3757/4000 [1:00:02<02:28,  1.64it/s, loss=0.0030]
Training Navine AI Image:  94%|#########3| 3757/4000 [1:00:02<02:28,  1.64it/s, loss=0.0029]
Training Navine AI Image:  94%|#########3| 3758/4000 [1:00:03<02:22,  1.70it/s, loss=0.0029]
Training Navine AI Image:  94%|#########3| 3758/4000 [1:00:03<02:22,  1.70it/s, loss=0.0021]
Training Navine AI Image:  94%|#########3| 3759/4000 [1:00:03<02:19,  1.72it/s, loss=0.0021]
Training Navine AI Image:  94%|#########3| 3759/4000 [1:00:03<02:19,  1.72it/s, loss=0.0034]
Training Navine AI Image:  94%|#########3| 3760/4000 [1:00:04<02:23,  1.67it/s, loss=0.0034]
Training Navine AI Image:  94%|#########3| 3760/4000 [1:00:04<02:23,  1.67it/s, loss=0.0079]
Training Navine AI Image:  94%|#########4| 3761/4000 [1:00:04<02:18,  1.72it/s, loss=0.0079]
Training Navine AI Image:  94%|#########4| 3761/4000 [1:00:04<02:18,  1.72it/s, loss=0.0156]
Training Navine AI Image:  94%|#########4| 3762/4000 [1:00:05<02:17,  1.73it/s, loss=0.0156]
Training Navine AI Image:  94%|#########4| 3762/4000 [1:00:05<02:17,  1.73it/s, loss=0.0067]
Training Navine AI Image:  94%|#########4| 3763/4000 [1:00:06<02:20,  1.69it/s, loss=0.0067]
Training Navine AI Image:  94%|#########4| 3763/4000 [1:00:06<02:20,  1.69it/s, loss=0.0179]
Training Navine AI Image:  94%|#########4| 3764/4000 [1:00:06<02:16,  1.73it/s, loss=0.0179]
Training Navine AI Image:  94%|#########4| 3764/4000 [1:00:06<02:16,  1.73it/s, loss=0.0240]
Training Navine AI Image:  94%|#########4| 3765/4000 [1:00:07<02:13,  1.76it/s, loss=0.0240]
Training Navine AI Image:  94%|#########4| 3765/4000 [1:00:07<02:13,  1.76it/s, loss=0.0182]
Training Navine AI Image:  94%|#########4| 3766/4000 [1:00:07<02:18,  1.69it/s, loss=0.0182]
Training Navine AI Image:  94%|#########4| 3766/4000 [1:00:07<02:18,  1.69it/s, loss=0.0047]
Training Navine AI Image:  94%|#########4| 3767/4000 [1:00:08<02:15,  1.72it/s, loss=0.0047]
Training Navine AI Image:  94%|#########4| 3767/4000 [1:00:08<02:15,  1.72it/s, loss=0.0096]
Training Navine AI Image:  94%|#########4| 3768/4000 [1:00:08<02:11,  1.77it/s, loss=0.0096]
Training Navine AI Image:  94%|#########4| 3768/4000 [1:00:08<02:11,  1.77it/s, loss=0.0107]
Training Navine AI Image:  94%|#########4| 3769/4000 [1:00:09<02:11,  1.75it/s, loss=0.0107]
Training Navine AI Image:  94%|#########4| 3769/4000 [1:00:09<02:11,  1.75it/s, loss=0.0035]
Training Navine AI Image:  94%|#########4| 3770/4000 [1:00:10<02:13,  1.73it/s, loss=0.0035]
Training Navine AI Image:  94%|#########4| 3770/4000 [1:00:10<02:13,  1.73it/s, loss=0.0083]
Training Navine AI Image:  94%|#########4| 3771/4000 [1:00:10<02:12,  1.72it/s, loss=0.0083]
Training Navine AI Image:  94%|#########4| 3771/4000 [1:00:10<02:12,  1.72it/s, loss=0.0082]
Training Navine AI Image:  94%|#########4| 3772/4000 [1:00:11<02:09,  1.76it/s, loss=0.0082]
Training Navine AI Image:  94%|#########4| 3772/4000 [1:00:11<02:09,  1.76it/s, loss=0.0156]
Training Navine AI Image:  94%|#########4| 3773/4000 [1:00:11<02:08,  1.77it/s, loss=0.0156]
Training Navine AI Image:  94%|#########4| 3773/4000 [1:00:11<02:08,  1.77it/s, loss=0.0049]
Training Navine AI Image:  94%|#########4| 3774/4000 [1:00:12<02:12,  1.71it/s, loss=0.0049]
Training Navine AI Image:  94%|#########4| 3774/4000 [1:00:12<02:12,  1.71it/s, loss=0.0044]
Training Navine AI Image:  94%|#########4| 3775/4000 [1:00:12<02:07,  1.76it/s, loss=0.0044]
Training Navine AI Image:  94%|#########4| 3775/4000 [1:00:12<02:07,  1.76it/s, loss=0.0191]
Training Navine AI Image:  94%|#########4| 3776/4000 [1:00:13<02:07,  1.76it/s, loss=0.0191]
Training Navine AI Image:  94%|#########4| 3776/4000 [1:00:13<02:07,  1.76it/s, loss=0.0059]
Training Navine AI Image:  94%|#########4| 3777/4000 [1:00:14<02:07,  1.76it/s, loss=0.0059]
Training Navine AI Image:  94%|#########4| 3777/4000 [1:00:14<02:07,  1.76it/s, loss=0.0131]
Training Navine AI Image:  94%|#########4| 3778/4000 [1:00:14<02:07,  1.74it/s, loss=0.0131]
Training Navine AI Image:  94%|#########4| 3778/4000 [1:00:14<02:07,  1.74it/s, loss=0.0134]
Training Navine AI Image:  94%|#########4| 3779/4000 [1:00:15<02:07,  1.74it/s, loss=0.0134]
Training Navine AI Image:  94%|#########4| 3779/4000 [1:00:15<02:07,  1.74it/s, loss=0.0043]
Training Navine AI Image:  94%|#########4| 3780/4000 [1:00:15<02:07,  1.73it/s, loss=0.0043]
Training Navine AI Image:  94%|#########4| 3780/4000 [1:00:15<02:07,  1.73it/s, loss=0.0024]
Training Navine AI Image:  95%|#########4| 3781/4000 [1:00:16<02:05,  1.74it/s, loss=0.0024]
Training Navine AI Image:  95%|#########4| 3781/4000 [1:00:16<02:05,  1.74it/s, loss=0.0075]
Training Navine AI Image:  95%|#########4| 3782/4000 [1:00:16<02:05,  1.74it/s, loss=0.0075]
Training Navine AI Image:  95%|#########4| 3782/4000 [1:00:16<02:05,  1.74it/s, loss=0.0280]
Training Navine AI Image:  95%|#########4| 3783/4000 [1:00:17<02:04,  1.75it/s, loss=0.0280]
Training Navine AI Image:  95%|#########4| 3783/4000 [1:00:17<02:04,  1.75it/s, loss=0.0015]
Training Navine AI Image:  95%|#########4| 3784/4000 [1:00:18<02:03,  1.75it/s, loss=0.0015]
Training Navine AI Image:  95%|#########4| 3784/4000 [1:00:18<02:03,  1.75it/s, loss=0.0292]
Training Navine AI Image:  95%|#########4| 3785/4000 [1:00:18<02:03,  1.74it/s, loss=0.0292]
Training Navine AI Image:  95%|#########4| 3785/4000 [1:00:18<02:03,  1.74it/s, loss=0.0348]
Training Navine AI Image:  95%|#########4| 3786/4000 [1:00:19<02:00,  1.77it/s, loss=0.0348]
Training Navine AI Image:  95%|#########4| 3786/4000 [1:00:19<02:00,  1.77it/s, loss=0.0098]
Training Navine AI Image:  95%|#########4| 3787/4000 [1:00:19<02:01,  1.75it/s, loss=0.0098]
Training Navine AI Image:  95%|#########4| 3787/4000 [1:00:19<02:01,  1.75it/s, loss=0.0150]
Training Navine AI Image:  95%|#########4| 3788/4000 [1:00:20<02:00,  1.76it/s, loss=0.0150]
Training Navine AI Image:  95%|#########4| 3788/4000 [1:00:20<02:00,  1.76it/s, loss=0.0079]
Training Navine AI Image:  95%|#########4| 3789/4000 [1:00:20<01:59,  1.77it/s, loss=0.0079]
Training Navine AI Image:  95%|#########4| 3789/4000 [1:00:20<01:59,  1.77it/s, loss=0.0219]
Training Navine AI Image:  95%|#########4| 3790/4000 [1:00:21<01:58,  1.77it/s, loss=0.0219]
Training Navine AI Image:  95%|#########4| 3790/4000 [1:00:21<01:58,  1.77it/s, loss=0.0063]
Training Navine AI Image:  95%|#########4| 3791/4000 [1:00:22<01:58,  1.76it/s, loss=0.0063]
Training Navine AI Image:  95%|#########4| 3791/4000 [1:00:22<01:58,  1.76it/s, loss=0.0019]
Training Navine AI Image:  95%|#########4| 3792/4000 [1:00:22<01:58,  1.76it/s, loss=0.0019]
Training Navine AI Image:  95%|#########4| 3792/4000 [1:00:22<01:58,  1.76it/s, loss=0.0077]
Training Navine AI Image:  95%|#########4| 3793/4000 [1:00:23<01:59,  1.73it/s, loss=0.0077]
Training Navine AI Image:  95%|#########4| 3793/4000 [1:00:23<01:59,  1.73it/s, loss=0.0057]
Training Navine AI Image:  95%|#########4| 3794/4000 [1:00:23<01:56,  1.76it/s, loss=0.0057]
Training Navine AI Image:  95%|#########4| 3794/4000 [1:00:23<01:56,  1.76it/s, loss=0.0335]
Training Navine AI Image:  95%|#########4| 3795/4000 [1:00:24<01:55,  1.77it/s, loss=0.0335]
Training Navine AI Image:  95%|#########4| 3795/4000 [1:00:24<01:55,  1.77it/s, loss=0.0111]
Training Navine AI Image:  95%|#########4| 3796/4000 [1:00:24<01:55,  1.77it/s, loss=0.0111]
Training Navine AI Image:  95%|#########4| 3796/4000 [1:00:24<01:55,  1.77it/s, loss=0.0058]
Training Navine AI Image:  95%|#########4| 3797/4000 [1:00:25<01:57,  1.73it/s, loss=0.0058]
Training Navine AI Image:  95%|#########4| 3797/4000 [1:00:25<01:57,  1.73it/s, loss=0.0045]
Training Navine AI Image:  95%|#########4| 3798/4000 [1:00:26<01:55,  1.75it/s, loss=0.0045]
Training Navine AI Image:  95%|#########4| 3798/4000 [1:00:26<01:55,  1.75it/s, loss=0.0033]
Training Navine AI Image:  95%|#########4| 3799/4000 [1:00:26<01:55,  1.75it/s, loss=0.0033]
Training Navine AI Image:  95%|#########4| 3799/4000 [1:00:26<01:55,  1.75it/s, loss=0.0065]
Training Navine AI Image:  95%|#########5| 3800/4000 [1:00:27<01:57,  1.70it/s, loss=0.0065]
Training Navine AI Image:  95%|#########5| 3800/4000 [1:00:27<01:57,  1.70it/s, loss=0.0133]
Training Navine AI Image:  95%|#########5| 3801/4000 [1:00:27<01:56,  1.72it/s, loss=0.0133]
Training Navine AI Image:  95%|#########5| 3801/4000 [1:00:27<01:56,  1.72it/s, loss=0.0140]
Training Navine AI Image:  95%|#########5| 3802/4000 [1:00:28<01:53,  1.74it/s, loss=0.0140]
Training Navine AI Image:  95%|#########5| 3802/4000 [1:00:28<01:53,  1.74it/s, loss=0.0138]
Training Navine AI Image:  95%|#########5| 3803/4000 [1:00:28<01:52,  1.75it/s, loss=0.0138]
Training Navine AI Image:  95%|#########5| 3803/4000 [1:00:28<01:52,  1.75it/s, loss=0.0064]
Training Navine AI Image:  95%|#########5| 3804/4000 [1:00:29<01:55,  1.70it/s, loss=0.0064]
Training Navine AI Image:  95%|#########5| 3804/4000 [1:00:29<01:55,  1.70it/s, loss=0.0038]
Training Navine AI Image:  95%|#########5| 3805/4000 [1:00:30<01:54,  1.70it/s, loss=0.0038]
Training Navine AI Image:  95%|#########5| 3805/4000 [1:00:30<01:54,  1.70it/s, loss=0.0044]
Training Navine AI Image:  95%|#########5| 3806/4000 [1:00:30<01:54,  1.70it/s, loss=0.0044]
Training Navine AI Image:  95%|#########5| 3806/4000 [1:00:30<01:54,  1.70it/s, loss=0.0229]
Training Navine AI Image:  95%|#########5| 3807/4000 [1:00:31<01:52,  1.72it/s, loss=0.0229]
Training Navine AI Image:  95%|#########5| 3807/4000 [1:00:31<01:52,  1.72it/s, loss=0.0023]
Training Navine AI Image:  95%|#########5| 3808/4000 [1:00:31<01:52,  1.71it/s, loss=0.0023]
Training Navine AI Image:  95%|#########5| 3808/4000 [1:00:31<01:52,  1.71it/s, loss=0.0079]
Training Navine AI Image:  95%|#########5| 3809/4000 [1:00:32<01:52,  1.70it/s, loss=0.0079]
Training Navine AI Image:  95%|#########5| 3809/4000 [1:00:32<01:52,  1.70it/s, loss=0.0035]
Training Navine AI Image:  95%|#########5| 3810/4000 [1:00:33<01:48,  1.75it/s, loss=0.0035]
Training Navine AI Image:  95%|#########5| 3810/4000 [1:00:33<01:48,  1.75it/s, loss=0.0109]
Training Navine AI Image:  95%|#########5| 3811/4000 [1:00:33<01:48,  1.74it/s, loss=0.0109]
Training Navine AI Image:  95%|#########5| 3811/4000 [1:00:33<01:48,  1.74it/s, loss=0.0039]
Training Navine AI Image:  95%|#########5| 3812/4000 [1:00:34<01:50,  1.71it/s, loss=0.0039]
Training Navine AI Image:  95%|#########5| 3812/4000 [1:00:34<01:50,  1.71it/s, loss=0.0016]
Training Navine AI Image:  95%|#########5| 3813/4000 [1:00:34<01:48,  1.72it/s, loss=0.0016]
Training Navine AI Image:  95%|#########5| 3813/4000 [1:00:34<01:48,  1.72it/s, loss=0.0125]
Training Navine AI Image:  95%|#########5| 3814/4000 [1:00:35<01:45,  1.76it/s, loss=0.0125]
Training Navine AI Image:  95%|#########5| 3814/4000 [1:00:35<01:45,  1.76it/s, loss=0.0053]
Training Navine AI Image:  95%|#########5| 3815/4000 [1:00:36<01:51,  1.65it/s, loss=0.0053]
Training Navine AI Image:  95%|#########5| 3815/4000 [1:00:36<01:51,  1.65it/s, loss=0.0040]
Training Navine AI Image:  95%|#########5| 3816/4000 [1:00:36<01:49,  1.68it/s, loss=0.0040]
Training Navine AI Image:  95%|#########5| 3816/4000 [1:00:36<01:49,  1.68it/s, loss=0.0095]
Training Navine AI Image:  95%|#########5| 3817/4000 [1:00:37<01:46,  1.71it/s, loss=0.0095]
Training Navine AI Image:  95%|#########5| 3817/4000 [1:00:37<01:46,  1.71it/s, loss=0.0136]
Training Navine AI Image:  95%|#########5| 3818/4000 [1:00:37<01:47,  1.69it/s, loss=0.0136]
Training Navine AI Image:  95%|#########5| 3818/4000 [1:00:37<01:47,  1.69it/s, loss=0.0072]
Training Navine AI Image:  95%|#########5| 3819/4000 [1:00:38<01:46,  1.70it/s, loss=0.0072]
Training Navine AI Image:  95%|#########5| 3819/4000 [1:00:38<01:46,  1.70it/s, loss=0.0329]
Training Navine AI Image:  96%|#########5| 3820/4000 [1:00:38<01:46,  1.68it/s, loss=0.0329]
Training Navine AI Image:  96%|#########5| 3820/4000 [1:00:38<01:46,  1.68it/s, loss=0.0045]
Training Navine AI Image:  96%|#########5| 3821/4000 [1:00:39<01:44,  1.71it/s, loss=0.0045]
Training Navine AI Image:  96%|#########5| 3821/4000 [1:00:39<01:44,  1.71it/s, loss=0.0184]
Training Navine AI Image:  96%|#########5| 3822/4000 [1:00:40<01:40,  1.77it/s, loss=0.0184]
Training Navine AI Image:  96%|#########5| 3822/4000 [1:00:40<01:40,  1.77it/s, loss=0.0045]
Training Navine AI Image:  96%|#########5| 3823/4000 [1:00:40<01:40,  1.76it/s, loss=0.0045]
Training Navine AI Image:  96%|#########5| 3823/4000 [1:00:40<01:40,  1.76it/s, loss=0.0060]
Training Navine AI Image:  96%|#########5| 3824/4000 [1:00:41<01:42,  1.71it/s, loss=0.0060]
Training Navine AI Image:  96%|#########5| 3824/4000 [1:00:41<01:42,  1.71it/s, loss=0.0132]
Training Navine AI Image:  96%|#########5| 3825/4000 [1:00:41<01:40,  1.75it/s, loss=0.0132]
Training Navine AI Image:  96%|#########5| 3825/4000 [1:00:41<01:40,  1.75it/s, loss=0.0046]
Training Navine AI Image:  96%|#########5| 3826/4000 [1:00:42<01:40,  1.74it/s, loss=0.0046]
Training Navine AI Image:  96%|#########5| 3826/4000 [1:00:42<01:40,  1.74it/s, loss=0.0139]
Training Navine AI Image:  96%|#########5| 3827/4000 [1:00:42<01:42,  1.69it/s, loss=0.0139]
Training Navine AI Image:  96%|#########5| 3827/4000 [1:00:42<01:42,  1.69it/s, loss=0.0455]
Training Navine AI Image:  96%|#########5| 3828/4000 [1:00:43<01:39,  1.72it/s, loss=0.0455]
Training Navine AI Image:  96%|#########5| 3828/4000 [1:00:43<01:39,  1.72it/s, loss=0.0027]
Training Navine AI Image:  96%|#########5| 3829/4000 [1:00:44<01:38,  1.74it/s, loss=0.0027]
Training Navine AI Image:  96%|#########5| 3829/4000 [1:00:44<01:38,  1.74it/s, loss=0.0046]
Training Navine AI Image:  96%|#########5| 3830/4000 [1:00:44<01:37,  1.74it/s, loss=0.0046]
Training Navine AI Image:  96%|#########5| 3830/4000 [1:00:44<01:37,  1.74it/s, loss=0.0544]
Training Navine AI Image:  96%|#########5| 3831/4000 [1:00:45<01:36,  1.75it/s, loss=0.0544]
Training Navine AI Image:  96%|#########5| 3831/4000 [1:00:45<01:36,  1.75it/s, loss=0.0241]
Training Navine AI Image:  96%|#########5| 3832/4000 [1:00:45<01:37,  1.73it/s, loss=0.0241]
Training Navine AI Image:  96%|#########5| 3832/4000 [1:00:45<01:37,  1.73it/s, loss=0.0174]
Training Navine AI Image:  96%|#########5| 3833/4000 [1:00:46<01:36,  1.73it/s, loss=0.0174]
Training Navine AI Image:  96%|#########5| 3833/4000 [1:00:46<01:36,  1.73it/s, loss=0.0114]
Training Navine AI Image:  96%|#########5| 3834/4000 [1:00:47<01:37,  1.70it/s, loss=0.0114]
Training Navine AI Image:  96%|#########5| 3834/4000 [1:00:47<01:37,  1.70it/s, loss=0.0075]
Training Navine AI Image:  96%|#########5| 3835/4000 [1:00:47<01:34,  1.75it/s, loss=0.0075]
Training Navine AI Image:  96%|#########5| 3835/4000 [1:00:47<01:34,  1.75it/s, loss=0.0029]
Training Navine AI Image:  96%|#########5| 3836/4000 [1:00:48<01:33,  1.75it/s, loss=0.0029]
Training Navine AI Image:  96%|#########5| 3836/4000 [1:00:48<01:33,  1.75it/s, loss=0.0218]
Training Navine AI Image:  96%|#########5| 3837/4000 [1:00:48<01:36,  1.69it/s, loss=0.0218]
Training Navine AI Image:  96%|#########5| 3837/4000 [1:00:48<01:36,  1.69it/s, loss=0.0121]
Training Navine AI Image:  96%|#########5| 3838/4000 [1:00:49<01:33,  1.73it/s, loss=0.0121]
Training Navine AI Image:  96%|#########5| 3838/4000 [1:00:49<01:33,  1.73it/s, loss=0.0058]
Training Navine AI Image:  96%|#########5| 3839/4000 [1:00:49<01:31,  1.75it/s, loss=0.0058]
Training Navine AI Image:  96%|#########5| 3839/4000 [1:00:49<01:31,  1.75it/s, loss=0.0032]
Training Navine AI Image:  96%|#########6| 3840/4000 [1:00:50<01:29,  1.78it/s, loss=0.0032]
Training Navine AI Image:  96%|#########6| 3840/4000 [1:00:50<01:29,  1.78it/s, loss=0.0109]
Training Navine AI Image:  96%|#########6| 3841/4000 [1:00:50<01:29,  1.77it/s, loss=0.0109]
Training Navine AI Image:  96%|#########6| 3841/4000 [1:00:51<01:29,  1.77it/s, loss=0.0041]
Training Navine AI Image:  96%|#########6| 3842/4000 [1:00:51<01:32,  1.71it/s, loss=0.0041]
Training Navine AI Image:  96%|#########6| 3842/4000 [1:00:51<01:32,  1.71it/s, loss=0.0110]
Training Navine AI Image:  96%|#########6| 3843/4000 [1:00:52<01:28,  1.77it/s, loss=0.0110]
Training Navine AI Image:  96%|#########6| 3843/4000 [1:00:52<01:28,  1.77it/s, loss=0.0063]
Training Navine AI Image:  96%|#########6| 3844/4000 [1:00:52<01:28,  1.77it/s, loss=0.0063]
Training Navine AI Image:  96%|#########6| 3844/4000 [1:00:52<01:28,  1.77it/s, loss=0.0013]
Training Navine AI Image:  96%|#########6| 3845/4000 [1:00:53<01:30,  1.70it/s, loss=0.0013]
Training Navine AI Image:  96%|#########6| 3845/4000 [1:00:53<01:30,  1.70it/s, loss=0.0115]
Training Navine AI Image:  96%|#########6| 3846/4000 [1:00:53<01:29,  1.72it/s, loss=0.0115]
Training Navine AI Image:  96%|#########6| 3846/4000 [1:00:53<01:29,  1.72it/s, loss=0.0113]
Training Navine AI Image:  96%|#########6| 3847/4000 [1:00:54<01:28,  1.73it/s, loss=0.0113]
Training Navine AI Image:  96%|#########6| 3847/4000 [1:00:54<01:28,  1.73it/s, loss=0.0045]
Training Navine AI Image:  96%|#########6| 3848/4000 [1:00:55<01:27,  1.74it/s, loss=0.0045]
Training Navine AI Image:  96%|#########6| 3848/4000 [1:00:55<01:27,  1.74it/s, loss=0.0076]
Training Navine AI Image:  96%|#########6| 3849/4000 [1:00:55<01:27,  1.73it/s, loss=0.0076]
Training Navine AI Image:  96%|#########6| 3849/4000 [1:00:55<01:27,  1.73it/s, loss=0.0188]
Training Navine AI Image:  96%|#########6| 3850/4000 [1:00:56<01:26,  1.73it/s, loss=0.0188]
Training Navine AI Image:  96%|#########6| 3850/4000 [1:00:56<01:26,  1.73it/s, loss=0.0052]
Training Navine AI Image:  96%|#########6| 3851/4000 [1:00:56<01:25,  1.75it/s, loss=0.0052]
Training Navine AI Image:  96%|#########6| 3851/4000 [1:00:56<01:25,  1.75it/s, loss=0.0132]
Training Navine AI Image:  96%|#########6| 3852/4000 [1:00:57<01:23,  1.77it/s, loss=0.0132]
Training Navine AI Image:  96%|#########6| 3852/4000 [1:00:57<01:23,  1.77it/s, loss=0.0142]
Training Navine AI Image:  96%|#########6| 3853/4000 [1:00:57<01:23,  1.77it/s, loss=0.0142]
Training Navine AI Image:  96%|#########6| 3853/4000 [1:00:57<01:23,  1.77it/s, loss=0.0054]
Training Navine AI Image:  96%|#########6| 3854/4000 [1:00:58<01:22,  1.77it/s, loss=0.0054]
Training Navine AI Image:  96%|#########6| 3854/4000 [1:00:58<01:22,  1.77it/s, loss=0.0057]
Training Navine AI Image:  96%|#########6| 3855/4000 [1:00:58<01:22,  1.76it/s, loss=0.0057]
Training Navine AI Image:  96%|#########6| 3855/4000 [1:00:59<01:22,  1.76it/s, loss=0.0076]
Training Navine AI Image:  96%|#########6| 3856/4000 [1:00:59<01:23,  1.73it/s, loss=0.0076]
Training Navine AI Image:  96%|#########6| 3856/4000 [1:00:59<01:23,  1.73it/s, loss=0.0043]
Training Navine AI Image:  96%|#########6| 3857/4000 [1:01:00<01:20,  1.77it/s, loss=0.0043]
Training Navine AI Image:  96%|#########6| 3857/4000 [1:01:00<01:20,  1.77it/s, loss=0.0048]
Training Navine AI Image:  96%|#########6| 3858/4000 [1:01:00<01:20,  1.77it/s, loss=0.0048]
Training Navine AI Image:  96%|#########6| 3858/4000 [1:01:00<01:20,  1.77it/s, loss=0.0026]
Training Navine AI Image:  96%|#########6| 3859/4000 [1:01:01<01:20,  1.75it/s, loss=0.0026]
Training Navine AI Image:  96%|#########6| 3859/4000 [1:01:01<01:20,  1.75it/s, loss=0.0090]
Training Navine AI Image:  96%|#########6| 3860/4000 [1:01:01<01:20,  1.75it/s, loss=0.0090]
Training Navine AI Image:  96%|#########6| 3860/4000 [1:01:01<01:20,  1.75it/s, loss=0.0130]
Training Navine AI Image:  97%|#########6| 3861/4000 [1:01:02<01:19,  1.75it/s, loss=0.0130]
Training Navine AI Image:  97%|#########6| 3861/4000 [1:01:02<01:19,  1.75it/s, loss=0.0850]
Training Navine AI Image:  97%|#########6| 3862/4000 [1:01:03<01:19,  1.74it/s, loss=0.0850]
Training Navine AI Image:  97%|#########6| 3862/4000 [1:01:03<01:19,  1.74it/s, loss=0.0057]
Training Navine AI Image:  97%|#########6| 3863/4000 [1:01:03<01:21,  1.68it/s, loss=0.0057]
Training Navine AI Image:  97%|#########6| 3863/4000 [1:01:03<01:21,  1.68it/s, loss=0.0038]
Training Navine AI Image:  97%|#########6| 3864/4000 [1:01:04<01:20,  1.70it/s, loss=0.0038]
Training Navine AI Image:  97%|#########6| 3864/4000 [1:01:04<01:20,  1.70it/s, loss=0.0068]
Training Navine AI Image:  97%|#########6| 3865/4000 [1:01:04<01:18,  1.72it/s, loss=0.0068]
Training Navine AI Image:  97%|#########6| 3865/4000 [1:01:04<01:18,  1.72it/s, loss=0.0098]
Training Navine AI Image:  97%|#########6| 3866/4000 [1:01:05<01:17,  1.73it/s, loss=0.0098]
Training Navine AI Image:  97%|#########6| 3866/4000 [1:01:05<01:17,  1.73it/s, loss=0.0203]
Training Navine AI Image:  97%|#########6| 3867/4000 [1:01:05<01:16,  1.74it/s, loss=0.0203]
Training Navine AI Image:  97%|#########6| 3867/4000 [1:01:05<01:16,  1.74it/s, loss=0.0046]
Training Navine AI Image:  97%|#########6| 3868/4000 [1:01:06<01:15,  1.74it/s, loss=0.0046]
Training Navine AI Image:  97%|#########6| 3868/4000 [1:01:06<01:15,  1.74it/s, loss=0.0238]
Training Navine AI Image:  97%|#########6| 3869/4000 [1:01:07<01:17,  1.70it/s, loss=0.0238]
Training Navine AI Image:  97%|#########6| 3869/4000 [1:01:07<01:17,  1.70it/s, loss=0.0070]
Training Navine AI Image:  97%|#########6| 3870/4000 [1:01:07<01:16,  1.70it/s, loss=0.0070]
Training Navine AI Image:  97%|#########6| 3870/4000 [1:01:07<01:16,  1.70it/s, loss=0.0155]
Training Navine AI Image:  97%|#########6| 3871/4000 [1:01:08<01:14,  1.74it/s, loss=0.0155]
Training Navine AI Image:  97%|#########6| 3871/4000 [1:01:08<01:14,  1.74it/s, loss=0.0082]
Training Navine AI Image:  97%|#########6| 3872/4000 [1:01:08<01:14,  1.73it/s, loss=0.0082]
Training Navine AI Image:  97%|#########6| 3872/4000 [1:01:08<01:14,  1.73it/s, loss=0.0057]
Training Navine AI Image:  97%|#########6| 3873/4000 [1:01:09<01:13,  1.74it/s, loss=0.0057]
Training Navine AI Image:  97%|#########6| 3873/4000 [1:01:09<01:13,  1.74it/s, loss=0.0070]
Training Navine AI Image:  97%|#########6| 3874/4000 [1:01:09<01:12,  1.74it/s, loss=0.0070]
Training Navine AI Image:  97%|#########6| 3874/4000 [1:01:10<01:12,  1.74it/s, loss=0.0079]
Training Navine AI Image:  97%|#########6| 3875/4000 [1:01:10<01:11,  1.74it/s, loss=0.0079]
Training Navine AI Image:  97%|#########6| 3875/4000 [1:01:10<01:11,  1.74it/s, loss=0.0169]
Training Navine AI Image:  97%|#########6| 3876/4000 [1:01:11<01:12,  1.71it/s, loss=0.0169]
Training Navine AI Image:  97%|#########6| 3876/4000 [1:01:11<01:12,  1.71it/s, loss=0.0139]
Training Navine AI Image:  97%|#########6| 3877/4000 [1:01:11<01:11,  1.72it/s, loss=0.0139]
Training Navine AI Image:  97%|#########6| 3877/4000 [1:01:11<01:11,  1.72it/s, loss=0.0172]
Training Navine AI Image:  97%|#########6| 3878/4000 [1:01:12<01:10,  1.73it/s, loss=0.0172]
Training Navine AI Image:  97%|#########6| 3878/4000 [1:01:12<01:10,  1.73it/s, loss=0.0156]
Training Navine AI Image:  97%|#########6| 3879/4000 [1:01:12<01:11,  1.70it/s, loss=0.0156]
Training Navine AI Image:  97%|#########6| 3879/4000 [1:01:12<01:11,  1.70it/s, loss=0.0119]
Training Navine AI Image:  97%|#########7| 3880/4000 [1:01:13<01:08,  1.76it/s, loss=0.0119]
Training Navine AI Image:  97%|#########7| 3880/4000 [1:01:13<01:08,  1.76it/s, loss=0.0254]
Training Navine AI Image:  97%|#########7| 3881/4000 [1:01:14<01:07,  1.76it/s, loss=0.0254]
Training Navine AI Image:  97%|#########7| 3881/4000 [1:01:14<01:07,  1.76it/s, loss=0.0051]
Training Navine AI Image:  97%|#########7| 3882/4000 [1:01:14<01:07,  1.75it/s, loss=0.0051]
Training Navine AI Image:  97%|#########7| 3882/4000 [1:01:14<01:07,  1.75it/s, loss=0.0698]
Training Navine AI Image:  97%|#########7| 3883/4000 [1:01:15<01:06,  1.75it/s, loss=0.0698]
Training Navine AI Image:  97%|#########7| 3883/4000 [1:01:15<01:06,  1.75it/s, loss=0.0041]
Training Navine AI Image:  97%|#########7| 3884/4000 [1:01:15<01:06,  1.76it/s, loss=0.0041]
Training Navine AI Image:  97%|#########7| 3884/4000 [1:01:15<01:06,  1.76it/s, loss=0.0022]
Training Navine AI Image:  97%|#########7| 3885/4000 [1:01:16<01:05,  1.75it/s, loss=0.0022]
Training Navine AI Image:  97%|#########7| 3885/4000 [1:01:16<01:05,  1.75it/s, loss=0.0051]
Training Navine AI Image:  97%|#########7| 3886/4000 [1:01:16<01:04,  1.76it/s, loss=0.0051]
Training Navine AI Image:  97%|#########7| 3886/4000 [1:01:16<01:04,  1.76it/s, loss=0.0124]
Training Navine AI Image:  97%|#########7| 3887/4000 [1:01:17<01:04,  1.75it/s, loss=0.0124]
Training Navine AI Image:  97%|#########7| 3887/4000 [1:01:17<01:04,  1.75it/s, loss=0.0034]
Training Navine AI Image:  97%|#########7| 3888/4000 [1:01:18<01:06,  1.70it/s, loss=0.0034]
Training Navine AI Image:  97%|#########7| 3888/4000 [1:01:18<01:06,  1.70it/s, loss=0.0034]
Training Navine AI Image:  97%|#########7| 3889/4000 [1:01:18<01:04,  1.72it/s, loss=0.0034]
Training Navine AI Image:  97%|#########7| 3889/4000 [1:01:18<01:04,  1.72it/s, loss=0.0080]
Training Navine AI Image:  97%|#########7| 3890/4000 [1:01:19<01:04,  1.69it/s, loss=0.0080]
Training Navine AI Image:  97%|#########7| 3890/4000 [1:01:19<01:04,  1.69it/s, loss=0.0130]
Training Navine AI Image:  97%|#########7| 3891/4000 [1:01:19<01:07,  1.62it/s, loss=0.0130]
Training Navine AI Image:  97%|#########7| 3891/4000 [1:01:19<01:07,  1.62it/s, loss=0.0040]
Training Navine AI Image:  97%|#########7| 3892/4000 [1:01:20<01:04,  1.66it/s, loss=0.0040]
Training Navine AI Image:  97%|#########7| 3892/4000 [1:01:20<01:04,  1.66it/s, loss=0.0125]
Training Navine AI Image:  97%|#########7| 3893/4000 [1:01:21<01:03,  1.69it/s, loss=0.0125]
Training Navine AI Image:  97%|#########7| 3893/4000 [1:01:21<01:03,  1.69it/s, loss=0.0148]
Training Navine AI Image:  97%|#########7| 3894/4000 [1:01:21<01:02,  1.70it/s, loss=0.0148]
Training Navine AI Image:  97%|#########7| 3894/4000 [1:01:21<01:02,  1.70it/s, loss=0.0032]
Training Navine AI Image:  97%|#########7| 3895/4000 [1:01:22<01:01,  1.71it/s, loss=0.0032]
Training Navine AI Image:  97%|#########7| 3895/4000 [1:01:22<01:01,  1.71it/s, loss=0.0039]
Training Navine AI Image:  97%|#########7| 3896/4000 [1:01:22<01:00,  1.73it/s, loss=0.0039]
Training Navine AI Image:  97%|#########7| 3896/4000 [1:01:22<01:00,  1.73it/s, loss=0.0198]
Training Navine AI Image:  97%|#########7| 3897/4000 [1:01:23<01:00,  1.72it/s, loss=0.0198]
Training Navine AI Image:  97%|#########7| 3897/4000 [1:01:23<01:00,  1.72it/s, loss=0.0111]
Training Navine AI Image:  97%|#########7| 3898/4000 [1:01:23<00:59,  1.72it/s, loss=0.0111]
Training Navine AI Image:  97%|#########7| 3898/4000 [1:01:23<00:59,  1.72it/s, loss=0.0082]
Training Navine AI Image:  97%|#########7| 3899/4000 [1:01:24<00:56,  1.78it/s, loss=0.0082]
Training Navine AI Image:  97%|#########7| 3899/4000 [1:01:24<00:56,  1.78it/s, loss=0.0635]
Training Navine AI Image:  98%|#########7| 3900/4000 [1:01:25<00:57,  1.75it/s, loss=0.0635]
Training Navine AI Image:  98%|#########7| 3900/4000 [1:01:25<00:57,  1.75it/s, loss=0.0043]
Training Navine AI Image:  98%|#########7| 3901/4000 [1:01:25<00:56,  1.75it/s, loss=0.0043]
Training Navine AI Image:  98%|#########7| 3901/4000 [1:01:25<00:56,  1.75it/s, loss=0.0029]
Training Navine AI Image:  98%|#########7| 3902/4000 [1:01:26<00:56,  1.75it/s, loss=0.0029]
Training Navine AI Image:  98%|#########7| 3902/4000 [1:01:26<00:56,  1.75it/s, loss=0.0228]
Training Navine AI Image:  98%|#########7| 3903/4000 [1:01:26<00:55,  1.75it/s, loss=0.0228]
Training Navine AI Image:  98%|#########7| 3903/4000 [1:01:26<00:55,  1.75it/s, loss=0.0034]
Training Navine AI Image:  98%|#########7| 3904/4000 [1:01:27<00:54,  1.75it/s, loss=0.0034]
Training Navine AI Image:  98%|#########7| 3904/4000 [1:01:27<00:54,  1.75it/s, loss=0.0052]
Training Navine AI Image:  98%|#########7| 3905/4000 [1:01:27<00:54,  1.75it/s, loss=0.0052]
Training Navine AI Image:  98%|#########7| 3905/4000 [1:01:27<00:54,  1.75it/s, loss=0.0027]
Training Navine AI Image:  98%|#########7| 3906/4000 [1:01:28<00:55,  1.70it/s, loss=0.0027]
Training Navine AI Image:  98%|#########7| 3906/4000 [1:01:28<00:55,  1.70it/s, loss=0.0025]
Training Navine AI Image:  98%|#########7| 3907/4000 [1:01:29<00:54,  1.71it/s, loss=0.0025]
Training Navine AI Image:  98%|#########7| 3907/4000 [1:01:29<00:54,  1.71it/s, loss=0.0101]
Training Navine AI Image:  98%|#########7| 3908/4000 [1:01:29<00:52,  1.74it/s, loss=0.0101]
Training Navine AI Image:  98%|#########7| 3908/4000 [1:01:29<00:52,  1.74it/s, loss=0.0121]
Training Navine AI Image:  98%|#########7| 3909/4000 [1:01:30<00:53,  1.71it/s, loss=0.0121]
Training Navine AI Image:  98%|#########7| 3909/4000 [1:01:30<00:53,  1.71it/s, loss=0.0046]
Training Navine AI Image:  98%|#########7| 3910/4000 [1:01:30<00:53,  1.67it/s, loss=0.0046]
Training Navine AI Image:  98%|#########7| 3910/4000 [1:01:30<00:53,  1.67it/s, loss=0.0126]
Training Navine AI Image:  98%|#########7| 3911/4000 [1:01:31<00:51,  1.73it/s, loss=0.0126]
Training Navine AI Image:  98%|#########7| 3911/4000 [1:01:31<00:51,  1.73it/s, loss=0.0084]
Training Navine AI Image:  98%|#########7| 3912/4000 [1:01:32<00:50,  1.74it/s, loss=0.0084]
Training Navine AI Image:  98%|#########7| 3912/4000 [1:01:32<00:50,  1.74it/s, loss=0.0016]
Training Navine AI Image:  98%|#########7| 3913/4000 [1:01:32<00:50,  1.74it/s, loss=0.0016]
Training Navine AI Image:  98%|#########7| 3913/4000 [1:01:32<00:50,  1.74it/s, loss=0.0358]
Training Navine AI Image:  98%|#########7| 3914/4000 [1:01:33<00:50,  1.70it/s, loss=0.0358]
Training Navine AI Image:  98%|#########7| 3914/4000 [1:01:33<00:50,  1.70it/s, loss=0.0017]
Training Navine AI Image:  98%|#########7| 3915/4000 [1:01:33<00:48,  1.75it/s, loss=0.0017]
Training Navine AI Image:  98%|#########7| 3915/4000 [1:01:33<00:48,  1.75it/s, loss=0.0199]
Training Navine AI Image:  98%|#########7| 3916/4000 [1:01:34<00:48,  1.74it/s, loss=0.0199]
Training Navine AI Image:  98%|#########7| 3916/4000 [1:01:34<00:48,  1.74it/s, loss=0.0014]
Training Navine AI Image:  98%|#########7| 3917/4000 [1:01:34<00:48,  1.70it/s, loss=0.0014]
Training Navine AI Image:  98%|#########7| 3917/4000 [1:01:34<00:48,  1.70it/s, loss=0.0152]
Training Navine AI Image:  98%|#########7| 3918/4000 [1:01:35<00:46,  1.76it/s, loss=0.0152]
Training Navine AI Image:  98%|#########7| 3918/4000 [1:01:35<00:46,  1.76it/s, loss=0.0029]
Training Navine AI Image:  98%|#########7| 3919/4000 [1:01:36<00:46,  1.76it/s, loss=0.0029]
Training Navine AI Image:  98%|#########7| 3919/4000 [1:01:36<00:46,  1.76it/s, loss=0.0183]
Training Navine AI Image:  98%|#########8| 3920/4000 [1:01:36<00:45,  1.76it/s, loss=0.0183]
Training Navine AI Image:  98%|#########8| 3920/4000 [1:01:36<00:45,  1.76it/s, loss=0.0088]
Training Navine AI Image:  98%|#########8| 3921/4000 [1:01:37<00:44,  1.76it/s, loss=0.0088]
Training Navine AI Image:  98%|#########8| 3921/4000 [1:01:37<00:44,  1.76it/s, loss=0.0059]
Training Navine AI Image:  98%|#########8| 3922/4000 [1:01:37<00:44,  1.74it/s, loss=0.0059]
Training Navine AI Image:  98%|#########8| 3922/4000 [1:01:37<00:44,  1.74it/s, loss=0.0033]
Training Navine AI Image:  98%|#########8| 3923/4000 [1:01:38<00:44,  1.74it/s, loss=0.0033]
Training Navine AI Image:  98%|#########8| 3923/4000 [1:01:38<00:44,  1.74it/s, loss=0.0526]
Training Navine AI Image:  98%|#########8| 3924/4000 [1:01:38<00:43,  1.75it/s, loss=0.0526]
Training Navine AI Image:  98%|#########8| 3924/4000 [1:01:38<00:43,  1.75it/s, loss=0.0035]
Training Navine AI Image:  98%|#########8| 3925/4000 [1:01:39<00:42,  1.76it/s, loss=0.0035]
Training Navine AI Image:  98%|#########8| 3925/4000 [1:01:39<00:42,  1.76it/s, loss=0.0066]
Training Navine AI Image:  98%|#########8| 3926/4000 [1:01:40<00:42,  1.76it/s, loss=0.0066]
Training Navine AI Image:  98%|#########8| 3926/4000 [1:01:40<00:42,  1.76it/s, loss=0.0047]
Training Navine AI Image:  98%|#########8| 3927/4000 [1:01:40<00:41,  1.76it/s, loss=0.0047]
Training Navine AI Image:  98%|#########8| 3927/4000 [1:01:40<00:41,  1.76it/s, loss=0.0169]
Training Navine AI Image:  98%|#########8| 3928/4000 [1:01:41<00:41,  1.74it/s, loss=0.0169]
Training Navine AI Image:  98%|#########8| 3928/4000 [1:01:41<00:41,  1.74it/s, loss=0.0116]
Training Navine AI Image:  98%|#########8| 3929/4000 [1:01:41<00:40,  1.75it/s, loss=0.0116]
Training Navine AI Image:  98%|#########8| 3929/4000 [1:01:41<00:40,  1.75it/s, loss=0.0042]
Training Navine AI Image:  98%|#########8| 3930/4000 [1:01:42<00:39,  1.75it/s, loss=0.0042]
Training Navine AI Image:  98%|#########8| 3930/4000 [1:01:42<00:39,  1.75it/s, loss=0.0220]
Training Navine AI Image:  98%|#########8| 3931/4000 [1:01:42<00:39,  1.75it/s, loss=0.0220]
Training Navine AI Image:  98%|#########8| 3931/4000 [1:01:42<00:39,  1.75it/s, loss=0.0030]
Training Navine AI Image:  98%|#########8| 3932/4000 [1:01:43<00:38,  1.75it/s, loss=0.0030]
Training Navine AI Image:  98%|#########8| 3932/4000 [1:01:43<00:38,  1.75it/s, loss=0.0073]
Training Navine AI Image:  98%|#########8| 3933/4000 [1:01:44<00:38,  1.72it/s, loss=0.0073]
Training Navine AI Image:  98%|#########8| 3933/4000 [1:01:44<00:38,  1.72it/s, loss=0.0016]
Training Navine AI Image:  98%|#########8| 3934/4000 [1:01:44<00:37,  1.77it/s, loss=0.0016]
Training Navine AI Image:  98%|#########8| 3934/4000 [1:01:44<00:37,  1.77it/s, loss=0.0046]
Training Navine AI Image:  98%|#########8| 3935/4000 [1:01:45<00:36,  1.76it/s, loss=0.0046]
Training Navine AI Image:  98%|#########8| 3935/4000 [1:01:45<00:36,  1.76it/s, loss=0.0075]
Training Navine AI Image:  98%|#########8| 3936/4000 [1:01:45<00:36,  1.76it/s, loss=0.0075]
Training Navine AI Image:  98%|#########8| 3936/4000 [1:01:45<00:36,  1.76it/s, loss=0.0122]
Training Navine AI Image:  98%|#########8| 3937/4000 [1:01:46<00:35,  1.78it/s, loss=0.0122]
Training Navine AI Image:  98%|#########8| 3937/4000 [1:01:46<00:35,  1.78it/s, loss=0.0090]
Training Navine AI Image:  98%|#########8| 3938/4000 [1:01:46<00:35,  1.75it/s, loss=0.0090]
Training Navine AI Image:  98%|#########8| 3938/4000 [1:01:46<00:35,  1.75it/s, loss=0.0222]
Training Navine AI Image:  98%|#########8| 3939/4000 [1:01:47<00:34,  1.74it/s, loss=0.0222]
Training Navine AI Image:  98%|#########8| 3939/4000 [1:01:47<00:34,  1.74it/s, loss=0.0058]
Training Navine AI Image:  98%|#########8| 3940/4000 [1:01:48<00:34,  1.76it/s, loss=0.0058]
Training Navine AI Image:  98%|#########8| 3940/4000 [1:01:48<00:34,  1.76it/s, loss=0.0016]
Training Navine AI Image:  99%|#########8| 3941/4000 [1:01:48<00:34,  1.72it/s, loss=0.0016]
Training Navine AI Image:  99%|#########8| 3941/4000 [1:01:48<00:34,  1.72it/s, loss=0.0033]
Training Navine AI Image:  99%|#########8| 3942/4000 [1:01:49<00:33,  1.74it/s, loss=0.0033]
Training Navine AI Image:  99%|#########8| 3942/4000 [1:01:49<00:33,  1.74it/s, loss=0.0075]
Training Navine AI Image:  99%|#########8| 3943/4000 [1:01:49<00:31,  1.79it/s, loss=0.0075]
Training Navine AI Image:  99%|#########8| 3943/4000 [1:01:49<00:31,  1.79it/s, loss=0.0183]
Training Navine AI Image:  99%|#########8| 3944/4000 [1:01:50<00:31,  1.77it/s, loss=0.0183]
Training Navine AI Image:  99%|#########8| 3944/4000 [1:01:50<00:31,  1.77it/s, loss=0.0043]
Training Navine AI Image:  99%|#########8| 3945/4000 [1:01:50<00:31,  1.77it/s, loss=0.0043]
Training Navine AI Image:  99%|#########8| 3945/4000 [1:01:50<00:31,  1.77it/s, loss=0.0030]
Training Navine AI Image:  99%|#########8| 3946/4000 [1:01:51<00:30,  1.78it/s, loss=0.0030]
Training Navine AI Image:  99%|#########8| 3946/4000 [1:01:51<00:30,  1.78it/s, loss=0.0048]
Training Navine AI Image:  99%|#########8| 3947/4000 [1:01:51<00:30,  1.75it/s, loss=0.0048]
Training Navine AI Image:  99%|#########8| 3947/4000 [1:01:52<00:30,  1.75it/s, loss=0.0074]
Training Navine AI Image:  99%|#########8| 3948/4000 [1:01:52<00:30,  1.70it/s, loss=0.0074]
Training Navine AI Image:  99%|#########8| 3948/4000 [1:01:52<00:30,  1.70it/s, loss=0.0466]
Training Navine AI Image:  99%|#########8| 3949/4000 [1:01:53<00:29,  1.72it/s, loss=0.0466]
Training Navine AI Image:  99%|#########8| 3949/4000 [1:01:53<00:29,  1.72it/s, loss=0.0109]
Training Navine AI Image:  99%|#########8| 3950/4000 [1:01:53<00:28,  1.76it/s, loss=0.0109]
Training Navine AI Image:  99%|#########8| 3950/4000 [1:01:53<00:28,  1.76it/s, loss=0.0021]
Training Navine AI Image:  99%|#########8| 3951/4000 [1:01:54<00:28,  1.75it/s, loss=0.0021]
Training Navine AI Image:  99%|#########8| 3951/4000 [1:01:54<00:28,  1.75it/s, loss=0.0098]
Training Navine AI Image:  99%|#########8| 3952/4000 [1:01:54<00:27,  1.73it/s, loss=0.0098]
Training Navine AI Image:  99%|#########8| 3952/4000 [1:01:54<00:27,  1.73it/s, loss=0.0220]
Training Navine AI Image:  99%|#########8| 3953/4000 [1:01:55<00:26,  1.76it/s, loss=0.0220]
Training Navine AI Image:  99%|#########8| 3953/4000 [1:01:55<00:26,  1.76it/s, loss=0.0213]
Training Navine AI Image:  99%|#########8| 3954/4000 [1:01:56<00:26,  1.73it/s, loss=0.0213]
Training Navine AI Image:  99%|#########8| 3954/4000 [1:01:56<00:26,  1.73it/s, loss=0.0044]
Training Navine AI Image:  99%|#########8| 3955/4000 [1:01:56<00:25,  1.73it/s, loss=0.0044]
Training Navine AI Image:  99%|#########8| 3955/4000 [1:01:56<00:25,  1.73it/s, loss=0.0179]
Training Navine AI Image:  99%|#########8| 3956/4000 [1:01:57<00:25,  1.74it/s, loss=0.0179]
Training Navine AI Image:  99%|#########8| 3956/4000 [1:01:57<00:25,  1.74it/s, loss=0.0060]
Training Navine AI Image:  99%|#########8| 3957/4000 [1:01:57<00:24,  1.73it/s, loss=0.0060]
Training Navine AI Image:  99%|#########8| 3957/4000 [1:01:57<00:24,  1.73it/s, loss=0.0109]
Training Navine AI Image:  99%|#########8| 3958/4000 [1:01:58<00:24,  1.68it/s, loss=0.0109]
Training Navine AI Image:  99%|#########8| 3958/4000 [1:01:58<00:24,  1.68it/s, loss=0.0128]
Training Navine AI Image:  99%|#########8| 3959/4000 [1:01:58<00:23,  1.73it/s, loss=0.0128]
Training Navine AI Image:  99%|#########8| 3959/4000 [1:01:58<00:23,  1.73it/s, loss=0.0073]
Training Navine AI Image:  99%|#########9| 3960/4000 [1:01:59<00:23,  1.71it/s, loss=0.0073]
Training Navine AI Image:  99%|#########9| 3960/4000 [1:01:59<00:23,  1.71it/s, loss=0.0369]
Training Navine AI Image:  99%|#########9| 3961/4000 [1:02:00<00:23,  1.69it/s, loss=0.0369]
Training Navine AI Image:  99%|#########9| 3961/4000 [1:02:00<00:23,  1.69it/s, loss=0.0099]
Training Navine AI Image:  99%|#########9| 3962/4000 [1:02:00<00:21,  1.74it/s, loss=0.0099]
Training Navine AI Image:  99%|#########9| 3962/4000 [1:02:00<00:21,  1.74it/s, loss=0.0481]
Training Navine AI Image:  99%|#########9| 3963/4000 [1:02:01<00:21,  1.75it/s, loss=0.0481]
Training Navine AI Image:  99%|#########9| 3963/4000 [1:02:01<00:21,  1.75it/s, loss=0.0109]
Training Navine AI Image:  99%|#########9| 3964/4000 [1:02:01<00:20,  1.75it/s, loss=0.0109]
Training Navine AI Image:  99%|#########9| 3964/4000 [1:02:01<00:20,  1.75it/s, loss=0.0335]
Training Navine AI Image:  99%|#########9| 3965/4000 [1:02:02<00:20,  1.72it/s, loss=0.0335]
Training Navine AI Image:  99%|#########9| 3965/4000 [1:02:02<00:20,  1.72it/s, loss=0.0070]
Training Navine AI Image:  99%|#########9| 3966/4000 [1:02:02<00:19,  1.76it/s, loss=0.0070]
Training Navine AI Image:  99%|#########9| 3966/4000 [1:02:03<00:19,  1.76it/s, loss=0.0025]
Training Navine AI Image:  99%|#########9| 3967/4000 [1:02:03<00:18,  1.76it/s, loss=0.0025]
Training Navine AI Image:  99%|#########9| 3967/4000 [1:02:03<00:18,  1.76it/s, loss=0.0650]
Training Navine AI Image:  99%|#########9| 3968/4000 [1:02:04<00:18,  1.76it/s, loss=0.0650]
Training Navine AI Image:  99%|#########9| 3968/4000 [1:02:04<00:18,  1.76it/s, loss=0.0091]
Training Navine AI Image:  99%|#########9| 3969/4000 [1:02:04<00:18,  1.70it/s, loss=0.0091]
Training Navine AI Image:  99%|#########9| 3969/4000 [1:02:04<00:18,  1.70it/s, loss=0.0203]
Training Navine AI Image:  99%|#########9| 3970/4000 [1:02:05<00:17,  1.76it/s, loss=0.0203]
Training Navine AI Image:  99%|#########9| 3970/4000 [1:02:05<00:17,  1.76it/s, loss=0.0036]
Training Navine AI Image:  99%|#########9| 3971/4000 [1:02:05<00:16,  1.75it/s, loss=0.0036]
Training Navine AI Image:  99%|#########9| 3971/4000 [1:02:05<00:16,  1.75it/s, loss=0.0168]
Training Navine AI Image:  99%|#########9| 3972/4000 [1:02:06<00:16,  1.73it/s, loss=0.0168]
Training Navine AI Image:  99%|#########9| 3972/4000 [1:02:06<00:16,  1.73it/s, loss=0.0016]
Training Navine AI Image:  99%|#########9| 3973/4000 [1:02:06<00:15,  1.75it/s, loss=0.0016]
Training Navine AI Image:  99%|#########9| 3973/4000 [1:02:07<00:15,  1.75it/s, loss=0.0089]
Training Navine AI Image:  99%|#########9| 3974/4000 [1:02:07<00:14,  1.76it/s, loss=0.0089]
Training Navine AI Image:  99%|#########9| 3974/4000 [1:02:07<00:14,  1.76it/s, loss=0.0548]
Training Navine AI Image:  99%|#########9| 3975/4000 [1:02:08<00:14,  1.76it/s, loss=0.0548]
Training Navine AI Image:  99%|#########9| 3975/4000 [1:02:08<00:14,  1.76it/s, loss=0.0075]
Training Navine AI Image:  99%|#########9| 3976/4000 [1:02:08<00:13,  1.77it/s, loss=0.0075]
Training Navine AI Image:  99%|#########9| 3976/4000 [1:02:08<00:13,  1.77it/s, loss=0.0384]
Training Navine AI Image:  99%|#########9| 3977/4000 [1:02:09<00:13,  1.72it/s, loss=0.0384]
Training Navine AI Image:  99%|#########9| 3977/4000 [1:02:09<00:13,  1.72it/s, loss=0.0103]
Training Navine AI Image:  99%|#########9| 3978/4000 [1:02:09<00:12,  1.77it/s, loss=0.0103]
Training Navine AI Image:  99%|#########9| 3978/4000 [1:02:09<00:12,  1.77it/s, loss=0.0142]
Training Navine AI Image:  99%|#########9| 3979/4000 [1:02:10<00:11,  1.77it/s, loss=0.0142]
Training Navine AI Image:  99%|#########9| 3979/4000 [1:02:10<00:11,  1.77it/s, loss=0.0258]
Training Navine AI Image: 100%|#########9| 3980/4000 [1:02:10<00:11,  1.75it/s, loss=0.0258]
Training Navine AI Image: 100%|#########9| 3980/4000 [1:02:11<00:11,  1.75it/s, loss=0.0126]
Training Navine AI Image: 100%|#########9| 3981/4000 [1:02:11<00:11,  1.72it/s, loss=0.0126]
Training Navine AI Image: 100%|#########9| 3981/4000 [1:02:11<00:11,  1.72it/s, loss=0.0076]
Training Navine AI Image: 100%|#########9| 3982/4000 [1:02:12<00:10,  1.76it/s, loss=0.0076]
Training Navine AI Image: 100%|#########9| 3982/4000 [1:02:12<00:10,  1.76it/s, loss=0.0034]
Training Navine AI Image: 100%|#########9| 3983/4000 [1:02:12<00:09,  1.76it/s, loss=0.0034]
Training Navine AI Image: 100%|#########9| 3983/4000 [1:02:12<00:09,  1.76it/s, loss=0.0120]
Training Navine AI Image: 100%|#########9| 3984/4000 [1:02:13<00:09,  1.72it/s, loss=0.0120]
Training Navine AI Image: 100%|#########9| 3984/4000 [1:02:13<00:09,  1.72it/s, loss=0.0037]
Training Navine AI Image: 100%|#########9| 3985/4000 [1:02:13<00:08,  1.77it/s, loss=0.0037]
Training Navine AI Image: 100%|#########9| 3985/4000 [1:02:13<00:08,  1.77it/s, loss=0.0069]
Training Navine AI Image: 100%|#########9| 3986/4000 [1:02:14<00:07,  1.77it/s, loss=0.0069]
Training Navine AI Image: 100%|#########9| 3986/4000 [1:02:14<00:07,  1.77it/s, loss=0.0069]
Training Navine AI Image: 100%|#########9| 3987/4000 [1:02:14<00:07,  1.77it/s, loss=0.0069]
Training Navine AI Image: 100%|#########9| 3987/4000 [1:02:15<00:07,  1.77it/s, loss=0.0272]
Training Navine AI Image: 100%|#########9| 3988/4000 [1:02:15<00:06,  1.73it/s, loss=0.0272]
Training Navine AI Image: 100%|#########9| 3988/4000 [1:02:15<00:06,  1.73it/s, loss=0.0113]
Training Navine AI Image: 100%|#########9| 3989/4000 [1:02:16<00:06,  1.74it/s, loss=0.0113]
Training Navine AI Image: 100%|#########9| 3989/4000 [1:02:16<00:06,  1.74it/s, loss=0.0022]
Training Navine AI Image: 100%|#########9| 3990/4000 [1:02:16<00:05,  1.78it/s, loss=0.0022]
Training Navine AI Image: 100%|#########9| 3990/4000 [1:02:16<00:05,  1.78it/s, loss=0.0112]
Training Navine AI Image: 100%|#########9| 3991/4000 [1:02:17<00:05,  1.76it/s, loss=0.0112]
Training Navine AI Image: 100%|#########9| 3991/4000 [1:02:17<00:05,  1.76it/s, loss=0.0054]
Training Navine AI Image: 100%|#########9| 3992/4000 [1:02:17<00:04,  1.76it/s, loss=0.0054]
Training Navine AI Image: 100%|#########9| 3992/4000 [1:02:17<00:04,  1.76it/s, loss=0.0116]
Training Navine AI Image: 100%|#########9| 3993/4000 [1:02:18<00:03,  1.76it/s, loss=0.0116]
Training Navine AI Image: 100%|#########9| 3993/4000 [1:02:18<00:03,  1.76it/s, loss=0.0069]
Training Navine AI Image: 100%|#########9| 3994/4000 [1:02:18<00:03,  1.76it/s, loss=0.0069]
Training Navine AI Image: 100%|#########9| 3994/4000 [1:02:18<00:03,  1.76it/s, loss=0.0033]
Training Navine AI Image: 100%|#########9| 3995/4000 [1:02:19<00:02,  1.76it/s, loss=0.0033]
Training Navine AI Image: 100%|#########9| 3995/4000 [1:02:19<00:02,  1.76it/s, loss=0.0044]
Training Navine AI Image: 100%|#########9| 3996/4000 [1:02:20<00:02,  1.72it/s, loss=0.0044]
Training Navine AI Image: 100%|#########9| 3996/4000 [1:02:20<00:02,  1.72it/s, loss=0.0042]
Training Navine AI Image: 100%|#########9| 3997/4000 [1:02:20<00:01,  1.77it/s, loss=0.0042]
Training Navine AI Image: 100%|#########9| 3997/4000 [1:02:20<00:01,  1.77it/s, loss=0.0104]
Training Navine AI Image: 100%|#########9| 3998/4000 [1:02:21<00:01,  1.78it/s, loss=0.0104]
Training Navine AI Image: 100%|#########9| 3998/4000 [1:02:21<00:01,  1.78it/s, loss=0.0048]
Training Navine AI Image: 100%|#########9| 3999/4000 [1:02:21<00:00,  1.70it/s, loss=0.0048]
Training Navine AI Image: 100%|#########9| 3999/4000 [1:02:21<00:00,  1.70it/s, loss=0.0246]
Training Navine AI Image: 100%|##########| 4000/4000 [1:02:22<00:00,  1.72it/s, loss=0.0246]
Training Navine AI Image: 100%|##########| 4000/4000 [1:02:22<00:00,  1.72it/s, loss=0.0100]
Training Navine AI Image: 100%|##########| 4000/4000 [1:05:41<00:00,  1.01it/s, loss=0.0100]
