Navine train device: cuda | mode=hybrid dtype=torch.float16 | cuda_available=True name=NVIDIA GeForce RTX 4060 Laptop GPU vram_gb=8.0 | cpu_threads=21 dataloader={'num_workers': 0, 'pin_memory': True}
ImageFolderDataset unique=1578 effective=10608
C:\Users\hitbo\Downloads\Navine AI\navine\image\model.py:245: UserWarning: enable_nested_tensor is True, but self.use_nested_tensor is False because encoder_layer.norm_first was True
  self.encoder = nn.TransformerEncoder(layer, num_layers=num_layers)
Navine AI Image Model | Parameters: 27,398,723 | Device: cuda
Training samples: 10608 | Steps: 800
Hybrid compute | CPU threads: 21 | DataLoader: {'num_workers': 0, 'pin_memory': True}

Fine-tuning Navine AI Image:   0%|          | 0/800 [00:00<?, ?it/s]
Fine-tuning Navine AI Image:   0%|          | 1/800 [00:27<6:06:28, 27.52s/it]
Fine-tuning Navine AI Image:   0%|          | 1/800 [00:27<6:06:28, 27.52s/it, loss=0.0043]
Fine-tuning Navine AI Image:   0%|          | 2/800 [00:27<2:33:01, 11.51s/it, loss=0.0043]
Fine-tuning Navine AI Image:   0%|          | 2/800 [00:27<2:33:01, 11.51s/it, loss=0.0084]
Fine-tuning Navine AI Image:   0%|          | 3/800 [00:28<1:24:32,  6.36s/it, loss=0.0084]
Fine-tuning Navine AI Image:   0%|          | 3/800 [00:28<1:24:32,  6.36s/it, loss=0.0104]
Fine-tuning Navine AI Image:   0%|          | 4/800 [00:28<52:29,  3.96s/it, loss=0.0104]  
Fine-tuning Navine AI Image:   0%|          | 4/800 [00:28<52:29,  3.96s/it, loss=0.0078]
Fine-tuning Navine AI Image:   1%|          | 5/800 [00:28<34:42,  2.62s/it, loss=0.0078]
Fine-tuning Navine AI Image:   1%|          | 5/800 [00:28<34:42,  2.62s/it, loss=0.0018]
Fine-tuning Navine AI Image:   1%|          | 6/800 [00:28<24:01,  1.81s/it, loss=0.0018]
Fine-tuning Navine AI Image:   1%|          | 6/800 [00:28<24:01,  1.81s/it, loss=0.0047]
Fine-tuning Navine AI Image:   1%|          | 7/800 [00:29<17:19,  1.31s/it, loss=0.0047]
Fine-tuning Navine AI Image:   1%|          | 7/800 [00:29<17:19,  1.31s/it, loss=0.0024]
Fine-tuning Navine AI Image:   1%|1         | 8/800 [00:29<12:54,  1.02it/s, loss=0.0024]
Fine-tuning Navine AI Image:   1%|1         | 8/800 [00:29<12:54,  1.02it/s, loss=0.0071]
Fine-tuning Navine AI Image:   1%|1         | 9/800 [00:29<09:52,  1.34it/s, loss=0.0071]
Fine-tuning Navine AI Image:   1%|1         | 9/800 [00:29<09:52,  1.34it/s, loss=0.0032]
Fine-tuning Navine AI Image:   1%|1         | 10/800 [00:29<07:52,  1.67it/s, loss=0.0032]
Fine-tuning Navine AI Image:   1%|1         | 10/800 [00:29<07:52,  1.67it/s, loss=0.0030]
Fine-tuning Navine AI Image:   1%|1         | 11/800 [00:30<06:26,  2.04it/s, loss=0.0030]
Fine-tuning Navine AI Image:   1%|1         | 11/800 [00:30<06:26,  2.04it/s, loss=0.0014]
Fine-tuning Navine AI Image:   2%|1         | 12/800 [00:30<05:30,  2.38it/s, loss=0.0014]
Fine-tuning Navine AI Image:   2%|1         | 12/800 [00:30<05:30,  2.38it/s, loss=0.0085]
Fine-tuning Navine AI Image:   2%|1         | 13/800 [00:30<04:49,  2.72it/s, loss=0.0085]
Fine-tuning Navine AI Image:   2%|1         | 13/800 [00:30<04:49,  2.72it/s, loss=0.0072]
Fine-tuning Navine AI Image:   2%|1         | 14/800 [00:30<04:32,  2.89it/s, loss=0.0072]
Fine-tuning Navine AI Image:   2%|1         | 14/800 [00:30<04:32,  2.89it/s, loss=0.0176]
Fine-tuning Navine AI Image:   2%|1         | 15/800 [00:31<04:11,  3.12it/s, loss=0.0176]
Fine-tuning Navine AI Image:   2%|1         | 15/800 [00:31<04:11,  3.12it/s, loss=0.0032]
Fine-tuning Navine AI Image:   2%|2         | 16/800 [00:31<03:56,  3.32it/s, loss=0.0032]
Fine-tuning Navine AI Image:   2%|2         | 16/800 [00:31<03:56,  3.32it/s, loss=0.0014]
Fine-tuning Navine AI Image:   2%|2         | 17/800 [00:31<03:47,  3.44it/s, loss=0.0014]
Fine-tuning Navine AI Image:   2%|2         | 17/800 [00:31<03:47,  3.44it/s, loss=0.0092]
Fine-tuning Navine AI Image:   2%|2         | 18/800 [00:31<03:40,  3.55it/s, loss=0.0092]
Fine-tuning Navine AI Image:   2%|2         | 18/800 [00:31<03:40,  3.55it/s, loss=0.0148]
Fine-tuning Navine AI Image:   2%|2         | 19/800 [00:32<03:30,  3.71it/s, loss=0.0148]
Fine-tuning Navine AI Image:   2%|2         | 19/800 [00:32<03:30,  3.71it/s, loss=0.0066]
Fine-tuning Navine AI Image:   2%|2         | 20/800 [00:32<03:26,  3.78it/s, loss=0.0066]
Fine-tuning Navine AI Image:   2%|2         | 20/800 [00:32<03:26,  3.78it/s, loss=0.0007]
Fine-tuning Navine AI Image:   3%|2         | 21/800 [00:32<03:23,  3.84it/s, loss=0.0007]
Fine-tuning Navine AI Image:   3%|2         | 21/800 [00:32<03:23,  3.84it/s, loss=0.0023]
Fine-tuning Navine AI Image:   3%|2         | 22/800 [00:32<03:25,  3.79it/s, loss=0.0023]
Fine-tuning Navine AI Image:   3%|2         | 22/800 [00:32<03:25,  3.79it/s, loss=0.0019]
Fine-tuning Navine AI Image:   3%|2         | 23/800 [00:33<03:20,  3.87it/s, loss=0.0019]
Fine-tuning Navine AI Image:   3%|2         | 23/800 [00:33<03:20,  3.87it/s, loss=0.0034]
Fine-tuning Navine AI Image:   3%|3         | 24/800 [00:33<03:20,  3.87it/s, loss=0.0034]
Fine-tuning Navine AI Image:   3%|3         | 24/800 [00:33<03:20,  3.87it/s, loss=0.0012]
Fine-tuning Navine AI Image:   3%|3         | 25/800 [00:33<03:21,  3.85it/s, loss=0.0012]
Fine-tuning Navine AI Image:   3%|3         | 25/800 [00:33<03:21,  3.85it/s, loss=0.0202]
Fine-tuning Navine AI Image:   3%|3         | 26/800 [00:33<03:17,  3.91it/s, loss=0.0202]
Fine-tuning Navine AI Image:   3%|3         | 26/800 [00:34<03:17,  3.91it/s, loss=0.0013]
Fine-tuning Navine AI Image:   3%|3         | 27/800 [00:34<03:15,  3.95it/s, loss=0.0013]
Fine-tuning Navine AI Image:   3%|3         | 27/800 [00:34<03:15,  3.95it/s, loss=0.0034]
Fine-tuning Navine AI Image:   4%|3         | 28/800 [00:34<03:14,  3.98it/s, loss=0.0034]
Fine-tuning Navine AI Image:   4%|3         | 28/800 [00:34<03:14,  3.98it/s, loss=0.0115]
Fine-tuning Navine AI Image:   4%|3         | 29/800 [00:34<03:15,  3.95it/s, loss=0.0115]
Fine-tuning Navine AI Image:   4%|3         | 29/800 [00:34<03:15,  3.95it/s, loss=0.0016]
Fine-tuning Navine AI Image:   4%|3         | 30/800 [00:35<03:16,  3.92it/s, loss=0.0016]
Fine-tuning Navine AI Image:   4%|3         | 30/800 [00:35<03:16,  3.92it/s, loss=0.0090]
Fine-tuning Navine AI Image:   4%|3         | 31/800 [00:35<03:16,  3.91it/s, loss=0.0090]
Fine-tuning Navine AI Image:   4%|3         | 31/800 [00:35<03:16,  3.91it/s, loss=0.0019]
Fine-tuning Navine AI Image:   4%|4         | 32/800 [00:35<03:14,  3.95it/s, loss=0.0019]
Fine-tuning Navine AI Image:   4%|4         | 32/800 [00:35<03:14,  3.95it/s, loss=0.0117]
Fine-tuning Navine AI Image:   4%|4         | 33/800 [00:35<03:14,  3.95it/s, loss=0.0117]
Fine-tuning Navine AI Image:   4%|4         | 33/800 [00:35<03:14,  3.95it/s, loss=0.0140]
Fine-tuning Navine AI Image:   4%|4         | 34/800 [00:36<03:12,  3.99it/s, loss=0.0140]
Fine-tuning Navine AI Image:   4%|4         | 34/800 [00:36<03:12,  3.99it/s, loss=0.0104]
Fine-tuning Navine AI Image:   4%|4         | 35/800 [00:36<03:14,  3.93it/s, loss=0.0104]
Fine-tuning Navine AI Image:   4%|4         | 35/800 [00:36<03:14,  3.93it/s, loss=0.0157]
Fine-tuning Navine AI Image:   4%|4         | 36/800 [00:36<03:17,  3.86it/s, loss=0.0157]
Fine-tuning Navine AI Image:   4%|4         | 36/800 [00:36<03:17,  3.86it/s, loss=0.0055]
Fine-tuning Navine AI Image:   5%|4         | 37/800 [00:36<03:19,  3.82it/s, loss=0.0055]
Fine-tuning Navine AI Image:   5%|4         | 37/800 [00:36<03:19,  3.82it/s, loss=0.0076]
Fine-tuning Navine AI Image:   5%|4         | 38/800 [00:37<03:20,  3.80it/s, loss=0.0076]
Fine-tuning Navine AI Image:   5%|4         | 38/800 [00:37<03:20,  3.80it/s, loss=0.0019]
Fine-tuning Navine AI Image:   5%|4         | 39/800 [00:37<03:22,  3.76it/s, loss=0.0019]
Fine-tuning Navine AI Image:   5%|4         | 39/800 [00:37<03:22,  3.76it/s, loss=0.0169]
Fine-tuning Navine AI Image:   5%|5         | 40/800 [00:37<03:16,  3.86it/s, loss=0.0169]
Fine-tuning Navine AI Image:   5%|5         | 40/800 [00:37<03:16,  3.86it/s, loss=0.0013]
Fine-tuning Navine AI Image:   5%|5         | 41/800 [00:37<03:16,  3.85it/s, loss=0.0013]
Fine-tuning Navine AI Image:   5%|5         | 41/800 [00:37<03:16,  3.85it/s, loss=0.0026]
Fine-tuning Navine AI Image:   5%|5         | 42/800 [00:38<03:16,  3.85it/s, loss=0.0026]
Fine-tuning Navine AI Image:   5%|5         | 42/800 [00:38<03:16,  3.85it/s, loss=0.0209]
Fine-tuning Navine AI Image:   5%|5         | 43/800 [00:38<03:14,  3.90it/s, loss=0.0209]
Fine-tuning Navine AI Image:   5%|5         | 43/800 [00:38<03:14,  3.90it/s, loss=0.0149]
Fine-tuning Navine AI Image:   6%|5         | 44/800 [00:38<03:12,  3.92it/s, loss=0.0149]
Fine-tuning Navine AI Image:   6%|5         | 44/800 [00:38<03:12,  3.92it/s, loss=0.0062]
Fine-tuning Navine AI Image:   6%|5         | 45/800 [00:38<03:12,  3.93it/s, loss=0.0062]
Fine-tuning Navine AI Image:   6%|5         | 45/800 [00:38<03:12,  3.93it/s, loss=0.0097]
Fine-tuning Navine AI Image:   6%|5         | 46/800 [00:39<03:14,  3.88it/s, loss=0.0097]
Fine-tuning Navine AI Image:   6%|5         | 46/800 [00:39<03:14,  3.88it/s, loss=0.0125]
Fine-tuning Navine AI Image:   6%|5         | 47/800 [00:39<03:11,  3.93it/s, loss=0.0125]
Fine-tuning Navine AI Image:   6%|5         | 47/800 [00:39<03:11,  3.93it/s, loss=0.0106]
Fine-tuning Navine AI Image:   6%|6         | 48/800 [00:39<03:11,  3.93it/s, loss=0.0106]
Fine-tuning Navine AI Image:   6%|6         | 48/800 [00:39<03:11,  3.93it/s, loss=0.0030]
Fine-tuning Navine AI Image:   6%|6         | 49/800 [00:39<03:18,  3.77it/s, loss=0.0030]
Fine-tuning Navine AI Image:   6%|6         | 49/800 [00:39<03:18,  3.77it/s, loss=0.0018]
Fine-tuning Navine AI Image:   6%|6         | 50/800 [00:40<03:27,  3.61it/s, loss=0.0018]
Fine-tuning Navine AI Image:   6%|6         | 50/800 [00:40<03:27,  3.61it/s, loss=0.0086]
Fine-tuning Navine AI Image:   6%|6         | 51/800 [00:40<03:17,  3.79it/s, loss=0.0086]
Fine-tuning Navine AI Image:   6%|6         | 51/800 [00:40<03:17,  3.79it/s, loss=0.0035]
Fine-tuning Navine AI Image:   6%|6         | 52/800 [00:40<03:12,  3.89it/s, loss=0.0035]
Fine-tuning Navine AI Image:   6%|6         | 52/800 [00:40<03:12,  3.89it/s, loss=0.0028]
Fine-tuning Navine AI Image:   7%|6         | 53/800 [00:40<03:07,  3.98it/s, loss=0.0028]
Fine-tuning Navine AI Image:   7%|6         | 53/800 [00:40<03:07,  3.98it/s, loss=0.0097]
Fine-tuning Navine AI Image:   7%|6         | 54/800 [00:41<03:09,  3.94it/s, loss=0.0097]
Fine-tuning Navine AI Image:   7%|6         | 54/800 [00:41<03:09,  3.94it/s, loss=0.0038]
Fine-tuning Navine AI Image:   7%|6         | 55/800 [00:41<03:05,  4.01it/s, loss=0.0038]
Fine-tuning Navine AI Image:   7%|6         | 55/800 [00:41<03:05,  4.01it/s, loss=0.0036]
Fine-tuning Navine AI Image:   7%|7         | 56/800 [00:41<03:13,  3.85it/s, loss=0.0036]
Fine-tuning Navine AI Image:   7%|7         | 56/800 [00:41<03:13,  3.85it/s, loss=0.0009]
Fine-tuning Navine AI Image:   7%|7         | 57/800 [00:42<03:29,  3.54it/s, loss=0.0009]
Fine-tuning Navine AI Image:   7%|7         | 57/800 [00:42<03:29,  3.54it/s, loss=0.0086]
Fine-tuning Navine AI Image:   7%|7         | 58/800 [00:42<03:22,  3.67it/s, loss=0.0086]
Fine-tuning Navine AI Image:   7%|7         | 58/800 [00:42<03:22,  3.67it/s, loss=0.0084]
Fine-tuning Navine AI Image:   7%|7         | 59/800 [00:42<03:19,  3.71it/s, loss=0.0084]
Fine-tuning Navine AI Image:   7%|7         | 59/800 [00:42<03:19,  3.71it/s, loss=0.0082]
Fine-tuning Navine AI Image:   8%|7         | 60/800 [00:42<03:16,  3.76it/s, loss=0.0082]
Fine-tuning Navine AI Image:   8%|7         | 60/800 [00:42<03:16,  3.76it/s, loss=0.0017]
Fine-tuning Navine AI Image:   8%|7         | 61/800 [00:43<03:12,  3.84it/s, loss=0.0017]
Fine-tuning Navine AI Image:   8%|7         | 61/800 [00:43<03:12,  3.84it/s, loss=0.0053]
Fine-tuning Navine AI Image:   8%|7         | 62/800 [00:43<04:36,  2.67it/s, loss=0.0053]
Fine-tuning Navine AI Image:   8%|7         | 62/800 [00:43<04:36,  2.67it/s, loss=0.0076]
Fine-tuning Navine AI Image:   8%|7         | 63/800 [00:43<04:09,  2.96it/s, loss=0.0076]
Fine-tuning Navine AI Image:   8%|7         | 63/800 [00:43<04:09,  2.96it/s, loss=0.0028]
Fine-tuning Navine AI Image:   8%|8         | 64/800 [00:44<03:50,  3.20it/s, loss=0.0028]
Fine-tuning Navine AI Image:   8%|8         | 64/800 [00:44<03:50,  3.20it/s, loss=0.0070]
Fine-tuning Navine AI Image:   8%|8         | 65/800 [00:44<03:37,  3.39it/s, loss=0.0070]
Fine-tuning Navine AI Image:   8%|8         | 65/800 [00:44<03:37,  3.39it/s, loss=0.0140]
Fine-tuning Navine AI Image:   8%|8         | 66/800 [00:44<03:25,  3.57it/s, loss=0.0140]
Fine-tuning Navine AI Image:   8%|8         | 66/800 [00:44<03:25,  3.57it/s, loss=0.0017]
Fine-tuning Navine AI Image:   8%|8         | 67/800 [00:44<03:20,  3.65it/s, loss=0.0017]
Fine-tuning Navine AI Image:   8%|8         | 67/800 [00:44<03:20,  3.65it/s, loss=0.0064]
Fine-tuning Navine AI Image:   8%|8         | 68/800 [00:45<03:21,  3.64it/s, loss=0.0064]
Fine-tuning Navine AI Image:   8%|8         | 68/800 [00:45<03:21,  3.64it/s, loss=0.0063]
Fine-tuning Navine AI Image:   9%|8         | 69/800 [00:45<03:25,  3.56it/s, loss=0.0063]
Fine-tuning Navine AI Image:   9%|8         | 69/800 [00:45<03:25,  3.56it/s, loss=0.0173]
Fine-tuning Navine AI Image:   9%|8         | 70/800 [00:45<03:29,  3.48it/s, loss=0.0173]
Fine-tuning Navine AI Image:   9%|8         | 70/800 [00:45<03:29,  3.48it/s, loss=0.0118]
Fine-tuning Navine AI Image:   9%|8         | 71/800 [00:46<03:20,  3.63it/s, loss=0.0118]
Fine-tuning Navine AI Image:   9%|8         | 71/800 [00:46<03:20,  3.63it/s, loss=0.0111]
Fine-tuning Navine AI Image:   9%|9         | 72/800 [00:46<03:16,  3.71it/s, loss=0.0111]
Fine-tuning Navine AI Image:   9%|9         | 72/800 [00:46<03:16,  3.71it/s, loss=0.0011]
Fine-tuning Navine AI Image:   9%|9         | 73/800 [00:46<03:16,  3.70it/s, loss=0.0011]
Fine-tuning Navine AI Image:   9%|9         | 73/800 [00:46<03:16,  3.70it/s, loss=0.0076]
Fine-tuning Navine AI Image:   9%|9         | 74/800 [00:47<03:45,  3.22it/s, loss=0.0076]
Fine-tuning Navine AI Image:   9%|9         | 74/800 [00:47<03:45,  3.22it/s, loss=0.0091]
Fine-tuning Navine AI Image:   9%|9         | 75/800 [00:47<03:36,  3.35it/s, loss=0.0091]
Fine-tuning Navine AI Image:   9%|9         | 75/800 [00:47<03:36,  3.35it/s, loss=0.0046]
Fine-tuning Navine AI Image:  10%|9         | 76/800 [00:47<03:27,  3.49it/s, loss=0.0046]
Fine-tuning Navine AI Image:  10%|9         | 76/800 [00:47<03:27,  3.49it/s, loss=0.0021]
Fine-tuning Navine AI Image:  10%|9         | 77/800 [00:47<03:23,  3.56it/s, loss=0.0021]
Fine-tuning Navine AI Image:  10%|9         | 77/800 [00:47<03:23,  3.56it/s, loss=0.0074]
Fine-tuning Navine AI Image:  10%|9         | 78/800 [00:48<03:18,  3.63it/s, loss=0.0074]
Fine-tuning Navine AI Image:  10%|9         | 78/800 [00:48<03:18,  3.63it/s, loss=0.0035]
Fine-tuning Navine AI Image:  10%|9         | 79/800 [00:48<03:11,  3.76it/s, loss=0.0035]
Fine-tuning Navine AI Image:  10%|9         | 79/800 [00:48<03:11,  3.76it/s, loss=0.0026]
Fine-tuning Navine AI Image:  10%|#         | 80/800 [00:48<03:10,  3.78it/s, loss=0.0026]
Fine-tuning Navine AI Image:  10%|#         | 80/800 [00:48<03:10,  3.78it/s, loss=0.0037]
Fine-tuning Navine AI Image:  10%|#         | 81/800 [00:48<03:06,  3.85it/s, loss=0.0037]
Fine-tuning Navine AI Image:  10%|#         | 81/800 [00:48<03:06,  3.85it/s, loss=0.0221]
Fine-tuning Navine AI Image:  10%|#         | 82/800 [00:49<03:10,  3.76it/s, loss=0.0221]
Fine-tuning Navine AI Image:  10%|#         | 82/800 [00:49<03:10,  3.76it/s, loss=0.0053]
Fine-tuning Navine AI Image:  10%|#         | 83/800 [00:49<03:07,  3.83it/s, loss=0.0053]
Fine-tuning Navine AI Image:  10%|#         | 83/800 [00:49<03:07,  3.83it/s, loss=0.0038]
Fine-tuning Navine AI Image:  10%|#         | 84/800 [00:49<03:06,  3.84it/s, loss=0.0038]
Fine-tuning Navine AI Image:  10%|#         | 84/800 [00:49<03:06,  3.84it/s, loss=0.0064]
Fine-tuning Navine AI Image:  11%|#         | 85/800 [00:49<03:05,  3.84it/s, loss=0.0064]
Fine-tuning Navine AI Image:  11%|#         | 85/800 [00:49<03:05,  3.84it/s, loss=0.0032]
Fine-tuning Navine AI Image:  11%|#         | 86/800 [00:50<03:02,  3.92it/s, loss=0.0032]
Fine-tuning Navine AI Image:  11%|#         | 86/800 [00:50<03:02,  3.92it/s, loss=0.0075]
Fine-tuning Navine AI Image:  11%|#         | 87/800 [00:50<03:01,  3.93it/s, loss=0.0075]
Fine-tuning Navine AI Image:  11%|#         | 87/800 [00:50<03:01,  3.93it/s, loss=0.0014]
Fine-tuning Navine AI Image:  11%|#1        | 88/800 [00:50<03:01,  3.93it/s, loss=0.0014]
Fine-tuning Navine AI Image:  11%|#1        | 88/800 [00:50<03:01,  3.93it/s, loss=0.0213]
Fine-tuning Navine AI Image:  11%|#1        | 89/800 [00:50<02:59,  3.95it/s, loss=0.0213]
Fine-tuning Navine AI Image:  11%|#1        | 89/800 [00:50<02:59,  3.95it/s, loss=0.0079]
Fine-tuning Navine AI Image:  11%|#1        | 90/800 [00:51<02:58,  3.99it/s, loss=0.0079]
Fine-tuning Navine AI Image:  11%|#1        | 90/800 [00:51<02:58,  3.99it/s, loss=0.0114]
Fine-tuning Navine AI Image:  11%|#1        | 91/800 [00:51<02:56,  4.02it/s, loss=0.0114]
Fine-tuning Navine AI Image:  11%|#1        | 91/800 [00:51<02:56,  4.02it/s, loss=0.0009]
Fine-tuning Navine AI Image:  12%|#1        | 92/800 [00:51<02:56,  4.02it/s, loss=0.0009]
Fine-tuning Navine AI Image:  12%|#1        | 92/800 [00:51<02:56,  4.02it/s, loss=0.0016]
Fine-tuning Navine AI Image:  12%|#1        | 93/800 [00:51<02:57,  3.99it/s, loss=0.0016]
Fine-tuning Navine AI Image:  12%|#1        | 93/800 [00:51<02:57,  3.99it/s, loss=0.0016]
Fine-tuning Navine AI Image:  12%|#1        | 94/800 [00:52<02:56,  3.99it/s, loss=0.0016]
Fine-tuning Navine AI Image:  12%|#1        | 94/800 [00:52<02:56,  3.99it/s, loss=0.0011]
Fine-tuning Navine AI Image:  12%|#1        | 95/800 [00:52<02:58,  3.94it/s, loss=0.0011]
Fine-tuning Navine AI Image:  12%|#1        | 95/800 [00:52<02:58,  3.94it/s, loss=0.0164]
Fine-tuning Navine AI Image:  12%|#2        | 96/800 [00:52<03:02,  3.86it/s, loss=0.0164]
Fine-tuning Navine AI Image:  12%|#2        | 96/800 [00:52<03:02,  3.86it/s, loss=0.0058]
Fine-tuning Navine AI Image:  12%|#2        | 97/800 [00:52<03:00,  3.90it/s, loss=0.0058]
Fine-tuning Navine AI Image:  12%|#2        | 97/800 [00:52<03:00,  3.90it/s, loss=0.0030]
Fine-tuning Navine AI Image:  12%|#2        | 98/800 [00:53<03:00,  3.89it/s, loss=0.0030]
Fine-tuning Navine AI Image:  12%|#2        | 98/800 [00:53<03:00,  3.89it/s, loss=0.0084]
Fine-tuning Navine AI Image:  12%|#2        | 99/800 [00:53<03:04,  3.80it/s, loss=0.0084]
Fine-tuning Navine AI Image:  12%|#2        | 99/800 [00:53<03:04,  3.80it/s, loss=0.0206]
Fine-tuning Navine AI Image:  12%|#2        | 100/800 [00:53<03:02,  3.84it/s, loss=0.0206]
Fine-tuning Navine AI Image:  12%|#2        | 100/800 [00:53<03:02,  3.84it/s, loss=0.0051]
Fine-tuning Navine AI Image:  13%|#2        | 101/800 [00:53<02:59,  3.90it/s, loss=0.0051]
Fine-tuning Navine AI Image:  13%|#2        | 101/800 [00:53<02:59,  3.90it/s, loss=0.0024]
Fine-tuning Navine AI Image:  13%|#2        | 102/800 [00:54<02:58,  3.91it/s, loss=0.0024]
Fine-tuning Navine AI Image:  13%|#2        | 102/800 [00:54<02:58,  3.91it/s, loss=0.0065]
Fine-tuning Navine AI Image:  13%|#2        | 103/800 [00:54<03:01,  3.83it/s, loss=0.0065]
Fine-tuning Navine AI Image:  13%|#2        | 103/800 [00:54<03:01,  3.83it/s, loss=0.0033]
Fine-tuning Navine AI Image:  13%|#3        | 104/800 [00:54<03:01,  3.84it/s, loss=0.0033]
Fine-tuning Navine AI Image:  13%|#3        | 104/800 [00:54<03:01,  3.84it/s, loss=0.0043]
Fine-tuning Navine AI Image:  13%|#3        | 105/800 [00:54<02:57,  3.92it/s, loss=0.0043]
Fine-tuning Navine AI Image:  13%|#3        | 105/800 [00:55<02:57,  3.92it/s, loss=0.0071]
Fine-tuning Navine AI Image:  13%|#3        | 106/800 [00:55<03:00,  3.85it/s, loss=0.0071]
Fine-tuning Navine AI Image:  13%|#3        | 106/800 [00:55<03:00,  3.85it/s, loss=0.0058]
Fine-tuning Navine AI Image:  13%|#3        | 107/800 [00:55<02:58,  3.89it/s, loss=0.0058]
Fine-tuning Navine AI Image:  13%|#3        | 107/800 [00:55<02:58,  3.89it/s, loss=0.0024]
Fine-tuning Navine AI Image:  14%|#3        | 108/800 [00:55<02:56,  3.93it/s, loss=0.0024]
Fine-tuning Navine AI Image:  14%|#3        | 108/800 [00:55<02:56,  3.93it/s, loss=0.0052]
Fine-tuning Navine AI Image:  14%|#3        | 109/800 [00:56<03:07,  3.69it/s, loss=0.0052]
Fine-tuning Navine AI Image:  14%|#3        | 109/800 [00:56<03:07,  3.69it/s, loss=0.0048]
Fine-tuning Navine AI Image:  14%|#3        | 110/800 [00:56<03:07,  3.68it/s, loss=0.0048]
Fine-tuning Navine AI Image:  14%|#3        | 110/800 [00:56<03:07,  3.68it/s, loss=0.0036]
Fine-tuning Navine AI Image:  14%|#3        | 111/800 [00:56<03:01,  3.80it/s, loss=0.0036]
Fine-tuning Navine AI Image:  14%|#3        | 111/800 [00:56<03:01,  3.80it/s, loss=0.0020]
Fine-tuning Navine AI Image:  14%|#4        | 112/800 [00:56<02:57,  3.88it/s, loss=0.0020]
Fine-tuning Navine AI Image:  14%|#4        | 112/800 [00:56<02:57,  3.88it/s, loss=0.0044]
Fine-tuning Navine AI Image:  14%|#4        | 113/800 [00:57<02:55,  3.92it/s, loss=0.0044]
Fine-tuning Navine AI Image:  14%|#4        | 113/800 [00:57<02:55,  3.92it/s, loss=0.0064]
Fine-tuning Navine AI Image:  14%|#4        | 114/800 [00:57<02:53,  3.95it/s, loss=0.0064]
Fine-tuning Navine AI Image:  14%|#4        | 114/800 [00:57<02:53,  3.95it/s, loss=0.0059]
Fine-tuning Navine AI Image:  14%|#4        | 115/800 [00:57<02:53,  3.96it/s, loss=0.0059]
Fine-tuning Navine AI Image:  14%|#4        | 115/800 [00:57<02:53,  3.96it/s, loss=0.0076]
Fine-tuning Navine AI Image:  14%|#4        | 116/800 [00:57<02:50,  4.00it/s, loss=0.0076]
Fine-tuning Navine AI Image:  14%|#4        | 116/800 [00:57<02:50,  4.00it/s, loss=0.0040]
Fine-tuning Navine AI Image:  15%|#4        | 117/800 [00:58<02:52,  3.97it/s, loss=0.0040]
Fine-tuning Navine AI Image:  15%|#4        | 117/800 [00:58<02:52,  3.97it/s, loss=0.0110]
Fine-tuning Navine AI Image:  15%|#4        | 118/800 [00:58<02:51,  3.98it/s, loss=0.0110]
Fine-tuning Navine AI Image:  15%|#4        | 118/800 [00:58<02:51,  3.98it/s, loss=0.0009]
Fine-tuning Navine AI Image:  15%|#4        | 119/800 [00:58<02:50,  3.99it/s, loss=0.0009]
Fine-tuning Navine AI Image:  15%|#4        | 119/800 [00:58<02:50,  3.99it/s, loss=0.0028]
Fine-tuning Navine AI Image:  15%|#5        | 120/800 [00:58<02:52,  3.94it/s, loss=0.0028]
Fine-tuning Navine AI Image:  15%|#5        | 120/800 [00:58<02:52,  3.94it/s, loss=0.0033]
Fine-tuning Navine AI Image:  15%|#5        | 121/800 [00:59<02:56,  3.86it/s, loss=0.0033]
Fine-tuning Navine AI Image:  15%|#5        | 121/800 [00:59<02:56,  3.86it/s, loss=0.0029]
Fine-tuning Navine AI Image:  15%|#5        | 122/800 [00:59<02:53,  3.90it/s, loss=0.0029]
Fine-tuning Navine AI Image:  15%|#5        | 122/800 [00:59<02:53,  3.90it/s, loss=0.0033]
Fine-tuning Navine AI Image:  15%|#5        | 123/800 [00:59<02:51,  3.94it/s, loss=0.0033]
Fine-tuning Navine AI Image:  15%|#5        | 123/800 [00:59<02:51,  3.94it/s, loss=0.0070]
Fine-tuning Navine AI Image:  16%|#5        | 124/800 [00:59<02:54,  3.87it/s, loss=0.0070]
Fine-tuning Navine AI Image:  16%|#5        | 124/800 [00:59<02:54,  3.87it/s, loss=0.0026]
Fine-tuning Navine AI Image:  16%|#5        | 125/800 [01:00<02:58,  3.77it/s, loss=0.0026]
Fine-tuning Navine AI Image:  16%|#5        | 125/800 [01:00<02:58,  3.77it/s, loss=0.0038]
Fine-tuning Navine AI Image:  16%|#5        | 126/800 [01:00<02:53,  3.88it/s, loss=0.0038]
Fine-tuning Navine AI Image:  16%|#5        | 126/800 [01:00<02:53,  3.88it/s, loss=0.0033]
Fine-tuning Navine AI Image:  16%|#5        | 127/800 [01:01<04:15,  2.64it/s, loss=0.0033]
Fine-tuning Navine AI Image:  16%|#5        | 127/800 [01:01<04:15,  2.64it/s, loss=0.0075]
Fine-tuning Navine AI Image:  16%|#6        | 128/800 [01:01<03:47,  2.95it/s, loss=0.0075]
Fine-tuning Navine AI Image:  16%|#6        | 128/800 [01:01<03:47,  2.95it/s, loss=0.0025]
Fine-tuning Navine AI Image:  16%|#6        | 129/800 [01:01<03:33,  3.15it/s, loss=0.0025]
Fine-tuning Navine AI Image:  16%|#6        | 129/800 [01:01<03:33,  3.15it/s, loss=0.0022]
Fine-tuning Navine AI Image:  16%|#6        | 130/800 [01:01<03:18,  3.38it/s, loss=0.0022]
Fine-tuning Navine AI Image:  16%|#6        | 130/800 [01:01<03:18,  3.38it/s, loss=0.0018]
Fine-tuning Navine AI Image:  16%|#6        | 131/800 [01:02<03:11,  3.49it/s, loss=0.0018]
Fine-tuning Navine AI Image:  16%|#6        | 131/800 [01:02<03:11,  3.49it/s, loss=0.0103]
Fine-tuning Navine AI Image:  16%|#6        | 132/800 [01:02<03:06,  3.58it/s, loss=0.0103]
Fine-tuning Navine AI Image:  16%|#6        | 132/800 [01:02<03:06,  3.58it/s, loss=0.0035]
Fine-tuning Navine AI Image:  17%|#6        | 133/800 [01:02<03:02,  3.65it/s, loss=0.0035]
Fine-tuning Navine AI Image:  17%|#6        | 133/800 [01:02<03:02,  3.65it/s, loss=0.0063]
Fine-tuning Navine AI Image:  17%|#6        | 134/800 [01:02<02:56,  3.77it/s, loss=0.0063]
Fine-tuning Navine AI Image:  17%|#6        | 134/800 [01:02<02:56,  3.77it/s, loss=0.0037]
Fine-tuning Navine AI Image:  17%|#6        | 135/800 [01:03<03:00,  3.68it/s, loss=0.0037]
Fine-tuning Navine AI Image:  17%|#6        | 135/800 [01:03<03:00,  3.68it/s, loss=0.0015]
Fine-tuning Navine AI Image:  17%|#7        | 136/800 [01:03<02:57,  3.73it/s, loss=0.0015]
Fine-tuning Navine AI Image:  17%|#7        | 136/800 [01:03<02:57,  3.73it/s, loss=0.0017]
Fine-tuning Navine AI Image:  17%|#7        | 137/800 [01:03<02:54,  3.81it/s, loss=0.0017]
Fine-tuning Navine AI Image:  17%|#7        | 137/800 [01:03<02:54,  3.81it/s, loss=0.0112]
Fine-tuning Navine AI Image:  17%|#7        | 138/800 [01:03<02:55,  3.77it/s, loss=0.0112]
Fine-tuning Navine AI Image:  17%|#7        | 138/800 [01:03<02:55,  3.77it/s, loss=0.0058]
Fine-tuning Navine AI Image:  17%|#7        | 139/800 [01:04<02:53,  3.80it/s, loss=0.0058]
Fine-tuning Navine AI Image:  17%|#7        | 139/800 [01:04<02:53,  3.80it/s, loss=0.0031]
Fine-tuning Navine AI Image:  18%|#7        | 140/800 [01:04<02:52,  3.82it/s, loss=0.0031]
Fine-tuning Navine AI Image:  18%|#7        | 140/800 [01:04<02:52,  3.82it/s, loss=0.0083]
Fine-tuning Navine AI Image:  18%|#7        | 141/800 [01:04<02:52,  3.82it/s, loss=0.0083]
Fine-tuning Navine AI Image:  18%|#7        | 141/800 [01:04<02:52,  3.82it/s, loss=0.0012]
Fine-tuning Navine AI Image:  18%|#7        | 142/800 [01:05<03:03,  3.59it/s, loss=0.0012]
Fine-tuning Navine AI Image:  18%|#7        | 142/800 [01:05<03:03,  3.59it/s, loss=0.0031]
Fine-tuning Navine AI Image:  18%|#7        | 143/800 [01:05<03:02,  3.60it/s, loss=0.0031]
Fine-tuning Navine AI Image:  18%|#7        | 143/800 [01:05<03:02,  3.60it/s, loss=0.0245]
Fine-tuning Navine AI Image:  18%|#8        | 144/800 [01:05<02:58,  3.67it/s, loss=0.0245]
Fine-tuning Navine AI Image:  18%|#8        | 144/800 [01:05<02:58,  3.67it/s, loss=0.0143]
Fine-tuning Navine AI Image:  18%|#8        | 145/800 [01:05<02:56,  3.71it/s, loss=0.0143]
Fine-tuning Navine AI Image:  18%|#8        | 145/800 [01:05<02:56,  3.71it/s, loss=0.0096]
Fine-tuning Navine AI Image:  18%|#8        | 146/800 [01:06<02:54,  3.75it/s, loss=0.0096]
Fine-tuning Navine AI Image:  18%|#8        | 146/800 [01:06<02:54,  3.75it/s, loss=0.0065]
Fine-tuning Navine AI Image:  18%|#8        | 147/800 [01:06<02:54,  3.74it/s, loss=0.0065]
Fine-tuning Navine AI Image:  18%|#8        | 147/800 [01:06<02:54,  3.74it/s, loss=0.0364]
Fine-tuning Navine AI Image:  18%|#8        | 148/800 [01:06<02:50,  3.82it/s, loss=0.0364]
Fine-tuning Navine AI Image:  18%|#8        | 148/800 [01:06<02:50,  3.82it/s, loss=0.0022]
Fine-tuning Navine AI Image:  19%|#8        | 149/800 [01:06<02:51,  3.80it/s, loss=0.0022]
Fine-tuning Navine AI Image:  19%|#8        | 149/800 [01:06<02:51,  3.80it/s, loss=0.0028]
Fine-tuning Navine AI Image:  19%|#8        | 150/800 [01:07<02:47,  3.87it/s, loss=0.0028]
Fine-tuning Navine AI Image:  19%|#8        | 150/800 [01:07<02:47,  3.87it/s, loss=0.0010]
Fine-tuning Navine AI Image:  19%|#8        | 151/800 [01:07<02:50,  3.81it/s, loss=0.0010]
Fine-tuning Navine AI Image:  19%|#8        | 151/800 [01:07<02:50,  3.81it/s, loss=0.0068]
Fine-tuning Navine AI Image:  19%|#9        | 152/800 [01:07<03:00,  3.59it/s, loss=0.0068]
Fine-tuning Navine AI Image:  19%|#9        | 152/800 [01:07<03:00,  3.59it/s, loss=0.0009]
Fine-tuning Navine AI Image:  19%|#9        | 153/800 [01:07<02:54,  3.71it/s, loss=0.0009]
Fine-tuning Navine AI Image:  19%|#9        | 153/800 [01:07<02:54,  3.71it/s, loss=0.0081]
Fine-tuning Navine AI Image:  19%|#9        | 154/800 [01:08<02:53,  3.73it/s, loss=0.0081]
Fine-tuning Navine AI Image:  19%|#9        | 154/800 [01:08<02:53,  3.73it/s, loss=0.0103]
Fine-tuning Navine AI Image:  19%|#9        | 155/800 [01:08<02:48,  3.82it/s, loss=0.0103]
Fine-tuning Navine AI Image:  19%|#9        | 155/800 [01:08<02:48,  3.82it/s, loss=0.0193]
Fine-tuning Navine AI Image:  20%|#9        | 156/800 [01:08<02:47,  3.83it/s, loss=0.0193]
Fine-tuning Navine AI Image:  20%|#9        | 156/800 [01:08<02:47,  3.83it/s, loss=0.0037]
Fine-tuning Navine AI Image:  20%|#9        | 157/800 [01:08<02:44,  3.90it/s, loss=0.0037]
Fine-tuning Navine AI Image:  20%|#9        | 157/800 [01:08<02:44,  3.90it/s, loss=0.0155]
Fine-tuning Navine AI Image:  20%|#9        | 158/800 [01:09<02:50,  3.76it/s, loss=0.0155]
Fine-tuning Navine AI Image:  20%|#9        | 158/800 [01:09<02:50,  3.76it/s, loss=0.0049]
Fine-tuning Navine AI Image:  20%|#9        | 159/800 [01:09<02:47,  3.82it/s, loss=0.0049]
Fine-tuning Navine AI Image:  20%|#9        | 159/800 [01:09<02:47,  3.82it/s, loss=0.0113]
Fine-tuning Navine AI Image:  20%|##        | 160/800 [01:09<02:44,  3.89it/s, loss=0.0113]
Fine-tuning Navine AI Image:  20%|##        | 160/800 [01:09<02:44,  3.89it/s, loss=0.0054]
Fine-tuning Navine AI Image:  20%|##        | 161/800 [01:10<02:52,  3.71it/s, loss=0.0054]
Fine-tuning Navine AI Image:  20%|##        | 161/800 [01:10<02:52,  3.71it/s, loss=0.0026]
Fine-tuning Navine AI Image:  20%|##        | 162/800 [01:10<02:47,  3.80it/s, loss=0.0026]
Fine-tuning Navine AI Image:  20%|##        | 162/800 [01:10<02:47,  3.80it/s, loss=0.0115]
Fine-tuning Navine AI Image:  20%|##        | 163/800 [01:10<02:48,  3.78it/s, loss=0.0115]
Fine-tuning Navine AI Image:  20%|##        | 163/800 [01:10<02:48,  3.78it/s, loss=0.0066]
Fine-tuning Navine AI Image:  20%|##        | 164/800 [01:10<02:57,  3.59it/s, loss=0.0066]
Fine-tuning Navine AI Image:  20%|##        | 164/800 [01:10<02:57,  3.59it/s, loss=0.0113]
Fine-tuning Navine AI Image:  21%|##        | 165/800 [01:11<02:50,  3.73it/s, loss=0.0113]
Fine-tuning Navine AI Image:  21%|##        | 165/800 [01:11<02:50,  3.73it/s, loss=0.0021]
Fine-tuning Navine AI Image:  21%|##        | 166/800 [01:11<02:46,  3.81it/s, loss=0.0021]
Fine-tuning Navine AI Image:  21%|##        | 166/800 [01:11<02:46,  3.81it/s, loss=0.0078]
Fine-tuning Navine AI Image:  21%|##        | 167/800 [01:11<03:05,  3.41it/s, loss=0.0078]
Fine-tuning Navine AI Image:  21%|##        | 167/800 [01:11<03:05,  3.41it/s, loss=0.0015]
Fine-tuning Navine AI Image:  21%|##1       | 168/800 [01:11<02:56,  3.58it/s, loss=0.0015]
Fine-tuning Navine AI Image:  21%|##1       | 168/800 [01:11<02:56,  3.58it/s, loss=0.0064]
Fine-tuning Navine AI Image:  21%|##1       | 169/800 [01:12<02:53,  3.64it/s, loss=0.0064]
Fine-tuning Navine AI Image:  21%|##1       | 169/800 [01:12<02:53,  3.64it/s, loss=0.0016]
Fine-tuning Navine AI Image:  21%|##1       | 170/800 [01:12<02:47,  3.77it/s, loss=0.0016]
Fine-tuning Navine AI Image:  21%|##1       | 170/800 [01:12<02:47,  3.77it/s, loss=0.0047]
Fine-tuning Navine AI Image:  21%|##1       | 171/800 [01:12<03:02,  3.44it/s, loss=0.0047]
Fine-tuning Navine AI Image:  21%|##1       | 171/800 [01:12<03:02,  3.44it/s, loss=0.0140]
Fine-tuning Navine AI Image:  22%|##1       | 172/800 [01:13<02:55,  3.59it/s, loss=0.0140]
Fine-tuning Navine AI Image:  22%|##1       | 172/800 [01:13<02:55,  3.59it/s, loss=0.0059]
Fine-tuning Navine AI Image:  22%|##1       | 173/800 [01:13<02:49,  3.70it/s, loss=0.0059]
Fine-tuning Navine AI Image:  22%|##1       | 173/800 [01:13<02:49,  3.70it/s, loss=0.0021]
Fine-tuning Navine AI Image:  22%|##1       | 174/800 [01:13<02:43,  3.83it/s, loss=0.0021]
Fine-tuning Navine AI Image:  22%|##1       | 174/800 [01:13<02:43,  3.83it/s, loss=0.0262]
Fine-tuning Navine AI Image:  22%|##1       | 175/800 [01:13<02:43,  3.83it/s, loss=0.0262]
Fine-tuning Navine AI Image:  22%|##1       | 175/800 [01:13<02:43,  3.83it/s, loss=0.0144]
Fine-tuning Navine AI Image:  22%|##2       | 176/800 [01:14<02:41,  3.86it/s, loss=0.0144]
Fine-tuning Navine AI Image:  22%|##2       | 176/800 [01:14<02:41,  3.86it/s, loss=0.0078]
Fine-tuning Navine AI Image:  22%|##2       | 177/800 [01:14<02:43,  3.82it/s, loss=0.0078]
Fine-tuning Navine AI Image:  22%|##2       | 177/800 [01:14<02:43,  3.82it/s, loss=0.0021]
Fine-tuning Navine AI Image:  22%|##2       | 178/800 [01:14<02:38,  3.93it/s, loss=0.0021]
Fine-tuning Navine AI Image:  22%|##2       | 178/800 [01:14<02:38,  3.93it/s, loss=0.0016]
Fine-tuning Navine AI Image:  22%|##2       | 179/800 [01:14<02:38,  3.91it/s, loss=0.0016]
Fine-tuning Navine AI Image:  22%|##2       | 179/800 [01:14<02:38,  3.91it/s, loss=0.0028]
Fine-tuning Navine AI Image:  22%|##2       | 180/800 [01:15<02:36,  3.95it/s, loss=0.0028]
Fine-tuning Navine AI Image:  22%|##2       | 180/800 [01:15<02:36,  3.95it/s, loss=0.0019]
Fine-tuning Navine AI Image:  23%|##2       | 181/800 [01:15<02:35,  3.99it/s, loss=0.0019]
Fine-tuning Navine AI Image:  23%|##2       | 181/800 [01:15<02:35,  3.99it/s, loss=0.0027]
Fine-tuning Navine AI Image:  23%|##2       | 182/800 [01:15<02:33,  4.03it/s, loss=0.0027]
Fine-tuning Navine AI Image:  23%|##2       | 182/800 [01:15<02:33,  4.03it/s, loss=0.0058]
Fine-tuning Navine AI Image:  23%|##2       | 183/800 [01:15<02:35,  3.96it/s, loss=0.0058]
Fine-tuning Navine AI Image:  23%|##2       | 183/800 [01:15<02:35,  3.96it/s, loss=0.0016]
Fine-tuning Navine AI Image:  23%|##3       | 184/800 [01:16<02:34,  3.98it/s, loss=0.0016]
Fine-tuning Navine AI Image:  23%|##3       | 184/800 [01:16<02:34,  3.98it/s, loss=0.0066]
Fine-tuning Navine AI Image:  23%|##3       | 185/800 [01:16<02:36,  3.92it/s, loss=0.0066]
Fine-tuning Navine AI Image:  23%|##3       | 185/800 [01:16<02:36,  3.92it/s, loss=0.0132]
Fine-tuning Navine AI Image:  23%|##3       | 186/800 [01:16<02:49,  3.63it/s, loss=0.0132]
Fine-tuning Navine AI Image:  23%|##3       | 186/800 [01:16<02:49,  3.63it/s, loss=0.0051]
Fine-tuning Navine AI Image:  23%|##3       | 187/800 [01:16<02:45,  3.70it/s, loss=0.0051]
Fine-tuning Navine AI Image:  23%|##3       | 187/800 [01:16<02:45,  3.70it/s, loss=0.0153]
Fine-tuning Navine AI Image:  24%|##3       | 188/800 [01:17<02:42,  3.77it/s, loss=0.0153]
Fine-tuning Navine AI Image:  24%|##3       | 188/800 [01:17<02:42,  3.77it/s, loss=0.0053]
Fine-tuning Navine AI Image:  24%|##3       | 189/800 [01:17<02:38,  3.85it/s, loss=0.0053]
Fine-tuning Navine AI Image:  24%|##3       | 189/800 [01:17<02:38,  3.85it/s, loss=0.0098]
Fine-tuning Navine AI Image:  24%|##3       | 190/800 [01:17<02:39,  3.82it/s, loss=0.0098]
Fine-tuning Navine AI Image:  24%|##3       | 190/800 [01:17<02:39,  3.82it/s, loss=0.0173]
Fine-tuning Navine AI Image:  24%|##3       | 191/800 [01:18<02:52,  3.53it/s, loss=0.0173]
Fine-tuning Navine AI Image:  24%|##3       | 191/800 [01:18<02:52,  3.53it/s, loss=0.0308]
Fine-tuning Navine AI Image:  24%|##4       | 192/800 [01:18<02:48,  3.61it/s, loss=0.0308]
Fine-tuning Navine AI Image:  24%|##4       | 192/800 [01:18<02:48,  3.61it/s, loss=0.0163]
Fine-tuning Navine AI Image:  24%|##4       | 193/800 [01:18<02:42,  3.74it/s, loss=0.0163]
Fine-tuning Navine AI Image:  24%|##4       | 193/800 [01:18<02:42,  3.74it/s, loss=0.0077]
Fine-tuning Navine AI Image:  24%|##4       | 194/800 [01:18<02:41,  3.76it/s, loss=0.0077]
Fine-tuning Navine AI Image:  24%|##4       | 194/800 [01:18<02:41,  3.76it/s, loss=0.0057]
Fine-tuning Navine AI Image:  24%|##4       | 195/800 [01:19<02:38,  3.81it/s, loss=0.0057]
Fine-tuning Navine AI Image:  24%|##4       | 195/800 [01:19<02:38,  3.81it/s, loss=0.0012]
Fine-tuning Navine AI Image:  24%|##4       | 196/800 [01:19<03:18,  3.04it/s, loss=0.0012]
Fine-tuning Navine AI Image:  24%|##4       | 196/800 [01:19<03:18,  3.04it/s, loss=0.0052]
Fine-tuning Navine AI Image:  25%|##4       | 197/800 [01:19<03:06,  3.23it/s, loss=0.0052]
Fine-tuning Navine AI Image:  25%|##4       | 197/800 [01:19<03:06,  3.23it/s, loss=0.0060]
Fine-tuning Navine AI Image:  25%|##4       | 198/800 [01:20<02:55,  3.44it/s, loss=0.0060]
Fine-tuning Navine AI Image:  25%|##4       | 198/800 [01:20<02:55,  3.44it/s, loss=0.0519]
Fine-tuning Navine AI Image:  25%|##4       | 199/800 [01:20<02:47,  3.60it/s, loss=0.0519]
Fine-tuning Navine AI Image:  25%|##4       | 199/800 [01:20<02:47,  3.60it/s, loss=0.0257]
Fine-tuning Navine AI Image:  25%|##5       | 200/800 [01:20<02:49,  3.54it/s, loss=0.0257]
Fine-tuning Navine AI Image:  25%|##5       | 200/800 [01:20<02:49,  3.54it/s, loss=0.0008]
Fine-tuning Navine AI Image:  25%|##5       | 201/800 [03:46<7:18:40, 43.94s/it, loss=0.0008]
Fine-tuning Navine AI Image:  25%|##5       | 201/800 [03:46<7:18:40, 43.94s/it, loss=0.0091]
Fine-tuning Navine AI Image:  25%|##5       | 202/800 [03:47<5:08:21, 30.94s/it, loss=0.0091]
Fine-tuning Navine AI Image:  25%|##5       | 202/800 [03:47<5:08:21, 30.94s/it, loss=0.0050]
Fine-tuning Navine AI Image:  25%|##5       | 203/800 [03:47<3:37:24, 21.85s/it, loss=0.0050]
Fine-tuning Navine AI Image:  25%|##5       | 203/800 [03:47<3:37:24, 21.85s/it, loss=0.0181]
Fine-tuning Navine AI Image:  26%|##5       | 204/800 [03:48<2:33:52, 15.49s/it, loss=0.0181]
Fine-tuning Navine AI Image:  26%|##5       | 204/800 [03:48<2:33:52, 15.49s/it, loss=0.0022]
Fine-tuning Navine AI Image:  26%|##5       | 205/800 [03:48<1:49:28, 11.04s/it, loss=0.0022]
Fine-tuning Navine AI Image:  26%|##5       | 205/800 [03:49<1:49:28, 11.04s/it, loss=0.0074]
Fine-tuning Navine AI Image:  26%|##5       | 206/800 [03:49<1:18:21,  7.91s/it, loss=0.0074]
Fine-tuning Navine AI Image:  26%|##5       | 206/800 [03:49<1:18:21,  7.91s/it, loss=0.0214]
Fine-tuning Navine AI Image:  26%|##5       | 207/800 [03:50<57:03,  5.77s/it, loss=0.0214]  
Fine-tuning Navine AI Image:  26%|##5       | 207/800 [03:50<57:03,  5.77s/it, loss=0.0027]
Fine-tuning Navine AI Image:  26%|##6       | 208/800 [03:51<41:58,  4.25s/it, loss=0.0027]
Fine-tuning Navine AI Image:  26%|##6       | 208/800 [03:51<41:58,  4.25s/it, loss=0.0062]
Fine-tuning Navine AI Image:  26%|##6       | 209/800 [03:51<31:07,  3.16s/it, loss=0.0062]
Fine-tuning Navine AI Image:  26%|##6       | 209/800 [03:51<31:07,  3.16s/it, loss=0.0102]
Fine-tuning Navine AI Image:  26%|##6       | 210/800 [03:52<23:47,  2.42s/it, loss=0.0102]
Fine-tuning Navine AI Image:  26%|##6       | 210/800 [03:52<23:47,  2.42s/it, loss=0.0101]
Fine-tuning Navine AI Image:  26%|##6       | 211/800 [03:52<18:25,  1.88s/it, loss=0.0101]
Fine-tuning Navine AI Image:  26%|##6       | 211/800 [03:53<18:25,  1.88s/it, loss=0.0034]
Fine-tuning Navine AI Image:  26%|##6       | 212/800 [03:53<15:02,  1.53s/it, loss=0.0034]
Fine-tuning Navine AI Image:  26%|##6       | 212/800 [03:53<15:02,  1.53s/it, loss=0.0052]
Fine-tuning Navine AI Image:  27%|##6       | 213/800 [03:54<13:33,  1.39s/it, loss=0.0052]
Fine-tuning Navine AI Image:  27%|##6       | 213/800 [03:54<13:33,  1.39s/it, loss=0.0116]
Fine-tuning Navine AI Image:  27%|##6       | 214/800 [03:55<11:13,  1.15s/it, loss=0.0116]
Fine-tuning Navine AI Image:  27%|##6       | 214/800 [03:55<11:13,  1.15s/it, loss=0.0009]
Fine-tuning Navine AI Image:  27%|##6       | 215/800 [03:55<09:35,  1.02it/s, loss=0.0009]
Fine-tuning Navine AI Image:  27%|##6       | 215/800 [03:56<09:35,  1.02it/s, loss=0.0034]
Fine-tuning Navine AI Image:  27%|##7       | 216/800 [03:56<08:31,  1.14it/s, loss=0.0034]
Fine-tuning Navine AI Image:  27%|##7       | 216/800 [03:56<08:31,  1.14it/s, loss=0.0232]
Fine-tuning Navine AI Image:  27%|##7       | 217/800 [03:56<06:51,  1.42it/s, loss=0.0232]
Fine-tuning Navine AI Image:  27%|##7       | 217/800 [03:56<06:51,  1.42it/s, loss=0.0063]
Fine-tuning Navine AI Image:  27%|##7       | 218/800 [03:57<05:29,  1.77it/s, loss=0.0063]
Fine-tuning Navine AI Image:  27%|##7       | 218/800 [03:57<05:29,  1.77it/s, loss=0.0038]
Fine-tuning Navine AI Image:  27%|##7       | 219/800 [03:57<04:35,  2.11it/s, loss=0.0038]
Fine-tuning Navine AI Image:  27%|##7       | 219/800 [03:57<04:35,  2.11it/s, loss=0.0222]
Fine-tuning Navine AI Image:  28%|##7       | 220/800 [03:57<03:57,  2.45it/s, loss=0.0222]
Fine-tuning Navine AI Image:  28%|##7       | 220/800 [03:57<03:57,  2.45it/s, loss=0.0052]
Fine-tuning Navine AI Image:  28%|##7       | 221/800 [03:57<03:31,  2.74it/s, loss=0.0052]
Fine-tuning Navine AI Image:  28%|##7       | 221/800 [03:57<03:31,  2.74it/s, loss=0.0048]
Fine-tuning Navine AI Image:  28%|##7       | 222/800 [03:58<03:21,  2.87it/s, loss=0.0048]
Fine-tuning Navine AI Image:  28%|##7       | 222/800 [03:58<03:21,  2.87it/s, loss=0.0138]
Fine-tuning Navine AI Image:  28%|##7       | 223/800 [03:58<03:05,  3.11it/s, loss=0.0138]
Fine-tuning Navine AI Image:  28%|##7       | 223/800 [03:58<03:05,  3.11it/s, loss=0.0031]
Fine-tuning Navine AI Image:  28%|##8       | 224/800 [03:58<02:54,  3.30it/s, loss=0.0031]
Fine-tuning Navine AI Image:  28%|##8       | 224/800 [03:58<02:54,  3.30it/s, loss=0.0300]
Fine-tuning Navine AI Image:  28%|##8       | 225/800 [03:59<02:48,  3.41it/s, loss=0.0300]
Fine-tuning Navine AI Image:  28%|##8       | 225/800 [03:59<02:48,  3.41it/s, loss=0.0018]
Fine-tuning Navine AI Image:  28%|##8       | 226/800 [03:59<02:46,  3.45it/s, loss=0.0018]
Fine-tuning Navine AI Image:  28%|##8       | 226/800 [03:59<02:46,  3.45it/s, loss=0.0021]
Fine-tuning Navine AI Image:  28%|##8       | 227/800 [03:59<02:40,  3.56it/s, loss=0.0021]
Fine-tuning Navine AI Image:  28%|##8       | 227/800 [03:59<02:40,  3.56it/s, loss=0.0009]
Fine-tuning Navine AI Image:  28%|##8       | 228/800 [03:59<02:38,  3.61it/s, loss=0.0009]
Fine-tuning Navine AI Image:  28%|##8       | 228/800 [03:59<02:38,  3.61it/s, loss=0.0138]
Fine-tuning Navine AI Image:  29%|##8       | 229/800 [04:00<02:33,  3.72it/s, loss=0.0138]
Fine-tuning Navine AI Image:  29%|##8       | 229/800 [04:00<02:33,  3.72it/s, loss=0.0144]
Fine-tuning Navine AI Image:  29%|##8       | 230/800 [04:00<02:32,  3.75it/s, loss=0.0144]
Fine-tuning Navine AI Image:  29%|##8       | 230/800 [04:00<02:32,  3.75it/s, loss=0.0344]
Fine-tuning Navine AI Image:  29%|##8       | 231/800 [04:00<02:28,  3.84it/s, loss=0.0344]
Fine-tuning Navine AI Image:  29%|##8       | 231/800 [04:00<02:28,  3.84it/s, loss=0.0080]
Fine-tuning Navine AI Image:  29%|##9       | 232/800 [04:00<02:25,  3.91it/s, loss=0.0080]
Fine-tuning Navine AI Image:  29%|##9       | 232/800 [04:00<02:25,  3.91it/s, loss=0.0042]
Fine-tuning Navine AI Image:  29%|##9       | 233/800 [04:01<02:23,  3.95it/s, loss=0.0042]
Fine-tuning Navine AI Image:  29%|##9       | 233/800 [04:01<02:23,  3.95it/s, loss=0.0058]
Fine-tuning Navine AI Image:  29%|##9       | 234/800 [04:01<02:22,  3.98it/s, loss=0.0058]
Fine-tuning Navine AI Image:  29%|##9       | 234/800 [04:01<02:22,  3.98it/s, loss=0.0114]
Fine-tuning Navine AI Image:  29%|##9       | 235/800 [04:01<02:23,  3.95it/s, loss=0.0114]
Fine-tuning Navine AI Image:  29%|##9       | 235/800 [04:01<02:23,  3.95it/s, loss=0.0047]
Fine-tuning Navine AI Image:  30%|##9       | 236/800 [04:01<02:23,  3.93it/s, loss=0.0047]
Fine-tuning Navine AI Image:  30%|##9       | 236/800 [04:01<02:23,  3.93it/s, loss=0.0140]
Fine-tuning Navine AI Image:  30%|##9       | 237/800 [04:02<02:23,  3.92it/s, loss=0.0140]
Fine-tuning Navine AI Image:  30%|##9       | 237/800 [04:02<02:23,  3.92it/s, loss=0.0065]
Fine-tuning Navine AI Image:  30%|##9       | 238/800 [04:02<02:23,  3.92it/s, loss=0.0065]
Fine-tuning Navine AI Image:  30%|##9       | 238/800 [04:02<02:23,  3.92it/s, loss=0.0030]
Fine-tuning Navine AI Image:  30%|##9       | 239/800 [04:02<02:21,  3.95it/s, loss=0.0030]
Fine-tuning Navine AI Image:  30%|##9       | 239/800 [04:02<02:21,  3.95it/s, loss=0.0070]
Fine-tuning Navine AI Image:  30%|###       | 240/800 [04:02<02:34,  3.62it/s, loss=0.0070]
Fine-tuning Navine AI Image:  30%|###       | 240/800 [04:02<02:34,  3.62it/s, loss=0.0168]
Fine-tuning Navine AI Image:  30%|###       | 241/800 [04:03<02:30,  3.71it/s, loss=0.0168]
Fine-tuning Navine AI Image:  30%|###       | 241/800 [04:03<02:30,  3.71it/s, loss=0.0114]
Fine-tuning Navine AI Image:  30%|###       | 242/800 [04:03<02:26,  3.80it/s, loss=0.0114]
Fine-tuning Navine AI Image:  30%|###       | 242/800 [04:03<02:26,  3.80it/s, loss=0.0092]
Fine-tuning Navine AI Image:  30%|###       | 243/800 [04:03<02:25,  3.83it/s, loss=0.0092]
Fine-tuning Navine AI Image:  30%|###       | 243/800 [04:03<02:25,  3.83it/s, loss=0.0011]
Fine-tuning Navine AI Image:  30%|###       | 244/800 [04:03<02:23,  3.88it/s, loss=0.0011]
Fine-tuning Navine AI Image:  30%|###       | 244/800 [04:03<02:23,  3.88it/s, loss=0.0177]
Fine-tuning Navine AI Image:  31%|###       | 245/800 [04:04<02:22,  3.89it/s, loss=0.0177]
Fine-tuning Navine AI Image:  31%|###       | 245/800 [04:04<02:22,  3.89it/s, loss=0.0068]
Fine-tuning Navine AI Image:  31%|###       | 246/800 [04:04<02:23,  3.87it/s, loss=0.0068]
Fine-tuning Navine AI Image:  31%|###       | 246/800 [04:04<02:23,  3.87it/s, loss=0.0026]
Fine-tuning Navine AI Image:  31%|###       | 247/800 [04:04<02:24,  3.83it/s, loss=0.0026]
Fine-tuning Navine AI Image:  31%|###       | 247/800 [04:04<02:24,  3.83it/s, loss=0.0128]
Fine-tuning Navine AI Image:  31%|###1      | 248/800 [04:04<02:22,  3.87it/s, loss=0.0128]
Fine-tuning Navine AI Image:  31%|###1      | 248/800 [04:04<02:22,  3.87it/s, loss=0.0064]
Fine-tuning Navine AI Image:  31%|###1      | 249/800 [04:05<02:20,  3.93it/s, loss=0.0064]
Fine-tuning Navine AI Image:  31%|###1      | 249/800 [04:05<02:20,  3.93it/s, loss=0.0190]
Fine-tuning Navine AI Image:  31%|###1      | 250/800 [04:05<02:24,  3.82it/s, loss=0.0190]
Fine-tuning Navine AI Image:  31%|###1      | 250/800 [04:05<02:24,  3.82it/s, loss=0.0100]
Fine-tuning Navine AI Image:  31%|###1      | 251/800 [04:05<02:44,  3.33it/s, loss=0.0100]
Fine-tuning Navine AI Image:  31%|###1      | 251/800 [04:05<02:44,  3.33it/s, loss=0.0354]
Fine-tuning Navine AI Image:  32%|###1      | 252/800 [04:06<02:35,  3.53it/s, loss=0.0354]
Fine-tuning Navine AI Image:  32%|###1      | 252/800 [04:06<02:35,  3.53it/s, loss=0.0040]
Fine-tuning Navine AI Image:  32%|###1      | 253/800 [04:06<02:30,  3.64it/s, loss=0.0040]
Fine-tuning Navine AI Image:  32%|###1      | 253/800 [04:06<02:30,  3.64it/s, loss=0.0126]
Fine-tuning Navine AI Image:  32%|###1      | 254/800 [04:06<02:25,  3.74it/s, loss=0.0126]
Fine-tuning Navine AI Image:  32%|###1      | 254/800 [04:06<02:25,  3.74it/s, loss=0.0008]
Fine-tuning Navine AI Image:  32%|###1      | 255/800 [04:06<02:29,  3.65it/s, loss=0.0008]
Fine-tuning Navine AI Image:  32%|###1      | 255/800 [04:06<02:29,  3.65it/s, loss=0.0151]
Fine-tuning Navine AI Image:  32%|###2      | 256/800 [04:07<02:27,  3.68it/s, loss=0.0151]
Fine-tuning Navine AI Image:  32%|###2      | 256/800 [04:07<02:27,  3.68it/s, loss=0.0078]
Fine-tuning Navine AI Image:  32%|###2      | 257/800 [04:07<02:24,  3.75it/s, loss=0.0078]
Fine-tuning Navine AI Image:  32%|###2      | 257/800 [04:07<02:24,  3.75it/s, loss=0.0217]
Fine-tuning Navine AI Image:  32%|###2      | 258/800 [04:07<02:21,  3.83it/s, loss=0.0217]
Fine-tuning Navine AI Image:  32%|###2      | 258/800 [04:07<02:21,  3.83it/s, loss=0.0058]
Fine-tuning Navine AI Image:  32%|###2      | 259/800 [04:07<02:19,  3.88it/s, loss=0.0058]
Fine-tuning Navine AI Image:  32%|###2      | 259/800 [04:07<02:19,  3.88it/s, loss=0.0103]
Fine-tuning Navine AI Image:  32%|###2      | 260/800 [04:08<02:19,  3.87it/s, loss=0.0103]
Fine-tuning Navine AI Image:  32%|###2      | 260/800 [04:08<02:19,  3.87it/s, loss=0.0247]
Fine-tuning Navine AI Image:  33%|###2      | 261/800 [04:08<02:17,  3.93it/s, loss=0.0247]
Fine-tuning Navine AI Image:  33%|###2      | 261/800 [04:08<02:17,  3.93it/s, loss=0.0044]
Fine-tuning Navine AI Image:  33%|###2      | 262/800 [04:08<02:29,  3.59it/s, loss=0.0044]
Fine-tuning Navine AI Image:  33%|###2      | 262/800 [04:08<02:29,  3.59it/s, loss=0.0141]
Fine-tuning Navine AI Image:  33%|###2      | 263/800 [04:09<02:26,  3.66it/s, loss=0.0141]
Fine-tuning Navine AI Image:  33%|###2      | 263/800 [04:09<02:26,  3.66it/s, loss=0.0368]
Fine-tuning Navine AI Image:  33%|###3      | 264/800 [04:09<02:22,  3.75it/s, loss=0.0368]
Fine-tuning Navine AI Image:  33%|###3      | 264/800 [04:09<02:22,  3.75it/s, loss=0.0144]
Fine-tuning Navine AI Image:  33%|###3      | 265/800 [04:09<02:19,  3.84it/s, loss=0.0144]
Fine-tuning Navine AI Image:  33%|###3      | 265/800 [04:09<02:19,  3.84it/s, loss=0.0092]
Fine-tuning Navine AI Image:  33%|###3      | 266/800 [04:09<02:16,  3.91it/s, loss=0.0092]
Fine-tuning Navine AI Image:  33%|###3      | 266/800 [04:09<02:16,  3.91it/s, loss=0.0020]
Fine-tuning Navine AI Image:  33%|###3      | 267/800 [04:10<02:14,  3.97it/s, loss=0.0020]
Fine-tuning Navine AI Image:  33%|###3      | 267/800 [04:10<02:14,  3.97it/s, loss=0.0021]
Fine-tuning Navine AI Image:  34%|###3      | 268/800 [04:10<02:13,  3.99it/s, loss=0.0021]
Fine-tuning Navine AI Image:  34%|###3      | 268/800 [04:10<02:13,  3.99it/s, loss=0.0017]
Fine-tuning Navine AI Image:  34%|###3      | 269/800 [04:10<02:23,  3.71it/s, loss=0.0017]
Fine-tuning Navine AI Image:  34%|###3      | 269/800 [04:10<02:23,  3.71it/s, loss=0.0045]
Fine-tuning Navine AI Image:  34%|###3      | 270/800 [04:10<02:19,  3.79it/s, loss=0.0045]
Fine-tuning Navine AI Image:  34%|###3      | 270/800 [04:10<02:19,  3.79it/s, loss=0.0094]
Fine-tuning Navine AI Image:  34%|###3      | 271/800 [04:11<02:19,  3.79it/s, loss=0.0094]
Fine-tuning Navine AI Image:  34%|###3      | 271/800 [04:11<02:19,  3.79it/s, loss=0.0098]
Fine-tuning Navine AI Image:  34%|###4      | 272/800 [04:11<02:16,  3.88it/s, loss=0.0098]
Fine-tuning Navine AI Image:  34%|###4      | 272/800 [04:11<02:16,  3.88it/s, loss=0.0071]
Fine-tuning Navine AI Image:  34%|###4      | 273/800 [04:11<02:14,  3.93it/s, loss=0.0071]
Fine-tuning Navine AI Image:  34%|###4      | 273/800 [04:11<02:14,  3.93it/s, loss=0.0560]
Fine-tuning Navine AI Image:  34%|###4      | 274/800 [04:11<02:14,  3.91it/s, loss=0.0560]
Fine-tuning Navine AI Image:  34%|###4      | 274/800 [04:11<02:14,  3.91it/s, loss=0.0156]
Fine-tuning Navine AI Image:  34%|###4      | 275/800 [04:12<02:14,  3.89it/s, loss=0.0156]
Fine-tuning Navine AI Image:  34%|###4      | 275/800 [04:12<02:14,  3.89it/s, loss=0.0021]
Fine-tuning Navine AI Image:  34%|###4      | 276/800 [04:12<02:14,  3.90it/s, loss=0.0021]
Fine-tuning Navine AI Image:  34%|###4      | 276/800 [04:12<02:14,  3.90it/s, loss=0.0187]
Fine-tuning Navine AI Image:  35%|###4      | 277/800 [04:12<02:11,  3.97it/s, loss=0.0187]
Fine-tuning Navine AI Image:  35%|###4      | 277/800 [04:12<02:11,  3.97it/s, loss=0.0123]
Fine-tuning Navine AI Image:  35%|###4      | 278/800 [04:12<02:09,  4.02it/s, loss=0.0123]
Fine-tuning Navine AI Image:  35%|###4      | 278/800 [04:12<02:09,  4.02it/s, loss=0.0090]
Fine-tuning Navine AI Image:  35%|###4      | 279/800 [04:13<02:09,  4.04it/s, loss=0.0090]
Fine-tuning Navine AI Image:  35%|###4      | 279/800 [04:13<02:09,  4.04it/s, loss=0.0115]
Fine-tuning Navine AI Image:  35%|###5      | 280/800 [04:13<02:10,  3.99it/s, loss=0.0115]
Fine-tuning Navine AI Image:  35%|###5      | 280/800 [04:13<02:10,  3.99it/s, loss=0.0106]
Fine-tuning Navine AI Image:  35%|###5      | 281/800 [04:13<02:10,  3.98it/s, loss=0.0106]
Fine-tuning Navine AI Image:  35%|###5      | 281/800 [04:13<02:10,  3.98it/s, loss=0.0083]
Fine-tuning Navine AI Image:  35%|###5      | 282/800 [04:13<02:10,  3.96it/s, loss=0.0083]
Fine-tuning Navine AI Image:  35%|###5      | 282/800 [04:13<02:10,  3.96it/s, loss=0.0031]
Fine-tuning Navine AI Image:  35%|###5      | 283/800 [04:14<02:10,  3.97it/s, loss=0.0031]
Fine-tuning Navine AI Image:  35%|###5      | 283/800 [04:14<02:10,  3.97it/s, loss=0.0188]
Fine-tuning Navine AI Image:  36%|###5      | 284/800 [04:14<02:08,  4.01it/s, loss=0.0188]
Fine-tuning Navine AI Image:  36%|###5      | 284/800 [04:14<02:08,  4.01it/s, loss=0.0049]
Fine-tuning Navine AI Image:  36%|###5      | 285/800 [04:14<02:07,  4.02it/s, loss=0.0049]
Fine-tuning Navine AI Image:  36%|###5      | 285/800 [04:14<02:07,  4.02it/s, loss=0.0053]
Fine-tuning Navine AI Image:  36%|###5      | 286/800 [04:14<02:08,  3.99it/s, loss=0.0053]
Fine-tuning Navine AI Image:  36%|###5      | 286/800 [04:14<02:08,  3.99it/s, loss=0.0094]
Fine-tuning Navine AI Image:  36%|###5      | 287/800 [04:15<02:08,  4.00it/s, loss=0.0094]
Fine-tuning Navine AI Image:  36%|###5      | 287/800 [04:15<02:08,  4.00it/s, loss=0.0021]
Fine-tuning Navine AI Image:  36%|###6      | 288/800 [04:15<02:09,  3.95it/s, loss=0.0021]
Fine-tuning Navine AI Image:  36%|###6      | 288/800 [04:15<02:09,  3.95it/s, loss=0.0126]
Fine-tuning Navine AI Image:  36%|###6      | 289/800 [04:15<02:09,  3.94it/s, loss=0.0126]
Fine-tuning Navine AI Image:  36%|###6      | 289/800 [04:15<02:09,  3.94it/s, loss=0.0116]
Fine-tuning Navine AI Image:  36%|###6      | 290/800 [04:15<02:14,  3.80it/s, loss=0.0116]
Fine-tuning Navine AI Image:  36%|###6      | 290/800 [04:15<02:14,  3.80it/s, loss=0.0019]
Fine-tuning Navine AI Image:  36%|###6      | 291/800 [04:16<02:11,  3.87it/s, loss=0.0019]
Fine-tuning Navine AI Image:  36%|###6      | 291/800 [04:16<02:11,  3.87it/s, loss=0.0093]
Fine-tuning Navine AI Image:  36%|###6      | 292/800 [04:16<02:09,  3.92it/s, loss=0.0093]
Fine-tuning Navine AI Image:  36%|###6      | 292/800 [04:16<02:09,  3.92it/s, loss=0.0053]
Fine-tuning Navine AI Image:  37%|###6      | 293/800 [04:16<02:09,  3.92it/s, loss=0.0053]
Fine-tuning Navine AI Image:  37%|###6      | 293/800 [04:16<02:09,  3.92it/s, loss=0.0023]
Fine-tuning Navine AI Image:  37%|###6      | 294/800 [04:16<02:09,  3.92it/s, loss=0.0023]
Fine-tuning Navine AI Image:  37%|###6      | 294/800 [04:16<02:09,  3.92it/s, loss=0.0019]
Fine-tuning Navine AI Image:  37%|###6      | 295/800 [04:17<02:08,  3.92it/s, loss=0.0019]
Fine-tuning Navine AI Image:  37%|###6      | 295/800 [04:17<02:08,  3.92it/s, loss=0.0124]
Fine-tuning Navine AI Image:  37%|###7      | 296/800 [04:17<02:10,  3.86it/s, loss=0.0124]
Fine-tuning Navine AI Image:  37%|###7      | 296/800 [04:17<02:10,  3.86it/s, loss=0.0023]
Fine-tuning Navine AI Image:  37%|###7      | 297/800 [04:17<02:24,  3.49it/s, loss=0.0023]
Fine-tuning Navine AI Image:  37%|###7      | 297/800 [04:17<02:24,  3.49it/s, loss=0.0281]
Fine-tuning Navine AI Image:  37%|###7      | 298/800 [04:18<02:20,  3.57it/s, loss=0.0281]
Fine-tuning Navine AI Image:  37%|###7      | 298/800 [04:18<02:20,  3.57it/s, loss=0.0065]
Fine-tuning Navine AI Image:  37%|###7      | 299/800 [04:18<02:17,  3.65it/s, loss=0.0065]
Fine-tuning Navine AI Image:  37%|###7      | 299/800 [04:18<02:17,  3.65it/s, loss=0.0058]
Fine-tuning Navine AI Image:  38%|###7      | 300/800 [04:18<02:13,  3.73it/s, loss=0.0058]
Fine-tuning Navine AI Image:  38%|###7      | 300/800 [04:18<02:13,  3.73it/s, loss=0.0122]
Fine-tuning Navine AI Image:  38%|###7      | 301/800 [04:18<02:09,  3.84it/s, loss=0.0122]
Fine-tuning Navine AI Image:  38%|###7      | 301/800 [04:18<02:09,  3.84it/s, loss=0.0044]
Fine-tuning Navine AI Image:  38%|###7      | 302/800 [04:19<02:07,  3.90it/s, loss=0.0044]
Fine-tuning Navine AI Image:  38%|###7      | 302/800 [04:19<02:07,  3.90it/s, loss=0.0033]
Fine-tuning Navine AI Image:  38%|###7      | 303/800 [04:19<02:06,  3.94it/s, loss=0.0033]
Fine-tuning Navine AI Image:  38%|###7      | 303/800 [04:19<02:06,  3.94it/s, loss=0.0076]
Fine-tuning Navine AI Image:  38%|###8      | 304/800 [04:19<02:06,  3.92it/s, loss=0.0076]
Fine-tuning Navine AI Image:  38%|###8      | 304/800 [04:19<02:06,  3.92it/s, loss=0.0214]
Fine-tuning Navine AI Image:  38%|###8      | 305/800 [04:19<02:07,  3.87it/s, loss=0.0214]
Fine-tuning Navine AI Image:  38%|###8      | 305/800 [04:19<02:07,  3.87it/s, loss=0.0041]
Fine-tuning Navine AI Image:  38%|###8      | 306/800 [04:20<02:08,  3.85it/s, loss=0.0041]
Fine-tuning Navine AI Image:  38%|###8      | 306/800 [04:20<02:08,  3.85it/s, loss=0.0010]
Fine-tuning Navine AI Image:  38%|###8      | 307/800 [04:20<02:18,  3.57it/s, loss=0.0010]
Fine-tuning Navine AI Image:  38%|###8      | 307/800 [04:20<02:18,  3.57it/s, loss=0.0065]
Fine-tuning Navine AI Image:  38%|###8      | 308/800 [04:20<02:13,  3.67it/s, loss=0.0065]
Fine-tuning Navine AI Image:  38%|###8      | 308/800 [04:20<02:13,  3.67it/s, loss=0.0191]
Fine-tuning Navine AI Image:  39%|###8      | 309/800 [04:20<02:14,  3.66it/s, loss=0.0191]
Fine-tuning Navine AI Image:  39%|###8      | 309/800 [04:20<02:14,  3.66it/s, loss=0.0098]
Fine-tuning Navine AI Image:  39%|###8      | 310/800 [04:21<02:12,  3.70it/s, loss=0.0098]
Fine-tuning Navine AI Image:  39%|###8      | 310/800 [04:21<02:12,  3.70it/s, loss=0.0007]
Fine-tuning Navine AI Image:  39%|###8      | 311/800 [04:21<02:10,  3.73it/s, loss=0.0007]
Fine-tuning Navine AI Image:  39%|###8      | 311/800 [04:21<02:10,  3.73it/s, loss=0.0037]
Fine-tuning Navine AI Image:  39%|###9      | 312/800 [04:21<02:07,  3.83it/s, loss=0.0037]
Fine-tuning Navine AI Image:  39%|###9      | 312/800 [04:21<02:07,  3.83it/s, loss=0.0090]
Fine-tuning Navine AI Image:  39%|###9      | 313/800 [04:21<02:08,  3.78it/s, loss=0.0090]
Fine-tuning Navine AI Image:  39%|###9      | 313/800 [04:22<02:08,  3.78it/s, loss=0.0108]
Fine-tuning Navine AI Image:  39%|###9      | 314/800 [04:22<02:05,  3.87it/s, loss=0.0108]
Fine-tuning Navine AI Image:  39%|###9      | 314/800 [04:22<02:05,  3.87it/s, loss=0.0010]
Fine-tuning Navine AI Image:  39%|###9      | 315/800 [04:22<02:04,  3.90it/s, loss=0.0010]
Fine-tuning Navine AI Image:  39%|###9      | 315/800 [04:22<02:04,  3.90it/s, loss=0.0017]
Fine-tuning Navine AI Image:  40%|###9      | 316/800 [04:22<02:02,  3.97it/s, loss=0.0017]
Fine-tuning Navine AI Image:  40%|###9      | 316/800 [04:22<02:02,  3.97it/s, loss=0.0042]
Fine-tuning Navine AI Image:  40%|###9      | 317/800 [04:22<02:00,  3.99it/s, loss=0.0042]
Fine-tuning Navine AI Image:  40%|###9      | 317/800 [04:22<02:00,  3.99it/s, loss=0.0021]
Fine-tuning Navine AI Image:  40%|###9      | 318/800 [04:23<02:02,  3.92it/s, loss=0.0021]
Fine-tuning Navine AI Image:  40%|###9      | 318/800 [04:23<02:02,  3.92it/s, loss=0.0041]
Fine-tuning Navine AI Image:  40%|###9      | 319/800 [04:23<02:03,  3.89it/s, loss=0.0041]
Fine-tuning Navine AI Image:  40%|###9      | 319/800 [04:23<02:03,  3.89it/s, loss=0.0115]
Fine-tuning Navine AI Image:  40%|####      | 320/800 [04:23<02:04,  3.86it/s, loss=0.0115]
Fine-tuning Navine AI Image:  40%|####      | 320/800 [04:23<02:04,  3.86it/s, loss=0.0026]
Fine-tuning Navine AI Image:  40%|####      | 321/800 [04:24<02:03,  3.87it/s, loss=0.0026]
Fine-tuning Navine AI Image:  40%|####      | 321/800 [04:24<02:03,  3.87it/s, loss=0.0062]
Fine-tuning Navine AI Image:  40%|####      | 322/800 [04:24<02:06,  3.77it/s, loss=0.0062]
Fine-tuning Navine AI Image:  40%|####      | 322/800 [04:24<02:06,  3.77it/s, loss=0.0054]
Fine-tuning Navine AI Image:  40%|####      | 323/800 [04:24<02:05,  3.80it/s, loss=0.0054]
Fine-tuning Navine AI Image:  40%|####      | 323/800 [04:24<02:05,  3.80it/s, loss=0.0152]
Fine-tuning Navine AI Image:  40%|####      | 324/800 [04:24<02:02,  3.88it/s, loss=0.0152]
Fine-tuning Navine AI Image:  40%|####      | 324/800 [04:24<02:02,  3.88it/s, loss=0.0020]
Fine-tuning Navine AI Image:  41%|####      | 325/800 [04:25<02:02,  3.87it/s, loss=0.0020]
Fine-tuning Navine AI Image:  41%|####      | 325/800 [04:25<02:02,  3.87it/s, loss=0.0052]
Fine-tuning Navine AI Image:  41%|####      | 326/800 [04:25<02:01,  3.91it/s, loss=0.0052]
Fine-tuning Navine AI Image:  41%|####      | 326/800 [04:25<02:01,  3.91it/s, loss=0.0483]
Fine-tuning Navine AI Image:  41%|####      | 327/800 [04:25<02:03,  3.82it/s, loss=0.0483]
Fine-tuning Navine AI Image:  41%|####      | 327/800 [04:25<02:03,  3.82it/s, loss=0.0115]
Fine-tuning Navine AI Image:  41%|####1     | 328/800 [04:25<02:02,  3.86it/s, loss=0.0115]
Fine-tuning Navine AI Image:  41%|####1     | 328/800 [04:25<02:02,  3.86it/s, loss=0.0034]
Fine-tuning Navine AI Image:  41%|####1     | 329/800 [04:26<02:15,  3.48it/s, loss=0.0034]
Fine-tuning Navine AI Image:  41%|####1     | 329/800 [04:26<02:15,  3.48it/s, loss=0.0040]
Fine-tuning Navine AI Image:  41%|####1     | 330/800 [04:26<02:09,  3.64it/s, loss=0.0040]
Fine-tuning Navine AI Image:  41%|####1     | 330/800 [04:26<02:09,  3.64it/s, loss=0.0611]
Fine-tuning Navine AI Image:  41%|####1     | 331/800 [04:26<02:15,  3.46it/s, loss=0.0611]
Fine-tuning Navine AI Image:  41%|####1     | 331/800 [04:26<02:15,  3.46it/s, loss=0.0025]
Fine-tuning Navine AI Image:  42%|####1     | 332/800 [04:27<02:11,  3.55it/s, loss=0.0025]
Fine-tuning Navine AI Image:  42%|####1     | 332/800 [04:27<02:11,  3.55it/s, loss=0.0085]
Fine-tuning Navine AI Image:  42%|####1     | 333/800 [04:27<02:08,  3.64it/s, loss=0.0085]
Fine-tuning Navine AI Image:  42%|####1     | 333/800 [04:27<02:08,  3.64it/s, loss=0.0028]
Fine-tuning Navine AI Image:  42%|####1     | 334/800 [04:27<02:03,  3.77it/s, loss=0.0028]
Fine-tuning Navine AI Image:  42%|####1     | 334/800 [04:27<02:03,  3.77it/s, loss=0.0152]
Fine-tuning Navine AI Image:  42%|####1     | 335/800 [04:27<02:21,  3.28it/s, loss=0.0152]
Fine-tuning Navine AI Image:  42%|####1     | 335/800 [04:27<02:21,  3.28it/s, loss=0.0256]
Fine-tuning Navine AI Image:  42%|####2     | 336/800 [04:28<02:16,  3.40it/s, loss=0.0256]
Fine-tuning Navine AI Image:  42%|####2     | 336/800 [04:28<02:16,  3.40it/s, loss=0.0022]
Fine-tuning Navine AI Image:  42%|####2     | 337/800 [04:28<02:12,  3.51it/s, loss=0.0022]
Fine-tuning Navine AI Image:  42%|####2     | 337/800 [04:28<02:12,  3.51it/s, loss=0.0033]
Fine-tuning Navine AI Image:  42%|####2     | 338/800 [04:28<02:07,  3.63it/s, loss=0.0033]
Fine-tuning Navine AI Image:  42%|####2     | 338/800 [04:28<02:07,  3.63it/s, loss=0.0090]
Fine-tuning Navine AI Image:  42%|####2     | 339/800 [04:28<02:06,  3.65it/s, loss=0.0090]
Fine-tuning Navine AI Image:  42%|####2     | 339/800 [04:29<02:06,  3.65it/s, loss=0.0041]
Fine-tuning Navine AI Image:  42%|####2     | 340/800 [04:29<02:04,  3.70it/s, loss=0.0041]
Fine-tuning Navine AI Image:  42%|####2     | 340/800 [04:29<02:04,  3.70it/s, loss=0.0068]
Fine-tuning Navine AI Image:  43%|####2     | 341/800 [04:29<02:23,  3.19it/s, loss=0.0068]
Fine-tuning Navine AI Image:  43%|####2     | 341/800 [04:29<02:23,  3.19it/s, loss=0.0150]
Fine-tuning Navine AI Image:  43%|####2     | 342/800 [04:29<02:16,  3.35it/s, loss=0.0150]
Fine-tuning Navine AI Image:  43%|####2     | 342/800 [04:29<02:16,  3.35it/s, loss=0.0103]
Fine-tuning Navine AI Image:  43%|####2     | 343/800 [04:30<02:11,  3.47it/s, loss=0.0103]
Fine-tuning Navine AI Image:  43%|####2     | 343/800 [04:30<02:11,  3.47it/s, loss=0.0139]
Fine-tuning Navine AI Image:  43%|####3     | 344/800 [04:30<02:21,  3.21it/s, loss=0.0139]
Fine-tuning Navine AI Image:  43%|####3     | 344/800 [04:30<02:21,  3.21it/s, loss=0.0019]
Fine-tuning Navine AI Image:  43%|####3     | 345/800 [04:30<02:20,  3.25it/s, loss=0.0019]
Fine-tuning Navine AI Image:  43%|####3     | 345/800 [04:30<02:20,  3.25it/s, loss=0.0083]
Fine-tuning Navine AI Image:  43%|####3     | 346/800 [04:31<02:14,  3.38it/s, loss=0.0083]
Fine-tuning Navine AI Image:  43%|####3     | 346/800 [04:31<02:14,  3.38it/s, loss=0.0053]
Fine-tuning Navine AI Image:  43%|####3     | 347/800 [04:31<02:30,  3.00it/s, loss=0.0053]
Fine-tuning Navine AI Image:  43%|####3     | 347/800 [04:31<02:30,  3.00it/s, loss=0.0079]
Fine-tuning Navine AI Image:  44%|####3     | 348/800 [04:31<02:20,  3.23it/s, loss=0.0079]
Fine-tuning Navine AI Image:  44%|####3     | 348/800 [04:31<02:20,  3.23it/s, loss=0.0042]
Fine-tuning Navine AI Image:  44%|####3     | 349/800 [04:32<02:13,  3.38it/s, loss=0.0042]
Fine-tuning Navine AI Image:  44%|####3     | 349/800 [04:32<02:13,  3.38it/s, loss=0.0435]
Fine-tuning Navine AI Image:  44%|####3     | 350/800 [04:32<02:09,  3.48it/s, loss=0.0435]
Fine-tuning Navine AI Image:  44%|####3     | 350/800 [04:32<02:09,  3.48it/s, loss=0.0040]
Fine-tuning Navine AI Image:  44%|####3     | 351/800 [04:32<02:02,  3.65it/s, loss=0.0040]
Fine-tuning Navine AI Image:  44%|####3     | 351/800 [04:32<02:02,  3.65it/s, loss=0.0044]
Fine-tuning Navine AI Image:  44%|####4     | 352/800 [04:32<02:03,  3.62it/s, loss=0.0044]
Fine-tuning Navine AI Image:  44%|####4     | 352/800 [04:32<02:03,  3.62it/s, loss=0.0102]
Fine-tuning Navine AI Image:  44%|####4     | 353/800 [04:33<02:39,  2.80it/s, loss=0.0102]
Fine-tuning Navine AI Image:  44%|####4     | 353/800 [04:33<02:39,  2.80it/s, loss=0.0041]
Fine-tuning Navine AI Image:  44%|####4     | 354/800 [04:33<02:33,  2.91it/s, loss=0.0041]
Fine-tuning Navine AI Image:  44%|####4     | 354/800 [04:33<02:33,  2.91it/s, loss=0.0080]
Fine-tuning Navine AI Image:  44%|####4     | 355/800 [04:34<02:32,  2.92it/s, loss=0.0080]
Fine-tuning Navine AI Image:  44%|####4     | 355/800 [04:34<02:32,  2.92it/s, loss=0.0138]
Fine-tuning Navine AI Image:  44%|####4     | 356/800 [04:34<02:20,  3.17it/s, loss=0.0138]
Fine-tuning Navine AI Image:  44%|####4     | 356/800 [04:34<02:20,  3.17it/s, loss=0.0055]
Fine-tuning Navine AI Image:  45%|####4     | 357/800 [04:34<02:20,  3.16it/s, loss=0.0055]
Fine-tuning Navine AI Image:  45%|####4     | 357/800 [04:34<02:20,  3.16it/s, loss=0.0171]
Fine-tuning Navine AI Image:  45%|####4     | 358/800 [04:34<02:18,  3.19it/s, loss=0.0171]
Fine-tuning Navine AI Image:  45%|####4     | 358/800 [04:35<02:18,  3.19it/s, loss=0.0053]
Fine-tuning Navine AI Image:  45%|####4     | 359/800 [04:35<02:19,  3.15it/s, loss=0.0053]
Fine-tuning Navine AI Image:  45%|####4     | 359/800 [04:35<02:19,  3.15it/s, loss=0.0027]
Fine-tuning Navine AI Image:  45%|####5     | 360/800 [04:35<02:16,  3.21it/s, loss=0.0027]
Fine-tuning Navine AI Image:  45%|####5     | 360/800 [04:35<02:16,  3.21it/s, loss=0.0397]
Fine-tuning Navine AI Image:  45%|####5     | 361/800 [04:35<02:12,  3.31it/s, loss=0.0397]
Fine-tuning Navine AI Image:  45%|####5     | 361/800 [04:35<02:12,  3.31it/s, loss=0.0033]
Fine-tuning Navine AI Image:  45%|####5     | 362/800 [04:36<02:15,  3.23it/s, loss=0.0033]
Fine-tuning Navine AI Image:  45%|####5     | 362/800 [04:36<02:15,  3.23it/s, loss=0.0128]
Fine-tuning Navine AI Image:  45%|####5     | 363/800 [04:36<02:10,  3.35it/s, loss=0.0128]
Fine-tuning Navine AI Image:  45%|####5     | 363/800 [04:36<02:10,  3.35it/s, loss=0.0048]
Fine-tuning Navine AI Image:  46%|####5     | 364/800 [04:36<02:09,  3.36it/s, loss=0.0048]
Fine-tuning Navine AI Image:  46%|####5     | 364/800 [04:36<02:09,  3.36it/s, loss=0.0172]
Fine-tuning Navine AI Image:  46%|####5     | 365/800 [04:37<02:20,  3.09it/s, loss=0.0172]
Fine-tuning Navine AI Image:  46%|####5     | 365/800 [04:37<02:20,  3.09it/s, loss=0.0011]
Fine-tuning Navine AI Image:  46%|####5     | 366/800 [04:37<02:54,  2.49it/s, loss=0.0011]
Fine-tuning Navine AI Image:  46%|####5     | 366/800 [04:37<02:54,  2.49it/s, loss=0.0035]
Fine-tuning Navine AI Image:  46%|####5     | 367/800 [04:38<03:18,  2.18it/s, loss=0.0035]
Fine-tuning Navine AI Image:  46%|####5     | 367/800 [04:38<03:18,  2.18it/s, loss=0.0020]
Fine-tuning Navine AI Image:  46%|####6     | 368/800 [04:38<03:37,  1.99it/s, loss=0.0020]
Fine-tuning Navine AI Image:  46%|####6     | 368/800 [04:38<03:37,  1.99it/s, loss=0.0127]
Fine-tuning Navine AI Image:  46%|####6     | 369/800 [04:39<03:59,  1.80it/s, loss=0.0127]
Fine-tuning Navine AI Image:  46%|####6     | 369/800 [04:39<03:59,  1.80it/s, loss=0.0047]
Fine-tuning Navine AI Image:  46%|####6     | 370/800 [04:40<04:07,  1.74it/s, loss=0.0047]
Fine-tuning Navine AI Image:  46%|####6     | 370/800 [04:40<04:07,  1.74it/s, loss=0.0025]
Fine-tuning Navine AI Image:  46%|####6     | 371/800 [04:40<04:11,  1.71it/s, loss=0.0025]
Fine-tuning Navine AI Image:  46%|####6     | 371/800 [04:40<04:11,  1.71it/s, loss=0.0023]
Fine-tuning Navine AI Image:  46%|####6     | 372/800 [04:41<04:24,  1.62it/s, loss=0.0023]
Fine-tuning Navine AI Image:  46%|####6     | 372/800 [04:41<04:24,  1.62it/s, loss=0.0049]
Fine-tuning Navine AI Image:  47%|####6     | 373/800 [04:42<04:22,  1.63it/s, loss=0.0049]
Fine-tuning Navine AI Image:  47%|####6     | 373/800 [04:42<04:22,  1.63it/s, loss=0.0031]
Fine-tuning Navine AI Image:  47%|####6     | 374/800 [04:42<04:23,  1.61it/s, loss=0.0031]
Fine-tuning Navine AI Image:  47%|####6     | 374/800 [04:42<04:23,  1.61it/s, loss=0.0088]
Fine-tuning Navine AI Image:  47%|####6     | 375/800 [04:43<04:23,  1.61it/s, loss=0.0088]
Fine-tuning Navine AI Image:  47%|####6     | 375/800 [04:43<04:23,  1.61it/s, loss=0.0040]
Fine-tuning Navine AI Image:  47%|####6     | 376/800 [04:43<04:21,  1.62it/s, loss=0.0040]
Fine-tuning Navine AI Image:  47%|####6     | 376/800 [04:44<04:21,  1.62it/s, loss=0.0037]
Fine-tuning Navine AI Image:  47%|####7     | 377/800 [04:44<04:24,  1.60it/s, loss=0.0037]
Fine-tuning Navine AI Image:  47%|####7     | 377/800 [04:44<04:24,  1.60it/s, loss=0.0016]
Fine-tuning Navine AI Image:  47%|####7     | 378/800 [04:45<04:23,  1.60it/s, loss=0.0016]
Fine-tuning Navine AI Image:  47%|####7     | 378/800 [04:45<04:23,  1.60it/s, loss=0.0090]
Fine-tuning Navine AI Image:  47%|####7     | 379/800 [04:45<04:19,  1.62it/s, loss=0.0090]
Fine-tuning Navine AI Image:  47%|####7     | 379/800 [04:45<04:19,  1.62it/s, loss=0.0067]
Fine-tuning Navine AI Image:  48%|####7     | 380/800 [04:46<04:17,  1.63it/s, loss=0.0067]
Fine-tuning Navine AI Image:  48%|####7     | 380/800 [04:46<04:17,  1.63it/s, loss=0.0064]
Fine-tuning Navine AI Image:  48%|####7     | 381/800 [04:47<04:14,  1.65it/s, loss=0.0064]
Fine-tuning Navine AI Image:  48%|####7     | 381/800 [04:47<04:14,  1.65it/s, loss=0.0017]
Fine-tuning Navine AI Image:  48%|####7     | 382/800 [04:47<03:54,  1.79it/s, loss=0.0017]
Fine-tuning Navine AI Image:  48%|####7     | 382/800 [04:47<03:54,  1.79it/s, loss=0.0082]
Fine-tuning Navine AI Image:  48%|####7     | 383/800 [04:47<03:20,  2.08it/s, loss=0.0082]
Fine-tuning Navine AI Image:  48%|####7     | 383/800 [04:47<03:20,  2.08it/s, loss=0.0040]
Fine-tuning Navine AI Image:  48%|####8     | 384/800 [04:48<03:39,  1.89it/s, loss=0.0040]
Fine-tuning Navine AI Image:  48%|####8     | 384/800 [04:48<03:39,  1.89it/s, loss=0.0036]
Fine-tuning Navine AI Image:  48%|####8     | 385/800 [04:49<03:52,  1.78it/s, loss=0.0036]
Fine-tuning Navine AI Image:  48%|####8     | 385/800 [04:49<03:52,  1.78it/s, loss=0.0130]
Fine-tuning Navine AI Image:  48%|####8     | 386/800 [04:49<03:57,  1.75it/s, loss=0.0130]
Fine-tuning Navine AI Image:  48%|####8     | 386/800 [04:49<03:57,  1.75it/s, loss=0.0052]
Fine-tuning Navine AI Image:  48%|####8     | 387/800 [04:50<04:01,  1.71it/s, loss=0.0052]
Fine-tuning Navine AI Image:  48%|####8     | 387/800 [04:50<04:01,  1.71it/s, loss=0.0188]
Fine-tuning Navine AI Image:  48%|####8     | 388/800 [04:50<04:03,  1.69it/s, loss=0.0188]
Fine-tuning Navine AI Image:  48%|####8     | 388/800 [04:50<04:03,  1.69it/s, loss=0.0025]
Fine-tuning Navine AI Image:  49%|####8     | 389/800 [04:51<04:15,  1.61it/s, loss=0.0025]
Fine-tuning Navine AI Image:  49%|####8     | 389/800 [04:51<04:15,  1.61it/s, loss=0.0046]
Fine-tuning Navine AI Image:  49%|####8     | 390/800 [04:52<04:14,  1.61it/s, loss=0.0046]
Fine-tuning Navine AI Image:  49%|####8     | 390/800 [04:52<04:14,  1.61it/s, loss=0.0080]
Fine-tuning Navine AI Image:  49%|####8     | 391/800 [04:52<04:14,  1.61it/s, loss=0.0080]
Fine-tuning Navine AI Image:  49%|####8     | 391/800 [04:52<04:14,  1.61it/s, loss=0.0268]
Fine-tuning Navine AI Image:  49%|####9     | 392/800 [04:53<04:14,  1.60it/s, loss=0.0268]
Fine-tuning Navine AI Image:  49%|####9     | 392/800 [04:53<04:14,  1.60it/s, loss=0.0017]
Fine-tuning Navine AI Image:  49%|####9     | 393/800 [04:54<04:24,  1.54it/s, loss=0.0017]
Fine-tuning Navine AI Image:  49%|####9     | 393/800 [04:54<04:24,  1.54it/s, loss=0.0270]
Fine-tuning Navine AI Image:  49%|####9     | 394/800 [04:54<04:21,  1.55it/s, loss=0.0270]
Fine-tuning Navine AI Image:  49%|####9     | 394/800 [04:54<04:21,  1.55it/s, loss=0.0133]
Fine-tuning Navine AI Image:  49%|####9     | 395/800 [04:55<04:14,  1.59it/s, loss=0.0133]
Fine-tuning Navine AI Image:  49%|####9     | 395/800 [04:55<04:14,  1.59it/s, loss=0.0026]
Fine-tuning Navine AI Image:  50%|####9     | 396/800 [04:55<04:12,  1.60it/s, loss=0.0026]
Fine-tuning Navine AI Image:  50%|####9     | 396/800 [04:56<04:12,  1.60it/s, loss=0.0162]
Fine-tuning Navine AI Image:  50%|####9     | 397/800 [04:56<04:12,  1.60it/s, loss=0.0162]
Fine-tuning Navine AI Image:  50%|####9     | 397/800 [04:56<04:12,  1.60it/s, loss=0.0112]
Fine-tuning Navine AI Image:  50%|####9     | 398/800 [04:57<04:09,  1.61it/s, loss=0.0112]
Fine-tuning Navine AI Image:  50%|####9     | 398/800 [04:57<04:09,  1.61it/s, loss=0.0090]
Fine-tuning Navine AI Image:  50%|####9     | 399/800 [04:57<04:07,  1.62it/s, loss=0.0090]
Fine-tuning Navine AI Image:  50%|####9     | 399/800 [04:57<04:07,  1.62it/s, loss=0.0033]
Fine-tuning Navine AI Image:  50%|#####     | 400/800 [04:58<03:29,  1.91it/s, loss=0.0033]
Fine-tuning Navine AI Image:  50%|#####     | 400/800 [04:58<03:29,  1.91it/s, loss=0.0023]
Fine-tuning Navine AI Image:  50%|#####     | 401/800 [06:15<2:36:31, 23.54s/it, loss=0.0023]
Fine-tuning Navine AI Image:  50%|#####     | 401/800 [06:15<2:36:31, 23.54s/it, loss=0.0090]
Fine-tuning Navine AI Image:  50%|#####     | 402/800 [06:15<1:49:48, 16.55s/it, loss=0.0090]
Fine-tuning Navine AI Image:  50%|#####     | 402/800 [06:15<1:49:48, 16.55s/it, loss=0.0250]
Fine-tuning Navine AI Image:  50%|#####     | 403/800 [06:15<1:17:08, 11.66s/it, loss=0.0250]
Fine-tuning Navine AI Image:  50%|#####     | 403/800 [06:15<1:17:08, 11.66s/it, loss=0.0036]
Fine-tuning Navine AI Image:  50%|#####     | 404/800 [06:16<54:20,  8.23s/it, loss=0.0036]  
Fine-tuning Navine AI Image:  50%|#####     | 404/800 [06:16<54:20,  8.23s/it, loss=0.0043]
Fine-tuning Navine AI Image:  51%|#####     | 405/800 [06:16<38:35,  5.86s/it, loss=0.0043]
Fine-tuning Navine AI Image:  51%|#####     | 405/800 [06:16<38:35,  5.86s/it, loss=0.0103]
Fine-tuning Navine AI Image:  51%|#####     | 406/800 [06:16<27:25,  4.18s/it, loss=0.0103]
Fine-tuning Navine AI Image:  51%|#####     | 406/800 [06:16<27:25,  4.18s/it, loss=0.0092]
Fine-tuning Navine AI Image:  51%|#####     | 407/800 [06:16<19:38,  3.00s/it, loss=0.0092]
Fine-tuning Navine AI Image:  51%|#####     | 407/800 [06:16<19:38,  3.00s/it, loss=0.0032]
Fine-tuning Navine AI Image:  51%|#####1    | 408/800 [06:17<14:15,  2.18s/it, loss=0.0032]
Fine-tuning Navine AI Image:  51%|#####1    | 408/800 [06:17<14:15,  2.18s/it, loss=0.0517]
Fine-tuning Navine AI Image:  51%|#####1    | 409/800 [06:17<10:29,  1.61s/it, loss=0.0517]
Fine-tuning Navine AI Image:  51%|#####1    | 409/800 [06:17<10:29,  1.61s/it, loss=0.0093]
Fine-tuning Navine AI Image:  51%|#####1    | 410/800 [06:17<07:47,  1.20s/it, loss=0.0093]
Fine-tuning Navine AI Image:  51%|#####1    | 410/800 [06:17<07:47,  1.20s/it, loss=0.0167]
Fine-tuning Navine AI Image:  51%|#####1    | 411/800 [06:17<05:55,  1.09it/s, loss=0.0167]
Fine-tuning Navine AI Image:  51%|#####1    | 411/800 [06:17<05:55,  1.09it/s, loss=0.0053]
Fine-tuning Navine AI Image:  52%|#####1    | 412/800 [06:18<04:38,  1.39it/s, loss=0.0053]
Fine-tuning Navine AI Image:  52%|#####1    | 412/800 [06:18<04:38,  1.39it/s, loss=0.0018]
Fine-tuning Navine AI Image:  52%|#####1    | 413/800 [06:18<03:52,  1.66it/s, loss=0.0018]
Fine-tuning Navine AI Image:  52%|#####1    | 413/800 [06:18<03:52,  1.66it/s, loss=0.0218]
Fine-tuning Navine AI Image:  52%|#####1    | 414/800 [06:18<03:11,  2.01it/s, loss=0.0218]
Fine-tuning Navine AI Image:  52%|#####1    | 414/800 [06:18<03:11,  2.01it/s, loss=0.0040]
Fine-tuning Navine AI Image:  52%|#####1    | 415/800 [06:19<02:44,  2.34it/s, loss=0.0040]
Fine-tuning Navine AI Image:  52%|#####1    | 415/800 [06:19<02:44,  2.34it/s, loss=0.0039]
Fine-tuning Navine AI Image:  52%|#####2    | 416/800 [06:19<02:23,  2.67it/s, loss=0.0039]
Fine-tuning Navine AI Image:  52%|#####2    | 416/800 [06:19<02:23,  2.67it/s, loss=0.0062]
Fine-tuning Navine AI Image:  52%|#####2    | 417/800 [06:19<02:09,  2.95it/s, loss=0.0062]
Fine-tuning Navine AI Image:  52%|#####2    | 417/800 [06:19<02:09,  2.95it/s, loss=0.0258]
Fine-tuning Navine AI Image:  52%|#####2    | 418/800 [06:19<02:03,  3.08it/s, loss=0.0258]
Fine-tuning Navine AI Image:  52%|#####2    | 418/800 [06:19<02:03,  3.08it/s, loss=0.0096]
Fine-tuning Navine AI Image:  52%|#####2    | 419/800 [06:20<01:55,  3.31it/s, loss=0.0096]
Fine-tuning Navine AI Image:  52%|#####2    | 419/800 [06:20<01:55,  3.31it/s, loss=0.0103]
Fine-tuning Navine AI Image:  52%|#####2    | 420/800 [06:20<01:51,  3.40it/s, loss=0.0103]
Fine-tuning Navine AI Image:  52%|#####2    | 420/800 [06:20<01:51,  3.40it/s, loss=0.0086]
Fine-tuning Navine AI Image:  53%|#####2    | 421/800 [06:20<01:50,  3.44it/s, loss=0.0086]
Fine-tuning Navine AI Image:  53%|#####2    | 421/800 [06:20<01:50,  3.44it/s, loss=0.0083]
Fine-tuning Navine AI Image:  53%|#####2    | 422/800 [06:20<01:46,  3.56it/s, loss=0.0083]
Fine-tuning Navine AI Image:  53%|#####2    | 422/800 [06:20<01:46,  3.56it/s, loss=0.0015]
Fine-tuning Navine AI Image:  53%|#####2    | 423/800 [06:21<01:45,  3.59it/s, loss=0.0015]
Fine-tuning Navine AI Image:  53%|#####2    | 423/800 [06:21<01:45,  3.59it/s, loss=0.0071]
Fine-tuning Navine AI Image:  53%|#####3    | 424/800 [06:21<01:42,  3.69it/s, loss=0.0071]
Fine-tuning Navine AI Image:  53%|#####3    | 424/800 [06:21<01:42,  3.69it/s, loss=0.0048]
Fine-tuning Navine AI Image:  53%|#####3    | 425/800 [06:21<01:40,  3.73it/s, loss=0.0048]
Fine-tuning Navine AI Image:  53%|#####3    | 425/800 [06:21<01:40,  3.73it/s, loss=0.0246]
Fine-tuning Navine AI Image:  53%|#####3    | 426/800 [06:21<01:38,  3.81it/s, loss=0.0246]
Fine-tuning Navine AI Image:  53%|#####3    | 426/800 [06:21<01:38,  3.81it/s, loss=0.0104]
Fine-tuning Navine AI Image:  53%|#####3    | 427/800 [06:22<01:41,  3.67it/s, loss=0.0104]
Fine-tuning Navine AI Image:  53%|#####3    | 427/800 [06:22<01:41,  3.67it/s, loss=0.0135]
Fine-tuning Navine AI Image:  54%|#####3    | 428/800 [06:22<01:38,  3.78it/s, loss=0.0135]
Fine-tuning Navine AI Image:  54%|#####3    | 428/800 [06:22<01:38,  3.78it/s, loss=0.0033]
Fine-tuning Navine AI Image:  54%|#####3    | 429/800 [06:22<01:35,  3.87it/s, loss=0.0033]
Fine-tuning Navine AI Image:  54%|#####3    | 429/800 [06:22<01:35,  3.87it/s, loss=0.0054]
Fine-tuning Navine AI Image:  54%|#####3    | 430/800 [06:23<01:34,  3.92it/s, loss=0.0054]
Fine-tuning Navine AI Image:  54%|#####3    | 430/800 [06:23<01:34,  3.92it/s, loss=0.0058]
Fine-tuning Navine AI Image:  54%|#####3    | 431/800 [06:23<01:34,  3.91it/s, loss=0.0058]
Fine-tuning Navine AI Image:  54%|#####3    | 431/800 [06:23<01:34,  3.91it/s, loss=0.0105]
Fine-tuning Navine AI Image:  54%|#####4    | 432/800 [06:23<01:34,  3.87it/s, loss=0.0105]
Fine-tuning Navine AI Image:  54%|#####4    | 432/800 [06:23<01:34,  3.87it/s, loss=0.0083]
Fine-tuning Navine AI Image:  54%|#####4    | 433/800 [06:24<02:18,  2.66it/s, loss=0.0083]
Fine-tuning Navine AI Image:  54%|#####4    | 433/800 [06:24<02:18,  2.66it/s, loss=0.0090]
Fine-tuning Navine AI Image:  54%|#####4    | 434/800 [06:24<02:08,  2.85it/s, loss=0.0090]
Fine-tuning Navine AI Image:  54%|#####4    | 434/800 [06:24<02:08,  2.85it/s, loss=0.0031]
Fine-tuning Navine AI Image:  54%|#####4    | 435/800 [06:24<01:56,  3.13it/s, loss=0.0031]
Fine-tuning Navine AI Image:  54%|#####4    | 435/800 [06:24<01:56,  3.13it/s, loss=0.0087]
Fine-tuning Navine AI Image:  55%|#####4    | 436/800 [06:24<01:50,  3.31it/s, loss=0.0087]
Fine-tuning Navine AI Image:  55%|#####4    | 436/800 [06:25<01:50,  3.31it/s, loss=0.0167]
Fine-tuning Navine AI Image:  55%|#####4    | 437/800 [06:25<01:44,  3.48it/s, loss=0.0167]
Fine-tuning Navine AI Image:  55%|#####4    | 437/800 [06:25<01:44,  3.48it/s, loss=0.0033]
Fine-tuning Navine AI Image:  55%|#####4    | 438/800 [06:25<01:42,  3.54it/s, loss=0.0033]
Fine-tuning Navine AI Image:  55%|#####4    | 438/800 [06:25<01:42,  3.54it/s, loss=0.0143]
Fine-tuning Navine AI Image:  55%|#####4    | 439/800 [06:25<01:38,  3.66it/s, loss=0.0143]
Fine-tuning Navine AI Image:  55%|#####4    | 439/800 [06:25<01:38,  3.66it/s, loss=0.0110]
Fine-tuning Navine AI Image:  55%|#####5    | 440/800 [06:26<01:37,  3.68it/s, loss=0.0110]
Fine-tuning Navine AI Image:  55%|#####5    | 440/800 [06:26<01:37,  3.68it/s, loss=0.0073]
Fine-tuning Navine AI Image:  55%|#####5    | 441/800 [06:26<01:36,  3.72it/s, loss=0.0073]
Fine-tuning Navine AI Image:  55%|#####5    | 441/800 [06:26<01:36,  3.72it/s, loss=0.0187]
Fine-tuning Navine AI Image:  55%|#####5    | 442/800 [06:26<01:34,  3.78it/s, loss=0.0187]
Fine-tuning Navine AI Image:  55%|#####5    | 442/800 [06:26<01:34,  3.78it/s, loss=0.0055]
Fine-tuning Navine AI Image:  55%|#####5    | 443/800 [06:26<01:33,  3.81it/s, loss=0.0055]
Fine-tuning Navine AI Image:  55%|#####5    | 443/800 [06:26<01:33,  3.81it/s, loss=0.0163]
Fine-tuning Navine AI Image:  56%|#####5    | 444/800 [06:27<01:31,  3.87it/s, loss=0.0163]
Fine-tuning Navine AI Image:  56%|#####5    | 444/800 [06:27<01:31,  3.87it/s, loss=0.0012]
Fine-tuning Navine AI Image:  56%|#####5    | 445/800 [06:27<01:44,  3.40it/s, loss=0.0012]
Fine-tuning Navine AI Image:  56%|#####5    | 445/800 [06:27<01:44,  3.40it/s, loss=0.0210]
Fine-tuning Navine AI Image:  56%|#####5    | 446/800 [06:27<01:52,  3.15it/s, loss=0.0210]
Fine-tuning Navine AI Image:  56%|#####5    | 446/800 [06:27<01:52,  3.15it/s, loss=0.0051]
Fine-tuning Navine AI Image:  56%|#####5    | 447/800 [06:28<02:00,  2.94it/s, loss=0.0051]
Fine-tuning Navine AI Image:  56%|#####5    | 447/800 [06:28<02:00,  2.94it/s, loss=0.0122]
Fine-tuning Navine AI Image:  56%|#####6    | 448/800 [06:28<01:51,  3.16it/s, loss=0.0122]
Fine-tuning Navine AI Image:  56%|#####6    | 448/800 [06:28<01:51,  3.16it/s, loss=0.0134]
Fine-tuning Navine AI Image:  56%|#####6    | 449/800 [06:28<01:47,  3.25it/s, loss=0.0134]
Fine-tuning Navine AI Image:  56%|#####6    | 449/800 [06:28<01:47,  3.25it/s, loss=0.0058]
Fine-tuning Navine AI Image:  56%|#####6    | 450/800 [06:29<01:43,  3.38it/s, loss=0.0058]
Fine-tuning Navine AI Image:  56%|#####6    | 450/800 [06:29<01:43,  3.38it/s, loss=0.0053]
Fine-tuning Navine AI Image:  56%|#####6    | 451/800 [06:29<01:40,  3.49it/s, loss=0.0053]
Fine-tuning Navine AI Image:  56%|#####6    | 451/800 [06:29<01:40,  3.49it/s, loss=0.0039]
Fine-tuning Navine AI Image:  56%|#####6    | 452/800 [06:29<01:40,  3.45it/s, loss=0.0039]
Fine-tuning Navine AI Image:  56%|#####6    | 452/800 [06:29<01:40,  3.45it/s, loss=0.0061]
Fine-tuning Navine AI Image:  57%|#####6    | 453/800 [06:29<01:40,  3.45it/s, loss=0.0061]
Fine-tuning Navine AI Image:  57%|#####6    | 453/800 [06:29<01:40,  3.45it/s, loss=0.0287]
Fine-tuning Navine AI Image:  57%|#####6    | 454/800 [06:30<01:37,  3.56it/s, loss=0.0287]
Fine-tuning Navine AI Image:  57%|#####6    | 454/800 [06:30<01:37,  3.56it/s, loss=0.0015]
Fine-tuning Navine AI Image:  57%|#####6    | 455/800 [06:30<01:35,  3.61it/s, loss=0.0015]
Fine-tuning Navine AI Image:  57%|#####6    | 455/800 [06:30<01:35,  3.61it/s, loss=0.0031]
Fine-tuning Navine AI Image:  57%|#####6    | 456/800 [06:30<01:36,  3.56it/s, loss=0.0031]
Fine-tuning Navine AI Image:  57%|#####6    | 456/800 [06:30<01:36,  3.56it/s, loss=0.0128]
Fine-tuning Navine AI Image:  57%|#####7    | 457/800 [06:30<01:36,  3.56it/s, loss=0.0128]
Fine-tuning Navine AI Image:  57%|#####7    | 457/800 [06:30<01:36,  3.56it/s, loss=0.0054]
Fine-tuning Navine AI Image:  57%|#####7    | 458/800 [06:31<01:35,  3.58it/s, loss=0.0054]
Fine-tuning Navine AI Image:  57%|#####7    | 458/800 [06:31<01:35,  3.58it/s, loss=0.0094]
Fine-tuning Navine AI Image:  57%|#####7    | 459/800 [06:31<01:41,  3.35it/s, loss=0.0094]
Fine-tuning Navine AI Image:  57%|#####7    | 459/800 [06:31<01:41,  3.35it/s, loss=0.0010]
Fine-tuning Navine AI Image:  57%|#####7    | 460/800 [06:31<01:45,  3.23it/s, loss=0.0010]
Fine-tuning Navine AI Image:  57%|#####7    | 460/800 [06:31<01:45,  3.23it/s, loss=0.0110]
Fine-tuning Navine AI Image:  58%|#####7    | 461/800 [06:32<01:40,  3.38it/s, loss=0.0110]
Fine-tuning Navine AI Image:  58%|#####7    | 461/800 [06:32<01:40,  3.38it/s, loss=0.0057]
Fine-tuning Navine AI Image:  58%|#####7    | 462/800 [06:32<01:37,  3.48it/s, loss=0.0057]
Fine-tuning Navine AI Image:  58%|#####7    | 462/800 [06:32<01:37,  3.48it/s, loss=0.0010]
Fine-tuning Navine AI Image:  58%|#####7    | 463/800 [06:32<01:39,  3.39it/s, loss=0.0010]
Fine-tuning Navine AI Image:  58%|#####7    | 463/800 [06:32<01:39,  3.39it/s, loss=0.0051]
Fine-tuning Navine AI Image:  58%|#####8    | 464/800 [06:33<01:37,  3.44it/s, loss=0.0051]
Fine-tuning Navine AI Image:  58%|#####8    | 464/800 [06:33<01:37,  3.44it/s, loss=0.0027]
Fine-tuning Navine AI Image:  58%|#####8    | 465/800 [06:33<01:35,  3.49it/s, loss=0.0027]
Fine-tuning Navine AI Image:  58%|#####8    | 465/800 [06:33<01:35,  3.49it/s, loss=0.0031]
Fine-tuning Navine AI Image:  58%|#####8    | 466/800 [06:33<01:56,  2.86it/s, loss=0.0031]
Fine-tuning Navine AI Image:  58%|#####8    | 466/800 [06:33<01:56,  2.86it/s, loss=0.0218]
Fine-tuning Navine AI Image:  58%|#####8    | 467/800 [06:34<02:25,  2.28it/s, loss=0.0218]
Fine-tuning Navine AI Image:  58%|#####8    | 467/800 [06:34<02:25,  2.28it/s, loss=0.0006]
Fine-tuning Navine AI Image:  58%|#####8    | 468/800 [06:35<02:42,  2.04it/s, loss=0.0006]
Fine-tuning Navine AI Image:  58%|#####8    | 468/800 [06:35<02:42,  2.04it/s, loss=0.0033]
Fine-tuning Navine AI Image:  59%|#####8    | 469/800 [06:35<03:02,  1.82it/s, loss=0.0033]
Fine-tuning Navine AI Image:  59%|#####8    | 469/800 [06:35<03:02,  1.82it/s, loss=0.0149]
Fine-tuning Navine AI Image:  59%|#####8    | 470/800 [06:36<03:10,  1.73it/s, loss=0.0149]
Fine-tuning Navine AI Image:  59%|#####8    | 470/800 [06:36<03:10,  1.73it/s, loss=0.0057]
Fine-tuning Navine AI Image:  59%|#####8    | 471/800 [06:37<03:13,  1.70it/s, loss=0.0057]
Fine-tuning Navine AI Image:  59%|#####8    | 471/800 [06:37<03:13,  1.70it/s, loss=0.0323]
Fine-tuning Navine AI Image:  59%|#####8    | 472/800 [06:37<03:18,  1.66it/s, loss=0.0323]
Fine-tuning Navine AI Image:  59%|#####8    | 472/800 [06:37<03:18,  1.66it/s, loss=0.0041]
Fine-tuning Navine AI Image:  59%|#####9    | 473/800 [06:38<03:22,  1.61it/s, loss=0.0041]
Fine-tuning Navine AI Image:  59%|#####9    | 473/800 [06:38<03:22,  1.61it/s, loss=0.0040]
Fine-tuning Navine AI Image:  59%|#####9    | 474/800 [06:38<03:21,  1.62it/s, loss=0.0040]
Fine-tuning Navine AI Image:  59%|#####9    | 474/800 [06:38<03:21,  1.62it/s, loss=0.0069]
Fine-tuning Navine AI Image:  59%|#####9    | 475/800 [06:39<03:22,  1.61it/s, loss=0.0069]
Fine-tuning Navine AI Image:  59%|#####9    | 475/800 [06:39<03:22,  1.61it/s, loss=0.0073]
Fine-tuning Navine AI Image:  60%|#####9    | 476/800 [06:40<03:21,  1.61it/s, loss=0.0073]
Fine-tuning Navine AI Image:  60%|#####9    | 476/800 [06:40<03:21,  1.61it/s, loss=0.0137]
Fine-tuning Navine AI Image:  60%|#####9    | 477/800 [06:40<03:19,  1.62it/s, loss=0.0137]
Fine-tuning Navine AI Image:  60%|#####9    | 477/800 [06:40<03:19,  1.62it/s, loss=0.0046]
Fine-tuning Navine AI Image:  60%|#####9    | 478/800 [06:41<03:19,  1.61it/s, loss=0.0046]
Fine-tuning Navine AI Image:  60%|#####9    | 478/800 [06:41<03:19,  1.61it/s, loss=0.0033]
Fine-tuning Navine AI Image:  60%|#####9    | 479/800 [06:42<03:20,  1.60it/s, loss=0.0033]
Fine-tuning Navine AI Image:  60%|#####9    | 479/800 [06:42<03:20,  1.60it/s, loss=0.0013]
Fine-tuning Navine AI Image:  60%|######    | 480/800 [06:42<03:17,  1.62it/s, loss=0.0013]
Fine-tuning Navine AI Image:  60%|######    | 480/800 [06:42<03:17,  1.62it/s, loss=0.0033]
Fine-tuning Navine AI Image:  60%|######    | 481/800 [06:43<03:15,  1.63it/s, loss=0.0033]
Fine-tuning Navine AI Image:  60%|######    | 481/800 [06:43<03:15,  1.63it/s, loss=0.0050]
Fine-tuning Navine AI Image:  60%|######    | 482/800 [06:43<03:10,  1.67it/s, loss=0.0050]
Fine-tuning Navine AI Image:  60%|######    | 482/800 [06:43<03:10,  1.67it/s, loss=0.0042]
Fine-tuning Navine AI Image:  60%|######    | 483/800 [06:44<02:39,  1.99it/s, loss=0.0042]
Fine-tuning Navine AI Image:  60%|######    | 483/800 [06:44<02:39,  1.99it/s, loss=0.0021]
Fine-tuning Navine AI Image:  60%|######    | 484/800 [06:44<02:16,  2.32it/s, loss=0.0021]
Fine-tuning Navine AI Image:  60%|######    | 484/800 [06:44<02:16,  2.32it/s, loss=0.0007]
Fine-tuning Navine AI Image:  61%|######    | 485/800 [06:44<01:58,  2.67it/s, loss=0.0007]
Fine-tuning Navine AI Image:  61%|######    | 485/800 [06:44<01:58,  2.67it/s, loss=0.0089]
Fine-tuning Navine AI Image:  61%|######    | 486/800 [06:44<01:48,  2.90it/s, loss=0.0089]
Fine-tuning Navine AI Image:  61%|######    | 486/800 [06:44<01:48,  2.90it/s, loss=0.0174]
Fine-tuning Navine AI Image:  61%|######    | 487/800 [06:45<01:39,  3.13it/s, loss=0.0174]
Fine-tuning Navine AI Image:  61%|######    | 487/800 [06:45<01:39,  3.13it/s, loss=0.0079]
Fine-tuning Navine AI Image:  61%|######1   | 488/800 [06:45<01:34,  3.31it/s, loss=0.0079]
Fine-tuning Navine AI Image:  61%|######1   | 488/800 [06:45<01:34,  3.31it/s, loss=0.0033]
Fine-tuning Navine AI Image:  61%|######1   | 489/800 [06:45<01:29,  3.49it/s, loss=0.0033]
Fine-tuning Navine AI Image:  61%|######1   | 489/800 [06:45<01:29,  3.49it/s, loss=0.0075]
Fine-tuning Navine AI Image:  61%|######1   | 490/800 [06:45<01:27,  3.53it/s, loss=0.0075]
Fine-tuning Navine AI Image:  61%|######1   | 490/800 [06:45<01:27,  3.53it/s, loss=0.0040]
Fine-tuning Navine AI Image:  61%|######1   | 491/800 [06:46<01:25,  3.60it/s, loss=0.0040]
Fine-tuning Navine AI Image:  61%|######1   | 491/800 [06:46<01:25,  3.60it/s, loss=0.0071]
Fine-tuning Navine AI Image:  62%|######1   | 492/800 [06:46<01:24,  3.65it/s, loss=0.0071]
Fine-tuning Navine AI Image:  62%|######1   | 492/800 [06:46<01:24,  3.65it/s, loss=0.0087]
Fine-tuning Navine AI Image:  62%|######1   | 493/800 [06:46<01:21,  3.77it/s, loss=0.0087]
Fine-tuning Navine AI Image:  62%|######1   | 493/800 [06:46<01:21,  3.77it/s, loss=0.0077]
Fine-tuning Navine AI Image:  62%|######1   | 494/800 [06:46<01:20,  3.79it/s, loss=0.0077]
Fine-tuning Navine AI Image:  62%|######1   | 494/800 [06:46<01:20,  3.79it/s, loss=0.0043]
Fine-tuning Navine AI Image:  62%|######1   | 495/800 [06:47<01:20,  3.79it/s, loss=0.0043]
Fine-tuning Navine AI Image:  62%|######1   | 495/800 [06:47<01:20,  3.79it/s, loss=0.0166]
Fine-tuning Navine AI Image:  62%|######2   | 496/800 [06:47<01:20,  3.79it/s, loss=0.0166]
Fine-tuning Navine AI Image:  62%|######2   | 496/800 [06:47<01:20,  3.79it/s, loss=0.0032]
Fine-tuning Navine AI Image:  62%|######2   | 497/800 [06:47<01:18,  3.87it/s, loss=0.0032]
Fine-tuning Navine AI Image:  62%|######2   | 497/800 [06:47<01:18,  3.87it/s, loss=0.0037]
Fine-tuning Navine AI Image:  62%|######2   | 498/800 [06:47<01:16,  3.93it/s, loss=0.0037]
Fine-tuning Navine AI Image:  62%|######2   | 498/800 [06:48<01:16,  3.93it/s, loss=0.0177]
Fine-tuning Navine AI Image:  62%|######2   | 499/800 [06:48<01:16,  3.93it/s, loss=0.0177]
Fine-tuning Navine AI Image:  62%|######2   | 499/800 [06:48<01:16,  3.93it/s, loss=0.0188]
Fine-tuning Navine AI Image:  62%|######2   | 500/800 [06:48<01:16,  3.91it/s, loss=0.0188]
Fine-tuning Navine AI Image:  62%|######2   | 500/800 [06:48<01:16,  3.91it/s, loss=0.0022]
Fine-tuning Navine AI Image:  63%|######2   | 501/800 [06:48<01:30,  3.31it/s, loss=0.0022]
Fine-tuning Navine AI Image:  63%|######2   | 501/800 [06:48<01:30,  3.31it/s, loss=0.0114]
Fine-tuning Navine AI Image:  63%|######2   | 502/800 [06:49<01:28,  3.38it/s, loss=0.0114]
Fine-tuning Navine AI Image:  63%|######2   | 502/800 [06:49<01:28,  3.38it/s, loss=0.0042]
Fine-tuning Navine AI Image:  63%|######2   | 503/800 [06:49<01:25,  3.47it/s, loss=0.0042]
Fine-tuning Navine AI Image:  63%|######2   | 503/800 [06:49<01:25,  3.47it/s, loss=0.0024]
Fine-tuning Navine AI Image:  63%|######3   | 504/800 [06:49<01:21,  3.62it/s, loss=0.0024]
Fine-tuning Navine AI Image:  63%|######3   | 504/800 [06:49<01:21,  3.62it/s, loss=0.0101]
Fine-tuning Navine AI Image:  63%|######3   | 505/800 [06:50<01:55,  2.55it/s, loss=0.0101]
Fine-tuning Navine AI Image:  63%|######3   | 505/800 [06:50<01:55,  2.55it/s, loss=0.0203]
Fine-tuning Navine AI Image:  63%|######3   | 506/800 [06:50<01:50,  2.67it/s, loss=0.0203]
Fine-tuning Navine AI Image:  63%|######3   | 506/800 [06:50<01:50,  2.67it/s, loss=0.0022]
Fine-tuning Navine AI Image:  63%|######3   | 507/800 [06:50<01:41,  2.89it/s, loss=0.0022]
Fine-tuning Navine AI Image:  63%|######3   | 507/800 [06:50<01:41,  2.89it/s, loss=0.0047]
Fine-tuning Navine AI Image:  64%|######3   | 508/800 [06:51<01:31,  3.18it/s, loss=0.0047]
Fine-tuning Navine AI Image:  64%|######3   | 508/800 [06:51<01:31,  3.18it/s, loss=0.0013]
Fine-tuning Navine AI Image:  64%|######3   | 509/800 [06:51<01:26,  3.35it/s, loss=0.0013]
Fine-tuning Navine AI Image:  64%|######3   | 509/800 [06:51<01:26,  3.35it/s, loss=0.0140]
Fine-tuning Navine AI Image:  64%|######3   | 510/800 [06:51<01:22,  3.53it/s, loss=0.0140]
Fine-tuning Navine AI Image:  64%|######3   | 510/800 [06:51<01:22,  3.53it/s, loss=0.0081]
Fine-tuning Navine AI Image:  64%|######3   | 511/800 [06:52<01:20,  3.60it/s, loss=0.0081]
Fine-tuning Navine AI Image:  64%|######3   | 511/800 [06:52<01:20,  3.60it/s, loss=0.0194]
Fine-tuning Navine AI Image:  64%|######4   | 512/800 [06:52<01:16,  3.74it/s, loss=0.0194]
Fine-tuning Navine AI Image:  64%|######4   | 512/800 [06:52<01:16,  3.74it/s, loss=0.0058]
Fine-tuning Navine AI Image:  64%|######4   | 513/800 [06:52<01:14,  3.85it/s, loss=0.0058]
Fine-tuning Navine AI Image:  64%|######4   | 513/800 [06:52<01:14,  3.85it/s, loss=0.0072]
Fine-tuning Navine AI Image:  64%|######4   | 514/800 [06:52<01:13,  3.88it/s, loss=0.0072]
Fine-tuning Navine AI Image:  64%|######4   | 514/800 [06:52<01:13,  3.88it/s, loss=0.0020]
Fine-tuning Navine AI Image:  64%|######4   | 515/800 [06:53<01:13,  3.89it/s, loss=0.0020]
Fine-tuning Navine AI Image:  64%|######4   | 515/800 [06:53<01:13,  3.89it/s, loss=0.0057]
Fine-tuning Navine AI Image:  64%|######4   | 516/800 [06:53<01:11,  3.96it/s, loss=0.0057]
Fine-tuning Navine AI Image:  64%|######4   | 516/800 [06:53<01:11,  3.96it/s, loss=0.0039]
Fine-tuning Navine AI Image:  65%|######4   | 517/800 [06:53<01:16,  3.70it/s, loss=0.0039]
Fine-tuning Navine AI Image:  65%|######4   | 517/800 [06:53<01:16,  3.70it/s, loss=0.0067]
Fine-tuning Navine AI Image:  65%|######4   | 518/800 [06:53<01:13,  3.82it/s, loss=0.0067]
Fine-tuning Navine AI Image:  65%|######4   | 518/800 [06:53<01:13,  3.82it/s, loss=0.0111]
Fine-tuning Navine AI Image:  65%|######4   | 519/800 [06:54<01:13,  3.82it/s, loss=0.0111]
Fine-tuning Navine AI Image:  65%|######4   | 519/800 [06:54<01:13,  3.82it/s, loss=0.0266]
Fine-tuning Navine AI Image:  65%|######5   | 520/800 [06:54<01:13,  3.83it/s, loss=0.0266]
Fine-tuning Navine AI Image:  65%|######5   | 520/800 [06:54<01:13,  3.83it/s, loss=0.0043]
Fine-tuning Navine AI Image:  65%|######5   | 521/800 [06:54<01:12,  3.86it/s, loss=0.0043]
Fine-tuning Navine AI Image:  65%|######5   | 521/800 [06:54<01:12,  3.86it/s, loss=0.0077]
Fine-tuning Navine AI Image:  65%|######5   | 522/800 [06:54<01:15,  3.67it/s, loss=0.0077]
Fine-tuning Navine AI Image:  65%|######5   | 522/800 [06:54<01:15,  3.67it/s, loss=0.0029]
Fine-tuning Navine AI Image:  65%|######5   | 523/800 [06:55<01:12,  3.81it/s, loss=0.0029]
Fine-tuning Navine AI Image:  65%|######5   | 523/800 [06:55<01:12,  3.81it/s, loss=0.0044]
Fine-tuning Navine AI Image:  66%|######5   | 524/800 [06:55<01:10,  3.89it/s, loss=0.0044]
Fine-tuning Navine AI Image:  66%|######5   | 524/800 [06:55<01:10,  3.89it/s, loss=0.0126]
Fine-tuning Navine AI Image:  66%|######5   | 525/800 [06:55<01:09,  3.94it/s, loss=0.0126]
Fine-tuning Navine AI Image:  66%|######5   | 525/800 [06:55<01:09,  3.94it/s, loss=0.0305]
Fine-tuning Navine AI Image:  66%|######5   | 526/800 [06:55<01:09,  3.92it/s, loss=0.0305]
Fine-tuning Navine AI Image:  66%|######5   | 526/800 [06:55<01:09,  3.92it/s, loss=0.0107]
Fine-tuning Navine AI Image:  66%|######5   | 527/800 [06:56<01:09,  3.94it/s, loss=0.0107]
Fine-tuning Navine AI Image:  66%|######5   | 527/800 [06:56<01:09,  3.94it/s, loss=0.0086]
Fine-tuning Navine AI Image:  66%|######6   | 528/800 [06:56<01:09,  3.93it/s, loss=0.0086]
Fine-tuning Navine AI Image:  66%|######6   | 528/800 [06:56<01:09,  3.93it/s, loss=0.0154]
Fine-tuning Navine AI Image:  66%|######6   | 529/800 [06:56<01:09,  3.87it/s, loss=0.0154]
Fine-tuning Navine AI Image:  66%|######6   | 529/800 [06:56<01:09,  3.87it/s, loss=0.0065]
Fine-tuning Navine AI Image:  66%|######6   | 530/800 [06:56<01:11,  3.80it/s, loss=0.0065]
Fine-tuning Navine AI Image:  66%|######6   | 530/800 [06:56<01:11,  3.80it/s, loss=0.0165]
Fine-tuning Navine AI Image:  66%|######6   | 531/800 [06:57<01:10,  3.80it/s, loss=0.0165]
Fine-tuning Navine AI Image:  66%|######6   | 531/800 [06:57<01:10,  3.80it/s, loss=0.0043]
Fine-tuning Navine AI Image:  66%|######6   | 532/800 [06:57<01:08,  3.92it/s, loss=0.0043]
Fine-tuning Navine AI Image:  66%|######6   | 532/800 [06:57<01:08,  3.92it/s, loss=0.0032]
Fine-tuning Navine AI Image:  67%|######6   | 533/800 [06:57<01:07,  3.97it/s, loss=0.0032]
Fine-tuning Navine AI Image:  67%|######6   | 533/800 [06:57<01:07,  3.97it/s, loss=0.0115]
Fine-tuning Navine AI Image:  67%|######6   | 534/800 [06:57<01:05,  4.03it/s, loss=0.0115]
Fine-tuning Navine AI Image:  67%|######6   | 534/800 [06:57<01:05,  4.03it/s, loss=0.0087]
Fine-tuning Navine AI Image:  67%|######6   | 535/800 [06:58<01:05,  4.07it/s, loss=0.0087]
Fine-tuning Navine AI Image:  67%|######6   | 535/800 [06:58<01:05,  4.07it/s, loss=0.0026]
Fine-tuning Navine AI Image:  67%|######7   | 536/800 [06:58<01:06,  3.95it/s, loss=0.0026]
Fine-tuning Navine AI Image:  67%|######7   | 536/800 [06:58<01:06,  3.95it/s, loss=0.0028]
Fine-tuning Navine AI Image:  67%|######7   | 537/800 [06:58<01:07,  3.91it/s, loss=0.0028]
Fine-tuning Navine AI Image:  67%|######7   | 537/800 [06:58<01:07,  3.91it/s, loss=0.0121]
Fine-tuning Navine AI Image:  67%|######7   | 538/800 [06:58<01:06,  3.95it/s, loss=0.0121]
Fine-tuning Navine AI Image:  67%|######7   | 538/800 [06:58<01:06,  3.95it/s, loss=0.0013]
Fine-tuning Navine AI Image:  67%|######7   | 539/800 [06:59<01:32,  2.83it/s, loss=0.0013]
Fine-tuning Navine AI Image:  67%|######7   | 539/800 [06:59<01:32,  2.83it/s, loss=0.0070]
Fine-tuning Navine AI Image:  68%|######7   | 540/800 [06:59<01:23,  3.10it/s, loss=0.0070]
Fine-tuning Navine AI Image:  68%|######7   | 540/800 [06:59<01:23,  3.10it/s, loss=0.0157]
Fine-tuning Navine AI Image:  68%|######7   | 541/800 [06:59<01:17,  3.34it/s, loss=0.0157]
Fine-tuning Navine AI Image:  68%|######7   | 541/800 [07:00<01:17,  3.34it/s, loss=0.0059]
Fine-tuning Navine AI Image:  68%|######7   | 542/800 [07:00<01:12,  3.54it/s, loss=0.0059]
Fine-tuning Navine AI Image:  68%|######7   | 542/800 [07:00<01:12,  3.54it/s, loss=0.0072]
Fine-tuning Navine AI Image:  68%|######7   | 543/800 [07:00<01:10,  3.64it/s, loss=0.0072]
Fine-tuning Navine AI Image:  68%|######7   | 543/800 [07:00<01:10,  3.64it/s, loss=0.0060]
Fine-tuning Navine AI Image:  68%|######8   | 544/800 [07:00<01:08,  3.75it/s, loss=0.0060]
Fine-tuning Navine AI Image:  68%|######8   | 544/800 [07:00<01:08,  3.75it/s, loss=0.0040]
Fine-tuning Navine AI Image:  68%|######8   | 545/800 [07:00<01:06,  3.81it/s, loss=0.0040]
Fine-tuning Navine AI Image:  68%|######8   | 545/800 [07:01<01:06,  3.81it/s, loss=0.0429]
Fine-tuning Navine AI Image:  68%|######8   | 546/800 [07:01<01:05,  3.89it/s, loss=0.0429]
Fine-tuning Navine AI Image:  68%|######8   | 546/800 [07:01<01:05,  3.89it/s, loss=0.0041]
Fine-tuning Navine AI Image:  68%|######8   | 547/800 [07:01<01:04,  3.94it/s, loss=0.0041]
Fine-tuning Navine AI Image:  68%|######8   | 547/800 [07:01<01:04,  3.94it/s, loss=0.0029]
Fine-tuning Navine AI Image:  68%|######8   | 548/800 [07:01<01:04,  3.91it/s, loss=0.0029]
Fine-tuning Navine AI Image:  68%|######8   | 548/800 [07:01<01:04,  3.91it/s, loss=0.0025]
Fine-tuning Navine AI Image:  69%|######8   | 549/800 [07:02<01:03,  3.92it/s, loss=0.0025]
Fine-tuning Navine AI Image:  69%|######8   | 549/800 [07:02<01:03,  3.92it/s, loss=0.0017]
Fine-tuning Navine AI Image:  69%|######8   | 550/800 [07:02<01:04,  3.87it/s, loss=0.0017]
Fine-tuning Navine AI Image:  69%|######8   | 550/800 [07:02<01:04,  3.87it/s, loss=0.0019]
Fine-tuning Navine AI Image:  69%|######8   | 551/800 [07:02<01:03,  3.95it/s, loss=0.0019]
Fine-tuning Navine AI Image:  69%|######8   | 551/800 [07:02<01:03,  3.95it/s, loss=0.0037]
Fine-tuning Navine AI Image:  69%|######9   | 552/800 [07:02<01:03,  3.88it/s, loss=0.0037]
Fine-tuning Navine AI Image:  69%|######9   | 552/800 [07:02<01:03,  3.88it/s, loss=0.0028]
Fine-tuning Navine AI Image:  69%|######9   | 553/800 [07:03<01:03,  3.91it/s, loss=0.0028]
Fine-tuning Navine AI Image:  69%|######9   | 553/800 [07:03<01:03,  3.91it/s, loss=0.0102]
Fine-tuning Navine AI Image:  69%|######9   | 554/800 [07:03<01:03,  3.87it/s, loss=0.0102]
Fine-tuning Navine AI Image:  69%|######9   | 554/800 [07:03<01:03,  3.87it/s, loss=0.0125]
Fine-tuning Navine AI Image:  69%|######9   | 555/800 [07:03<01:02,  3.93it/s, loss=0.0125]
Fine-tuning Navine AI Image:  69%|######9   | 555/800 [07:03<01:02,  3.93it/s, loss=0.0032]
Fine-tuning Navine AI Image:  70%|######9   | 556/800 [07:03<01:01,  3.99it/s, loss=0.0032]
Fine-tuning Navine AI Image:  70%|######9   | 556/800 [07:03<01:01,  3.99it/s, loss=0.0041]
Fine-tuning Navine AI Image:  70%|######9   | 557/800 [07:04<01:00,  4.02it/s, loss=0.0041]
Fine-tuning Navine AI Image:  70%|######9   | 557/800 [07:04<01:00,  4.02it/s, loss=0.0036]
Fine-tuning Navine AI Image:  70%|######9   | 558/800 [07:04<00:59,  4.05it/s, loss=0.0036]
Fine-tuning Navine AI Image:  70%|######9   | 558/800 [07:04<00:59,  4.05it/s, loss=0.0086]
Fine-tuning Navine AI Image:  70%|######9   | 559/800 [07:04<01:00,  3.96it/s, loss=0.0086]
Fine-tuning Navine AI Image:  70%|######9   | 559/800 [07:04<01:00,  3.96it/s, loss=0.0084]
Fine-tuning Navine AI Image:  70%|#######   | 560/800 [07:04<00:59,  4.02it/s, loss=0.0084]
Fine-tuning Navine AI Image:  70%|#######   | 560/800 [07:04<00:59,  4.02it/s, loss=0.0257]
Fine-tuning Navine AI Image:  70%|#######   | 561/800 [07:05<00:59,  4.03it/s, loss=0.0257]
Fine-tuning Navine AI Image:  70%|#######   | 561/800 [07:05<00:59,  4.03it/s, loss=0.0024]
Fine-tuning Navine AI Image:  70%|#######   | 562/800 [07:05<00:59,  3.97it/s, loss=0.0024]
Fine-tuning Navine AI Image:  70%|#######   | 562/800 [07:05<00:59,  3.97it/s, loss=0.0106]
Fine-tuning Navine AI Image:  70%|#######   | 563/800 [07:05<00:59,  4.01it/s, loss=0.0106]
Fine-tuning Navine AI Image:  70%|#######   | 563/800 [07:05<00:59,  4.01it/s, loss=0.0036]
Fine-tuning Navine AI Image:  70%|#######   | 564/800 [07:05<00:58,  4.06it/s, loss=0.0036]
Fine-tuning Navine AI Image:  70%|#######   | 564/800 [07:05<00:58,  4.06it/s, loss=0.0028]
Fine-tuning Navine AI Image:  71%|#######   | 565/800 [07:06<00:57,  4.06it/s, loss=0.0028]
Fine-tuning Navine AI Image:  71%|#######   | 565/800 [07:06<00:57,  4.06it/s, loss=0.0125]
Fine-tuning Navine AI Image:  71%|#######   | 566/800 [07:06<00:58,  3.99it/s, loss=0.0125]
Fine-tuning Navine AI Image:  71%|#######   | 566/800 [07:06<00:58,  3.99it/s, loss=0.0054]
Fine-tuning Navine AI Image:  71%|#######   | 567/800 [07:06<01:01,  3.80it/s, loss=0.0054]
Fine-tuning Navine AI Image:  71%|#######   | 567/800 [07:06<01:01,  3.80it/s, loss=0.0092]
Fine-tuning Navine AI Image:  71%|#######1  | 568/800 [07:06<01:00,  3.84it/s, loss=0.0092]
Fine-tuning Navine AI Image:  71%|#######1  | 568/800 [07:06<01:00,  3.84it/s, loss=0.0048]
Fine-tuning Navine AI Image:  71%|#######1  | 569/800 [07:07<00:58,  3.93it/s, loss=0.0048]
Fine-tuning Navine AI Image:  71%|#######1  | 569/800 [07:07<00:58,  3.93it/s, loss=0.0050]
Fine-tuning Navine AI Image:  71%|#######1  | 570/800 [07:07<00:59,  3.89it/s, loss=0.0050]
Fine-tuning Navine AI Image:  71%|#######1  | 570/800 [07:07<00:59,  3.89it/s, loss=0.0039]
Fine-tuning Navine AI Image:  71%|#######1  | 571/800 [07:07<00:58,  3.92it/s, loss=0.0039]
Fine-tuning Navine AI Image:  71%|#######1  | 571/800 [07:07<00:58,  3.92it/s, loss=0.0834]
Fine-tuning Navine AI Image:  72%|#######1  | 572/800 [07:07<00:57,  3.99it/s, loss=0.0834]
Fine-tuning Navine AI Image:  72%|#######1  | 572/800 [07:07<00:57,  3.99it/s, loss=0.0090]
Fine-tuning Navine AI Image:  72%|#######1  | 573/800 [07:08<00:56,  4.04it/s, loss=0.0090]
Fine-tuning Navine AI Image:  72%|#######1  | 573/800 [07:08<00:56,  4.04it/s, loss=0.0089]
Fine-tuning Navine AI Image:  72%|#######1  | 574/800 [07:08<00:55,  4.09it/s, loss=0.0089]
Fine-tuning Navine AI Image:  72%|#######1  | 574/800 [07:08<00:55,  4.09it/s, loss=0.0091]
Fine-tuning Navine AI Image:  72%|#######1  | 575/800 [07:08<00:54,  4.10it/s, loss=0.0091]
Fine-tuning Navine AI Image:  72%|#######1  | 575/800 [07:08<00:54,  4.10it/s, loss=0.0057]
Fine-tuning Navine AI Image:  72%|#######2  | 576/800 [07:08<00:55,  4.02it/s, loss=0.0057]
Fine-tuning Navine AI Image:  72%|#######2  | 576/800 [07:08<00:55,  4.02it/s, loss=0.0072]
Fine-tuning Navine AI Image:  72%|#######2  | 577/800 [07:09<00:55,  4.04it/s, loss=0.0072]
Fine-tuning Navine AI Image:  72%|#######2  | 577/800 [07:09<00:55,  4.04it/s, loss=0.0064]
Fine-tuning Navine AI Image:  72%|#######2  | 578/800 [07:09<00:55,  4.00it/s, loss=0.0064]
Fine-tuning Navine AI Image:  72%|#######2  | 578/800 [07:09<00:55,  4.00it/s, loss=0.0020]
Fine-tuning Navine AI Image:  72%|#######2  | 579/800 [07:09<00:54,  4.07it/s, loss=0.0020]
Fine-tuning Navine AI Image:  72%|#######2  | 579/800 [07:09<00:54,  4.07it/s, loss=0.0038]
Fine-tuning Navine AI Image:  72%|#######2  | 580/800 [07:09<00:53,  4.08it/s, loss=0.0038]
Fine-tuning Navine AI Image:  72%|#######2  | 580/800 [07:09<00:53,  4.08it/s, loss=0.0340]
Fine-tuning Navine AI Image:  73%|#######2  | 581/800 [07:10<00:54,  4.01it/s, loss=0.0340]
Fine-tuning Navine AI Image:  73%|#######2  | 581/800 [07:10<00:54,  4.01it/s, loss=0.0094]
Fine-tuning Navine AI Image:  73%|#######2  | 582/800 [07:10<00:53,  4.04it/s, loss=0.0094]
Fine-tuning Navine AI Image:  73%|#######2  | 582/800 [07:10<00:53,  4.04it/s, loss=0.0075]
Fine-tuning Navine AI Image:  73%|#######2  | 583/800 [07:10<00:54,  3.96it/s, loss=0.0075]
Fine-tuning Navine AI Image:  73%|#######2  | 583/800 [07:10<00:54,  3.96it/s, loss=0.0021]
Fine-tuning Navine AI Image:  73%|#######3  | 584/800 [07:10<00:54,  3.93it/s, loss=0.0021]
Fine-tuning Navine AI Image:  73%|#######3  | 584/800 [07:10<00:54,  3.93it/s, loss=0.0064]
Fine-tuning Navine AI Image:  73%|#######3  | 585/800 [07:11<00:54,  3.98it/s, loss=0.0064]
Fine-tuning Navine AI Image:  73%|#######3  | 585/800 [07:11<00:54,  3.98it/s, loss=0.0051]
Fine-tuning Navine AI Image:  73%|#######3  | 586/800 [07:11<00:55,  3.87it/s, loss=0.0051]
Fine-tuning Navine AI Image:  73%|#######3  | 586/800 [07:11<00:55,  3.87it/s, loss=0.0057]
Fine-tuning Navine AI Image:  73%|#######3  | 587/800 [07:11<00:57,  3.71it/s, loss=0.0057]
Fine-tuning Navine AI Image:  73%|#######3  | 587/800 [07:11<00:57,  3.71it/s, loss=0.0184]
Fine-tuning Navine AI Image:  74%|#######3  | 588/800 [07:11<00:55,  3.82it/s, loss=0.0184]
Fine-tuning Navine AI Image:  74%|#######3  | 588/800 [07:11<00:55,  3.82it/s, loss=0.0012]
Fine-tuning Navine AI Image:  74%|#######3  | 589/800 [07:12<00:53,  3.91it/s, loss=0.0012]
Fine-tuning Navine AI Image:  74%|#######3  | 589/800 [07:12<00:53,  3.91it/s, loss=0.0031]
Fine-tuning Navine AI Image:  74%|#######3  | 590/800 [07:12<00:54,  3.86it/s, loss=0.0031]
Fine-tuning Navine AI Image:  74%|#######3  | 590/800 [07:12<00:54,  3.86it/s, loss=0.0010]
Fine-tuning Navine AI Image:  74%|#######3  | 591/800 [07:12<00:53,  3.91it/s, loss=0.0010]
Fine-tuning Navine AI Image:  74%|#######3  | 591/800 [07:12<00:53,  3.91it/s, loss=0.0036]
Fine-tuning Navine AI Image:  74%|#######4  | 592/800 [07:12<00:53,  3.92it/s, loss=0.0036]
Fine-tuning Navine AI Image:  74%|#######4  | 592/800 [07:12<00:53,  3.92it/s, loss=0.0100]
Fine-tuning Navine AI Image:  74%|#######4  | 593/800 [07:13<00:53,  3.89it/s, loss=0.0100]
Fine-tuning Navine AI Image:  74%|#######4  | 593/800 [07:13<00:53,  3.89it/s, loss=0.0096]
Fine-tuning Navine AI Image:  74%|#######4  | 594/800 [07:13<00:51,  3.97it/s, loss=0.0096]
Fine-tuning Navine AI Image:  74%|#######4  | 594/800 [07:13<00:51,  3.97it/s, loss=0.0021]
Fine-tuning Navine AI Image:  74%|#######4  | 595/800 [07:13<00:50,  4.04it/s, loss=0.0021]
Fine-tuning Navine AI Image:  74%|#######4  | 595/800 [07:13<00:50,  4.04it/s, loss=0.0858]
Fine-tuning Navine AI Image:  74%|#######4  | 596/800 [07:13<00:51,  3.94it/s, loss=0.0858]
Fine-tuning Navine AI Image:  74%|#######4  | 596/800 [07:13<00:51,  3.94it/s, loss=0.0055]
Fine-tuning Navine AI Image:  75%|#######4  | 597/800 [07:14<00:52,  3.87it/s, loss=0.0055]
Fine-tuning Navine AI Image:  75%|#######4  | 597/800 [07:14<00:52,  3.87it/s, loss=0.0142]
Fine-tuning Navine AI Image:  75%|#######4  | 598/800 [07:14<01:02,  3.21it/s, loss=0.0142]
Fine-tuning Navine AI Image:  75%|#######4  | 598/800 [07:14<01:02,  3.21it/s, loss=0.0067]
Fine-tuning Navine AI Image:  75%|#######4  | 599/800 [07:14<00:58,  3.45it/s, loss=0.0067]
Fine-tuning Navine AI Image:  75%|#######4  | 599/800 [07:14<00:58,  3.45it/s, loss=0.0018]
Fine-tuning Navine AI Image:  75%|#######5  | 600/800 [07:15<00:56,  3.54it/s, loss=0.0018]
Fine-tuning Navine AI Image:  75%|#######5  | 600/800 [07:15<00:56,  3.54it/s, loss=0.0384]
Fine-tuning Navine AI Image:  75%|#######5  | 601/800 [08:27<1:12:31, 21.87s/it, loss=0.0384]
Fine-tuning Navine AI Image:  75%|#######5  | 601/800 [08:27<1:12:31, 21.87s/it, loss=0.0062]
Fine-tuning Navine AI Image:  75%|#######5  | 602/800 [08:27<50:57, 15.44s/it, loss=0.0062]  
Fine-tuning Navine AI Image:  75%|#######5  | 602/800 [08:27<50:57, 15.44s/it, loss=0.0044]
Fine-tuning Navine AI Image:  75%|#######5  | 603/800 [08:28<35:55, 10.94s/it, loss=0.0044]
Fine-tuning Navine AI Image:  75%|#######5  | 603/800 [08:28<35:55, 10.94s/it, loss=0.0026]
Fine-tuning Navine AI Image:  76%|#######5  | 604/800 [08:28<25:32,  7.82s/it, loss=0.0026]
Fine-tuning Navine AI Image:  76%|#######5  | 604/800 [08:28<25:32,  7.82s/it, loss=0.0013]
Fine-tuning Navine AI Image:  76%|#######5  | 605/800 [08:29<18:18,  5.63s/it, loss=0.0013]
Fine-tuning Navine AI Image:  76%|#######5  | 605/800 [08:29<18:18,  5.63s/it, loss=0.0058]
Fine-tuning Navine AI Image:  76%|#######5  | 606/800 [08:29<13:17,  4.11s/it, loss=0.0058]
Fine-tuning Navine AI Image:  76%|#######5  | 606/800 [08:29<13:17,  4.11s/it, loss=0.0011]
Fine-tuning Navine AI Image:  76%|#######5  | 607/800 [08:30<09:32,  2.96s/it, loss=0.0011]
Fine-tuning Navine AI Image:  76%|#######5  | 607/800 [08:30<09:32,  2.96s/it, loss=0.0043]
Fine-tuning Navine AI Image:  76%|#######6  | 608/800 [08:30<06:52,  2.15s/it, loss=0.0043]
Fine-tuning Navine AI Image:  76%|#######6  | 608/800 [08:30<06:52,  2.15s/it, loss=0.0117]
Fine-tuning Navine AI Image:  76%|#######6  | 609/800 [08:30<05:02,  1.58s/it, loss=0.0117]
Fine-tuning Navine AI Image:  76%|#######6  | 609/800 [08:30<05:02,  1.58s/it, loss=0.0062]
Fine-tuning Navine AI Image:  76%|#######6  | 610/800 [08:30<03:47,  1.20s/it, loss=0.0062]
Fine-tuning Navine AI Image:  76%|#######6  | 610/800 [08:30<03:47,  1.20s/it, loss=0.0007]
Fine-tuning Navine AI Image:  76%|#######6  | 611/800 [08:31<02:52,  1.10it/s, loss=0.0007]
Fine-tuning Navine AI Image:  76%|#######6  | 611/800 [08:31<02:52,  1.10it/s, loss=0.0010]
Fine-tuning Navine AI Image:  76%|#######6  | 612/800 [08:31<02:15,  1.39it/s, loss=0.0010]
Fine-tuning Navine AI Image:  76%|#######6  | 612/800 [08:31<02:15,  1.39it/s, loss=0.0399]
Fine-tuning Navine AI Image:  77%|#######6  | 613/800 [08:31<01:47,  1.74it/s, loss=0.0399]
Fine-tuning Navine AI Image:  77%|#######6  | 613/800 [08:31<01:47,  1.74it/s, loss=0.0123]
Fine-tuning Navine AI Image:  77%|#######6  | 614/800 [08:31<01:30,  2.04it/s, loss=0.0123]
Fine-tuning Navine AI Image:  77%|#######6  | 614/800 [08:31<01:30,  2.04it/s, loss=0.0017]
Fine-tuning Navine AI Image:  77%|#######6  | 615/800 [08:32<01:17,  2.40it/s, loss=0.0017]
Fine-tuning Navine AI Image:  77%|#######6  | 615/800 [08:32<01:17,  2.40it/s, loss=0.0461]
Fine-tuning Navine AI Image:  77%|#######7  | 616/800 [08:32<01:07,  2.71it/s, loss=0.0461]
Fine-tuning Navine AI Image:  77%|#######7  | 616/800 [08:32<01:07,  2.71it/s, loss=0.0156]
Fine-tuning Navine AI Image:  77%|#######7  | 617/800 [08:32<01:00,  3.04it/s, loss=0.0156]
Fine-tuning Navine AI Image:  77%|#######7  | 617/800 [08:32<01:00,  3.04it/s, loss=0.0105]
Fine-tuning Navine AI Image:  77%|#######7  | 618/800 [08:32<00:55,  3.26it/s, loss=0.0105]
Fine-tuning Navine AI Image:  77%|#######7  | 618/800 [08:32<00:55,  3.26it/s, loss=0.0138]
Fine-tuning Navine AI Image:  77%|#######7  | 619/800 [08:33<00:53,  3.36it/s, loss=0.0138]
Fine-tuning Navine AI Image:  77%|#######7  | 619/800 [08:33<00:53,  3.36it/s, loss=0.0250]
Fine-tuning Navine AI Image:  78%|#######7  | 620/800 [08:33<00:50,  3.56it/s, loss=0.0250]
Fine-tuning Navine AI Image:  78%|#######7  | 620/800 [08:33<00:50,  3.56it/s, loss=0.0305]
Fine-tuning Navine AI Image:  78%|#######7  | 621/800 [08:34<01:10,  2.54it/s, loss=0.0305]
Fine-tuning Navine AI Image:  78%|#######7  | 621/800 [08:34<01:10,  2.54it/s, loss=0.0049]
Fine-tuning Navine AI Image:  78%|#######7  | 622/800 [08:34<01:02,  2.85it/s, loss=0.0049]
Fine-tuning Navine AI Image:  78%|#######7  | 622/800 [08:34<01:02,  2.85it/s, loss=0.0026]
Fine-tuning Navine AI Image:  78%|#######7  | 623/800 [08:34<00:56,  3.16it/s, loss=0.0026]
Fine-tuning Navine AI Image:  78%|#######7  | 623/800 [08:34<00:56,  3.16it/s, loss=0.0080]
Fine-tuning Navine AI Image:  78%|#######8  | 624/800 [08:34<00:52,  3.37it/s, loss=0.0080]
Fine-tuning Navine AI Image:  78%|#######8  | 624/800 [08:34<00:52,  3.37it/s, loss=0.0052]
Fine-tuning Navine AI Image:  78%|#######8  | 625/800 [08:35<00:48,  3.58it/s, loss=0.0052]
Fine-tuning Navine AI Image:  78%|#######8  | 625/800 [08:35<00:48,  3.58it/s, loss=0.0132]
Fine-tuning Navine AI Image:  78%|#######8  | 626/800 [08:35<00:47,  3.66it/s, loss=0.0132]
Fine-tuning Navine AI Image:  78%|#######8  | 626/800 [08:35<00:47,  3.66it/s, loss=0.0016]
Fine-tuning Navine AI Image:  78%|#######8  | 627/800 [08:35<00:47,  3.62it/s, loss=0.0016]
Fine-tuning Navine AI Image:  78%|#######8  | 627/800 [08:35<00:47,  3.62it/s, loss=0.0064]
Fine-tuning Navine AI Image:  78%|#######8  | 628/800 [08:35<00:46,  3.69it/s, loss=0.0064]
Fine-tuning Navine AI Image:  78%|#######8  | 628/800 [08:35<00:46,  3.69it/s, loss=0.0014]
Fine-tuning Navine AI Image:  79%|#######8  | 629/800 [08:36<01:07,  2.54it/s, loss=0.0014]
Fine-tuning Navine AI Image:  79%|#######8  | 629/800 [08:36<01:07,  2.54it/s, loss=0.0012]
Fine-tuning Navine AI Image:  79%|#######8  | 630/800 [08:37<01:16,  2.21it/s, loss=0.0012]
Fine-tuning Navine AI Image:  79%|#######8  | 630/800 [08:37<01:16,  2.21it/s, loss=0.0346]
Fine-tuning Navine AI Image:  79%|#######8  | 631/800 [08:37<01:28,  1.92it/s, loss=0.0346]
Fine-tuning Navine AI Image:  79%|#######8  | 631/800 [08:37<01:28,  1.92it/s, loss=0.0019]
Fine-tuning Navine AI Image:  79%|#######9  | 632/800 [08:38<01:24,  2.00it/s, loss=0.0019]
Fine-tuning Navine AI Image:  79%|#######9  | 632/800 [08:38<01:24,  2.00it/s, loss=0.0152]
Fine-tuning Navine AI Image:  79%|#######9  | 633/800 [08:38<01:22,  2.02it/s, loss=0.0152]
Fine-tuning Navine AI Image:  79%|#######9  | 633/800 [08:38<01:22,  2.02it/s, loss=0.0012]
Fine-tuning Navine AI Image:  79%|#######9  | 634/800 [08:39<01:39,  1.67it/s, loss=0.0012]
Fine-tuning Navine AI Image:  79%|#######9  | 634/800 [08:39<01:39,  1.67it/s, loss=0.0032]
Fine-tuning Navine AI Image:  79%|#######9  | 635/800 [08:40<01:39,  1.66it/s, loss=0.0032]
Fine-tuning Navine AI Image:  79%|#######9  | 635/800 [08:40<01:39,  1.66it/s, loss=0.0056]
Fine-tuning Navine AI Image:  80%|#######9  | 636/800 [08:40<01:34,  1.74it/s, loss=0.0056]
Fine-tuning Navine AI Image:  80%|#######9  | 636/800 [08:40<01:34,  1.74it/s, loss=0.0028]
Fine-tuning Navine AI Image:  80%|#######9  | 637/800 [08:41<01:20,  2.03it/s, loss=0.0028]
Fine-tuning Navine AI Image:  80%|#######9  | 637/800 [08:41<01:20,  2.03it/s, loss=0.0042]
Fine-tuning Navine AI Image:  80%|#######9  | 638/800 [08:41<01:15,  2.14it/s, loss=0.0042]
Fine-tuning Navine AI Image:  80%|#######9  | 638/800 [08:41<01:15,  2.14it/s, loss=0.0069]
Fine-tuning Navine AI Image:  80%|#######9  | 639/800 [08:42<01:48,  1.49it/s, loss=0.0069]
Fine-tuning Navine AI Image:  80%|#######9  | 639/800 [08:42<01:48,  1.49it/s, loss=0.0152]
Fine-tuning Navine AI Image:  80%|########  | 640/800 [08:43<01:58,  1.35it/s, loss=0.0152]
Fine-tuning Navine AI Image:  80%|########  | 640/800 [08:43<01:58,  1.35it/s, loss=0.0097]
Fine-tuning Navine AI Image:  80%|########  | 641/800 [08:44<01:56,  1.36it/s, loss=0.0097]
Fine-tuning Navine AI Image:  80%|########  | 641/800 [08:44<01:56,  1.36it/s, loss=0.0057]
Fine-tuning Navine AI Image:  80%|########  | 642/800 [08:44<01:41,  1.55it/s, loss=0.0057]
Fine-tuning Navine AI Image:  80%|########  | 642/800 [08:44<01:41,  1.55it/s, loss=0.0171]
Fine-tuning Navine AI Image:  80%|########  | 643/800 [08:45<01:41,  1.55it/s, loss=0.0171]
Fine-tuning Navine AI Image:  80%|########  | 643/800 [08:45<01:41,  1.55it/s, loss=0.0138]
Fine-tuning Navine AI Image:  80%|########  | 644/800 [08:45<01:33,  1.67it/s, loss=0.0138]
Fine-tuning Navine AI Image:  80%|########  | 644/800 [08:45<01:33,  1.67it/s, loss=0.0050]
Fine-tuning Navine AI Image:  81%|########  | 645/800 [08:46<01:25,  1.80it/s, loss=0.0050]
Fine-tuning Navine AI Image:  81%|########  | 645/800 [08:46<01:25,  1.80it/s, loss=0.0080]
Fine-tuning Navine AI Image:  81%|########  | 646/800 [08:46<01:18,  1.97it/s, loss=0.0080]
Fine-tuning Navine AI Image:  81%|########  | 646/800 [08:46<01:18,  1.97it/s, loss=0.0106]
Fine-tuning Navine AI Image:  81%|########  | 647/800 [08:46<01:08,  2.24it/s, loss=0.0106]
Fine-tuning Navine AI Image:  81%|########  | 647/800 [08:46<01:08,  2.24it/s, loss=0.0049]
Fine-tuning Navine AI Image:  81%|########1 | 648/800 [08:47<01:01,  2.46it/s, loss=0.0049]
Fine-tuning Navine AI Image:  81%|########1 | 648/800 [08:47<01:01,  2.46it/s, loss=0.0109]
Fine-tuning Navine AI Image:  81%|########1 | 649/800 [08:47<00:55,  2.71it/s, loss=0.0109]
Fine-tuning Navine AI Image:  81%|########1 | 649/800 [08:47<00:55,  2.71it/s, loss=0.0081]
Fine-tuning Navine AI Image:  81%|########1 | 650/800 [08:47<00:54,  2.74it/s, loss=0.0081]
Fine-tuning Navine AI Image:  81%|########1 | 650/800 [08:47<00:54,  2.74it/s, loss=0.0060]
Fine-tuning Navine AI Image:  81%|########1 | 651/800 [08:48<00:57,  2.61it/s, loss=0.0060]
Fine-tuning Navine AI Image:  81%|########1 | 651/800 [08:48<00:57,  2.61it/s, loss=0.0044]
Fine-tuning Navine AI Image:  82%|########1 | 652/800 [08:48<00:52,  2.81it/s, loss=0.0044]
Fine-tuning Navine AI Image:  82%|########1 | 652/800 [08:48<00:52,  2.81it/s, loss=0.0061]
Fine-tuning Navine AI Image:  82%|########1 | 653/800 [08:48<00:48,  3.05it/s, loss=0.0061]
Fine-tuning Navine AI Image:  82%|########1 | 653/800 [08:48<00:48,  3.05it/s, loss=0.0103]
Fine-tuning Navine AI Image:  82%|########1 | 654/800 [08:49<00:45,  3.21it/s, loss=0.0103]
Fine-tuning Navine AI Image:  82%|########1 | 654/800 [08:49<00:45,  3.21it/s, loss=0.0186]
Fine-tuning Navine AI Image:  82%|########1 | 655/800 [08:49<00:43,  3.33it/s, loss=0.0186]
Fine-tuning Navine AI Image:  82%|########1 | 655/800 [08:49<00:43,  3.33it/s, loss=0.0133]
Fine-tuning Navine AI Image:  82%|########2 | 656/800 [08:49<00:43,  3.35it/s, loss=0.0133]
Fine-tuning Navine AI Image:  82%|########2 | 656/800 [08:49<00:43,  3.35it/s, loss=0.0509]
Fine-tuning Navine AI Image:  82%|########2 | 657/800 [08:50<00:41,  3.45it/s, loss=0.0509]
Fine-tuning Navine AI Image:  82%|########2 | 657/800 [08:50<00:41,  3.45it/s, loss=0.0028]
Fine-tuning Navine AI Image:  82%|########2 | 658/800 [08:50<00:39,  3.58it/s, loss=0.0028]
Fine-tuning Navine AI Image:  82%|########2 | 658/800 [08:50<00:39,  3.58it/s, loss=0.0056]
Fine-tuning Navine AI Image:  82%|########2 | 659/800 [08:50<00:40,  3.52it/s, loss=0.0056]
Fine-tuning Navine AI Image:  82%|########2 | 659/800 [08:50<00:40,  3.52it/s, loss=0.0227]
Fine-tuning Navine AI Image:  82%|########2 | 660/800 [08:50<00:38,  3.68it/s, loss=0.0227]
Fine-tuning Navine AI Image:  82%|########2 | 660/800 [08:50<00:38,  3.68it/s, loss=0.0074]
Fine-tuning Navine AI Image:  83%|########2 | 661/800 [08:51<00:39,  3.54it/s, loss=0.0074]
Fine-tuning Navine AI Image:  83%|########2 | 661/800 [08:51<00:39,  3.54it/s, loss=0.0183]
Fine-tuning Navine AI Image:  83%|########2 | 662/800 [08:51<00:38,  3.63it/s, loss=0.0183]
Fine-tuning Navine AI Image:  83%|########2 | 662/800 [08:51<00:38,  3.63it/s, loss=0.0049]
Fine-tuning Navine AI Image:  83%|########2 | 663/800 [08:51<00:36,  3.71it/s, loss=0.0049]
Fine-tuning Navine AI Image:  83%|########2 | 663/800 [08:51<00:36,  3.71it/s, loss=0.0074]
Fine-tuning Navine AI Image:  83%|########2 | 664/800 [08:51<00:36,  3.76it/s, loss=0.0074]
Fine-tuning Navine AI Image:  83%|########2 | 664/800 [08:51<00:36,  3.76it/s, loss=0.0209]
Fine-tuning Navine AI Image:  83%|########3 | 665/800 [08:52<00:35,  3.76it/s, loss=0.0209]
Fine-tuning Navine AI Image:  83%|########3 | 665/800 [08:52<00:35,  3.76it/s, loss=0.0131]
Fine-tuning Navine AI Image:  83%|########3 | 666/800 [08:52<00:34,  3.83it/s, loss=0.0131]
Fine-tuning Navine AI Image:  83%|########3 | 666/800 [08:52<00:34,  3.83it/s, loss=0.0287]
Fine-tuning Navine AI Image:  83%|########3 | 667/800 [08:52<00:34,  3.90it/s, loss=0.0287]
Fine-tuning Navine AI Image:  83%|########3 | 667/800 [08:52<00:34,  3.90it/s, loss=0.0045]
Fine-tuning Navine AI Image:  84%|########3 | 668/800 [08:52<00:34,  3.84it/s, loss=0.0045]
Fine-tuning Navine AI Image:  84%|########3 | 668/800 [08:52<00:34,  3.84it/s, loss=0.0013]
Fine-tuning Navine AI Image:  84%|########3 | 669/800 [08:53<00:34,  3.82it/s, loss=0.0013]
Fine-tuning Navine AI Image:  84%|########3 | 669/800 [08:53<00:34,  3.82it/s, loss=0.0135]
Fine-tuning Navine AI Image:  84%|########3 | 670/800 [08:53<00:33,  3.83it/s, loss=0.0135]
Fine-tuning Navine AI Image:  84%|########3 | 670/800 [08:53<00:33,  3.83it/s, loss=0.0123]
Fine-tuning Navine AI Image:  84%|########3 | 671/800 [08:53<00:32,  3.94it/s, loss=0.0123]
Fine-tuning Navine AI Image:  84%|########3 | 671/800 [08:53<00:32,  3.94it/s, loss=0.0047]
Fine-tuning Navine AI Image:  84%|########4 | 672/800 [08:53<00:32,  3.96it/s, loss=0.0047]
Fine-tuning Navine AI Image:  84%|########4 | 672/800 [08:53<00:32,  3.96it/s, loss=0.0066]
Fine-tuning Navine AI Image:  84%|########4 | 673/800 [08:54<00:32,  3.95it/s, loss=0.0066]
Fine-tuning Navine AI Image:  84%|########4 | 673/800 [08:54<00:32,  3.95it/s, loss=0.0026]
Fine-tuning Navine AI Image:  84%|########4 | 674/800 [08:54<00:31,  3.98it/s, loss=0.0026]
Fine-tuning Navine AI Image:  84%|########4 | 674/800 [08:54<00:31,  3.98it/s, loss=0.0105]
Fine-tuning Navine AI Image:  84%|########4 | 675/800 [08:54<00:31,  4.01it/s, loss=0.0105]
Fine-tuning Navine AI Image:  84%|########4 | 675/800 [08:54<00:31,  4.01it/s, loss=0.0059]
Fine-tuning Navine AI Image:  84%|########4 | 676/800 [08:54<00:31,  3.99it/s, loss=0.0059]
Fine-tuning Navine AI Image:  84%|########4 | 676/800 [08:54<00:31,  3.99it/s, loss=0.0041]
Fine-tuning Navine AI Image:  85%|########4 | 677/800 [08:55<00:30,  3.99it/s, loss=0.0041]
Fine-tuning Navine AI Image:  85%|########4 | 677/800 [08:55<00:30,  3.99it/s, loss=0.0155]
Fine-tuning Navine AI Image:  85%|########4 | 678/800 [08:55<00:35,  3.43it/s, loss=0.0155]
Fine-tuning Navine AI Image:  85%|########4 | 678/800 [08:55<00:35,  3.43it/s, loss=0.0246]
Fine-tuning Navine AI Image:  85%|########4 | 679/800 [08:55<00:33,  3.59it/s, loss=0.0246]
Fine-tuning Navine AI Image:  85%|########4 | 679/800 [08:55<00:33,  3.59it/s, loss=0.0033]
Fine-tuning Navine AI Image:  85%|########5 | 680/800 [08:56<00:32,  3.69it/s, loss=0.0033]
Fine-tuning Navine AI Image:  85%|########5 | 680/800 [08:56<00:32,  3.69it/s, loss=0.0020]
Fine-tuning Navine AI Image:  85%|########5 | 681/800 [08:56<00:31,  3.77it/s, loss=0.0020]
Fine-tuning Navine AI Image:  85%|########5 | 681/800 [08:56<00:31,  3.77it/s, loss=0.0026]
Fine-tuning Navine AI Image:  85%|########5 | 682/800 [08:56<00:34,  3.41it/s, loss=0.0026]
Fine-tuning Navine AI Image:  85%|########5 | 682/800 [08:56<00:34,  3.41it/s, loss=0.0138]
Fine-tuning Navine AI Image:  85%|########5 | 683/800 [08:56<00:32,  3.60it/s, loss=0.0138]
Fine-tuning Navine AI Image:  85%|########5 | 683/800 [08:56<00:32,  3.60it/s, loss=0.0094]
Fine-tuning Navine AI Image:  86%|########5 | 684/800 [08:57<00:30,  3.75it/s, loss=0.0094]
Fine-tuning Navine AI Image:  86%|########5 | 684/800 [08:57<00:30,  3.75it/s, loss=0.0012]
Fine-tuning Navine AI Image:  86%|########5 | 685/800 [08:57<00:31,  3.61it/s, loss=0.0012]
Fine-tuning Navine AI Image:  86%|########5 | 685/800 [08:57<00:31,  3.61it/s, loss=0.0034]
Fine-tuning Navine AI Image:  86%|########5 | 686/800 [08:57<00:31,  3.64it/s, loss=0.0034]
Fine-tuning Navine AI Image:  86%|########5 | 686/800 [08:57<00:31,  3.64it/s, loss=0.0027]
Fine-tuning Navine AI Image:  86%|########5 | 687/800 [08:57<00:30,  3.74it/s, loss=0.0027]
Fine-tuning Navine AI Image:  86%|########5 | 687/800 [08:57<00:30,  3.74it/s, loss=0.0253]
Fine-tuning Navine AI Image:  86%|########6 | 688/800 [08:58<00:29,  3.84it/s, loss=0.0253]
Fine-tuning Navine AI Image:  86%|########6 | 688/800 [08:58<00:29,  3.84it/s, loss=0.0072]
Fine-tuning Navine AI Image:  86%|########6 | 689/800 [08:58<00:28,  3.92it/s, loss=0.0072]
Fine-tuning Navine AI Image:  86%|########6 | 689/800 [08:58<00:28,  3.92it/s, loss=0.0008]
Fine-tuning Navine AI Image:  86%|########6 | 690/800 [08:58<00:27,  3.99it/s, loss=0.0008]
Fine-tuning Navine AI Image:  86%|########6 | 690/800 [08:58<00:27,  3.99it/s, loss=0.0130]
Fine-tuning Navine AI Image:  86%|########6 | 691/800 [08:58<00:26,  4.04it/s, loss=0.0130]
Fine-tuning Navine AI Image:  86%|########6 | 691/800 [08:58<00:26,  4.04it/s, loss=0.0056]
Fine-tuning Navine AI Image:  86%|########6 | 692/800 [08:59<00:26,  4.08it/s, loss=0.0056]
Fine-tuning Navine AI Image:  86%|########6 | 692/800 [08:59<00:26,  4.08it/s, loss=0.0034]
Fine-tuning Navine AI Image:  87%|########6 | 693/800 [08:59<00:26,  4.03it/s, loss=0.0034]
Fine-tuning Navine AI Image:  87%|########6 | 693/800 [08:59<00:26,  4.03it/s, loss=0.0094]
Fine-tuning Navine AI Image:  87%|########6 | 694/800 [08:59<00:26,  4.06it/s, loss=0.0094]
Fine-tuning Navine AI Image:  87%|########6 | 694/800 [08:59<00:26,  4.06it/s, loss=0.0117]
Fine-tuning Navine AI Image:  87%|########6 | 695/800 [08:59<00:26,  3.95it/s, loss=0.0117]
Fine-tuning Navine AI Image:  87%|########6 | 695/800 [08:59<00:26,  3.95it/s, loss=0.0066]
Fine-tuning Navine AI Image:  87%|########7 | 696/800 [09:00<00:26,  3.97it/s, loss=0.0066]
Fine-tuning Navine AI Image:  87%|########7 | 696/800 [09:00<00:26,  3.97it/s, loss=0.0040]
Fine-tuning Navine AI Image:  87%|########7 | 697/800 [09:00<00:25,  4.00it/s, loss=0.0040]
Fine-tuning Navine AI Image:  87%|########7 | 697/800 [09:00<00:25,  4.00it/s, loss=0.0013]
Fine-tuning Navine AI Image:  87%|########7 | 698/800 [09:00<00:25,  4.02it/s, loss=0.0013]
Fine-tuning Navine AI Image:  87%|########7 | 698/800 [09:00<00:25,  4.02it/s, loss=0.0054]
Fine-tuning Navine AI Image:  87%|########7 | 699/800 [09:01<00:27,  3.69it/s, loss=0.0054]
Fine-tuning Navine AI Image:  87%|########7 | 699/800 [09:01<00:27,  3.69it/s, loss=0.0042]
Fine-tuning Navine AI Image:  88%|########7 | 700/800 [09:01<00:26,  3.83it/s, loss=0.0042]
Fine-tuning Navine AI Image:  88%|########7 | 700/800 [09:01<00:26,  3.83it/s, loss=0.0045]
Fine-tuning Navine AI Image:  88%|########7 | 701/800 [09:01<00:25,  3.89it/s, loss=0.0045]
Fine-tuning Navine AI Image:  88%|########7 | 701/800 [09:01<00:25,  3.89it/s, loss=0.0017]
Fine-tuning Navine AI Image:  88%|########7 | 702/800 [09:01<00:25,  3.91it/s, loss=0.0017]
Fine-tuning Navine AI Image:  88%|########7 | 702/800 [09:01<00:25,  3.91it/s, loss=0.0037]
Fine-tuning Navine AI Image:  88%|########7 | 703/800 [09:02<00:24,  3.96it/s, loss=0.0037]
Fine-tuning Navine AI Image:  88%|########7 | 703/800 [09:02<00:24,  3.96it/s, loss=0.0081]
Fine-tuning Navine AI Image:  88%|########8 | 704/800 [09:02<00:23,  4.03it/s, loss=0.0081]
Fine-tuning Navine AI Image:  88%|########8 | 704/800 [09:02<00:23,  4.03it/s, loss=0.0069]
Fine-tuning Navine AI Image:  88%|########8 | 705/800 [09:02<00:23,  4.06it/s, loss=0.0069]
Fine-tuning Navine AI Image:  88%|########8 | 705/800 [09:02<00:23,  4.06it/s, loss=0.0048]
Fine-tuning Navine AI Image:  88%|########8 | 706/800 [09:02<00:23,  3.98it/s, loss=0.0048]
Fine-tuning Navine AI Image:  88%|########8 | 706/800 [09:02<00:23,  3.98it/s, loss=0.0043]
Fine-tuning Navine AI Image:  88%|########8 | 707/800 [09:02<00:23,  4.03it/s, loss=0.0043]
Fine-tuning Navine AI Image:  88%|########8 | 707/800 [09:02<00:23,  4.03it/s, loss=0.0040]
Fine-tuning Navine AI Image:  88%|########8 | 708/800 [09:03<00:22,  4.08it/s, loss=0.0040]
Fine-tuning Navine AI Image:  88%|########8 | 708/800 [09:03<00:22,  4.08it/s, loss=0.0018]
Fine-tuning Navine AI Image:  89%|########8 | 709/800 [09:03<00:22,  4.12it/s, loss=0.0018]
Fine-tuning Navine AI Image:  89%|########8 | 709/800 [09:03<00:22,  4.12it/s, loss=0.0109]
Fine-tuning Navine AI Image:  89%|########8 | 710/800 [09:03<00:21,  4.14it/s, loss=0.0109]
Fine-tuning Navine AI Image:  89%|########8 | 710/800 [09:03<00:21,  4.14it/s, loss=0.0284]
Fine-tuning Navine AI Image:  89%|########8 | 711/800 [09:03<00:22,  4.02it/s, loss=0.0284]
Fine-tuning Navine AI Image:  89%|########8 | 711/800 [09:03<00:22,  4.02it/s, loss=0.0116]
Fine-tuning Navine AI Image:  89%|########9 | 712/800 [09:04<00:22,  3.98it/s, loss=0.0116]
Fine-tuning Navine AI Image:  89%|########9 | 712/800 [09:04<00:22,  3.98it/s, loss=0.0083]
Fine-tuning Navine AI Image:  89%|########9 | 713/800 [09:04<00:21,  3.97it/s, loss=0.0083]
Fine-tuning Navine AI Image:  89%|########9 | 713/800 [09:04<00:21,  3.97it/s, loss=0.0024]
Fine-tuning Navine AI Image:  89%|########9 | 714/800 [09:04<00:21,  3.92it/s, loss=0.0024]
Fine-tuning Navine AI Image:  89%|########9 | 714/800 [09:04<00:21,  3.92it/s, loss=0.0011]
Fine-tuning Navine AI Image:  89%|########9 | 715/800 [09:04<00:21,  3.98it/s, loss=0.0011]
Fine-tuning Navine AI Image:  89%|########9 | 715/800 [09:04<00:21,  3.98it/s, loss=0.0052]
Fine-tuning Navine AI Image:  90%|########9 | 716/800 [09:05<00:21,  3.95it/s, loss=0.0052]
Fine-tuning Navine AI Image:  90%|########9 | 716/800 [09:05<00:21,  3.95it/s, loss=0.0045]
Fine-tuning Navine AI Image:  90%|########9 | 717/800 [09:05<00:20,  3.96it/s, loss=0.0045]
Fine-tuning Navine AI Image:  90%|########9 | 717/800 [09:05<00:20,  3.96it/s, loss=0.0011]
Fine-tuning Navine AI Image:  90%|########9 | 718/800 [09:05<00:20,  4.02it/s, loss=0.0011]
Fine-tuning Navine AI Image:  90%|########9 | 718/800 [09:05<00:20,  4.02it/s, loss=0.0011]
Fine-tuning Navine AI Image:  90%|########9 | 719/800 [09:05<00:19,  4.06it/s, loss=0.0011]
Fine-tuning Navine AI Image:  90%|########9 | 719/800 [09:05<00:19,  4.06it/s, loss=0.0032]
Fine-tuning Navine AI Image:  90%|######### | 720/800 [09:06<00:19,  4.03it/s, loss=0.0032]
Fine-tuning Navine AI Image:  90%|######### | 720/800 [09:06<00:19,  4.03it/s, loss=0.0115]
Fine-tuning Navine AI Image:  90%|######### | 721/800 [09:06<00:19,  4.02it/s, loss=0.0115]
Fine-tuning Navine AI Image:  90%|######### | 721/800 [09:06<00:19,  4.02it/s, loss=0.0079]
Fine-tuning Navine AI Image:  90%|######### | 722/800 [09:06<00:20,  3.84it/s, loss=0.0079]
Fine-tuning Navine AI Image:  90%|######### | 722/800 [09:06<00:20,  3.84it/s, loss=0.0096]
Fine-tuning Navine AI Image:  90%|######### | 723/800 [09:07<00:20,  3.80it/s, loss=0.0096]
Fine-tuning Navine AI Image:  90%|######### | 723/800 [09:07<00:20,  3.80it/s, loss=0.0129]
Fine-tuning Navine AI Image:  90%|######### | 724/800 [09:07<00:19,  3.90it/s, loss=0.0129]
Fine-tuning Navine AI Image:  90%|######### | 724/800 [09:07<00:19,  3.90it/s, loss=0.0085]
Fine-tuning Navine AI Image:  91%|######### | 725/800 [09:07<00:19,  3.84it/s, loss=0.0085]
Fine-tuning Navine AI Image:  91%|######### | 725/800 [09:07<00:19,  3.84it/s, loss=0.0084]
Fine-tuning Navine AI Image:  91%|######### | 726/800 [09:07<00:20,  3.64it/s, loss=0.0084]
Fine-tuning Navine AI Image:  91%|######### | 726/800 [09:07<00:20,  3.64it/s, loss=0.0079]
Fine-tuning Navine AI Image:  91%|######### | 727/800 [09:08<00:19,  3.78it/s, loss=0.0079]
Fine-tuning Navine AI Image:  91%|######### | 727/800 [09:08<00:19,  3.78it/s, loss=0.0068]
Fine-tuning Navine AI Image:  91%|#########1| 728/800 [09:08<00:18,  3.79it/s, loss=0.0068]
Fine-tuning Navine AI Image:  91%|#########1| 728/800 [09:08<00:18,  3.79it/s, loss=0.0155]
Fine-tuning Navine AI Image:  91%|#########1| 729/800 [09:08<00:18,  3.84it/s, loss=0.0155]
Fine-tuning Navine AI Image:  91%|#########1| 729/800 [09:08<00:18,  3.84it/s, loss=0.0044]
Fine-tuning Navine AI Image:  91%|#########1| 730/800 [09:08<00:17,  3.93it/s, loss=0.0044]
Fine-tuning Navine AI Image:  91%|#########1| 730/800 [09:08<00:17,  3.93it/s, loss=0.0011]
Fine-tuning Navine AI Image:  91%|#########1| 731/800 [09:09<00:17,  3.95it/s, loss=0.0011]
Fine-tuning Navine AI Image:  91%|#########1| 731/800 [09:09<00:17,  3.95it/s, loss=0.0079]
Fine-tuning Navine AI Image:  92%|#########1| 732/800 [09:09<00:17,  3.91it/s, loss=0.0079]
Fine-tuning Navine AI Image:  92%|#########1| 732/800 [09:09<00:17,  3.91it/s, loss=0.0072]
Fine-tuning Navine AI Image:  92%|#########1| 733/800 [09:09<00:17,  3.92it/s, loss=0.0072]
Fine-tuning Navine AI Image:  92%|#########1| 733/800 [09:09<00:17,  3.92it/s, loss=0.0082]
Fine-tuning Navine AI Image:  92%|#########1| 734/800 [09:09<00:16,  3.95it/s, loss=0.0082]
Fine-tuning Navine AI Image:  92%|#########1| 734/800 [09:09<00:16,  3.95it/s, loss=0.0115]
Fine-tuning Navine AI Image:  92%|#########1| 735/800 [09:10<00:16,  3.93it/s, loss=0.0115]
Fine-tuning Navine AI Image:  92%|#########1| 735/800 [09:10<00:16,  3.93it/s, loss=0.0025]
Fine-tuning Navine AI Image:  92%|#########2| 736/800 [09:10<00:16,  3.99it/s, loss=0.0025]
Fine-tuning Navine AI Image:  92%|#########2| 736/800 [09:10<00:16,  3.99it/s, loss=0.0046]
Fine-tuning Navine AI Image:  92%|#########2| 737/800 [09:10<00:15,  3.95it/s, loss=0.0046]
Fine-tuning Navine AI Image:  92%|#########2| 737/800 [09:10<00:15,  3.95it/s, loss=0.0031]
Fine-tuning Navine AI Image:  92%|#########2| 738/800 [09:10<00:15,  3.90it/s, loss=0.0031]
Fine-tuning Navine AI Image:  92%|#########2| 738/800 [09:10<00:15,  3.90it/s, loss=0.0014]
Fine-tuning Navine AI Image:  92%|#########2| 739/800 [09:11<00:15,  3.98it/s, loss=0.0014]
Fine-tuning Navine AI Image:  92%|#########2| 739/800 [09:11<00:15,  3.98it/s, loss=0.0053]
Fine-tuning Navine AI Image:  92%|#########2| 740/800 [09:11<00:14,  4.03it/s, loss=0.0053]
Fine-tuning Navine AI Image:  92%|#########2| 740/800 [09:11<00:14,  4.03it/s, loss=0.0042]
Fine-tuning Navine AI Image:  93%|#########2| 741/800 [09:11<00:14,  4.08it/s, loss=0.0042]
Fine-tuning Navine AI Image:  93%|#########2| 741/800 [09:11<00:14,  4.08it/s, loss=0.0029]
Fine-tuning Navine AI Image:  93%|#########2| 742/800 [09:11<00:14,  3.95it/s, loss=0.0029]
Fine-tuning Navine AI Image:  93%|#########2| 742/800 [09:11<00:14,  3.95it/s, loss=0.0085]
Fine-tuning Navine AI Image:  93%|#########2| 743/800 [09:12<00:14,  3.95it/s, loss=0.0085]
Fine-tuning Navine AI Image:  93%|#########2| 743/800 [09:12<00:14,  3.95it/s, loss=0.0021]
Fine-tuning Navine AI Image:  93%|#########3| 744/800 [09:12<00:14,  3.92it/s, loss=0.0021]
Fine-tuning Navine AI Image:  93%|#########3| 744/800 [09:12<00:14,  3.92it/s, loss=0.0080]
Fine-tuning Navine AI Image:  93%|#########3| 745/800 [09:12<00:14,  3.92it/s, loss=0.0080]
Fine-tuning Navine AI Image:  93%|#########3| 745/800 [09:12<00:14,  3.92it/s, loss=0.0058]
Fine-tuning Navine AI Image:  93%|#########3| 746/800 [09:12<00:13,  4.01it/s, loss=0.0058]
Fine-tuning Navine AI Image:  93%|#########3| 746/800 [09:12<00:13,  4.01it/s, loss=0.0045]
Fine-tuning Navine AI Image:  93%|#########3| 747/800 [09:13<00:13,  4.04it/s, loss=0.0045]
Fine-tuning Navine AI Image:  93%|#########3| 747/800 [09:13<00:13,  4.04it/s, loss=0.0033]
Fine-tuning Navine AI Image:  94%|#########3| 748/800 [09:13<00:12,  4.08it/s, loss=0.0033]
Fine-tuning Navine AI Image:  94%|#########3| 748/800 [09:13<00:12,  4.08it/s, loss=0.0112]
Fine-tuning Navine AI Image:  94%|#########3| 749/800 [09:13<00:13,  3.78it/s, loss=0.0112]
Fine-tuning Navine AI Image:  94%|#########3| 749/800 [09:13<00:13,  3.78it/s, loss=0.0068]
Fine-tuning Navine AI Image:  94%|#########3| 750/800 [09:13<00:12,  3.85it/s, loss=0.0068]
Fine-tuning Navine AI Image:  94%|#########3| 750/800 [09:13<00:12,  3.85it/s, loss=0.0025]
Fine-tuning Navine AI Image:  94%|#########3| 751/800 [09:14<00:14,  3.29it/s, loss=0.0025]
Fine-tuning Navine AI Image:  94%|#########3| 751/800 [09:14<00:14,  3.29it/s, loss=0.0094]
Fine-tuning Navine AI Image:  94%|#########3| 752/800 [09:14<00:14,  3.39it/s, loss=0.0094]
Fine-tuning Navine AI Image:  94%|#########3| 752/800 [09:14<00:14,  3.39it/s, loss=0.0018]
Fine-tuning Navine AI Image:  94%|#########4| 753/800 [09:15<00:18,  2.48it/s, loss=0.0018]
Fine-tuning Navine AI Image:  94%|#########4| 753/800 [09:15<00:18,  2.48it/s, loss=0.0162]
Fine-tuning Navine AI Image:  94%|#########4| 754/800 [09:15<00:16,  2.83it/s, loss=0.0162]
Fine-tuning Navine AI Image:  94%|#########4| 754/800 [09:15<00:16,  2.83it/s, loss=0.0032]
Fine-tuning Navine AI Image:  94%|#########4| 755/800 [09:15<00:15,  2.93it/s, loss=0.0032]
Fine-tuning Navine AI Image:  94%|#########4| 755/800 [09:15<00:15,  2.93it/s, loss=0.0072]
Fine-tuning Navine AI Image:  94%|#########4| 756/800 [09:16<00:14,  3.10it/s, loss=0.0072]
Fine-tuning Navine AI Image:  94%|#########4| 756/800 [09:16<00:14,  3.10it/s, loss=0.0072]
Fine-tuning Navine AI Image:  95%|#########4| 757/800 [09:16<00:13,  3.27it/s, loss=0.0072]
Fine-tuning Navine AI Image:  95%|#########4| 757/800 [09:16<00:13,  3.27it/s, loss=0.0024]
Fine-tuning Navine AI Image:  95%|#########4| 758/800 [09:16<00:12,  3.46it/s, loss=0.0024]
Fine-tuning Navine AI Image:  95%|#########4| 758/800 [09:16<00:12,  3.46it/s, loss=0.0013]
Fine-tuning Navine AI Image:  95%|#########4| 759/800 [09:16<00:11,  3.68it/s, loss=0.0013]
Fine-tuning Navine AI Image:  95%|#########4| 759/800 [09:16<00:11,  3.68it/s, loss=0.0005]
Fine-tuning Navine AI Image:  95%|#########5| 760/800 [09:17<00:10,  3.76it/s, loss=0.0005]
Fine-tuning Navine AI Image:  95%|#########5| 760/800 [09:17<00:10,  3.76it/s, loss=0.0047]
Fine-tuning Navine AI Image:  95%|#########5| 761/800 [09:17<00:10,  3.83it/s, loss=0.0047]
Fine-tuning Navine AI Image:  95%|#########5| 761/800 [09:17<00:10,  3.83it/s, loss=0.0024]
Fine-tuning Navine AI Image:  95%|#########5| 762/800 [09:17<00:09,  3.84it/s, loss=0.0024]
Fine-tuning Navine AI Image:  95%|#########5| 762/800 [09:17<00:09,  3.84it/s, loss=0.0299]
Fine-tuning Navine AI Image:  95%|#########5| 763/800 [09:17<00:09,  3.89it/s, loss=0.0299]
Fine-tuning Navine AI Image:  95%|#########5| 763/800 [09:17<00:09,  3.89it/s, loss=0.0035]
Fine-tuning Navine AI Image:  96%|#########5| 764/800 [09:18<00:09,  3.85it/s, loss=0.0035]
Fine-tuning Navine AI Image:  96%|#########5| 764/800 [09:18<00:09,  3.85it/s, loss=0.0087]
Fine-tuning Navine AI Image:  96%|#########5| 765/800 [09:18<00:08,  3.94it/s, loss=0.0087]
Fine-tuning Navine AI Image:  96%|#########5| 765/800 [09:18<00:08,  3.94it/s, loss=0.0052]
Fine-tuning Navine AI Image:  96%|#########5| 766/800 [09:18<00:08,  3.80it/s, loss=0.0052]
Fine-tuning Navine AI Image:  96%|#########5| 766/800 [09:18<00:08,  3.80it/s, loss=0.0074]
Fine-tuning Navine AI Image:  96%|#########5| 767/800 [09:18<00:08,  3.91it/s, loss=0.0074]
Fine-tuning Navine AI Image:  96%|#########5| 767/800 [09:18<00:08,  3.91it/s, loss=0.0005]
Fine-tuning Navine AI Image:  96%|#########6| 768/800 [09:19<00:07,  4.00it/s, loss=0.0005]
Fine-tuning Navine AI Image:  96%|#########6| 768/800 [09:19<00:07,  4.00it/s, loss=0.0008]
Fine-tuning Navine AI Image:  96%|#########6| 769/800 [09:19<00:07,  4.08it/s, loss=0.0008]
Fine-tuning Navine AI Image:  96%|#########6| 769/800 [09:19<00:07,  4.08it/s, loss=0.0008]
Fine-tuning Navine AI Image:  96%|#########6| 770/800 [09:19<00:07,  4.11it/s, loss=0.0008]
Fine-tuning Navine AI Image:  96%|#########6| 770/800 [09:19<00:07,  4.11it/s, loss=0.0145]
Fine-tuning Navine AI Image:  96%|#########6| 771/800 [09:19<00:07,  4.11it/s, loss=0.0145]
Fine-tuning Navine AI Image:  96%|#########6| 771/800 [09:19<00:07,  4.11it/s, loss=0.0196]
Fine-tuning Navine AI Image:  96%|#########6| 772/800 [09:20<00:06,  4.09it/s, loss=0.0196]
Fine-tuning Navine AI Image:  96%|#########6| 772/800 [09:20<00:06,  4.09it/s, loss=0.0024]
Fine-tuning Navine AI Image:  97%|#########6| 773/800 [09:20<00:06,  4.13it/s, loss=0.0024]
Fine-tuning Navine AI Image:  97%|#########6| 773/800 [09:20<00:06,  4.13it/s, loss=0.0021]
Fine-tuning Navine AI Image:  97%|#########6| 774/800 [09:20<00:06,  4.16it/s, loss=0.0021]
Fine-tuning Navine AI Image:  97%|#########6| 774/800 [09:20<00:06,  4.16it/s, loss=0.0053]
Fine-tuning Navine AI Image:  97%|#########6| 775/800 [09:20<00:06,  4.07it/s, loss=0.0053]
Fine-tuning Navine AI Image:  97%|#########6| 775/800 [09:20<00:06,  4.07it/s, loss=0.0114]
Fine-tuning Navine AI Image:  97%|#########7| 776/800 [09:21<00:06,  3.99it/s, loss=0.0114]
Fine-tuning Navine AI Image:  97%|#########7| 776/800 [09:21<00:06,  3.99it/s, loss=0.0032]
Fine-tuning Navine AI Image:  97%|#########7| 777/800 [09:21<00:06,  3.79it/s, loss=0.0032]
Fine-tuning Navine AI Image:  97%|#########7| 777/800 [09:21<00:06,  3.79it/s, loss=0.0121]
Fine-tuning Navine AI Image:  97%|#########7| 778/800 [09:21<00:05,  3.77it/s, loss=0.0121]
Fine-tuning Navine AI Image:  97%|#########7| 778/800 [09:21<00:05,  3.77it/s, loss=0.0092]
Fine-tuning Navine AI Image:  97%|#########7| 779/800 [09:21<00:05,  3.84it/s, loss=0.0092]
Fine-tuning Navine AI Image:  97%|#########7| 779/800 [09:21<00:05,  3.84it/s, loss=0.0032]
Fine-tuning Navine AI Image:  98%|#########7| 780/800 [09:22<00:05,  3.95it/s, loss=0.0032]
Fine-tuning Navine AI Image:  98%|#########7| 780/800 [09:22<00:05,  3.95it/s, loss=0.0022]
Fine-tuning Navine AI Image:  98%|#########7| 781/800 [09:22<00:04,  4.01it/s, loss=0.0022]
Fine-tuning Navine AI Image:  98%|#########7| 781/800 [09:22<00:04,  4.01it/s, loss=0.0098]
Fine-tuning Navine AI Image:  98%|#########7| 782/800 [09:22<00:04,  3.98it/s, loss=0.0098]
Fine-tuning Navine AI Image:  98%|#########7| 782/800 [09:22<00:04,  3.98it/s, loss=0.0795]
Fine-tuning Navine AI Image:  98%|#########7| 783/800 [09:22<00:04,  4.05it/s, loss=0.0795]
Fine-tuning Navine AI Image:  98%|#########7| 783/800 [09:22<00:04,  4.05it/s, loss=0.0012]
Fine-tuning Navine AI Image:  98%|#########8| 784/800 [09:23<00:04,  3.99it/s, loss=0.0012]
Fine-tuning Navine AI Image:  98%|#########8| 784/800 [09:23<00:04,  3.99it/s, loss=0.0054]
Fine-tuning Navine AI Image:  98%|#########8| 785/800 [09:23<00:03,  4.03it/s, loss=0.0054]
Fine-tuning Navine AI Image:  98%|#########8| 785/800 [09:23<00:03,  4.03it/s, loss=0.0060]
Fine-tuning Navine AI Image:  98%|#########8| 786/800 [09:23<00:03,  4.03it/s, loss=0.0060]
Fine-tuning Navine AI Image:  98%|#########8| 786/800 [09:23<00:03,  4.03it/s, loss=0.0019]
Fine-tuning Navine AI Image:  98%|#########8| 787/800 [09:23<00:03,  4.01it/s, loss=0.0019]
Fine-tuning Navine AI Image:  98%|#########8| 787/800 [09:23<00:03,  4.01it/s, loss=0.0074]
Fine-tuning Navine AI Image:  98%|#########8| 788/800 [09:24<00:02,  4.02it/s, loss=0.0074]
Fine-tuning Navine AI Image:  98%|#########8| 788/800 [09:24<00:02,  4.02it/s, loss=0.0017]
Fine-tuning Navine AI Image:  99%|#########8| 789/800 [09:24<00:02,  4.08it/s, loss=0.0017]
Fine-tuning Navine AI Image:  99%|#########8| 789/800 [09:24<00:02,  4.08it/s, loss=0.0013]
Fine-tuning Navine AI Image:  99%|#########8| 790/800 [09:24<00:02,  4.13it/s, loss=0.0013]
Fine-tuning Navine AI Image:  99%|#########8| 790/800 [09:24<00:02,  4.13it/s, loss=0.0065]
Fine-tuning Navine AI Image:  99%|#########8| 791/800 [09:24<00:02,  4.15it/s, loss=0.0065]
Fine-tuning Navine AI Image:  99%|#########8| 791/800 [09:24<00:02,  4.15it/s, loss=0.0064]
Fine-tuning Navine AI Image:  99%|#########9| 792/800 [09:25<00:01,  4.10it/s, loss=0.0064]
Fine-tuning Navine AI Image:  99%|#########9| 792/800 [09:25<00:01,  4.10it/s, loss=0.0175]
Fine-tuning Navine AI Image:  99%|#########9| 793/800 [09:25<00:01,  4.03it/s, loss=0.0175]
Fine-tuning Navine AI Image:  99%|#########9| 793/800 [09:25<00:01,  4.03it/s, loss=0.0021]
Fine-tuning Navine AI Image:  99%|#########9| 794/800 [09:25<00:01,  4.02it/s, loss=0.0021]
Fine-tuning Navine AI Image:  99%|#########9| 794/800 [09:25<00:01,  4.02it/s, loss=0.0062]
Fine-tuning Navine AI Image:  99%|#########9| 795/800 [09:25<00:01,  4.06it/s, loss=0.0062]
Fine-tuning Navine AI Image:  99%|#########9| 795/800 [09:25<00:01,  4.06it/s, loss=0.0027]
Fine-tuning Navine AI Image: 100%|#########9| 796/800 [09:26<00:01,  3.98it/s, loss=0.0027]
Fine-tuning Navine AI Image: 100%|#########9| 796/800 [09:26<00:01,  3.98it/s, loss=0.0034]
Fine-tuning Navine AI Image: 100%|#########9| 797/800 [09:26<00:00,  3.85it/s, loss=0.0034]
Fine-tuning Navine AI Image: 100%|#########9| 797/800 [09:26<00:00,  3.85it/s, loss=0.0132]
Fine-tuning Navine AI Image: 100%|#########9| 798/800 [09:26<00:00,  3.82it/s, loss=0.0132]
Fine-tuning Navine AI Image: 100%|#########9| 798/800 [09:26<00:00,  3.82it/s, loss=0.0033]
Fine-tuning Navine AI Image: 100%|#########9| 799/800 [09:26<00:00,  3.85it/s, loss=0.0033]
Fine-tuning Navine AI Image: 100%|#########9| 799/800 [09:26<00:00,  3.85it/s, loss=0.0060]
Fine-tuning Navine AI Image: 100%|##########| 800/800 [09:27<00:00,  3.90it/s, loss=0.0060]
Fine-tuning Navine AI Image: 100%|##########| 800/800 [09:27<00:00,  3.90it/s, loss=0.0112]
Fine-tuning Navine AI Image: 100%|##########| 800/800 [10:37<00:00,  1.25it/s, loss=0.0112]
Training complete. Checkpoint saved to C:\Users\hitbo\Downloads\Navine AI\checkpoints\image_enterprise\latest.pt
smoke sfw: valid=False noise=False -> C:\Users\hitbo\Downloads\Navine AI\outputs\image\generated_sfw.png
smoke human: valid=False noise=False -> C:\Users\hitbo\Downloads\Navine AI\outputs\image\generated_human.png
smoke hentai: valid=True noise=False -> C:\Users\hitbo\Downloads\Navine AI\outputs\image\generated_hentai.png
smoke object: valid=True noise=False -> C:\Users\hitbo\Downloads\Navine AI\outputs\image\generated_object.png
smoke think: valid=False noise=True -> C:\Users\hitbo\Downloads\Navine AI\outputs\image\generated_think.png
smoke detective: valid=True noise=False -> C:\Users\hitbo\Downloads\Navine AI\outputs\image\generated_detective.png
Image smoke eval ok=False report=C:\Users\hitbo\Downloads\Navine AI\logs\image_smoke_eval.json
