Step 1/5: Train tokenizer
Training BPE tokenizer on 12 blocks (target vocab=12000)...
Tokenizer saved to C:\Users\hitbo\Downloads\Navine AI\checkpoints\tiny_gpt\tokenizer.json (vocab=277)
Step 2/5: Prepare data
Tokenizer loaded with vocab size of 277
Loaded 12 document(s) from corpus
Prepared pretrain -> C:\Users\hitbo\Downloads\Navine AI\data\tiny_gpt\pretrain.txt
Prepared SFT (5 blocks) -> C:\Users\hitbo\Downloads\Navine AI\data\tiny_gpt\sft.txt
Train tokens ~656 | Val tokens ~32
Step 3/5: Pretrain
Tokenizer loaded with vocab size of 277
Loaded 12 document(s) from corpus
Prepared pretrain -> C:\Users\hitbo\Downloads\Navine AI\data\tiny_gpt\pretrain.txt
Prepared SFT (5 blocks) -> C:\Users\hitbo\Downloads\Navine AI\data\tiny_gpt\sft.txt
Train tokens ~656 | Val tokens ~32
Pretraining Tiny GPT (800 steps)...
Navine train device: cuda | mode=hybrid dtype=torch.float16 | cuda_available=True name=NVIDIA GeForce RTX 4060 Laptop GPU vram_gb=8.0 | cpu_threads=21 dataloader={'num_workers': 0, 'pin_memory': True}
Archived prior weights: C:\Users\hitbo\Downloads\Navine AI\checkpoints\tiny_gpt\archive_compact
Navine AI: fresh rebuild into C:\Users\hitbo\Downloads\Navine AI\checkpoints\tiny_gpt (size_tier=compact)
Navine AI: building BPE tokenizer (vocab=12000)...
Navine Neural Text | params=9,176,832 | device=cuda | tier=compact layers=5 d=384 rope=True swiglu=True rms=True tie=True
Hybrid compute | CPU threads: 21 | DataLoader: {'num_workers': 0, 'pin_memory': True}

Training Navine AI Text:   0%|          | 0/800 [00:00<?, ?it/s]
Training Navine AI Text:   0%|          | 1/800 [00:00<05:59,  2.22it/s]
Training Navine AI Text:   0%|          | 1/800 [00:00<05:59,  2.22it/s, loss=2.9081]
Training Navine AI Text:   0%|          | 2/800 [00:00<03:35,  3.71it/s, loss=2.9081]
Training Navine AI Text:   0%|          | 2/800 [00:00<03:35,  3.71it/s, loss=2.9174]
Training Navine AI Text:   0%|          | 3/800 [00:00<03:34,  3.71it/s, loss=2.8819]
Training Navine AI Text:   0%|          | 4/800 [00:00<03:34,  3.71it/s, loss=2.9406]
Training Navine AI Text:   1%|          | 5/800 [00:00<03:34,  3.71it/s, loss=2.7826]
Training Navine AI Text:   1%|          | 6/800 [00:00<01:07, 11.76it/s, loss=2.7826]
Training Navine AI Text:   1%|          | 6/800 [00:00<01:07, 11.76it/s, loss=2.8371]
Training Navine AI Text:   1%|          | 7/800 [00:00<01:07, 11.76it/s, loss=2.7503]
Training Navine AI Text:   1%|1         | 8/800 [00:00<01:07, 11.76it/s, loss=2.7520]
Training Navine AI Text:   1%|1         | 9/800 [00:00<01:07, 11.76it/s, loss=2.5909]
Training Navine AI Text:   1%|1         | 10/800 [00:00<00:45, 17.51it/s, loss=2.5909]
Training Navine AI Text:   1%|1         | 10/800 [00:00<00:45, 17.51it/s, loss=2.5856]
Training Navine AI Text:   1%|1         | 11/800 [00:00<00:45, 17.51it/s, loss=2.5562]
Training Navine AI Text:   2%|1         | 12/800 [00:00<00:44, 17.51it/s, loss=2.4318]
Training Navine AI Text:   2%|1         | 13/800 [00:00<00:38, 20.22it/s, loss=2.4318]
Training Navine AI Text:   2%|1         | 13/800 [00:00<00:38, 20.22it/s, loss=2.4164]
Training Navine AI Text:   2%|1         | 14/800 [00:00<00:38, 20.22it/s, loss=2.4169]
Training Navine AI Text:   2%|1         | 15/800 [00:01<00:38, 20.22it/s, loss=2.2790]
Training Navine AI Text:   2%|2         | 16/800 [00:01<00:35, 22.21it/s, loss=2.2790]
Training Navine AI Text:   2%|2         | 16/800 [00:01<00:35, 22.21it/s, loss=2.3613]
Training Navine AI Text:   2%|2         | 17/800 [00:01<00:35, 22.21it/s, loss=2.2905]
Training Navine AI Text:   2%|2         | 18/800 [00:01<00:35, 22.21it/s, loss=2.2703]
Training Navine AI Text:   2%|2         | 19/800 [00:01<00:34, 22.91it/s, loss=2.2703]
Training Navine AI Text:   2%|2         | 19/800 [00:01<00:34, 22.91it/s, loss=2.2651]
Training Navine AI Text:   2%|2         | 20/800 [00:01<00:34, 22.91it/s, loss=2.3169]
Training Navine AI Text:   3%|2         | 21/800 [00:01<00:34, 22.91it/s, loss=2.3215]
Training Navine AI Text:   3%|2         | 22/800 [00:01<00:32, 23.66it/s, loss=2.3215]
Training Navine AI Text:   3%|2         | 22/800 [00:01<00:32, 23.66it/s, loss=2.2140]
Training Navine AI Text:   3%|2         | 23/800 [00:01<00:32, 23.66it/s, loss=2.2277]
Training Navine AI Text:   3%|3         | 24/800 [00:01<00:32, 23.66it/s, loss=2.1132]
Training Navine AI Text:   3%|3         | 25/800 [00:01<00:31, 24.43it/s, loss=2.1132]
Training Navine AI Text:   3%|3         | 25/800 [00:01<00:31, 24.43it/s, loss=2.0421]
Training Navine AI Text:   3%|3         | 26/800 [00:01<00:31, 24.43it/s, loss=2.2409]
Training Navine AI Text:   3%|3         | 27/800 [00:01<00:31, 24.43it/s, loss=2.1504]
Training Navine AI Text:   4%|3         | 28/800 [00:01<00:31, 24.43it/s, loss=2.2474]
Training Navine AI Text:   4%|3         | 29/800 [00:01<00:29, 25.97it/s, loss=2.2474]
Training Navine AI Text:   4%|3         | 29/800 [00:01<00:29, 25.97it/s, loss=2.2070]
Training Navine AI Text:   4%|3         | 30/800 [00:01<00:29, 25.97it/s, loss=2.0709]
Training Navine AI Text:   4%|3         | 31/800 [00:01<00:29, 25.97it/s, loss=2.1959]
Training Navine AI Text:   4%|4         | 32/800 [00:01<00:29, 26.33it/s, loss=2.1959]
Training Navine AI Text:   4%|4         | 32/800 [00:01<00:29, 26.33it/s, loss=2.0039]
Training Navine AI Text:   4%|4         | 33/800 [00:01<00:29, 26.33it/s, loss=1.9529]
Training Navine AI Text:   4%|4         | 34/800 [00:01<00:29, 26.33it/s, loss=2.1215]
Training Navine AI Text:   4%|4         | 35/800 [00:01<00:29, 26.33it/s, loss=2.1572]
Training Navine AI Text:   4%|4         | 36/800 [00:01<00:27, 27.79it/s, loss=2.1572]
Training Navine AI Text:   4%|4         | 36/800 [00:01<00:27, 27.79it/s, loss=2.1762]
Training Navine AI Text:   5%|4         | 37/800 [00:01<00:27, 27.79it/s, loss=2.1551]
Training Navine AI Text:   5%|4         | 38/800 [00:01<00:27, 27.79it/s, loss=1.9579]
Training Navine AI Text:   5%|4         | 39/800 [00:01<00:29, 25.74it/s, loss=1.9579]
Training Navine AI Text:   5%|4         | 39/800 [00:01<00:29, 25.74it/s, loss=2.1101]
Training Navine AI Text:   5%|5         | 40/800 [00:01<00:29, 25.74it/s, loss=2.0414]
Training Navine AI Text:   5%|5         | 41/800 [00:01<00:29, 25.74it/s, loss=2.0423]
Training Navine AI Text:   5%|5         | 42/800 [00:02<00:28, 26.47it/s, loss=2.0423]
Training Navine AI Text:   5%|5         | 42/800 [00:02<00:28, 26.47it/s, loss=2.2232]
Training Navine AI Text:   5%|5         | 43/800 [00:02<00:28, 26.47it/s, loss=2.0317]
Training Navine AI Text:   6%|5         | 44/800 [00:02<00:28, 26.47it/s, loss=1.8878]
Training Navine AI Text:   6%|5         | 45/800 [00:02<00:28, 26.90it/s, loss=1.8878]
Training Navine AI Text:   6%|5         | 45/800 [00:02<00:28, 26.90it/s, loss=2.1690]
Training Navine AI Text:   6%|5         | 46/800 [00:02<00:28, 26.90it/s, loss=1.9347]
Training Navine AI Text:   6%|5         | 47/800 [00:02<00:27, 26.90it/s, loss=2.0536]
Training Navine AI Text:   6%|6         | 48/800 [00:02<00:28, 26.11it/s, loss=2.0536]
Training Navine AI Text:   6%|6         | 48/800 [00:02<00:28, 26.11it/s, loss=1.8306]
Training Navine AI Text:   6%|6         | 49/800 [00:02<00:28, 26.11it/s, loss=1.8447]
Training Navine AI Text:   6%|6         | 50/800 [00:02<00:28, 26.11it/s, loss=1.8729]
Training Navine AI Text:   6%|6         | 51/800 [00:02<00:28, 26.11it/s, loss=1.9355]
Training Navine AI Text:   6%|6         | 52/800 [00:02<00:27, 27.50it/s, loss=1.9355]
Training Navine AI Text:   6%|6         | 52/800 [00:02<00:27, 27.50it/s, loss=2.1545]
Training Navine AI Text:   7%|6         | 53/800 [00:02<00:27, 27.50it/s, loss=1.7520]
Training Navine AI Text:   7%|6         | 54/800 [00:02<00:27, 27.50it/s, loss=2.0549]
Training Navine AI Text:   7%|6         | 55/800 [00:02<00:27, 27.50it/s, loss=2.0258]
Training Navine AI Text:   7%|7         | 56/800 [00:02<00:25, 28.89it/s, loss=2.0258]
Training Navine AI Text:   7%|7         | 56/800 [00:02<00:25, 28.89it/s, loss=1.9131]
Training Navine AI Text:   7%|7         | 57/800 [00:02<00:25, 28.89it/s, loss=1.9832]
Training Navine AI Text:   7%|7         | 58/800 [00:02<00:25, 28.89it/s, loss=1.8346]
Training Navine AI Text:   7%|7         | 59/800 [00:02<00:25, 28.89it/s, loss=1.9155]
Training Navine AI Text:   8%|7         | 60/800 [00:02<00:25, 29.39it/s, loss=1.9155]
Training Navine AI Text:   8%|7         | 60/800 [00:02<00:25, 29.39it/s, loss=1.8423]
Training Navine AI Text:   8%|7         | 61/800 [00:02<00:25, 29.39it/s, loss=1.8140]
Training Navine AI Text:   8%|7         | 62/800 [00:02<00:25, 29.39it/s, loss=2.0046]
Training Navine AI Text:   8%|7         | 63/800 [00:02<00:25, 29.39it/s, loss=1.7580]
Training Navine AI Text:   8%|8         | 64/800 [00:02<00:24, 29.95it/s, loss=1.7580]
Training Navine AI Text:   8%|8         | 64/800 [00:02<00:24, 29.95it/s, loss=1.6713]
Training Navine AI Text:   8%|8         | 65/800 [00:02<00:24, 29.95it/s, loss=1.6732]
Training Navine AI Text:   8%|8         | 66/800 [00:02<00:24, 29.95it/s, loss=1.8815]
Training Navine AI Text:   8%|8         | 67/800 [00:02<00:24, 29.51it/s, loss=1.8815]
Training Navine AI Text:   8%|8         | 67/800 [00:02<00:24, 29.51it/s, loss=1.7050]
Training Navine AI Text:   8%|8         | 68/800 [00:02<00:24, 29.51it/s, loss=1.8943]
Training Navine AI Text:   9%|8         | 69/800 [00:02<00:24, 29.51it/s, loss=1.8429]
Training Navine AI Text:   9%|8         | 70/800 [00:02<00:25, 28.94it/s, loss=1.8429]
Training Navine AI Text:   9%|8         | 70/800 [00:02<00:25, 28.94it/s, loss=1.8437]
Training Navine AI Text:   9%|8         | 71/800 [00:03<00:25, 28.94it/s, loss=1.6516]
Training Navine AI Text:   9%|9         | 72/800 [00:03<00:25, 28.94it/s, loss=1.4992]
Training Navine AI Text:   9%|9         | 73/800 [00:03<00:27, 26.79it/s, loss=1.4992]
Training Navine AI Text:   9%|9         | 73/800 [00:03<00:27, 26.79it/s, loss=1.5847]
Training Navine AI Text:   9%|9         | 74/800 [00:03<00:27, 26.79it/s, loss=1.5949]
Training Navine AI Text:   9%|9         | 75/800 [00:03<00:27, 26.79it/s, loss=1.9184]
Training Navine AI Text:  10%|9         | 76/800 [00:03<00:27, 26.78it/s, loss=1.9184]
Training Navine AI Text:  10%|9         | 76/800 [00:03<00:27, 26.78it/s, loss=1.3669]
Training Navine AI Text:  10%|9         | 77/800 [00:03<00:26, 26.78it/s, loss=1.6737]
Training Navine AI Text:  10%|9         | 78/800 [00:03<00:26, 26.78it/s, loss=1.5034]
Training Navine AI Text:  10%|9         | 79/800 [00:03<00:26, 26.78it/s, loss=1.5761]
Training Navine AI Text:  10%|#         | 80/800 [00:03<00:25, 28.63it/s, loss=1.5761]
Training Navine AI Text:  10%|#         | 80/800 [00:03<00:25, 28.63it/s, loss=1.8194]
Training Navine AI Text:  10%|#         | 81/800 [00:03<00:25, 28.63it/s, loss=1.6559]
Training Navine AI Text:  10%|#         | 82/800 [00:03<00:25, 28.63it/s, loss=1.4095]
Training Navine AI Text:  10%|#         | 83/800 [00:03<00:24, 28.97it/s, loss=1.4095]
Training Navine AI Text:  10%|#         | 83/800 [00:03<00:24, 28.97it/s, loss=1.6987]
Training Navine AI Text:  10%|#         | 84/800 [00:03<00:24, 28.97it/s, loss=1.4494]
Training Navine AI Text:  11%|#         | 85/800 [00:03<00:24, 28.97it/s, loss=1.3572]
Training Navine AI Text:  11%|#         | 86/800 [00:03<00:24, 28.96it/s, loss=1.3572]
Training Navine AI Text:  11%|#         | 86/800 [00:03<00:24, 28.96it/s, loss=1.3991]
Training Navine AI Text:  11%|#         | 87/800 [00:03<00:24, 28.96it/s, loss=1.3371]
Training Navine AI Text:  11%|#1        | 88/800 [00:03<00:24, 28.96it/s, loss=1.9012]
Training Navine AI Text:  11%|#1        | 89/800 [00:03<00:24, 28.96it/s, loss=1.7698]
Training Navine AI Text:  11%|#1        | 90/800 [00:03<00:22, 30.98it/s, loss=1.7698]
Training Navine AI Text:  11%|#1        | 90/800 [00:03<00:22, 30.98it/s, loss=1.2870]
Training Navine AI Text:  11%|#1        | 91/800 [00:03<00:22, 30.98it/s, loss=1.5268]
Training Navine AI Text:  12%|#1        | 92/800 [00:03<00:22, 30.98it/s, loss=1.3384]
Training Navine AI Text:  12%|#1        | 93/800 [00:03<00:22, 30.98it/s, loss=1.1516]
Training Navine AI Text:  12%|#1        | 94/800 [00:03<00:22, 30.86it/s, loss=1.1516]
Training Navine AI Text:  12%|#1        | 94/800 [00:03<00:22, 30.86it/s, loss=1.5352]
Training Navine AI Text:  12%|#1        | 95/800 [00:03<00:22, 30.86it/s, loss=1.3500]
Training Navine AI Text:  12%|#2        | 96/800 [00:03<00:22, 30.86it/s, loss=1.8294]
Training Navine AI Text:  12%|#2        | 97/800 [00:03<00:22, 30.86it/s, loss=1.4344]
Training Navine AI Text:  12%|#2        | 98/800 [00:03<00:22, 31.54it/s, loss=1.4344]
Training Navine AI Text:  12%|#2        | 98/800 [00:03<00:22, 31.54it/s, loss=1.4868]
Training Navine AI Text:  12%|#2        | 99/800 [00:03<00:22, 31.54it/s, loss=1.3020]
Step 100 | Val Loss: 4.3690
Training Navine AI Text:  12%|#2        | 100/800 [00:03<00:22, 31.54it/s, loss=1.2362]
Training Navine AI Text:  13%|#2        | 101/800 [00:04<00:22, 31.54it/s, loss=1.4834]
Training Navine AI Text:  13%|#2        | 102/800 [00:04<00:34, 20.15it/s, loss=1.4834]
Training Navine AI Text:  13%|#2        | 102/800 [00:04<00:34, 20.15it/s, loss=1.0978]
Training Navine AI Text:  13%|#2        | 103/800 [00:04<00:34, 20.15it/s, loss=1.0361]
Training Navine AI Text:  13%|#3        | 104/800 [00:04<00:34, 20.15it/s, loss=1.7244]
Training Navine AI Text:  13%|#3        | 105/800 [00:04<00:34, 20.29it/s, loss=1.7244]
Training Navine AI Text:  13%|#3        | 105/800 [00:04<00:34, 20.29it/s, loss=1.4155]
Training Navine AI Text:  13%|#3        | 106/800 [00:04<00:34, 20.29it/s, loss=1.1852]
Training Navine AI Text:  13%|#3        | 107/800 [00:04<00:34, 20.29it/s, loss=1.0256]
Training Navine AI Text:  14%|#3        | 108/800 [00:04<00:33, 20.57it/s, loss=1.0256]
Training Navine AI Text:  14%|#3        | 108/800 [00:04<00:33, 20.57it/s, loss=1.5934]
Training Navine AI Text:  14%|#3        | 109/800 [00:04<00:33, 20.57it/s, loss=0.9613]
Training Navine AI Text:  14%|#3        | 110/800 [00:04<00:33, 20.57it/s, loss=0.9825]
Training Navine AI Text:  14%|#3        | 111/800 [00:04<00:31, 21.78it/s, loss=0.9825]
Training Navine AI Text:  14%|#3        | 111/800 [00:04<00:31, 21.78it/s, loss=1.3536]
Training Navine AI Text:  14%|#4        | 112/800 [00:04<00:31, 21.78it/s, loss=1.4917]
Training Navine AI Text:  14%|#4        | 113/800 [00:04<00:31, 21.78it/s, loss=0.9340]
Training Navine AI Text:  14%|#4        | 114/800 [00:04<00:31, 21.78it/s, loss=1.2485]
Training Navine AI Text:  14%|#4        | 115/800 [00:04<00:28, 24.24it/s, loss=1.2485]
Training Navine AI Text:  14%|#4        | 115/800 [00:04<00:28, 24.24it/s, loss=1.4457]
Training Navine AI Text:  14%|#4        | 116/800 [00:04<00:28, 24.24it/s, loss=1.0267]
Training Navine AI Text:  15%|#4        | 117/800 [00:04<00:28, 24.24it/s, loss=0.9215]
Training Navine AI Text:  15%|#4        | 118/800 [00:04<00:28, 24.24it/s, loss=1.3577]
Training Navine AI Text:  15%|#4        | 119/800 [00:04<00:26, 26.04it/s, loss=1.3577]
Training Navine AI Text:  15%|#4        | 119/800 [00:04<00:26, 26.04it/s, loss=0.9027]
Training Navine AI Text:  15%|#5        | 120/800 [00:04<00:26, 26.04it/s, loss=0.9530]
Training Navine AI Text:  15%|#5        | 121/800 [00:05<00:26, 26.04it/s, loss=0.8364]
Training Navine AI Text:  15%|#5        | 122/800 [00:05<00:26, 26.04it/s, loss=1.1584]
Training Navine AI Text:  15%|#5        | 123/800 [00:05<00:24, 27.63it/s, loss=1.1584]
Training Navine AI Text:  15%|#5        | 123/800 [00:05<00:24, 27.63it/s, loss=0.8885]
Training Navine AI Text:  16%|#5        | 124/800 [00:05<00:24, 27.63it/s, loss=1.5390]
Training Navine AI Text:  16%|#5        | 125/800 [00:05<00:24, 27.63it/s, loss=1.2211]
Training Navine AI Text:  16%|#5        | 126/800 [00:05<00:23, 28.15it/s, loss=1.2211]
Training Navine AI Text:  16%|#5        | 126/800 [00:05<00:23, 28.15it/s, loss=1.1313]
Training Navine AI Text:  16%|#5        | 127/800 [00:05<00:23, 28.15it/s, loss=0.8591]
Training Navine AI Text:  16%|#6        | 128/800 [00:05<00:23, 28.15it/s, loss=0.8108]
Training Navine AI Text:  16%|#6        | 129/800 [00:05<00:23, 28.15it/s, loss=0.7755]
Training Navine AI Text:  16%|#6        | 130/800 [00:05<00:23, 29.11it/s, loss=0.7755]
Training Navine AI Text:  16%|#6        | 130/800 [00:05<00:23, 29.11it/s, loss=1.1386]
Training Navine AI Text:  16%|#6        | 131/800 [00:05<00:22, 29.11it/s, loss=0.7070]
Training Navine AI Text:  16%|#6        | 132/800 [00:05<00:22, 29.11it/s, loss=1.3166]
Training Navine AI Text:  17%|#6        | 133/800 [00:05<00:22, 29.16it/s, loss=1.3166]
Training Navine AI Text:  17%|#6        | 133/800 [00:05<00:22, 29.16it/s, loss=0.5621]
Training Navine AI Text:  17%|#6        | 134/800 [00:05<00:22, 29.16it/s, loss=0.9996]
Training Navine AI Text:  17%|#6        | 135/800 [00:05<00:22, 29.16it/s, loss=1.1369]
Training Navine AI Text:  17%|#7        | 136/800 [00:05<00:22, 29.13it/s, loss=1.1369]
Training Navine AI Text:  17%|#7        | 136/800 [00:05<00:22, 29.13it/s, loss=0.8777]
Training Navine AI Text:  17%|#7        | 137/800 [00:05<00:22, 29.13it/s, loss=0.6854]
Training Navine AI Text:  17%|#7        | 138/800 [00:05<00:22, 29.13it/s, loss=0.6289]
Training Navine AI Text:  17%|#7        | 139/800 [00:05<00:22, 29.13it/s, loss=1.0736]
Training Navine AI Text:  18%|#7        | 140/800 [00:05<00:22, 29.30it/s, loss=1.0736]
Training Navine AI Text:  18%|#7        | 140/800 [00:05<00:22, 29.30it/s, loss=1.2134]
Training Navine AI Text:  18%|#7        | 141/800 [00:05<00:22, 29.30it/s, loss=0.9649]
Training Navine AI Text:  18%|#7        | 142/800 [00:05<00:22, 29.30it/s, loss=1.0583]
Training Navine AI Text:  18%|#7        | 143/800 [00:05<00:22, 29.20it/s, loss=1.0583]
Training Navine AI Text:  18%|#7        | 143/800 [00:05<00:22, 29.20it/s, loss=0.5915]
Training Navine AI Text:  18%|#8        | 144/800 [00:05<00:22, 29.20it/s, loss=0.7892]
Training Navine AI Text:  18%|#8        | 145/800 [00:05<00:22, 29.20it/s, loss=0.6081]
Training Navine AI Text:  18%|#8        | 146/800 [00:05<00:23, 27.53it/s, loss=0.6081]
Training Navine AI Text:  18%|#8        | 146/800 [00:05<00:23, 27.53it/s, loss=0.9135]
Training Navine AI Text:  18%|#8        | 147/800 [00:05<00:23, 27.53it/s, loss=0.4963]
Training Navine AI Text:  18%|#8        | 148/800 [00:05<00:23, 27.53it/s, loss=1.1981]
Training Navine AI Text:  19%|#8        | 149/800 [00:05<00:23, 27.53it/s, loss=0.4219]
Training Navine AI Text:  19%|#8        | 150/800 [00:05<00:22, 28.84it/s, loss=0.4219]
Training Navine AI Text:  19%|#8        | 150/800 [00:05<00:22, 28.84it/s, loss=0.9524]
Training Navine AI Text:  19%|#8        | 151/800 [00:06<00:22, 28.84it/s, loss=0.9238]
Training Navine AI Text:  19%|#9        | 152/800 [00:06<00:22, 28.84it/s, loss=0.7544]
Training Navine AI Text:  19%|#9        | 153/800 [00:06<00:22, 28.67it/s, loss=0.7544]
Training Navine AI Text:  19%|#9        | 153/800 [00:06<00:22, 28.67it/s, loss=0.9109]
Training Navine AI Text:  19%|#9        | 154/800 [00:06<00:22, 28.67it/s, loss=0.5981]
Training Navine AI Text:  19%|#9        | 155/800 [00:06<00:22, 28.67it/s, loss=0.4219]
Training Navine AI Text:  20%|#9        | 156/800 [00:06<00:22, 28.67it/s, loss=1.0460]
Training Navine AI Text:  20%|#9        | 157/800 [00:06<00:22, 29.07it/s, loss=1.0460]
Training Navine AI Text:  20%|#9        | 157/800 [00:06<00:22, 29.07it/s, loss=0.5253]
Training Navine AI Text:  20%|#9        | 158/800 [00:06<00:22, 29.07it/s, loss=0.8085]
Training Navine AI Text:  20%|#9        | 159/800 [00:06<00:22, 29.07it/s, loss=0.9021]
Training Navine AI Text:  20%|##        | 160/800 [00:06<00:22, 28.27it/s, loss=0.9021]
Training Navine AI Text:  20%|##        | 160/800 [00:06<00:22, 28.27it/s, loss=0.3520]
Training Navine AI Text:  20%|##        | 161/800 [00:06<00:22, 28.27it/s, loss=0.5226]
Training Navine AI Text:  20%|##        | 162/800 [00:06<00:22, 28.27it/s, loss=0.8558]
Training Navine AI Text:  20%|##        | 163/800 [00:06<00:22, 28.27it/s, loss=0.7987]
Training Navine AI Text:  20%|##        | 164/800 [00:06<00:21, 29.04it/s, loss=0.7987]
Training Navine AI Text:  20%|##        | 164/800 [00:06<00:21, 29.04it/s, loss=0.3377]
Training Navine AI Text:  21%|##        | 165/800 [00:06<00:21, 29.04it/s, loss=0.4510]
Training Navine AI Text:  21%|##        | 166/800 [00:06<00:21, 29.04it/s, loss=0.7414]
Training Navine AI Text:  21%|##        | 167/800 [00:06<00:21, 29.04it/s, loss=0.8086]
Training Navine AI Text:  21%|##1       | 168/800 [00:06<00:21, 29.96it/s, loss=0.8086]
Training Navine AI Text:  21%|##1       | 168/800 [00:06<00:21, 29.96it/s, loss=0.3677]
Training Navine AI Text:  21%|##1       | 169/800 [00:06<00:21, 29.96it/s, loss=0.7071]
Training Navine AI Text:  21%|##1       | 170/800 [00:06<00:21, 29.96it/s, loss=0.4124]
Training Navine AI Text:  21%|##1       | 171/800 [00:06<00:20, 29.96it/s, loss=0.8150]
Training Navine AI Text:  22%|##1       | 172/800 [00:06<00:20, 30.15it/s, loss=0.8150]
Training Navine AI Text:  22%|##1       | 172/800 [00:06<00:20, 30.15it/s, loss=0.3536]
Training Navine AI Text:  22%|##1       | 173/800 [00:06<00:20, 30.15it/s, loss=0.3690]
Training Navine AI Text:  22%|##1       | 174/800 [00:06<00:20, 30.15it/s, loss=0.6500]
Training Navine AI Text:  22%|##1       | 175/800 [00:06<00:20, 30.15it/s, loss=0.6073]
Training Navine AI Text:  22%|##2       | 176/800 [00:06<00:19, 32.35it/s, loss=0.6073]
Training Navine AI Text:  22%|##2       | 176/800 [00:06<00:19, 32.35it/s, loss=0.3480]
Training Navine AI Text:  22%|##2       | 177/800 [00:06<00:19, 32.35it/s, loss=0.6355]
Training Navine AI Text:  22%|##2       | 178/800 [00:06<00:19, 32.35it/s, loss=0.6907]
Training Navine AI Text:  22%|##2       | 179/800 [00:06<00:19, 32.35it/s, loss=0.3246]
Training Navine AI Text:  22%|##2       | 180/800 [00:06<00:18, 33.53it/s, loss=0.3246]
Training Navine AI Text:  22%|##2       | 180/800 [00:06<00:18, 33.53it/s, loss=0.3385]
Training Navine AI Text:  23%|##2       | 181/800 [00:06<00:18, 33.53it/s, loss=0.6708]
Training Navine AI Text:  23%|##2       | 182/800 [00:07<00:18, 33.53it/s, loss=0.2623]
Training Navine AI Text:  23%|##2       | 183/800 [00:07<00:18, 33.53it/s, loss=0.6472]
Training Navine AI Text:  23%|##3       | 184/800 [00:07<00:17, 34.29it/s, loss=0.6472]
Training Navine AI Text:  23%|##3       | 184/800 [00:07<00:17, 34.29it/s, loss=0.3578]
Training Navine AI Text:  23%|##3       | 185/800 [00:07<00:17, 34.29it/s, loss=0.5856]
Training Navine AI Text:  23%|##3       | 186/800 [00:07<00:17, 34.29it/s, loss=0.2682]
Training Navine AI Text:  23%|##3       | 187/800 [00:07<00:17, 34.29it/s, loss=0.2385]
Training Navine AI Text:  24%|##3       | 188/800 [00:07<00:17, 35.03it/s, loss=0.2385]
Training Navine AI Text:  24%|##3       | 188/800 [00:07<00:17, 35.03it/s, loss=0.6963]
Training Navine AI Text:  24%|##3       | 189/800 [00:07<00:17, 35.03it/s, loss=0.3118]
Training Navine AI Text:  24%|##3       | 190/800 [00:07<00:17, 35.03it/s, loss=0.5142]
Training Navine AI Text:  24%|##3       | 191/800 [00:07<00:17, 35.03it/s, loss=0.2238]
Training Navine AI Text:  24%|##4       | 192/800 [00:07<00:17, 34.90it/s, loss=0.2238]
Training Navine AI Text:  24%|##4       | 192/800 [00:07<00:17, 34.90it/s, loss=0.6491]
Training Navine AI Text:  24%|##4       | 193/800 [00:07<00:17, 34.90it/s, loss=0.5519]
Training Navine AI Text:  24%|##4       | 194/800 [00:07<00:17, 34.90it/s, loss=0.2211]
Training Navine AI Text:  24%|##4       | 195/800 [00:07<00:17, 34.90it/s, loss=0.4831]
Training Navine AI Text:  24%|##4       | 196/800 [00:07<00:17, 34.67it/s, loss=0.4831]
Training Navine AI Text:  24%|##4       | 196/800 [00:07<00:17, 34.67it/s, loss=0.2341]
Training Navine AI Text:  25%|##4       | 197/800 [00:07<00:17, 34.67it/s, loss=0.3830]
Training Navine AI Text:  25%|##4       | 198/800 [00:07<00:17, 34.67it/s, loss=0.1921]
Training Navine AI Text:  25%|##4       | 199/800 [00:07<00:17, 34.67it/s, loss=0.4575]
Training Navine AI Text:  25%|##5       | 200/800 [00:07<00:17, 34.71it/s, loss=0.4575]
Step 200 | Val Loss: 4.4319
Training Navine AI Text:  25%|##5       | 200/800 [00:07<00:17, 34.71it/s, loss=0.2331]
Training Navine AI Text:  25%|##5       | 201/800 [00:08<00:17, 34.71it/s, loss=0.3262]
Training Navine AI Text:  25%|##5       | 202/800 [00:08<00:17, 34.71it/s, loss=0.2010]
Training Navine AI Text:  25%|##5       | 203/800 [00:08<00:17, 34.71it/s, loss=0.1502]
Training Navine AI Text:  26%|##5       | 204/800 [00:08<01:06,  8.93it/s, loss=0.1502]
Training Navine AI Text:  26%|##5       | 204/800 [00:08<01:06,  8.93it/s, loss=0.4079]
Training Navine AI Text:  26%|##5       | 205/800 [00:08<01:06,  8.93it/s, loss=0.3732]
Training Navine AI Text:  26%|##5       | 206/800 [00:08<01:06,  8.93it/s, loss=0.1779]
Training Navine AI Text:  26%|##5       | 207/800 [00:08<01:06,  8.93it/s, loss=0.2878]
Training Navine AI Text:  26%|##6       | 208/800 [00:08<00:50, 11.62it/s, loss=0.2878]
Training Navine AI Text:  26%|##6       | 208/800 [00:08<00:50, 11.62it/s, loss=0.1900]
Training Navine AI Text:  26%|##6       | 209/800 [00:08<00:50, 11.62it/s, loss=0.4358]
Training Navine AI Text:  26%|##6       | 210/800 [00:08<00:50, 11.62it/s, loss=0.1722]
Training Navine AI Text:  26%|##6       | 211/800 [00:08<00:50, 11.62it/s, loss=0.2255]
Training Navine AI Text:  26%|##6       | 212/800 [00:08<00:50, 11.62it/s, loss=0.1510]
Training Navine AI Text:  27%|##6       | 213/800 [00:08<00:37, 15.46it/s, loss=0.1510]
Training Navine AI Text:  27%|##6       | 213/800 [00:08<00:37, 15.46it/s, loss=0.1473]
Training Navine AI Text:  27%|##6       | 214/800 [00:08<00:37, 15.46it/s, loss=0.2917]
Training Navine AI Text:  27%|##6       | 215/800 [00:09<00:37, 15.46it/s, loss=0.2952]
Training Navine AI Text:  27%|##7       | 216/800 [00:09<00:37, 15.46it/s, loss=0.1289]
Training Navine AI Text:  27%|##7       | 217/800 [00:09<00:31, 18.73it/s, loss=0.1289]
Training Navine AI Text:  27%|##7       | 217/800 [00:09<00:31, 18.73it/s, loss=0.1069]
Training Navine AI Text:  27%|##7       | 218/800 [00:09<00:31, 18.73it/s, loss=0.2661]
Training Navine AI Text:  27%|##7       | 219/800 [00:09<00:31, 18.73it/s, loss=0.2551]
Training Navine AI Text:  28%|##7       | 220/800 [00:09<00:30, 18.73it/s, loss=0.1409]
Training Navine AI Text:  28%|##7       | 221/800 [00:09<00:26, 21.99it/s, loss=0.1409]
Training Navine AI Text:  28%|##7       | 221/800 [00:09<00:26, 21.99it/s, loss=0.1985]
Training Navine AI Text:  28%|##7       | 222/800 [00:09<00:26, 21.99it/s, loss=0.2028]
Training Navine AI Text:  28%|##7       | 223/800 [00:09<00:26, 21.99it/s, loss=0.2475]
Training Navine AI Text:  28%|##8       | 224/800 [00:09<00:26, 21.99it/s, loss=0.1057]
Training Navine AI Text:  28%|##8       | 225/800 [00:09<00:26, 21.99it/s, loss=0.2072]
Training Navine AI Text:  28%|##8       | 226/800 [00:09<00:22, 25.96it/s, loss=0.2072]
Training Navine AI Text:  28%|##8       | 226/800 [00:09<00:22, 25.96it/s, loss=0.1215]
Training Navine AI Text:  28%|##8       | 227/800 [00:09<00:22, 25.96it/s, loss=0.2021]
Training Navine AI Text:  28%|##8       | 228/800 [00:09<00:22, 25.96it/s, loss=0.1018]
Training Navine AI Text:  29%|##8       | 229/800 [00:09<00:21, 25.96it/s, loss=0.0970]
Training Navine AI Text:  29%|##8       | 230/800 [00:09<00:20, 28.46it/s, loss=0.0970]
Training Navine AI Text:  29%|##8       | 230/800 [00:09<00:20, 28.46it/s, loss=0.1781]
Training Navine AI Text:  29%|##8       | 231/800 [00:09<00:19, 28.46it/s, loss=0.1973]
Training Navine AI Text:  29%|##9       | 232/800 [00:09<00:19, 28.46it/s, loss=0.1076]
Training Navine AI Text:  29%|##9       | 233/800 [00:09<00:19, 28.46it/s, loss=0.1020]
Training Navine AI Text:  29%|##9       | 234/800 [00:09<00:18, 30.98it/s, loss=0.1020]
Training Navine AI Text:  29%|##9       | 234/800 [00:09<00:18, 30.98it/s, loss=0.1028]
Training Navine AI Text:  29%|##9       | 235/800 [00:09<00:18, 30.98it/s, loss=0.1796]
Training Navine AI Text:  30%|##9       | 236/800 [00:09<00:18, 30.98it/s, loss=0.1079]
Training Navine AI Text:  30%|##9       | 237/800 [00:09<00:18, 30.98it/s, loss=0.0941]
Training Navine AI Text:  30%|##9       | 238/800 [00:09<00:18, 30.98it/s, loss=0.1105]
Training Navine AI Text:  30%|##9       | 239/800 [00:09<00:16, 33.65it/s, loss=0.1105]
Training Navine AI Text:  30%|##9       | 239/800 [00:09<00:16, 33.65it/s, loss=0.1599]
Training Navine AI Text:  30%|###       | 240/800 [00:09<00:16, 33.65it/s, loss=0.1465]
Training Navine AI Text:  30%|###       | 241/800 [00:09<00:16, 33.65it/s, loss=0.0934]
Training Navine AI Text:  30%|###       | 242/800 [00:09<00:16, 33.65it/s, loss=0.1549]
Training Navine AI Text:  30%|###       | 243/800 [00:09<00:15, 34.95it/s, loss=0.1549]
Training Navine AI Text:  30%|###       | 243/800 [00:09<00:15, 34.95it/s, loss=0.1332]
Training Navine AI Text:  30%|###       | 244/800 [00:09<00:15, 34.95it/s, loss=0.1223]
Training Navine AI Text:  31%|###       | 245/800 [00:09<00:15, 34.95it/s, loss=0.1332]
Training Navine AI Text:  31%|###       | 246/800 [00:09<00:15, 34.95it/s, loss=0.1157]
Training Navine AI Text:  31%|###       | 247/800 [00:09<00:15, 35.84it/s, loss=0.1157]
Training Navine AI Text:  31%|###       | 247/800 [00:09<00:15, 35.84it/s, loss=0.1250]
Training Navine AI Text:  31%|###1      | 248/800 [00:09<00:15, 35.84it/s, loss=0.0718]
Training Navine AI Text:  31%|###1      | 249/800 [00:09<00:15, 35.84it/s, loss=0.1120]
Training Navine AI Text:  31%|###1      | 250/800 [00:09<00:15, 35.84it/s, loss=0.0703]
Training Navine AI Text:  31%|###1      | 251/800 [00:09<00:15, 35.84it/s, loss=0.1506]
Training Navine AI Text:  32%|###1      | 252/800 [00:09<00:14, 37.50it/s, loss=0.1506]
Training Navine AI Text:  32%|###1      | 252/800 [00:09<00:14, 37.50it/s, loss=0.1098]
Training Navine AI Text:  32%|###1      | 253/800 [00:09<00:14, 37.50it/s, loss=0.1210]
Training Navine AI Text:  32%|###1      | 254/800 [00:10<00:14, 37.50it/s, loss=0.1367]
Training Navine AI Text:  32%|###1      | 255/800 [00:10<00:14, 37.50it/s, loss=0.0958]
Training Navine AI Text:  32%|###2      | 256/800 [00:10<00:14, 37.52it/s, loss=0.0958]
Training Navine AI Text:  32%|###2      | 256/800 [00:10<00:14, 37.52it/s, loss=0.0774]
Training Navine AI Text:  32%|###2      | 257/800 [00:10<00:14, 37.52it/s, loss=0.1019]
Training Navine AI Text:  32%|###2      | 258/800 [00:10<00:14, 37.52it/s, loss=0.0909]
Training Navine AI Text:  32%|###2      | 259/800 [00:10<00:14, 37.52it/s, loss=0.0887]
Training Navine AI Text:  32%|###2      | 260/800 [00:10<00:14, 37.52it/s, loss=0.0773]
Training Navine AI Text:  33%|###2      | 261/800 [00:10<00:13, 38.81it/s, loss=0.0773]
Training Navine AI Text:  33%|###2      | 261/800 [00:10<00:13, 38.81it/s, loss=0.0715]
Training Navine AI Text:  33%|###2      | 262/800 [00:10<00:13, 38.81it/s, loss=0.0939]
Training Navine AI Text:  33%|###2      | 263/800 [00:10<00:13, 38.81it/s, loss=0.0868]
Training Navine AI Text:  33%|###3      | 264/800 [00:10<00:13, 38.81it/s, loss=0.1229]
Training Navine AI Text:  33%|###3      | 265/800 [00:10<00:13, 39.12it/s, loss=0.1229]
Training Navine AI Text:  33%|###3      | 265/800 [00:10<00:13, 39.12it/s, loss=0.0571]
Training Navine AI Text:  33%|###3      | 266/800 [00:10<00:13, 39.12it/s, loss=0.0907]
Training Navine AI Text:  33%|###3      | 267/800 [00:10<00:13, 39.12it/s, loss=0.1004]
Training Navine AI Text:  34%|###3      | 268/800 [00:10<00:13, 39.12it/s, loss=0.0874]
Training Navine AI Text:  34%|###3      | 269/800 [00:10<00:13, 39.12it/s, loss=0.1254]
Training Navine AI Text:  34%|###3      | 270/800 [00:10<00:13, 39.56it/s, loss=0.1254]
Training Navine AI Text:  34%|###3      | 270/800 [00:10<00:13, 39.56it/s, loss=0.0803]
Training Navine AI Text:  34%|###3      | 271/800 [00:10<00:13, 39.56it/s, loss=0.0624]
Training Navine AI Text:  34%|###4      | 272/800 [00:10<00:13, 39.56it/s, loss=0.0635]
Training Navine AI Text:  34%|###4      | 273/800 [00:10<00:13, 39.56it/s, loss=0.0668]
Training Navine AI Text:  34%|###4      | 274/800 [00:10<00:13, 39.30it/s, loss=0.0668]
Training Navine AI Text:  34%|###4      | 274/800 [00:10<00:13, 39.30it/s, loss=0.1045]
Training Navine AI Text:  34%|###4      | 275/800 [00:10<00:13, 39.30it/s, loss=0.0801]
Training Navine AI Text:  34%|###4      | 276/800 [00:10<00:13, 39.30it/s, loss=0.0826]
Training Navine AI Text:  35%|###4      | 277/800 [00:10<00:13, 39.30it/s, loss=0.0716]
Training Navine AI Text:  35%|###4      | 278/800 [00:10<00:13, 38.82it/s, loss=0.0716]
Training Navine AI Text:  35%|###4      | 278/800 [00:10<00:13, 38.82it/s, loss=0.0845]
Training Navine AI Text:  35%|###4      | 279/800 [00:10<00:13, 38.82it/s, loss=0.0671]
Training Navine AI Text:  35%|###5      | 280/800 [00:10<00:13, 38.82it/s, loss=0.0776]
Training Navine AI Text:  35%|###5      | 281/800 [00:10<00:13, 38.82it/s, loss=0.0712]
Training Navine AI Text:  35%|###5      | 282/800 [00:10<00:13, 38.82it/s, loss=0.0565]
Training Navine AI Text:  35%|###5      | 283/800 [00:10<00:13, 39.69it/s, loss=0.0565]
Training Navine AI Text:  35%|###5      | 283/800 [00:10<00:13, 39.69it/s, loss=0.0666]
Training Navine AI Text:  36%|###5      | 284/800 [00:10<00:13, 39.69it/s, loss=0.0658]
Training Navine AI Text:  36%|###5      | 285/800 [00:10<00:12, 39.69it/s, loss=0.0617]
Training Navine AI Text:  36%|###5      | 286/800 [00:10<00:12, 39.69it/s, loss=0.0688]
Training Navine AI Text:  36%|###5      | 287/800 [00:10<00:13, 38.80it/s, loss=0.0688]
Training Navine AI Text:  36%|###5      | 287/800 [00:10<00:13, 38.80it/s, loss=0.0811]
Training Navine AI Text:  36%|###6      | 288/800 [00:10<00:13, 38.80it/s, loss=0.0321]
Training Navine AI Text:  36%|###6      | 289/800 [00:10<00:13, 38.80it/s, loss=0.0669]
Training Navine AI Text:  36%|###6      | 290/800 [00:10<00:13, 38.80it/s, loss=0.0457]
Training Navine AI Text:  36%|###6      | 291/800 [00:10<00:13, 38.90it/s, loss=0.0457]
Training Navine AI Text:  36%|###6      | 291/800 [00:10<00:13, 38.90it/s, loss=0.0663]
Training Navine AI Text:  36%|###6      | 292/800 [00:10<00:13, 38.90it/s, loss=0.0993]
Training Navine AI Text:  37%|###6      | 293/800 [00:10<00:13, 38.90it/s, loss=0.0738]
Training Navine AI Text:  37%|###6      | 294/800 [00:11<00:13, 38.90it/s, loss=0.0551]
Training Navine AI Text:  37%|###6      | 295/800 [00:11<00:13, 38.81it/s, loss=0.0551]
Training Navine AI Text:  37%|###6      | 295/800 [00:11<00:13, 38.81it/s, loss=0.0576]
Training Navine AI Text:  37%|###7      | 296/800 [00:11<00:12, 38.81it/s, loss=0.0607]
Training Navine AI Text:  37%|###7      | 297/800 [00:11<00:12, 38.81it/s, loss=0.0460]
Training Navine AI Text:  37%|###7      | 298/800 [00:11<00:12, 38.81it/s, loss=0.0925]
Training Navine AI Text:  37%|###7      | 299/800 [00:11<00:12, 38.83it/s, loss=0.0925]
Training Navine AI Text:  37%|###7      | 299/800 [00:11<00:12, 38.83it/s, loss=0.0610]
Step 300 | Val Loss: 4.7630
Training Navine AI Text:  38%|###7      | 300/800 [00:11<00:12, 38.83it/s, loss=0.0611]
Training Navine AI Text:  38%|###7      | 301/800 [00:12<00:12, 38.83it/s, loss=0.0537]
Training Navine AI Text:  38%|###7      | 302/800 [00:12<00:12, 38.83it/s, loss=0.0595]
Training Navine AI Text:  38%|###7      | 303/800 [00:12<00:52,  9.51it/s, loss=0.0595]
Training Navine AI Text:  38%|###7      | 303/800 [00:12<00:52,  9.51it/s, loss=0.0528]
Training Navine AI Text:  38%|###8      | 304/800 [00:12<00:52,  9.51it/s, loss=0.0636]
Training Navine AI Text:  38%|###8      | 305/800 [00:12<00:52,  9.51it/s, loss=0.0573]
Training Navine AI Text:  38%|###8      | 306/800 [00:12<00:51,  9.51it/s, loss=0.0411]
Training Navine AI Text:  38%|###8      | 307/800 [00:12<00:40, 12.05it/s, loss=0.0411]
Training Navine AI Text:  38%|###8      | 307/800 [00:12<00:40, 12.05it/s, loss=0.0889]
Training Navine AI Text:  38%|###8      | 308/800 [00:12<00:40, 12.05it/s, loss=0.0573]
Training Navine AI Text:  39%|###8      | 309/800 [00:12<00:40, 12.05it/s, loss=0.0534]
Training Navine AI Text:  39%|###8      | 310/800 [00:12<00:40, 12.05it/s, loss=0.0427]
Training Navine AI Text:  39%|###8      | 311/800 [00:12<00:32, 15.02it/s, loss=0.0427]
Training Navine AI Text:  39%|###8      | 311/800 [00:12<00:32, 15.02it/s, loss=0.0502]
Training Navine AI Text:  39%|###9      | 312/800 [00:12<00:32, 15.02it/s, loss=0.2343]
Training Navine AI Text:  39%|###9      | 313/800 [00:12<00:32, 15.02it/s, loss=0.0588]
Training Navine AI Text:  39%|###9      | 314/800 [00:12<00:32, 15.02it/s, loss=0.0966]
Training Navine AI Text:  39%|###9      | 315/800 [00:12<00:27, 17.68it/s, loss=0.0966]
Training Navine AI Text:  39%|###9      | 315/800 [00:12<00:27, 17.68it/s, loss=0.0473]
Training Navine AI Text:  40%|###9      | 316/800 [00:12<00:27, 17.68it/s, loss=0.0538]
Training Navine AI Text:  40%|###9      | 317/800 [00:12<00:27, 17.68it/s, loss=0.0388]
Training Navine AI Text:  40%|###9      | 318/800 [00:12<00:27, 17.68it/s, loss=0.0601]
Training Navine AI Text:  40%|###9      | 319/800 [00:12<00:23, 20.41it/s, loss=0.0601]
Training Navine AI Text:  40%|###9      | 319/800 [00:12<00:23, 20.41it/s, loss=0.0836]
Training Navine AI Text:  40%|####      | 320/800 [00:12<00:23, 20.41it/s, loss=0.0394]
Training Navine AI Text:  40%|####      | 321/800 [00:12<00:23, 20.41it/s, loss=0.0541]
Training Navine AI Text:  40%|####      | 322/800 [00:12<00:23, 20.41it/s, loss=0.0408]
Training Navine AI Text:  40%|####      | 323/800 [00:12<00:20, 22.90it/s, loss=0.0408]
Training Navine AI Text:  40%|####      | 323/800 [00:12<00:20, 22.90it/s, loss=0.0436]
Training Navine AI Text:  40%|####      | 324/800 [00:12<00:20, 22.90it/s, loss=0.1222]
Training Navine AI Text:  41%|####      | 325/800 [00:13<00:20, 22.90it/s, loss=0.0473]
Training Navine AI Text:  41%|####      | 326/800 [00:13<00:20, 22.90it/s, loss=0.0381]
Training Navine AI Text:  41%|####      | 327/800 [00:13<00:19, 24.84it/s, loss=0.0381]
Training Navine AI Text:  41%|####      | 327/800 [00:13<00:19, 24.84it/s, loss=0.0372]
Training Navine AI Text:  41%|####1     | 328/800 [00:13<00:19, 24.84it/s, loss=0.1218]
Training Navine AI Text:  41%|####1     | 329/800 [00:13<00:18, 24.84it/s, loss=0.0526]
Training Navine AI Text:  41%|####1     | 330/800 [00:13<00:18, 24.84it/s, loss=0.0362]
Training Navine AI Text:  41%|####1     | 331/800 [00:13<00:17, 26.94it/s, loss=0.0362]
Training Navine AI Text:  41%|####1     | 331/800 [00:13<00:17, 26.94it/s, loss=0.0506]
Training Navine AI Text:  42%|####1     | 332/800 [00:13<00:17, 26.94it/s, loss=0.0660]
Training Navine AI Text:  42%|####1     | 333/800 [00:13<00:17, 26.94it/s, loss=0.0429]
Training Navine AI Text:  42%|####1     | 334/800 [00:13<00:17, 26.94it/s, loss=0.0611]
Training Navine AI Text:  42%|####1     | 335/800 [00:13<00:17, 27.11it/s, loss=0.0611]
Training Navine AI Text:  42%|####1     | 335/800 [00:13<00:17, 27.11it/s, loss=0.0421]
Training Navine AI Text:  42%|####2     | 336/800 [00:13<00:17, 27.11it/s, loss=0.0647]
Training Navine AI Text:  42%|####2     | 337/800 [00:13<00:17, 27.11it/s, loss=0.0601]
Training Navine AI Text:  42%|####2     | 338/800 [00:13<00:17, 27.11it/s, loss=0.0881]
Training Navine AI Text:  42%|####2     | 339/800 [00:13<00:16, 28.48it/s, loss=0.0881]
Training Navine AI Text:  42%|####2     | 339/800 [00:13<00:16, 28.48it/s, loss=0.0363]
Training Navine AI Text:  42%|####2     | 340/800 [00:13<00:16, 28.48it/s, loss=0.0332]
Training Navine AI Text:  43%|####2     | 341/800 [00:13<00:16, 28.48it/s, loss=0.0418]
Training Navine AI Text:  43%|####2     | 342/800 [00:13<00:16, 28.48it/s, loss=0.0415]
Training Navine AI Text:  43%|####2     | 343/800 [00:13<00:16, 28.30it/s, loss=0.0415]
Training Navine AI Text:  43%|####2     | 343/800 [00:13<00:16, 28.30it/s, loss=0.0568]
Training Navine AI Text:  43%|####3     | 344/800 [00:13<00:16, 28.30it/s, loss=0.0509]
Training Navine AI Text:  43%|####3     | 345/800 [00:13<00:16, 28.30it/s, loss=0.0554]
Training Navine AI Text:  43%|####3     | 346/800 [00:13<00:16, 28.30it/s, loss=0.0328]
Training Navine AI Text:  43%|####3     | 347/800 [00:13<00:16, 28.14it/s, loss=0.0328]
Training Navine AI Text:  43%|####3     | 347/800 [00:13<00:16, 28.14it/s, loss=0.0416]
Training Navine AI Text:  44%|####3     | 348/800 [00:13<00:16, 28.14it/s, loss=0.0720]
Training Navine AI Text:  44%|####3     | 349/800 [00:13<00:16, 28.14it/s, loss=0.0410]
Training Navine AI Text:  44%|####3     | 350/800 [00:13<00:15, 28.16it/s, loss=0.0410]
Training Navine AI Text:  44%|####3     | 350/800 [00:13<00:15, 28.16it/s, loss=0.0436]
Training Navine AI Text:  44%|####3     | 351/800 [00:13<00:15, 28.16it/s, loss=0.0487]
Training Navine AI Text:  44%|####4     | 352/800 [00:13<00:15, 28.16it/s, loss=0.0545]
Training Navine AI Text:  44%|####4     | 353/800 [00:13<00:15, 28.16it/s, loss=0.0342]
Training Navine AI Text:  44%|####4     | 354/800 [00:13<00:15, 28.76it/s, loss=0.0342]
Training Navine AI Text:  44%|####4     | 354/800 [00:13<00:15, 28.76it/s, loss=0.0439]
Training Navine AI Text:  44%|####4     | 355/800 [00:14<00:15, 28.76it/s, loss=0.0508]
Training Navine AI Text:  44%|####4     | 356/800 [00:14<00:15, 28.76it/s, loss=0.0330]
Training Navine AI Text:  45%|####4     | 357/800 [00:14<00:15, 28.76it/s, loss=0.0391]
Training Navine AI Text:  45%|####4     | 358/800 [00:14<00:15, 29.31it/s, loss=0.0391]
Training Navine AI Text:  45%|####4     | 358/800 [00:14<00:15, 29.31it/s, loss=0.0316]
Training Navine AI Text:  45%|####4     | 359/800 [00:14<00:15, 29.31it/s, loss=0.0340]
Training Navine AI Text:  45%|####5     | 360/800 [00:14<00:15, 29.31it/s, loss=0.2123]
Training Navine AI Text:  45%|####5     | 361/800 [00:14<00:14, 29.31it/s, loss=0.0475]
Training Navine AI Text:  45%|####5     | 362/800 [00:14<00:14, 30.22it/s, loss=0.0475]
Training Navine AI Text:  45%|####5     | 362/800 [00:14<00:14, 30.22it/s, loss=0.0514]
Training Navine AI Text:  45%|####5     | 363/800 [00:14<00:14, 30.22it/s, loss=0.0515]
Training Navine AI Text:  46%|####5     | 364/800 [00:14<00:14, 30.22it/s, loss=0.0453]
Training Navine AI Text:  46%|####5     | 365/800 [00:14<00:14, 30.22it/s, loss=0.0340]
Training Navine AI Text:  46%|####5     | 366/800 [00:14<00:13, 31.34it/s, loss=0.0340]
Training Navine AI Text:  46%|####5     | 366/800 [00:14<00:13, 31.34it/s, loss=0.0407]
Training Navine AI Text:  46%|####5     | 367/800 [00:14<00:13, 31.34it/s, loss=0.0698]
Training Navine AI Text:  46%|####6     | 368/800 [00:14<00:13, 31.34it/s, loss=0.0651]
Training Navine AI Text:  46%|####6     | 369/800 [00:14<00:13, 31.34it/s, loss=0.0443]
Training Navine AI Text:  46%|####6     | 370/800 [00:14<00:14, 30.22it/s, loss=0.0443]
Training Navine AI Text:  46%|####6     | 370/800 [00:14<00:14, 30.22it/s, loss=0.0483]
Training Navine AI Text:  46%|####6     | 371/800 [00:14<00:14, 30.22it/s, loss=0.0668]
Training Navine AI Text:  46%|####6     | 372/800 [00:14<00:14, 30.22it/s, loss=0.0265]
Training Navine AI Text:  47%|####6     | 373/800 [00:14<00:14, 30.22it/s, loss=0.0627]
Training Navine AI Text:  47%|####6     | 374/800 [00:14<00:13, 30.85it/s, loss=0.0627]
Training Navine AI Text:  47%|####6     | 374/800 [00:14<00:13, 30.85it/s, loss=0.0344]
Training Navine AI Text:  47%|####6     | 375/800 [00:14<00:13, 30.85it/s, loss=0.0429]
Training Navine AI Text:  47%|####6     | 376/800 [00:14<00:13, 30.85it/s, loss=0.0595]
Training Navine AI Text:  47%|####7     | 377/800 [00:14<00:13, 30.85it/s, loss=0.0357]
Training Navine AI Text:  47%|####7     | 378/800 [00:14<00:13, 30.48it/s, loss=0.0357]
Training Navine AI Text:  47%|####7     | 378/800 [00:14<00:13, 30.48it/s, loss=0.0362]
Training Navine AI Text:  47%|####7     | 379/800 [00:14<00:13, 30.48it/s, loss=0.0935]
Training Navine AI Text:  48%|####7     | 380/800 [00:14<00:13, 30.48it/s, loss=0.0302]
Training Navine AI Text:  48%|####7     | 381/800 [00:14<00:13, 30.48it/s, loss=0.0549]
Training Navine AI Text:  48%|####7     | 382/800 [00:14<00:13, 30.89it/s, loss=0.0549]
Training Navine AI Text:  48%|####7     | 382/800 [00:14<00:13, 30.89it/s, loss=0.0285]
Training Navine AI Text:  48%|####7     | 383/800 [00:14<00:13, 30.89it/s, loss=0.0333]
Training Navine AI Text:  48%|####8     | 384/800 [00:14<00:13, 30.89it/s, loss=0.1316]
Training Navine AI Text:  48%|####8     | 385/800 [00:14<00:13, 30.89it/s, loss=0.0457]
Training Navine AI Text:  48%|####8     | 386/800 [00:15<00:13, 31.29it/s, loss=0.0457]
Training Navine AI Text:  48%|####8     | 386/800 [00:15<00:13, 31.29it/s, loss=0.0356]
Training Navine AI Text:  48%|####8     | 387/800 [00:15<00:13, 31.29it/s, loss=0.0507]
Training Navine AI Text:  48%|####8     | 388/800 [00:15<00:13, 31.29it/s, loss=0.0279]
Training Navine AI Text:  49%|####8     | 389/800 [00:15<00:13, 31.29it/s, loss=0.0554]
Training Navine AI Text:  49%|####8     | 390/800 [00:15<00:13, 30.70it/s, loss=0.0554]
Training Navine AI Text:  49%|####8     | 390/800 [00:15<00:13, 30.70it/s, loss=0.0399]
Training Navine AI Text:  49%|####8     | 391/800 [00:15<00:13, 30.70it/s, loss=0.0512]
Training Navine AI Text:  49%|####9     | 392/800 [00:15<00:13, 30.70it/s, loss=0.0261]
Training Navine AI Text:  49%|####9     | 393/800 [00:15<00:13, 30.70it/s, loss=0.0359]
Training Navine AI Text:  49%|####9     | 394/800 [00:15<00:13, 30.78it/s, loss=0.0359]
Training Navine AI Text:  49%|####9     | 394/800 [00:15<00:13, 30.78it/s, loss=0.0512]
Training Navine AI Text:  49%|####9     | 395/800 [00:15<00:13, 30.78it/s, loss=0.0580]
Training Navine AI Text:  50%|####9     | 396/800 [00:15<00:13, 30.78it/s, loss=0.0242]
Training Navine AI Text:  50%|####9     | 397/800 [00:15<00:13, 30.78it/s, loss=0.0345]
Training Navine AI Text:  50%|####9     | 398/800 [00:15<00:12, 31.06it/s, loss=0.0345]
Training Navine AI Text:  50%|####9     | 398/800 [00:15<00:12, 31.06it/s, loss=0.0379]
Training Navine AI Text:  50%|####9     | 399/800 [00:15<00:12, 31.06it/s, loss=0.0454]
Step 400 | Val Loss: 4.9919
Training Navine AI Text:  50%|#####     | 400/800 [00:15<00:12, 31.06it/s, loss=0.0376]
Training Navine AI Text:  50%|#####     | 401/800 [00:15<00:12, 31.06it/s, loss=0.0507]
Training Navine AI Text:  50%|#####     | 402/800 [00:15<00:15, 25.38it/s, loss=0.0507]
Training Navine AI Text:  50%|#####     | 402/800 [00:15<00:15, 25.38it/s, loss=0.0362]
Training Navine AI Text:  50%|#####     | 403/800 [00:15<00:15, 25.38it/s, loss=0.0407]
Training Navine AI Text:  50%|#####     | 404/800 [00:15<00:15, 25.38it/s, loss=0.0417]
Training Navine AI Text:  51%|#####     | 405/800 [00:15<00:15, 25.38it/s, loss=0.0364]
Training Navine AI Text:  51%|#####     | 406/800 [00:15<00:14, 26.99it/s, loss=0.0364]
Training Navine AI Text:  51%|#####     | 406/800 [00:15<00:14, 26.99it/s, loss=0.0371]
Training Navine AI Text:  51%|#####     | 407/800 [00:15<00:14, 26.99it/s, loss=0.0425]
Training Navine AI Text:  51%|#####1    | 408/800 [00:15<00:14, 26.99it/s, loss=0.0342]
Training Navine AI Text:  51%|#####1    | 409/800 [00:15<00:14, 26.99it/s, loss=0.0441]
Training Navine AI Text:  51%|#####1    | 410/800 [00:15<00:13, 28.02it/s, loss=0.0441]
Training Navine AI Text:  51%|#####1    | 410/800 [00:15<00:13, 28.02it/s, loss=0.0366]
Training Navine AI Text:  51%|#####1    | 411/800 [00:15<00:13, 28.02it/s, loss=0.0350]
Training Navine AI Text:  52%|#####1    | 412/800 [00:15<00:13, 28.02it/s, loss=0.0330]
Training Navine AI Text:  52%|#####1    | 413/800 [00:15<00:13, 28.02it/s, loss=0.0416]
Training Navine AI Text:  52%|#####1    | 414/800 [00:16<00:13, 29.14it/s, loss=0.0416]
Training Navine AI Text:  52%|#####1    | 414/800 [00:16<00:13, 29.14it/s, loss=0.0534]
Training Navine AI Text:  52%|#####1    | 415/800 [00:16<00:13, 29.14it/s, loss=0.0472]
Training Navine AI Text:  52%|#####2    | 416/800 [00:16<00:13, 29.14it/s, loss=0.0258]
Training Navine AI Text:  52%|#####2    | 417/800 [00:16<00:13, 29.14it/s, loss=0.0714]
Training Navine AI Text:  52%|#####2    | 418/800 [00:16<00:12, 30.02it/s, loss=0.0714]
Training Navine AI Text:  52%|#####2    | 418/800 [00:16<00:12, 30.02it/s, loss=0.0454]
Training Navine AI Text:  52%|#####2    | 419/800 [00:16<00:12, 30.02it/s, loss=0.0265]
Training Navine AI Text:  52%|#####2    | 420/800 [00:16<00:12, 30.02it/s, loss=0.0408]
Training Navine AI Text:  53%|#####2    | 421/800 [00:16<00:12, 30.02it/s, loss=0.0365]
Training Navine AI Text:  53%|#####2    | 422/800 [00:16<00:12, 29.83it/s, loss=0.0365]
Training Navine AI Text:  53%|#####2    | 422/800 [00:16<00:12, 29.83it/s, loss=0.0440]
Training Navine AI Text:  53%|#####2    | 423/800 [00:16<00:12, 29.83it/s, loss=0.0393]
Training Navine AI Text:  53%|#####3    | 424/800 [00:16<00:12, 29.83it/s, loss=0.0375]
Training Navine AI Text:  53%|#####3    | 425/800 [00:16<00:12, 29.83it/s, loss=0.0399]
Training Navine AI Text:  53%|#####3    | 426/800 [00:16<00:12, 29.22it/s, loss=0.0399]
Training Navine AI Text:  53%|#####3    | 426/800 [00:16<00:12, 29.22it/s, loss=0.0286]
Training Navine AI Text:  53%|#####3    | 427/800 [00:16<00:12, 29.22it/s, loss=0.0327]
Training Navine AI Text:  54%|#####3    | 428/800 [00:16<00:12, 29.22it/s, loss=0.1586]
Training Navine AI Text:  54%|#####3    | 429/800 [00:16<00:12, 29.22it/s, loss=0.0289]
Training Navine AI Text:  54%|#####3    | 430/800 [00:16<00:12, 29.78it/s, loss=0.0289]
Training Navine AI Text:  54%|#####3    | 430/800 [00:16<00:12, 29.78it/s, loss=0.0659]
Training Navine AI Text:  54%|#####3    | 431/800 [00:16<00:12, 29.78it/s, loss=0.0302]
Training Navine AI Text:  54%|#####4    | 432/800 [00:16<00:12, 29.78it/s, loss=0.0540]
Training Navine AI Text:  54%|#####4    | 433/800 [00:16<00:12, 29.78it/s, loss=0.0283]
Training Navine AI Text:  54%|#####4    | 434/800 [00:16<00:12, 29.10it/s, loss=0.0283]
Training Navine AI Text:  54%|#####4    | 434/800 [00:16<00:12, 29.10it/s, loss=0.0509]
Training Navine AI Text:  54%|#####4    | 435/800 [00:16<00:12, 29.10it/s, loss=0.0549]
Training Navine AI Text:  55%|#####4    | 436/800 [00:16<00:12, 29.10it/s, loss=0.0250]
Training Navine AI Text:  55%|#####4    | 437/800 [00:16<00:12, 28.54it/s, loss=0.0250]
Training Navine AI Text:  55%|#####4    | 437/800 [00:16<00:12, 28.54it/s, loss=0.0285]
Training Navine AI Text:  55%|#####4    | 438/800 [00:16<00:12, 28.54it/s, loss=0.0329]
Training Navine AI Text:  55%|#####4    | 439/800 [00:16<00:12, 28.54it/s, loss=0.0349]
Training Navine AI Text:  55%|#####5    | 440/800 [00:16<00:12, 28.13it/s, loss=0.0349]
Training Navine AI Text:  55%|#####5    | 440/800 [00:16<00:12, 28.13it/s, loss=0.1290]
Training Navine AI Text:  55%|#####5    | 441/800 [00:16<00:12, 28.13it/s, loss=0.0255]
Training Navine AI Text:  55%|#####5    | 442/800 [00:16<00:12, 28.13it/s, loss=0.1132]
Training Navine AI Text:  55%|#####5    | 443/800 [00:17<00:12, 28.49it/s, loss=0.1132]
Training Navine AI Text:  55%|#####5    | 443/800 [00:17<00:12, 28.49it/s, loss=0.0390]
Training Navine AI Text:  56%|#####5    | 444/800 [00:17<00:12, 28.49it/s, loss=0.0315]
Training Navine AI Text:  56%|#####5    | 445/800 [00:17<00:12, 28.49it/s, loss=0.0395]
Training Navine AI Text:  56%|#####5    | 446/800 [00:17<00:12, 27.71it/s, loss=0.0395]
Training Navine AI Text:  56%|#####5    | 446/800 [00:17<00:12, 27.71it/s, loss=0.0464]
Training Navine AI Text:  56%|#####5    | 447/800 [00:17<00:12, 27.71it/s, loss=0.0252]
Training Navine AI Text:  56%|#####6    | 448/800 [00:17<00:12, 27.71it/s, loss=0.1053]
Training Navine AI Text:  56%|#####6    | 449/800 [00:17<00:12, 27.71it/s, loss=0.0497]
Training Navine AI Text:  56%|#####6    | 450/800 [00:17<00:12, 28.77it/s, loss=0.0497]
Training Navine AI Text:  56%|#####6    | 450/800 [00:17<00:12, 28.77it/s, loss=0.0296]
Training Navine AI Text:  56%|#####6    | 451/800 [00:17<00:12, 28.77it/s, loss=0.0315]
Training Navine AI Text:  56%|#####6    | 452/800 [00:17<00:12, 28.77it/s, loss=0.0455]
Training Navine AI Text:  57%|#####6    | 453/800 [00:17<00:12, 28.77it/s, loss=0.0455]
Training Navine AI Text:  57%|#####6    | 453/800 [00:17<00:12, 28.77it/s, loss=0.0370]
Training Navine AI Text:  57%|#####6    | 454/800 [00:17<00:12, 28.77it/s, loss=0.0232]
Training Navine AI Text:  57%|#####6    | 455/800 [00:17<00:11, 28.77it/s, loss=0.0884]
Training Navine AI Text:  57%|#####6    | 456/800 [00:17<00:12, 28.27it/s, loss=0.0884]
Training Navine AI Text:  57%|#####6    | 456/800 [00:17<00:12, 28.27it/s, loss=0.0364]
Training Navine AI Text:  57%|#####7    | 457/800 [00:17<00:12, 28.27it/s, loss=0.0356]
Training Navine AI Text:  57%|#####7    | 458/800 [00:17<00:12, 28.27it/s, loss=0.0854]
Training Navine AI Text:  57%|#####7    | 459/800 [00:17<00:12, 28.27it/s, loss=0.0261]
Training Navine AI Text:  57%|#####7    | 460/800 [00:17<00:11, 28.79it/s, loss=0.0261]
Training Navine AI Text:  57%|#####7    | 460/800 [00:17<00:11, 28.79it/s, loss=0.0259]
Training Navine AI Text:  58%|#####7    | 461/800 [00:17<00:11, 28.79it/s, loss=0.0577]
Training Navine AI Text:  58%|#####7    | 462/800 [00:17<00:11, 28.79it/s, loss=0.0231]
Training Navine AI Text:  58%|#####7    | 463/800 [00:17<00:11, 28.84it/s, loss=0.0231]
Training Navine AI Text:  58%|#####7    | 463/800 [00:17<00:11, 28.84it/s, loss=0.0296]
Training Navine AI Text:  58%|#####8    | 464/800 [00:17<00:11, 28.84it/s, loss=0.2426]
Training Navine AI Text:  58%|#####8    | 465/800 [00:17<00:11, 28.84it/s, loss=0.0429]
Training Navine AI Text:  58%|#####8    | 466/800 [00:17<00:11, 28.22it/s, loss=0.0429]
Training Navine AI Text:  58%|#####8    | 466/800 [00:17<00:11, 28.22it/s, loss=0.0306]
Training Navine AI Text:  58%|#####8    | 467/800 [00:17<00:11, 28.22it/s, loss=0.0303]
Training Navine AI Text:  58%|#####8    | 468/800 [00:17<00:11, 28.22it/s, loss=0.0379]
Training Navine AI Text:  59%|#####8    | 469/800 [00:17<00:12, 27.27it/s, loss=0.0379]
Training Navine AI Text:  59%|#####8    | 469/800 [00:17<00:12, 27.27it/s, loss=0.0362]
Training Navine AI Text:  59%|#####8    | 470/800 [00:17<00:12, 27.27it/s, loss=0.0354]
Training Navine AI Text:  59%|#####8    | 471/800 [00:18<00:12, 27.27it/s, loss=0.0397]
Training Navine AI Text:  59%|#####8    | 472/800 [00:18<00:11, 27.77it/s, loss=0.0397]
Training Navine AI Text:  59%|#####8    | 472/800 [00:18<00:11, 27.77it/s, loss=0.0402]
Training Navine AI Text:  59%|#####9    | 473/800 [00:18<00:11, 27.77it/s, loss=0.0315]
Training Navine AI Text:  59%|#####9    | 474/800 [00:18<00:11, 27.77it/s, loss=0.0588]
Training Navine AI Text:  59%|#####9    | 475/800 [00:18<00:11, 27.77it/s, loss=0.0284]
Training Navine AI Text:  60%|#####9    | 476/800 [00:18<00:11, 29.09it/s, loss=0.0284]
Training Navine AI Text:  60%|#####9    | 476/800 [00:18<00:11, 29.09it/s, loss=0.0543]
Training Navine AI Text:  60%|#####9    | 477/800 [00:18<00:11, 29.09it/s, loss=0.0370]
Training Navine AI Text:  60%|#####9    | 478/800 [00:18<00:11, 29.09it/s, loss=0.0362]
Training Navine AI Text:  60%|#####9    | 479/800 [00:18<00:10, 29.24it/s, loss=0.0362]
Training Navine AI Text:  60%|#####9    | 479/800 [00:18<00:10, 29.24it/s, loss=0.0318]
Training Navine AI Text:  60%|######    | 480/800 [00:18<00:10, 29.24it/s, loss=0.0552]
Training Navine AI Text:  60%|######    | 481/800 [00:18<00:10, 29.24it/s, loss=0.0319]
Training Navine AI Text:  60%|######    | 482/800 [00:18<00:10, 28.99it/s, loss=0.0319]
Training Navine AI Text:  60%|######    | 482/800 [00:18<00:10, 28.99it/s, loss=0.0313]
Training Navine AI Text:  60%|######    | 483/800 [00:18<00:10, 28.99it/s, loss=0.0336]
Training Navine AI Text:  60%|######    | 484/800 [00:18<00:10, 28.99it/s, loss=0.0433]
Training Navine AI Text:  61%|######    | 485/800 [00:18<00:10, 29.07it/s, loss=0.0433]
Training Navine AI Text:  61%|######    | 485/800 [00:18<00:10, 29.07it/s, loss=0.0235]
Training Navine AI Text:  61%|######    | 486/800 [00:18<00:10, 29.07it/s, loss=0.0529]
Training Navine AI Text:  61%|######    | 487/800 [00:18<00:10, 29.07it/s, loss=0.0370]
Training Navine AI Text:  61%|######1   | 488/800 [00:18<00:10, 28.64it/s, loss=0.0370]
Training Navine AI Text:  61%|######1   | 488/800 [00:18<00:10, 28.64it/s, loss=0.0430]
Training Navine AI Text:  61%|######1   | 489/800 [00:18<00:10, 28.64it/s, loss=0.0459]
Training Navine AI Text:  61%|######1   | 490/800 [00:18<00:10, 28.64it/s, loss=0.0289]
Training Navine AI Text:  61%|######1   | 491/800 [00:18<00:10, 28.64it/s, loss=0.0275]
Training Navine AI Text:  62%|######1   | 492/800 [00:18<00:10, 29.45it/s, loss=0.0275]
Training Navine AI Text:  62%|######1   | 492/800 [00:18<00:10, 29.45it/s, loss=0.0483]
Training Navine AI Text:  62%|######1   | 493/800 [00:18<00:10, 29.45it/s, loss=0.0360]
Training Navine AI Text:  62%|######1   | 494/800 [00:18<00:10, 29.45it/s, loss=0.0393]
Training Navine AI Text:  62%|######1   | 495/800 [00:18<00:10, 29.45it/s, loss=0.0205]
Training Navine AI Text:  62%|######2   | 496/800 [00:18<00:10, 30.33it/s, loss=0.0205]
Training Navine AI Text:  62%|######2   | 496/800 [00:18<00:10, 30.33it/s, loss=0.1474]
Training Navine AI Text:  62%|######2   | 497/800 [00:18<00:09, 30.33it/s, loss=0.0385]
Training Navine AI Text:  62%|######2   | 498/800 [00:18<00:09, 30.33it/s, loss=0.0406]
Training Navine AI Text:  62%|######2   | 499/800 [00:18<00:09, 30.33it/s, loss=0.0341]
Training Navine AI Text:  62%|######2   | 500/800 [00:18<00:10, 29.40it/s, loss=0.0341]
Step 500 | Val Loss: 5.1525
Training Navine AI Text:  62%|######2   | 500/800 [00:18<00:10, 29.40it/s, loss=0.0199]
Training Navine AI Text:  63%|######2   | 501/800 [00:19<00:10, 29.40it/s, loss=0.0453]
Training Navine AI Text:  63%|######2   | 502/800 [00:19<00:10, 29.40it/s, loss=0.0278]
Training Navine AI Text:  63%|######2   | 503/800 [00:19<00:12, 23.66it/s, loss=0.0278]
Training Navine AI Text:  63%|######2   | 503/800 [00:19<00:12, 23.66it/s, loss=0.0270]
Training Navine AI Text:  63%|######3   | 504/800 [00:19<00:12, 23.66it/s, loss=0.1380]
Training Navine AI Text:  63%|######3   | 505/800 [00:19<00:12, 23.66it/s, loss=0.0305]
Training Navine AI Text:  63%|######3   | 506/800 [00:19<00:11, 24.88it/s, loss=0.0305]
Training Navine AI Text:  63%|######3   | 506/800 [00:19<00:11, 24.88it/s, loss=0.0302]
Training Navine AI Text:  63%|######3   | 507/800 [00:19<00:11, 24.88it/s, loss=0.0376]
Training Navine AI Text:  64%|######3   | 508/800 [00:19<00:11, 24.88it/s, loss=0.0527]
Training Navine AI Text:  64%|######3   | 509/800 [00:19<00:11, 24.88it/s, loss=0.0372]
Training Navine AI Text:  64%|######3   | 510/800 [00:19<00:11, 26.20it/s, loss=0.0372]
Training Navine AI Text:  64%|######3   | 510/800 [00:19<00:11, 26.20it/s, loss=0.0601]
Training Navine AI Text:  64%|######3   | 511/800 [00:19<00:11, 26.20it/s, loss=0.0329]
Training Navine AI Text:  64%|######4   | 512/800 [00:19<00:10, 26.20it/s, loss=0.0240]
Training Navine AI Text:  64%|######4   | 513/800 [00:19<00:11, 25.88it/s, loss=0.0240]
Training Navine AI Text:  64%|######4   | 513/800 [00:19<00:11, 25.88it/s, loss=0.0470]
Training Navine AI Text:  64%|######4   | 514/800 [00:19<00:11, 25.88it/s, loss=0.0340]
Training Navine AI Text:  64%|######4   | 515/800 [00:19<00:11, 25.88it/s, loss=0.0248]
Training Navine AI Text:  64%|######4   | 516/800 [00:19<00:10, 26.25it/s, loss=0.0248]
Training Navine AI Text:  64%|######4   | 516/800 [00:19<00:10, 26.25it/s, loss=0.0381]
Training Navine AI Text:  65%|######4   | 517/800 [00:19<00:10, 26.25it/s, loss=0.0314]
Training Navine AI Text:  65%|######4   | 518/800 [00:19<00:10, 26.25it/s, loss=0.0334]
Training Navine AI Text:  65%|######4   | 519/800 [00:19<00:10, 26.25it/s, loss=0.0326]
Training Navine AI Text:  65%|######5   | 520/800 [00:19<00:10, 27.28it/s, loss=0.0326]
Training Navine AI Text:  65%|######5   | 520/800 [00:19<00:10, 27.28it/s, loss=0.0442]
Training Navine AI Text:  65%|######5   | 521/800 [00:19<00:10, 27.28it/s, loss=0.0410]
Training Navine AI Text:  65%|######5   | 522/800 [00:19<00:10, 27.28it/s, loss=0.0480]
Training Navine AI Text:  65%|######5   | 523/800 [00:19<00:10, 27.28it/s, loss=0.0209]
Training Navine AI Text:  66%|######5   | 524/800 [00:19<00:09, 28.10it/s, loss=0.0209]
Training Navine AI Text:  66%|######5   | 524/800 [00:19<00:09, 28.10it/s, loss=0.0394]
Training Navine AI Text:  66%|######5   | 525/800 [00:19<00:09, 28.10it/s, loss=0.0281]
Training Navine AI Text:  66%|######5   | 526/800 [00:19<00:09, 28.10it/s, loss=0.0304]
Training Navine AI Text:  66%|######5   | 527/800 [00:20<00:09, 28.56it/s, loss=0.0304]
Training Navine AI Text:  66%|######5   | 527/800 [00:20<00:09, 28.56it/s, loss=0.0403]
Training Navine AI Text:  66%|######6   | 528/800 [00:20<00:09, 28.56it/s, loss=0.0383]
Training Navine AI Text:  66%|######6   | 529/800 [00:20<00:09, 28.56it/s, loss=0.0337]
Training Navine AI Text:  66%|######6   | 530/800 [00:20<00:09, 28.56it/s, loss=0.0360]
Training Navine AI Text:  66%|######6   | 531/800 [00:20<00:09, 28.94it/s, loss=0.0360]
Training Navine AI Text:  66%|######6   | 531/800 [00:20<00:09, 28.94it/s, loss=0.0315]
Training Navine AI Text:  66%|######6   | 532/800 [00:20<00:09, 28.94it/s, loss=0.0288]
Training Navine AI Text:  67%|######6   | 533/800 [00:20<00:09, 28.94it/s, loss=0.0233]
Training Navine AI Text:  67%|######6   | 534/800 [00:20<00:09, 29.11it/s, loss=0.0233]
Training Navine AI Text:  67%|######6   | 534/800 [00:20<00:09, 29.11it/s, loss=0.0521]
Training Navine AI Text:  67%|######6   | 535/800 [00:20<00:09, 29.11it/s, loss=0.0269]
Training Navine AI Text:  67%|######7   | 536/800 [00:20<00:09, 29.11it/s, loss=0.0553]
Training Navine AI Text:  67%|######7   | 537/800 [00:20<00:09, 29.11it/s, loss=0.0309]
Training Navine AI Text:  67%|######7   | 538/800 [00:20<00:08, 30.02it/s, loss=0.0309]
Training Navine AI Text:  67%|######7   | 538/800 [00:20<00:08, 30.02it/s, loss=0.0262]
Training Navine AI Text:  67%|######7   | 539/800 [00:20<00:08, 30.02it/s, loss=0.0346]
Training Navine AI Text:  68%|######7   | 540/800 [00:20<00:08, 30.02it/s, loss=0.0990]
Training Navine AI Text:  68%|######7   | 541/800 [00:20<00:08, 30.02it/s, loss=0.0400]
Training Navine AI Text:  68%|######7   | 542/800 [00:20<00:08, 30.07it/s, loss=0.0400]
Training Navine AI Text:  68%|######7   | 542/800 [00:20<00:08, 30.07it/s, loss=0.0481]
Training Navine AI Text:  68%|######7   | 543/800 [00:20<00:08, 30.07it/s, loss=0.0251]
Training Navine AI Text:  68%|######8   | 544/800 [00:20<00:08, 30.07it/s, loss=0.0280]
Training Navine AI Text:  68%|######8   | 545/800 [00:20<00:08, 30.07it/s, loss=0.0271]
Training Navine AI Text:  68%|######8   | 546/800 [00:20<00:08, 31.37it/s, loss=0.0271]
Training Navine AI Text:  68%|######8   | 546/800 [00:20<00:08, 31.37it/s, loss=0.0313]
Training Navine AI Text:  68%|######8   | 547/800 [00:20<00:08, 31.37it/s, loss=0.0391]
Training Navine AI Text:  68%|######8   | 548/800 [00:20<00:08, 31.37it/s, loss=0.0392]
Training Navine AI Text:  69%|######8   | 549/800 [00:20<00:08, 31.37it/s, loss=0.0253]
Training Navine AI Text:  69%|######8   | 550/800 [00:20<00:07, 32.26it/s, loss=0.0253]
Training Navine AI Text:  69%|######8   | 550/800 [00:20<00:07, 32.26it/s, loss=0.0353]
Training Navine AI Text:  69%|######8   | 551/800 [00:20<00:07, 32.26it/s, loss=0.0331]
Training Navine AI Text:  69%|######9   | 552/800 [00:20<00:07, 32.26it/s, loss=0.1056]
Training Navine AI Text:  69%|######9   | 553/800 [00:20<00:07, 32.26it/s, loss=0.0256]
Training Navine AI Text:  69%|######9   | 554/800 [00:20<00:08, 30.53it/s, loss=0.0256]
Training Navine AI Text:  69%|######9   | 554/800 [00:20<00:08, 30.53it/s, loss=0.0508]
Training Navine AI Text:  69%|######9   | 555/800 [00:20<00:08, 30.53it/s, loss=0.0327]
Training Navine AI Text:  70%|######9   | 556/800 [00:20<00:07, 30.53it/s, loss=0.0460]
Training Navine AI Text:  70%|######9   | 557/800 [00:20<00:07, 30.53it/s, loss=0.0662]
Training Navine AI Text:  70%|######9   | 558/800 [00:21<00:07, 31.91it/s, loss=0.0662]
Training Navine AI Text:  70%|######9   | 558/800 [00:21<00:07, 31.91it/s, loss=0.0258]
Training Navine AI Text:  70%|######9   | 559/800 [00:21<00:07, 31.91it/s, loss=0.0411]
Training Navine AI Text:  70%|#######   | 560/800 [00:21<00:07, 31.91it/s, loss=0.0241]
Training Navine AI Text:  70%|#######   | 561/800 [00:21<00:07, 31.91it/s, loss=0.0292]
Training Navine AI Text:  70%|#######   | 562/800 [00:21<00:07, 31.63it/s, loss=0.0292]
Training Navine AI Text:  70%|#######   | 562/800 [00:21<00:07, 31.63it/s, loss=0.0337]
Training Navine AI Text:  70%|#######   | 563/800 [00:21<00:07, 31.63it/s, loss=0.0335]
Training Navine AI Text:  70%|#######   | 564/800 [00:21<00:07, 31.63it/s, loss=0.0454]
Training Navine AI Text:  71%|#######   | 565/800 [00:21<00:07, 31.63it/s, loss=0.0278]
Training Navine AI Text:  71%|#######   | 566/800 [00:21<00:07, 32.22it/s, loss=0.0278]
Training Navine AI Text:  71%|#######   | 566/800 [00:21<00:07, 32.22it/s, loss=0.0362]
Training Navine AI Text:  71%|#######   | 567/800 [00:21<00:07, 32.22it/s, loss=0.0319]
Training Navine AI Text:  71%|#######1  | 568/800 [00:21<00:07, 32.22it/s, loss=0.0512]
Training Navine AI Text:  71%|#######1  | 569/800 [00:21<00:07, 32.22it/s, loss=0.0256]
Training Navine AI Text:  71%|#######1  | 570/800 [00:21<00:06, 33.22it/s, loss=0.0256]
Training Navine AI Text:  71%|#######1  | 570/800 [00:21<00:06, 33.22it/s, loss=0.0428]
Training Navine AI Text:  71%|#######1  | 571/800 [00:21<00:06, 33.22it/s, loss=0.0240]
Training Navine AI Text:  72%|#######1  | 572/800 [00:21<00:06, 33.22it/s, loss=0.1300]
Training Navine AI Text:  72%|#######1  | 573/800 [00:21<00:06, 33.22it/s, loss=0.0310]
Training Navine AI Text:  72%|#######1  | 574/800 [00:21<00:06, 32.58it/s, loss=0.0310]
Training Navine AI Text:  72%|#######1  | 574/800 [00:21<00:06, 32.58it/s, loss=0.0327]
Training Navine AI Text:  72%|#######1  | 575/800 [00:21<00:06, 32.58it/s, loss=0.0376]
Training Navine AI Text:  72%|#######2  | 576/800 [00:21<00:06, 32.58it/s, loss=0.0244]
Training Navine AI Text:  72%|#######2  | 577/800 [00:21<00:06, 32.58it/s, loss=0.0290]
Training Navine AI Text:  72%|#######2  | 578/800 [00:21<00:06, 32.51it/s, loss=0.0290]
Training Navine AI Text:  72%|#######2  | 578/800 [00:21<00:06, 32.51it/s, loss=0.0222]
Training Navine AI Text:  72%|#######2  | 579/800 [00:21<00:06, 32.51it/s, loss=0.1171]
Training Navine AI Text:  72%|#######2  | 580/800 [00:21<00:06, 32.51it/s, loss=0.0384]
Training Navine AI Text:  73%|#######2  | 581/800 [00:21<00:06, 32.51it/s, loss=0.0248]
Training Navine AI Text:  73%|#######2  | 582/800 [00:21<00:06, 31.68it/s, loss=0.0248]
Training Navine AI Text:  73%|#######2  | 582/800 [00:21<00:06, 31.68it/s, loss=0.0294]
Training Navine AI Text:  73%|#######2  | 583/800 [00:21<00:06, 31.68it/s, loss=0.1118]
Training Navine AI Text:  73%|#######3  | 584/800 [00:21<00:06, 31.68it/s, loss=0.0297]
Training Navine AI Text:  73%|#######3  | 585/800 [00:21<00:06, 31.68it/s, loss=0.0305]
Training Navine AI Text:  73%|#######3  | 586/800 [00:21<00:06, 30.91it/s, loss=0.0305]
Training Navine AI Text:  73%|#######3  | 586/800 [00:21<00:06, 30.91it/s, loss=0.0386]
Training Navine AI Text:  73%|#######3  | 587/800 [00:21<00:06, 30.91it/s, loss=0.0290]
Training Navine AI Text:  74%|#######3  | 588/800 [00:21<00:06, 30.91it/s, loss=0.0348]
Training Navine AI Text:  74%|#######3  | 589/800 [00:21<00:06, 30.91it/s, loss=0.0466]
Training Navine AI Text:  74%|#######3  | 590/800 [00:22<00:06, 30.77it/s, loss=0.0466]
Training Navine AI Text:  74%|#######3  | 590/800 [00:22<00:06, 30.77it/s, loss=0.0293]
Training Navine AI Text:  74%|#######3  | 591/800 [00:22<00:06, 30.77it/s, loss=0.0358]
Training Navine AI Text:  74%|#######4  | 592/800 [00:22<00:06, 30.77it/s, loss=0.0252]
Training Navine AI Text:  74%|#######4  | 593/800 [00:22<00:06, 30.77it/s, loss=0.0552]
Training Navine AI Text:  74%|#######4  | 594/800 [00:22<00:06, 30.64it/s, loss=0.0552]
Training Navine AI Text:  74%|#######4  | 594/800 [00:22<00:06, 30.64it/s, loss=0.0220]
Training Navine AI Text:  74%|#######4  | 595/800 [00:22<00:06, 30.64it/s, loss=0.0380]
Training Navine AI Text:  74%|#######4  | 596/800 [00:22<00:06, 30.64it/s, loss=0.0435]
Training Navine AI Text:  75%|#######4  | 597/800 [00:22<00:06, 30.64it/s, loss=0.0269]
Training Navine AI Text:  75%|#######4  | 598/800 [00:22<00:06, 31.09it/s, loss=0.0269]
Training Navine AI Text:  75%|#######4  | 598/800 [00:22<00:06, 31.09it/s, loss=0.0307]
Training Navine AI Text:  75%|#######4  | 599/800 [00:22<00:06, 31.09it/s, loss=0.0662]
Step 600 | Val Loss: 5.2211
Training Navine AI Text:  75%|#######5  | 600/800 [00:22<00:06, 31.09it/s, loss=0.0266]
Training Navine AI Text:  75%|#######5  | 601/800 [00:22<00:06, 31.09it/s, loss=0.0274]
Training Navine AI Text:  75%|#######5  | 602/800 [00:22<00:07, 26.07it/s, loss=0.0274]
Training Navine AI Text:  75%|#######5  | 602/800 [00:22<00:07, 26.07it/s, loss=0.0278]
Training Navine AI Text:  75%|#######5  | 603/800 [00:22<00:07, 26.07it/s, loss=0.0347]
Training Navine AI Text:  76%|#######5  | 604/800 [00:22<00:07, 26.07it/s, loss=0.0456]
Training Navine AI Text:  76%|#######5  | 605/800 [00:22<00:07, 26.07it/s, loss=0.0249]
Training Navine AI Text:  76%|#######5  | 606/800 [00:22<00:06, 28.08it/s, loss=0.0249]
Training Navine AI Text:  76%|#######5  | 606/800 [00:22<00:06, 28.08it/s, loss=0.0347]
Training Navine AI Text:  76%|#######5  | 607/800 [00:22<00:06, 28.08it/s, loss=0.0327]
Training Navine AI Text:  76%|#######6  | 608/800 [00:22<00:06, 28.08it/s, loss=0.0401]
Training Navine AI Text:  76%|#######6  | 609/800 [00:22<00:06, 28.08it/s, loss=0.0335]
Training Navine AI Text:  76%|#######6  | 610/800 [00:22<00:06, 29.01it/s, loss=0.0335]
Training Navine AI Text:  76%|#######6  | 610/800 [00:22<00:06, 29.01it/s, loss=0.0279]
Training Navine AI Text:  76%|#######6  | 611/800 [00:22<00:06, 29.01it/s, loss=0.0659]
Training Navine AI Text:  76%|#######6  | 612/800 [00:22<00:06, 29.01it/s, loss=0.0189]
Training Navine AI Text:  77%|#######6  | 613/800 [00:22<00:06, 29.01it/s, loss=0.0578]
Training Navine AI Text:  77%|#######6  | 614/800 [00:22<00:06, 29.47it/s, loss=0.0578]
Training Navine AI Text:  77%|#######6  | 614/800 [00:22<00:06, 29.47it/s, loss=0.0265]
Training Navine AI Text:  77%|#######6  | 615/800 [00:22<00:06, 29.47it/s, loss=0.0300]
Training Navine AI Text:  77%|#######7  | 616/800 [00:22<00:06, 29.47it/s, loss=0.0265]
Training Navine AI Text:  77%|#######7  | 617/800 [00:22<00:06, 29.47it/s, loss=0.0253]
Training Navine AI Text:  77%|#######7  | 618/800 [00:22<00:06, 29.95it/s, loss=0.0253]
Training Navine AI Text:  77%|#######7  | 618/800 [00:22<00:06, 29.95it/s, loss=0.0372]
Training Navine AI Text:  77%|#######7  | 619/800 [00:23<00:06, 29.95it/s, loss=0.0415]
Training Navine AI Text:  78%|#######7  | 620/800 [00:23<00:06, 29.95it/s, loss=0.0294]
Training Navine AI Text:  78%|#######7  | 621/800 [00:23<00:05, 29.95it/s, loss=0.0241]
Training Navine AI Text:  78%|#######7  | 622/800 [00:23<00:05, 29.89it/s, loss=0.0241]
Training Navine AI Text:  78%|#######7  | 622/800 [00:23<00:05, 29.89it/s, loss=0.0641]
Training Navine AI Text:  78%|#######7  | 623/800 [00:23<00:05, 29.89it/s, loss=0.0443]
Training Navine AI Text:  78%|#######8  | 624/800 [00:23<00:05, 29.89it/s, loss=0.0188]
Training Navine AI Text:  78%|#######8  | 625/800 [00:23<00:05, 29.89it/s, loss=0.0354]
Training Navine AI Text:  78%|#######8  | 626/800 [00:23<00:05, 30.55it/s, loss=0.0354]
Training Navine AI Text:  78%|#######8  | 626/800 [00:23<00:05, 30.55it/s, loss=0.0268]
Training Navine AI Text:  78%|#######8  | 627/800 [00:23<00:05, 30.55it/s, loss=0.0299]
Training Navine AI Text:  78%|#######8  | 628/800 [00:23<00:05, 30.55it/s, loss=0.0395]
Training Navine AI Text:  79%|#######8  | 629/800 [00:23<00:05, 30.55it/s, loss=0.0292]
Training Navine AI Text:  79%|#######8  | 630/800 [00:23<00:05, 29.95it/s, loss=0.0292]
Training Navine AI Text:  79%|#######8  | 630/800 [00:23<00:05, 29.95it/s, loss=0.0439]
Training Navine AI Text:  79%|#######8  | 631/800 [00:23<00:05, 29.95it/s, loss=0.0287]
Training Navine AI Text:  79%|#######9  | 632/800 [00:23<00:05, 29.95it/s, loss=0.0237]
Training Navine AI Text:  79%|#######9  | 633/800 [00:23<00:05, 29.95it/s, loss=0.0238]
Training Navine AI Text:  79%|#######9  | 634/800 [00:23<00:05, 30.12it/s, loss=0.0238]
Training Navine AI Text:  79%|#######9  | 634/800 [00:23<00:05, 30.12it/s, loss=0.0312]
Training Navine AI Text:  79%|#######9  | 635/800 [00:23<00:05, 30.12it/s, loss=0.0365]
Training Navine AI Text:  80%|#######9  | 636/800 [00:23<00:05, 30.12it/s, loss=0.0499]
Training Navine AI Text:  80%|#######9  | 637/800 [00:23<00:05, 30.12it/s, loss=0.0415]
Training Navine AI Text:  80%|#######9  | 638/800 [00:23<00:05, 29.88it/s, loss=0.0415]
Training Navine AI Text:  80%|#######9  | 638/800 [00:23<00:05, 29.88it/s, loss=0.0272]
Training Navine AI Text:  80%|#######9  | 639/800 [00:23<00:05, 29.88it/s, loss=0.0392]
Training Navine AI Text:  80%|########  | 640/800 [00:23<00:05, 29.88it/s, loss=0.0207]
Training Navine AI Text:  80%|########  | 641/800 [00:23<00:05, 29.88it/s, loss=0.0423]
Training Navine AI Text:  80%|########  | 642/800 [00:23<00:05, 30.56it/s, loss=0.0423]
Training Navine AI Text:  80%|########  | 642/800 [00:23<00:05, 30.56it/s, loss=0.0199]
Training Navine AI Text:  80%|########  | 643/800 [00:23<00:05, 30.56it/s, loss=0.0454]
Training Navine AI Text:  80%|########  | 644/800 [00:23<00:05, 30.56it/s, loss=0.0370]
Training Navine AI Text:  81%|########  | 645/800 [00:23<00:05, 30.56it/s, loss=0.0477]
Training Navine AI Text:  81%|########  | 646/800 [00:23<00:04, 30.96it/s, loss=0.0477]
Training Navine AI Text:  81%|########  | 646/800 [00:23<00:04, 30.96it/s, loss=0.0501]
Training Navine AI Text:  81%|########  | 647/800 [00:23<00:04, 30.96it/s, loss=0.0206]
Training Navine AI Text:  81%|########1 | 648/800 [00:23<00:04, 30.96it/s, loss=0.0286]
Training Navine AI Text:  81%|########1 | 649/800 [00:23<00:04, 30.96it/s, loss=0.0280]
Training Navine AI Text:  81%|########1 | 650/800 [00:24<00:04, 32.00it/s, loss=0.0280]
Training Navine AI Text:  81%|########1 | 650/800 [00:24<00:04, 32.00it/s, loss=0.0230]
Training Navine AI Text:  81%|########1 | 651/800 [00:24<00:04, 32.00it/s, loss=0.0498]
Training Navine AI Text:  82%|########1 | 652/800 [00:24<00:04, 32.00it/s, loss=0.0337]
Training Navine AI Text:  82%|########1 | 653/800 [00:24<00:04, 32.00it/s, loss=0.0289]
Training Navine AI Text:  82%|########1 | 654/800 [00:24<00:04, 33.03it/s, loss=0.0289]
Training Navine AI Text:  82%|########1 | 654/800 [00:24<00:04, 33.03it/s, loss=0.0293]
Training Navine AI Text:  82%|########1 | 655/800 [00:24<00:04, 33.03it/s, loss=0.0327]
Training Navine AI Text:  82%|########2 | 656/800 [00:24<00:04, 33.03it/s, loss=0.0408]
Training Navine AI Text:  82%|########2 | 657/800 [00:24<00:04, 33.03it/s, loss=0.0237]
Training Navine AI Text:  82%|########2 | 658/800 [00:24<00:04, 33.75it/s, loss=0.0237]
Training Navine AI Text:  82%|########2 | 658/800 [00:24<00:04, 33.75it/s, loss=0.0252]
Training Navine AI Text:  82%|########2 | 659/800 [00:24<00:04, 33.75it/s, loss=0.0415]
Training Navine AI Text:  82%|########2 | 660/800 [00:24<00:04, 33.75it/s, loss=0.1528]
Training Navine AI Text:  83%|########2 | 661/800 [00:24<00:04, 33.75it/s, loss=0.0200]
Training Navine AI Text:  83%|########2 | 662/800 [00:24<00:03, 34.93it/s, loss=0.0200]
Training Navine AI Text:  83%|########2 | 662/800 [00:24<00:03, 34.93it/s, loss=0.0617]
Training Navine AI Text:  83%|########2 | 663/800 [00:24<00:03, 34.93it/s, loss=0.0299]
Training Navine AI Text:  83%|########2 | 664/800 [00:24<00:03, 34.93it/s, loss=0.1115]
Training Navine AI Text:  83%|########3 | 665/800 [00:24<00:03, 34.93it/s, loss=0.0266]
Training Navine AI Text:  83%|########3 | 666/800 [00:24<00:03, 35.57it/s, loss=0.0266]
Training Navine AI Text:  83%|########3 | 666/800 [00:24<00:03, 35.57it/s, loss=0.0510]
Training Navine AI Text:  83%|########3 | 667/800 [00:24<00:03, 35.57it/s, loss=0.0406]
Training Navine AI Text:  84%|########3 | 668/800 [00:24<00:03, 35.57it/s, loss=0.0193]
Training Navine AI Text:  84%|########3 | 669/800 [00:24<00:03, 35.57it/s, loss=0.0252]
Training Navine AI Text:  84%|########3 | 670/800 [00:24<00:03, 36.22it/s, loss=0.0252]
Training Navine AI Text:  84%|########3 | 670/800 [00:24<00:03, 36.22it/s, loss=0.0421]
Training Navine AI Text:  84%|########3 | 671/800 [00:24<00:03, 36.22it/s, loss=0.0281]
Training Navine AI Text:  84%|########4 | 672/800 [00:24<00:03, 36.22it/s, loss=0.0403]
Training Navine AI Text:  84%|########4 | 673/800 [00:24<00:03, 36.22it/s, loss=0.0259]
Training Navine AI Text:  84%|########4 | 674/800 [00:24<00:03, 36.61it/s, loss=0.0259]
Training Navine AI Text:  84%|########4 | 674/800 [00:24<00:03, 36.61it/s, loss=0.0329]
Training Navine AI Text:  84%|########4 | 675/800 [00:24<00:03, 36.61it/s, loss=0.0340]
Training Navine AI Text:  84%|########4 | 676/800 [00:24<00:03, 36.61it/s, loss=0.0405]
Training Navine AI Text:  85%|########4 | 677/800 [00:24<00:03, 36.61it/s, loss=0.0440]
Training Navine AI Text:  85%|########4 | 678/800 [00:24<00:03, 36.75it/s, loss=0.0440]
Training Navine AI Text:  85%|########4 | 678/800 [00:24<00:03, 36.75it/s, loss=0.0392]
Training Navine AI Text:  85%|########4 | 679/800 [00:24<00:03, 36.75it/s, loss=0.0239]
Training Navine AI Text:  85%|########5 | 680/800 [00:24<00:03, 36.75it/s, loss=0.0250]
Training Navine AI Text:  85%|########5 | 681/800 [00:24<00:03, 36.75it/s, loss=0.0360]
Training Navine AI Text:  85%|########5 | 682/800 [00:24<00:03, 37.28it/s, loss=0.0360]
Training Navine AI Text:  85%|########5 | 682/800 [00:24<00:03, 37.28it/s, loss=0.0581]
Training Navine AI Text:  85%|########5 | 683/800 [00:24<00:03, 37.28it/s, loss=0.0273]
Training Navine AI Text:  86%|########5 | 684/800 [00:24<00:03, 37.28it/s, loss=0.0228]
Training Navine AI Text:  86%|########5 | 685/800 [00:24<00:03, 37.28it/s, loss=0.0281]
Training Navine AI Text:  86%|########5 | 686/800 [00:24<00:02, 38.04it/s, loss=0.0281]
Training Navine AI Text:  86%|########5 | 686/800 [00:24<00:02, 38.04it/s, loss=0.0615]
Training Navine AI Text:  86%|########5 | 687/800 [00:25<00:02, 38.04it/s, loss=0.0318]
Training Navine AI Text:  86%|########6 | 688/800 [00:25<00:02, 38.04it/s, loss=0.0222]
Training Navine AI Text:  86%|########6 | 689/800 [00:25<00:02, 38.04it/s, loss=0.0447]
Training Navine AI Text:  86%|########6 | 690/800 [00:25<00:02, 38.05it/s, loss=0.0447]
Training Navine AI Text:  86%|########6 | 690/800 [00:25<00:02, 38.05it/s, loss=0.0276]
Training Navine AI Text:  86%|########6 | 691/800 [00:25<00:02, 38.05it/s, loss=0.0298]
Training Navine AI Text:  86%|########6 | 692/800 [00:25<00:02, 38.05it/s, loss=0.0242]
Training Navine AI Text:  87%|########6 | 693/800 [00:25<00:02, 38.05it/s, loss=0.0258]
Training Navine AI Text:  87%|########6 | 694/800 [00:25<00:02, 38.05it/s, loss=0.0405]
Training Navine AI Text:  87%|########6 | 695/800 [00:25<00:02, 39.22it/s, loss=0.0405]
Training Navine AI Text:  87%|########6 | 695/800 [00:25<00:02, 39.22it/s, loss=0.0420]
Training Navine AI Text:  87%|########7 | 696/800 [00:25<00:02, 39.22it/s, loss=0.0211]
Training Navine AI Text:  87%|########7 | 697/800 [00:25<00:02, 39.22it/s, loss=0.0309]
Training Navine AI Text:  87%|########7 | 698/800 [00:25<00:02, 39.22it/s, loss=0.0217]
Training Navine AI Text:  87%|########7 | 699/800 [00:25<00:02, 39.20it/s, loss=0.0217]
Training Navine AI Text:  87%|########7 | 699/800 [00:25<00:02, 39.20it/s, loss=0.0615]
Step 700 | Val Loss: 5.2332
Training Navine AI Text:  88%|########7 | 700/800 [00:25<00:02, 39.20it/s, loss=0.0406]
Training Navine AI Text:  88%|########7 | 701/800 [00:28<00:02, 39.20it/s, loss=0.0364]
Training Navine AI Text:  88%|########7 | 702/800 [00:28<00:02, 39.20it/s, loss=0.0241]
Training Navine AI Text:  88%|########7 | 703/800 [00:28<00:23,  4.10it/s, loss=0.0241]
Training Navine AI Text:  88%|########7 | 703/800 [00:28<00:23,  4.10it/s, loss=0.0420]
Training Navine AI Text:  88%|########8 | 704/800 [00:28<00:23,  4.10it/s, loss=0.0278]
Training Navine AI Text:  88%|########8 | 705/800 [00:28<00:23,  4.10it/s, loss=0.0253]
Training Navine AI Text:  88%|########8 | 706/800 [00:28<00:18,  5.13it/s, loss=0.0253]
Training Navine AI Text:  88%|########8 | 706/800 [00:28<00:18,  5.13it/s, loss=0.0611]
Training Navine AI Text:  88%|########8 | 707/800 [00:28<00:18,  5.13it/s, loss=0.0242]
Training Navine AI Text:  88%|########8 | 708/800 [00:28<00:17,  5.13it/s, loss=0.0314]
Training Navine AI Text:  89%|########8 | 709/800 [00:28<00:14,  6.46it/s, loss=0.0314]
Training Navine AI Text:  89%|########8 | 709/800 [00:28<00:14,  6.46it/s, loss=0.0213]
Training Navine AI Text:  89%|########8 | 710/800 [00:28<00:13,  6.46it/s, loss=0.0540]
Training Navine AI Text:  89%|########8 | 711/800 [00:28<00:13,  6.46it/s, loss=0.0311]
Training Navine AI Text:  89%|########9 | 712/800 [00:28<00:10,  8.14it/s, loss=0.0311]
Training Navine AI Text:  89%|########9 | 712/800 [00:28<00:10,  8.14it/s, loss=0.0383]
Training Navine AI Text:  89%|########9 | 713/800 [00:28<00:10,  8.14it/s, loss=0.0251]
Training Navine AI Text:  89%|########9 | 714/800 [00:28<00:10,  8.14it/s, loss=0.0429]
Training Navine AI Text:  89%|########9 | 715/800 [00:28<00:10,  8.14it/s, loss=0.0245]
Training Navine AI Text:  90%|########9 | 716/800 [00:28<00:10,  8.14it/s, loss=0.0883]
Training Navine AI Text:  90%|########9 | 717/800 [00:28<00:07, 11.79it/s, loss=0.0883]
Training Navine AI Text:  90%|########9 | 717/800 [00:28<00:07, 11.79it/s, loss=0.0294]
Training Navine AI Text:  90%|########9 | 718/800 [00:28<00:06, 11.79it/s, loss=0.0319]
Training Navine AI Text:  90%|########9 | 719/800 [00:28<00:06, 11.79it/s, loss=0.0337]
Training Navine AI Text:  90%|######### | 720/800 [00:28<00:06, 11.79it/s, loss=0.0257]
Training Navine AI Text:  90%|######### | 721/800 [00:28<00:06, 11.79it/s, loss=0.0212]
Training Navine AI Text:  90%|######### | 722/800 [00:28<00:04, 15.84it/s, loss=0.0212]
Training Navine AI Text:  90%|######### | 722/800 [00:28<00:04, 15.84it/s, loss=0.0321]
Training Navine AI Text:  90%|######### | 723/800 [00:29<00:04, 15.84it/s, loss=0.0609]
Training Navine AI Text:  90%|######### | 724/800 [00:29<00:04, 15.84it/s, loss=0.0400]
Training Navine AI Text:  91%|######### | 725/800 [00:29<00:04, 15.84it/s, loss=0.0251]
Training Navine AI Text:  91%|######### | 726/800 [00:29<00:04, 15.84it/s, loss=0.0301]
Training Navine AI Text:  91%|######### | 727/800 [00:29<00:03, 20.17it/s, loss=0.0301]
Training Navine AI Text:  91%|######### | 727/800 [00:29<00:03, 20.17it/s, loss=0.0439]
Training Navine AI Text:  91%|#########1| 728/800 [00:29<00:03, 20.17it/s, loss=0.0278]
Training Navine AI Text:  91%|#########1| 729/800 [00:29<00:03, 20.17it/s, loss=0.0226]
Training Navine AI Text:  91%|#########1| 730/800 [00:29<00:03, 20.17it/s, loss=0.0267]
Training Navine AI Text:  91%|#########1| 731/800 [00:29<00:03, 20.17it/s, loss=0.0618]
Training Navine AI Text:  92%|#########1| 732/800 [00:29<00:02, 24.41it/s, loss=0.0618]
Training Navine AI Text:  92%|#########1| 732/800 [00:29<00:02, 24.41it/s, loss=0.0254]
Training Navine AI Text:  92%|#########1| 733/800 [00:29<00:02, 24.41it/s, loss=0.0240]
Training Navine AI Text:  92%|#########1| 734/800 [00:29<00:02, 24.41it/s, loss=0.0234]
Training Navine AI Text:  92%|#########1| 735/800 [00:29<00:02, 24.41it/s, loss=0.0637]
Training Navine AI Text:  92%|#########2| 736/800 [00:29<00:02, 27.21it/s, loss=0.0637]
Training Navine AI Text:  92%|#########2| 736/800 [00:29<00:02, 27.21it/s, loss=0.0429]
Training Navine AI Text:  92%|#########2| 737/800 [00:29<00:02, 27.21it/s, loss=0.0454]
Training Navine AI Text:  92%|#########2| 738/800 [00:29<00:02, 27.21it/s, loss=0.0233]
Training Navine AI Text:  92%|#########2| 739/800 [00:29<00:02, 27.21it/s, loss=0.0363]
Training Navine AI Text:  92%|#########2| 740/800 [00:29<00:02, 27.21it/s, loss=0.0251]
Training Navine AI Text:  93%|#########2| 741/800 [00:29<00:01, 31.22it/s, loss=0.0251]
Training Navine AI Text:  93%|#########2| 741/800 [00:29<00:01, 31.22it/s, loss=0.0287]
Training Navine AI Text:  93%|#########2| 742/800 [00:29<00:01, 31.22it/s, loss=0.0343]
Training Navine AI Text:  93%|#########2| 743/800 [00:29<00:01, 31.22it/s, loss=0.0293]
Training Navine AI Text:  93%|#########3| 744/800 [00:29<00:01, 31.22it/s, loss=0.0374]
Training Navine AI Text:  93%|#########3| 745/800 [00:29<00:01, 31.22it/s, loss=0.0286]
Training Navine AI Text:  93%|#########3| 746/800 [00:29<00:01, 33.74it/s, loss=0.0286]
Training Navine AI Text:  93%|#########3| 746/800 [00:29<00:01, 33.74it/s, loss=0.0626]
Training Navine AI Text:  93%|#########3| 747/800 [00:29<00:01, 33.74it/s, loss=0.0282]
Training Navine AI Text:  94%|#########3| 748/800 [00:29<00:01, 33.74it/s, loss=0.0194]
Training Navine AI Text:  94%|#########3| 749/800 [00:29<00:01, 33.74it/s, loss=0.0246]
Training Navine AI Text:  94%|#########3| 750/800 [00:29<00:01, 33.74it/s, loss=0.0407]
Training Navine AI Text:  94%|#########3| 751/800 [00:29<00:01, 35.28it/s, loss=0.0407]
Training Navine AI Text:  94%|#########3| 751/800 [00:29<00:01, 35.28it/s, loss=0.0513]
Training Navine AI Text:  94%|#########3| 752/800 [00:29<00:01, 35.28it/s, loss=0.0191]
Training Navine AI Text:  94%|#########4| 753/800 [00:29<00:01, 35.28it/s, loss=0.0637]
Training Navine AI Text:  94%|#########4| 754/800 [00:29<00:01, 35.28it/s, loss=0.0279]
Training Navine AI Text:  94%|#########4| 755/800 [00:29<00:01, 35.28it/s, loss=0.0264]
Training Navine AI Text:  94%|#########4| 756/800 [00:29<00:01, 36.11it/s, loss=0.0264]
Training Navine AI Text:  94%|#########4| 756/800 [00:29<00:01, 36.11it/s, loss=0.0223]
Training Navine AI Text:  95%|#########4| 757/800 [00:29<00:01, 36.11it/s, loss=0.0241]
Training Navine AI Text:  95%|#########4| 758/800 [00:29<00:01, 36.11it/s, loss=0.0539]
Training Navine AI Text:  95%|#########4| 759/800 [00:29<00:01, 36.11it/s, loss=0.0391]
Training Navine AI Text:  95%|#########5| 760/800 [00:29<00:01, 36.37it/s, loss=0.0391]
Training Navine AI Text:  95%|#########5| 760/800 [00:29<00:01, 36.37it/s, loss=0.0198]
Training Navine AI Text:  95%|#########5| 761/800 [00:29<00:01, 36.37it/s, loss=0.0274]
Training Navine AI Text:  95%|#########5| 762/800 [00:29<00:01, 36.37it/s, loss=0.0374]
Training Navine AI Text:  95%|#########5| 763/800 [00:29<00:01, 36.37it/s, loss=0.0249]
Training Navine AI Text:  96%|#########5| 764/800 [00:30<00:00, 36.37it/s, loss=0.0558]
Training Navine AI Text:  96%|#########5| 765/800 [00:30<00:00, 38.11it/s, loss=0.0558]
Training Navine AI Text:  96%|#########5| 765/800 [00:30<00:00, 38.11it/s, loss=0.0260]
Training Navine AI Text:  96%|#########5| 766/800 [00:30<00:00, 38.11it/s, loss=0.0296]
Training Navine AI Text:  96%|#########5| 767/800 [00:30<00:00, 38.11it/s, loss=0.0554]
Training Navine AI Text:  96%|#########6| 768/800 [00:30<00:00, 38.11it/s, loss=0.0244]
Training Navine AI Text:  96%|#########6| 769/800 [00:30<00:00, 38.11it/s, loss=0.0351]
Training Navine AI Text:  96%|#########6| 770/800 [00:30<00:00, 39.09it/s, loss=0.0351]
Training Navine AI Text:  96%|#########6| 770/800 [00:30<00:00, 39.09it/s, loss=0.0254]
Training Navine AI Text:  96%|#########6| 771/800 [00:30<00:00, 39.09it/s, loss=0.0369]
Training Navine AI Text:  96%|#########6| 772/800 [00:30<00:00, 39.09it/s, loss=0.0315]
Training Navine AI Text:  97%|#########6| 773/800 [00:30<00:00, 39.09it/s, loss=0.0742]
Training Navine AI Text:  97%|#########6| 774/800 [00:30<00:00, 39.09it/s, loss=0.0300]
Training Navine AI Text:  97%|#########6| 775/800 [00:30<00:00, 39.82it/s, loss=0.0300]
Training Navine AI Text:  97%|#########6| 775/800 [00:30<00:00, 39.82it/s, loss=0.0207]
Training Navine AI Text:  97%|#########7| 776/800 [00:30<00:00, 39.82it/s, loss=0.0323]
Training Navine AI Text:  97%|#########7| 777/800 [00:30<00:00, 39.82it/s, loss=0.0247]
Training Navine AI Text:  97%|#########7| 778/800 [00:30<00:00, 39.82it/s, loss=0.0272]
Training Navine AI Text:  97%|#########7| 779/800 [00:30<00:00, 39.82it/s, loss=0.0384]
Training Navine AI Text:  98%|#########7| 780/800 [00:30<00:00, 35.00it/s, loss=0.0384]
Training Navine AI Text:  98%|#########7| 780/800 [00:30<00:00, 35.00it/s, loss=0.0404]
Training Navine AI Text:  98%|#########7| 781/800 [00:30<00:00, 35.00it/s, loss=0.0233]
Training Navine AI Text:  98%|#########7| 782/800 [00:30<00:00, 35.00it/s, loss=0.0419]
Training Navine AI Text:  98%|#########7| 783/800 [00:30<00:00, 35.00it/s, loss=0.0291]
Training Navine AI Text:  98%|#########8| 784/800 [00:30<00:00, 35.67it/s, loss=0.0291]
Training Navine AI Text:  98%|#########8| 784/800 [00:30<00:00, 35.67it/s, loss=0.0450]
Training Navine AI Text:  98%|#########8| 785/800 [00:30<00:00, 35.67it/s, loss=0.0264]
Training Navine AI Text:  98%|#########8| 786/800 [00:30<00:00, 35.67it/s, loss=0.0315]
Training Navine AI Text:  98%|#########8| 787/800 [00:30<00:00, 35.67it/s, loss=0.0312]
Training Navine AI Text:  98%|#########8| 788/800 [00:30<00:00, 35.67it/s, loss=0.0420]
Training Navine AI Text:  99%|#########8| 789/800 [00:30<00:00, 37.38it/s, loss=0.0420]
Training Navine AI Text:  99%|#########8| 789/800 [00:30<00:00, 37.38it/s, loss=0.0293]
Training Navine AI Text:  99%|#########8| 790/800 [00:30<00:00, 37.38it/s, loss=0.0229]
Training Navine AI Text:  99%|#########8| 791/800 [00:30<00:00, 37.38it/s, loss=0.0301]
Training Navine AI Text:  99%|#########9| 792/800 [00:30<00:00, 37.38it/s, loss=0.1081]
Training Navine AI Text:  99%|#########9| 793/800 [00:30<00:00, 37.38it/s, loss=0.0244]
Training Navine AI Text:  99%|#########9| 794/800 [00:30<00:00, 38.09it/s, loss=0.0244]
Training Navine AI Text:  99%|#########9| 794/800 [00:30<00:00, 38.09it/s, loss=0.0302]
Training Navine AI Text:  99%|#########9| 795/800 [00:30<00:00, 38.09it/s, loss=0.0583]
Training Navine AI Text: 100%|#########9| 796/800 [00:30<00:00, 38.09it/s, loss=0.0256]
Training Navine AI Text: 100%|#########9| 797/800 [00:30<00:00, 38.09it/s, loss=0.0379]
Training Navine AI Text: 100%|#########9| 798/800 [00:30<00:00, 38.09it/s, loss=0.0322]
Training Navine AI Text: 100%|#########9| 799/800 [00:30<00:00, 39.05it/s, loss=0.0322]
Training Navine AI Text: 100%|#########9| 799/800 [00:30<00:00, 39.05it/s, loss=0.0224]
Step 800 | Val Loss: 5.2348
Training Navine AI Text: 100%|##########| 800/800 [00:30<00:00, 39.05it/s, loss=0.0408]
Training Navine AI Text: 100%|##########| 800/800 [00:33<00:00, 24.10it/s, loss=0.0408]
Training complete. Checkpoint saved to C:\Users\hitbo\Downloads\Navine AI\checkpoints\tiny_gpt\latest.pt
Step 4/5: SFT fine-tune
Tokenizer loaded with vocab size of 315
Loaded 12 document(s) from corpus
Prepared pretrain -> C:\Users\hitbo\Downloads\Navine AI\data\tiny_gpt\pretrain.txt
Prepared SFT (5 blocks) -> C:\Users\hitbo\Downloads\Navine AI\data\tiny_gpt\sft.txt
Train tokens ~635 | Val tokens ~31
SFT fine-tuning Tiny GPT (400 steps)...
Navine train device: cuda | mode=hybrid dtype=torch.float16 | cuda_available=True name=NVIDIA GeForce RTX 4060 Laptop GPU vram_gb=8.0 | cpu_threads=21 dataloader={'num_workers': 0, 'pin_memory': True}
Navine AI: yaml architecture differs from checkpoint; forcing fresh medium rebuild
Archived prior weights: C:\Users\hitbo\Downloads\Navine AI\checkpoints\tiny_gpt\archive_compact
Navine AI: fresh rebuild into C:\Users\hitbo\Downloads\Navine AI\checkpoints\tiny_gpt (size_tier=compact)
Navine AI: building BPE tokenizer (vocab=12000)...
Navine Neural Text | params=9,130,368 | device=cuda | tier=compact layers=5 d=384 rope=True swiglu=True rms=True tie=True
Hybrid compute | CPU threads: 21 | DataLoader: {'num_workers': 0, 'pin_memory': True}

Training Navine AI Text:   0%|          | 0/400 [00:00<?, ?it/s]
Training Navine AI Text:   0%|          | 1/400 [00:00<01:28,  4.52it/s]
Training Navine AI Text:   0%|          | 1/400 [00:00<01:28,  4.52it/s, loss=2.6809]
Training Navine AI Text:   0%|          | 2/400 [00:00<01:28,  4.52it/s, loss=2.6765]
Training Navine AI Text:   1%|          | 3/400 [00:00<01:27,  4.52it/s, loss=2.6359]
Training Navine AI Text:   1%|1         | 4/400 [00:00<00:31, 12.71it/s, loss=2.6359]
Training Navine AI Text:   1%|1         | 4/400 [00:00<00:31, 12.71it/s, loss=2.5749]
Training Navine AI Text:   1%|1         | 5/400 [00:00<00:31, 12.71it/s, loss=2.5244]
Training Navine AI Text:   2%|1         | 6/400 [00:00<00:30, 12.71it/s, loss=2.5338]
Training Navine AI Text:   2%|1         | 7/400 [00:00<00:30, 12.71it/s, loss=2.3978]
Training Navine AI Text:   2%|2         | 8/400 [00:00<00:19, 19.76it/s, loss=2.3978]
Training Navine AI Text:   2%|2         | 8/400 [00:00<00:19, 19.76it/s, loss=2.3880]
Training Navine AI Text:   2%|2         | 9/400 [00:00<00:19, 19.76it/s, loss=2.3175]
Training Navine AI Text:   2%|2         | 10/400 [00:00<00:19, 19.76it/s, loss=2.1686]
Training Navine AI Text:   3%|2         | 11/400 [00:00<00:17, 22.25it/s, loss=2.1686]
Training Navine AI Text:   3%|2         | 11/400 [00:00<00:17, 22.25it/s, loss=2.0735]
Training Navine AI Text:   3%|3         | 12/400 [00:00<00:17, 22.25it/s, loss=2.1874]
Training Navine AI Text:   3%|3         | 13/400 [00:00<00:17, 22.25it/s, loss=2.0835]
Training Navine AI Text:   4%|3         | 14/400 [00:00<00:16, 23.31it/s, loss=2.0835]
Training Navine AI Text:   4%|3         | 14/400 [00:00<00:16, 23.31it/s, loss=1.9747]
Training Navine AI Text:   4%|3         | 15/400 [00:00<00:16, 23.31it/s, loss=2.0812]
Training Navine AI Text:   4%|4         | 16/400 [00:00<00:16, 23.31it/s, loss=1.8992]
Training Navine AI Text:   4%|4         | 17/400 [00:00<00:15, 25.15it/s, loss=1.8992]
Training Navine AI Text:   4%|4         | 17/400 [00:00<00:15, 25.15it/s, loss=1.8905]
Training Navine AI Text:   4%|4         | 18/400 [00:00<00:15, 25.15it/s, loss=2.1019]
Training Navine AI Text:   5%|4         | 19/400 [00:00<00:15, 25.15it/s, loss=2.0868]
Training Navine AI Text:   5%|5         | 20/400 [00:00<00:15, 25.15it/s, loss=1.8014]
Training Navine AI Text:   5%|5         | 21/400 [00:00<00:13, 27.40it/s, loss=1.8014]
Training Navine AI Text:   5%|5         | 21/400 [00:00<00:13, 27.40it/s, loss=1.7840]
Training Navine AI Text:   6%|5         | 22/400 [00:00<00:13, 27.40it/s, loss=2.1079]
Training Navine AI Text:   6%|5         | 23/400 [00:00<00:13, 27.40it/s, loss=1.9825]
Training Navine AI Text:   6%|6         | 24/400 [00:01<00:13, 27.40it/s, loss=1.8151]
Training Navine AI Text:   6%|6         | 25/400 [00:01<00:12, 29.26it/s, loss=1.8151]
Training Navine AI Text:   6%|6         | 25/400 [00:01<00:12, 29.26it/s, loss=1.9719]
Training Navine AI Text:   6%|6         | 26/400 [00:01<00:12, 29.26it/s, loss=1.7521]
Training Navine AI Text:   7%|6         | 27/400 [00:01<00:12, 29.26it/s, loss=1.8704]
Training Navine AI Text:   7%|7         | 28/400 [00:01<00:12, 29.26it/s, loss=1.8499]
Training Navine AI Text:   7%|7         | 29/400 [00:01<00:11, 30.95it/s, loss=1.8499]
Training Navine AI Text:   7%|7         | 29/400 [00:01<00:11, 30.95it/s, loss=1.8094]
Training Navine AI Text:   8%|7         | 30/400 [00:01<00:11, 30.95it/s, loss=1.8939]
Training Navine AI Text:   8%|7         | 31/400 [00:01<00:11, 30.95it/s, loss=1.7204]
Training Navine AI Text:   8%|8         | 32/400 [00:01<00:11, 30.95it/s, loss=1.9615]
Training Navine AI Text:   8%|8         | 33/400 [00:01<00:11, 32.72it/s, loss=1.9615]
Training Navine AI Text:   8%|8         | 33/400 [00:01<00:11, 32.72it/s, loss=1.8736]
Training Navine AI Text:   8%|8         | 34/400 [00:01<00:11, 32.72it/s, loss=1.6996]
Training Navine AI Text:   9%|8         | 35/400 [00:01<00:11, 32.72it/s, loss=1.8539]
Training Navine AI Text:   9%|9         | 36/400 [00:01<00:11, 32.72it/s, loss=1.6849]
Training Navine AI Text:   9%|9         | 37/400 [00:01<00:11, 32.69it/s, loss=1.6849]
Training Navine AI Text:   9%|9         | 37/400 [00:01<00:11, 32.69it/s, loss=1.8309]
Training Navine AI Text:  10%|9         | 38/400 [00:01<00:11, 32.69it/s, loss=1.6613]
Training Navine AI Text:  10%|9         | 39/400 [00:01<00:11, 32.69it/s, loss=1.6939]
Training Navine AI Text:  10%|#         | 40/400 [00:01<00:11, 32.69it/s, loss=1.7842]
Training Navine AI Text:  10%|#         | 41/400 [00:01<00:10, 33.75it/s, loss=1.7842]
Training Navine AI Text:  10%|#         | 41/400 [00:01<00:10, 33.75it/s, loss=1.7779]
Training Navine AI Text:  10%|#         | 42/400 [00:01<00:10, 33.75it/s, loss=1.6083]
Training Navine AI Text:  11%|#         | 43/400 [00:01<00:10, 33.75it/s, loss=1.6642]
Training Navine AI Text:  11%|#1        | 44/400 [00:01<00:10, 33.75it/s, loss=1.6928]
Training Navine AI Text:  11%|#1        | 45/400 [00:01<00:10, 33.52it/s, loss=1.6928]
Training Navine AI Text:  11%|#1        | 45/400 [00:01<00:10, 33.52it/s, loss=1.5736]
Training Navine AI Text:  12%|#1        | 46/400 [00:01<00:10, 33.52it/s, loss=1.7364]
Training Navine AI Text:  12%|#1        | 47/400 [00:01<00:10, 33.52it/s, loss=1.6489]
Training Navine AI Text:  12%|#2        | 48/400 [00:01<00:10, 33.52it/s, loss=1.5679]
Training Navine AI Text:  12%|#2        | 49/400 [00:01<00:10, 33.25it/s, loss=1.5679]
Training Navine AI Text:  12%|#2        | 49/400 [00:01<00:10, 33.25it/s, loss=1.4652]
Training Navine AI Text:  12%|#2        | 50/400 [00:01<00:10, 33.25it/s, loss=1.7411]
Training Navine AI Text:  13%|#2        | 51/400 [00:01<00:10, 33.25it/s, loss=1.4204]
Training Navine AI Text:  13%|#3        | 52/400 [00:01<00:10, 33.25it/s, loss=1.6938]
Training Navine AI Text:  13%|#3        | 53/400 [00:01<00:10, 32.92it/s, loss=1.6938]
Training Navine AI Text:  13%|#3        | 53/400 [00:01<00:10, 32.92it/s, loss=1.4301]
Training Navine AI Text:  14%|#3        | 54/400 [00:01<00:10, 32.92it/s, loss=1.5280]
Training Navine AI Text:  14%|#3        | 55/400 [00:01<00:10, 32.92it/s, loss=1.3990]
Training Navine AI Text:  14%|#4        | 56/400 [00:01<00:10, 32.92it/s, loss=1.4386]
Training Navine AI Text:  14%|#4        | 57/400 [00:02<00:10, 32.64it/s, loss=1.4386]
Training Navine AI Text:  14%|#4        | 57/400 [00:02<00:10, 32.64it/s, loss=1.2298]
Training Navine AI Text:  14%|#4        | 58/400 [00:02<00:10, 32.64it/s, loss=1.5543]
Training Navine AI Text:  15%|#4        | 59/400 [00:02<00:10, 32.64it/s, loss=1.2204]
Training Navine AI Text:  15%|#5        | 60/400 [00:02<00:10, 32.64it/s, loss=1.4210]
Training Navine AI Text:  15%|#5        | 61/400 [00:02<00:10, 32.64it/s, loss=1.1637]
Training Navine AI Text:  16%|#5        | 62/400 [00:02<00:09, 35.30it/s, loss=1.1637]
Training Navine AI Text:  16%|#5        | 62/400 [00:02<00:09, 35.30it/s, loss=1.3896]
Training Navine AI Text:  16%|#5        | 63/400 [00:02<00:09, 35.30it/s, loss=1.1346]
Training Navine AI Text:  16%|#6        | 64/400 [00:02<00:09, 35.30it/s, loss=1.3641]
Training Navine AI Text:  16%|#6        | 65/400 [00:02<00:09, 35.30it/s, loss=1.3628]
Training Navine AI Text:  16%|#6        | 66/400 [00:02<00:09, 35.83it/s, loss=1.3628]
Training Navine AI Text:  16%|#6        | 66/400 [00:02<00:09, 35.83it/s, loss=1.0187]
Training Navine AI Text:  17%|#6        | 67/400 [00:02<00:09, 35.83it/s, loss=1.1747]
Training Navine AI Text:  17%|#7        | 68/400 [00:02<00:09, 35.83it/s, loss=1.2105]
Training Navine AI Text:  17%|#7        | 69/400 [00:02<00:09, 35.83it/s, loss=0.9930]
Training Navine AI Text:  18%|#7        | 70/400 [00:02<00:09, 35.83it/s, loss=1.3230]
Training Navine AI Text:  18%|#7        | 71/400 [00:02<00:08, 36.92it/s, loss=1.3230]
Training Navine AI Text:  18%|#7        | 71/400 [00:02<00:08, 36.92it/s, loss=1.1624]
Training Navine AI Text:  18%|#8        | 72/400 [00:02<00:08, 36.92it/s, loss=1.0056]
Training Navine AI Text:  18%|#8        | 73/400 [00:02<00:08, 36.92it/s, loss=1.1854]
Training Navine AI Text:  18%|#8        | 74/400 [00:02<00:08, 36.92it/s, loss=0.8798]
Training Navine AI Text:  19%|#8        | 75/400 [00:02<00:09, 35.21it/s, loss=0.8798]
Training Navine AI Text:  19%|#8        | 75/400 [00:02<00:09, 35.21it/s, loss=1.1353]
Training Navine AI Text:  19%|#9        | 76/400 [00:02<00:09, 35.21it/s, loss=0.8690]
Training Navine AI Text:  19%|#9        | 77/400 [00:02<00:09, 35.21it/s, loss=1.0157]
Training Navine AI Text:  20%|#9        | 78/400 [00:02<00:09, 35.21it/s, loss=0.9449]
Training Navine AI Text:  20%|#9        | 79/400 [00:02<00:09, 33.29it/s, loss=0.9449]
Training Navine AI Text:  20%|#9        | 79/400 [00:02<00:09, 33.29it/s, loss=1.0521]
Training Navine AI Text:  20%|##        | 80/400 [00:02<00:09, 33.29it/s, loss=0.9072]
Training Navine AI Text:  20%|##        | 81/400 [00:02<00:09, 33.29it/s, loss=1.0142]
Training Navine AI Text:  20%|##        | 82/400 [00:02<00:09, 33.29it/s, loss=0.8804]
Training Navine AI Text:  21%|##        | 83/400 [00:02<00:09, 34.63it/s, loss=0.8804]
Training Navine AI Text:  21%|##        | 83/400 [00:02<00:09, 34.63it/s, loss=0.8041]
Training Navine AI Text:  21%|##1       | 84/400 [00:02<00:09, 34.63it/s, loss=1.0204]
Training Navine AI Text:  21%|##1       | 85/400 [00:02<00:09, 34.63it/s, loss=0.7236]
Training Navine AI Text:  22%|##1       | 86/400 [00:02<00:09, 34.63it/s, loss=1.1187]
Training Navine AI Text:  22%|##1       | 87/400 [00:02<00:09, 33.30it/s, loss=1.1187]
Training Navine AI Text:  22%|##1       | 87/400 [00:02<00:09, 33.30it/s, loss=0.9133]
Training Navine AI Text:  22%|##2       | 88/400 [00:02<00:09, 33.30it/s, loss=0.7759]
Training Navine AI Text:  22%|##2       | 89/400 [00:02<00:09, 33.30it/s, loss=0.8340]
Training Navine AI Text:  22%|##2       | 90/400 [00:02<00:09, 33.30it/s, loss=0.8161]
Training Navine AI Text:  23%|##2       | 91/400 [00:03<00:09, 31.89it/s, loss=0.8161]
Training Navine AI Text:  23%|##2       | 91/400 [00:03<00:09, 31.89it/s, loss=0.8484]
Training Navine AI Text:  23%|##3       | 92/400 [00:03<00:09, 31.89it/s, loss=0.7132]
Training Navine AI Text:  23%|##3       | 93/400 [00:03<00:09, 31.89it/s, loss=0.7680]
Training Navine AI Text:  24%|##3       | 94/400 [00:03<00:09, 31.89it/s, loss=0.7918]
Training Navine AI Text:  24%|##3       | 95/400 [00:03<00:09, 30.71it/s, loss=0.7918]
Training Navine AI Text:  24%|##3       | 95/400 [00:03<00:09, 30.71it/s, loss=0.8448]
Training Navine AI Text:  24%|##4       | 96/400 [00:03<00:09, 30.71it/s, loss=0.6253]
Training Navine AI Text:  24%|##4       | 97/400 [00:03<00:09, 30.71it/s, loss=0.6766]
Training Navine AI Text:  24%|##4       | 98/400 [00:03<00:09, 30.71it/s, loss=0.7184]
Training Navine AI Text:  25%|##4       | 99/400 [00:03<00:09, 31.88it/s, loss=0.7184]
Training Navine AI Text:  25%|##4       | 99/400 [00:03<00:09, 31.88it/s, loss=0.7538]
Step 100 | Val Loss: 1.4130
Training Navine AI Text:  25%|##5       | 100/400 [00:03<00:09, 31.88it/s, loss=0.5656]
Training Navine AI Text:  25%|##5       | 101/400 [00:04<00:09, 31.88it/s, loss=0.5875]
Training Navine AI Text:  26%|##5       | 102/400 [00:04<00:09, 31.88it/s, loss=0.6994]
Training Navine AI Text:  26%|##5       | 103/400 [00:04<00:25, 11.78it/s, loss=0.6994]
Training Navine AI Text:  26%|##5       | 103/400 [00:04<00:25, 11.78it/s, loss=0.6615]
Training Navine AI Text:  26%|##6       | 104/400 [00:04<00:25, 11.78it/s, loss=0.5610]
Training Navine AI Text:  26%|##6       | 105/400 [00:04<00:25, 11.78it/s, loss=0.6261]
Training Navine AI Text:  26%|##6       | 106/400 [00:04<00:24, 11.78it/s, loss=0.5524]
Training Navine AI Text:  27%|##6       | 107/400 [00:04<00:19, 14.66it/s, loss=0.5524]
Training Navine AI Text:  27%|##6       | 107/400 [00:04<00:19, 14.66it/s, loss=0.5681]
Training Navine AI Text:  27%|##7       | 108/400 [00:04<00:19, 14.66it/s, loss=0.4898]
Training Navine AI Text:  27%|##7       | 109/400 [00:04<00:19, 14.66it/s, loss=0.4757]
Training Navine AI Text:  28%|##7       | 110/400 [00:04<00:19, 14.66it/s, loss=0.5905]
Training Navine AI Text:  28%|##7       | 111/400 [00:04<00:16, 17.85it/s, loss=0.5905]
Training Navine AI Text:  28%|##7       | 111/400 [00:04<00:16, 17.85it/s, loss=0.4660]
Training Navine AI Text:  28%|##8       | 112/400 [00:04<00:16, 17.85it/s, loss=0.4974]
Training Navine AI Text:  28%|##8       | 113/400 [00:04<00:16, 17.85it/s, loss=0.4461]
Training Navine AI Text:  28%|##8       | 114/400 [00:04<00:16, 17.85it/s, loss=0.4408]
Training Navine AI Text:  29%|##8       | 115/400 [00:04<00:13, 20.75it/s, loss=0.4408]
Training Navine AI Text:  29%|##8       | 115/400 [00:04<00:13, 20.75it/s, loss=0.4305]
Training Navine AI Text:  29%|##9       | 116/400 [00:04<00:13, 20.75it/s, loss=0.4048]
Training Navine AI Text:  29%|##9       | 117/400 [00:04<00:13, 20.75it/s, loss=0.3789]
Training Navine AI Text:  30%|##9       | 118/400 [00:04<00:13, 20.75it/s, loss=0.3698]
Training Navine AI Text:  30%|##9       | 119/400 [00:04<00:12, 23.26it/s, loss=0.3698]
Training Navine AI Text:  30%|##9       | 119/400 [00:04<00:12, 23.26it/s, loss=0.3679]
Training Navine AI Text:  30%|###       | 120/400 [00:04<00:12, 23.26it/s, loss=0.3270]
Training Navine AI Text:  30%|###       | 121/400 [00:04<00:11, 23.26it/s, loss=0.3657]
Training Navine AI Text:  30%|###       | 122/400 [00:04<00:11, 23.26it/s, loss=0.2853]
Training Navine AI Text:  31%|###       | 123/400 [00:04<00:10, 25.33it/s, loss=0.2853]
Training Navine AI Text:  31%|###       | 123/400 [00:04<00:10, 25.33it/s, loss=0.3085]
Training Navine AI Text:  31%|###1      | 124/400 [00:04<00:10, 25.33it/s, loss=0.2894]
Training Navine AI Text:  31%|###1      | 125/400 [00:04<00:10, 25.33it/s, loss=0.2761]
Training Navine AI Text:  32%|###1      | 126/400 [00:04<00:10, 25.33it/s, loss=0.2493]
Training Navine AI Text:  32%|###1      | 127/400 [00:04<00:09, 28.00it/s, loss=0.2493]
Training Navine AI Text:  32%|###1      | 127/400 [00:04<00:09, 28.00it/s, loss=0.2419]
Training Navine AI Text:  32%|###2      | 128/400 [00:04<00:09, 28.00it/s, loss=0.2341]
Training Navine AI Text:  32%|###2      | 129/400 [00:04<00:09, 28.00it/s, loss=0.2346]
Training Navine AI Text:  32%|###2      | 130/400 [00:04<00:09, 28.00it/s, loss=0.2009]
Training Navine AI Text:  33%|###2      | 131/400 [00:04<00:08, 30.09it/s, loss=0.2009]
Training Navine AI Text:  33%|###2      | 131/400 [00:04<00:08, 30.09it/s, loss=0.2055]
Training Navine AI Text:  33%|###3      | 132/400 [00:04<00:08, 30.09it/s, loss=0.1977]
Training Navine AI Text:  33%|###3      | 133/400 [00:04<00:08, 30.09it/s, loss=0.1708]
Training Navine AI Text:  34%|###3      | 134/400 [00:05<00:08, 30.09it/s, loss=0.1818]
Training Navine AI Text:  34%|###3      | 135/400 [00:05<00:08, 31.20it/s, loss=0.1818]
Training Navine AI Text:  34%|###3      | 135/400 [00:05<00:08, 31.20it/s, loss=0.1665]
Training Navine AI Text:  34%|###4      | 136/400 [00:05<00:08, 31.20it/s, loss=0.2015]
Training Navine AI Text:  34%|###4      | 137/400 [00:05<00:08, 31.20it/s, loss=0.1372]
Training Navine AI Text:  34%|###4      | 138/400 [00:05<00:08, 31.20it/s, loss=0.1638]
Training Navine AI Text:  35%|###4      | 139/400 [00:05<00:07, 32.92it/s, loss=0.1638]
Training Navine AI Text:  35%|###4      | 139/400 [00:05<00:07, 32.92it/s, loss=0.1251]
Training Navine AI Text:  35%|###5      | 140/400 [00:05<00:07, 32.92it/s, loss=0.1270]
Training Navine AI Text:  35%|###5      | 141/400 [00:05<00:07, 32.92it/s, loss=0.0904]
Training Navine AI Text:  36%|###5      | 142/400 [00:05<00:07, 32.92it/s, loss=0.1264]
Training Navine AI Text:  36%|###5      | 143/400 [00:05<00:07, 33.61it/s, loss=0.1264]
Training Navine AI Text:  36%|###5      | 143/400 [00:05<00:07, 33.61it/s, loss=0.0759]
Training Navine AI Text:  36%|###6      | 144/400 [00:05<00:07, 33.61it/s, loss=0.1043]
Training Navine AI Text:  36%|###6      | 145/400 [00:05<00:07, 33.61it/s, loss=0.0711]
Training Navine AI Text:  36%|###6      | 146/400 [00:05<00:07, 33.61it/s, loss=0.0966]
Training Navine AI Text:  37%|###6      | 147/400 [00:05<00:07, 34.63it/s, loss=0.0966]
Training Navine AI Text:  37%|###6      | 147/400 [00:05<00:07, 34.63it/s, loss=0.0613]
Training Navine AI Text:  37%|###7      | 148/400 [00:05<00:07, 34.63it/s, loss=0.0956]
Training Navine AI Text:  37%|###7      | 149/400 [00:05<00:07, 34.63it/s, loss=0.0657]
Training Navine AI Text:  38%|###7      | 150/400 [00:05<00:07, 34.63it/s, loss=0.0466]
Training Navine AI Text:  38%|###7      | 151/400 [00:05<00:07, 34.81it/s, loss=0.0466]
Training Navine AI Text:  38%|###7      | 151/400 [00:05<00:07, 34.81it/s, loss=0.0506]
Training Navine AI Text:  38%|###8      | 152/400 [00:05<00:07, 34.81it/s, loss=0.0512]
Training Navine AI Text:  38%|###8      | 153/400 [00:05<00:07, 34.81it/s, loss=0.0484]
Training Navine AI Text:  38%|###8      | 154/400 [00:05<00:07, 34.81it/s, loss=0.0498]
Training Navine AI Text:  39%|###8      | 155/400 [00:05<00:06, 35.52it/s, loss=0.0498]
Training Navine AI Text:  39%|###8      | 155/400 [00:05<00:06, 35.52it/s, loss=0.0355]
Training Navine AI Text:  39%|###9      | 156/400 [00:05<00:06, 35.52it/s, loss=0.0511]
Training Navine AI Text:  39%|###9      | 157/400 [00:05<00:06, 35.52it/s, loss=0.0452]
Training Navine AI Text:  40%|###9      | 158/400 [00:05<00:06, 35.52it/s, loss=0.0294]
Training Navine AI Text:  40%|###9      | 159/400 [00:05<00:06, 34.74it/s, loss=0.0294]
Training Navine AI Text:  40%|###9      | 159/400 [00:05<00:06, 34.74it/s, loss=0.0299]
Training Navine AI Text:  40%|####      | 160/400 [00:05<00:06, 34.74it/s, loss=0.0332]
Training Navine AI Text:  40%|####      | 161/400 [00:05<00:06, 34.74it/s, loss=0.0285]
Training Navine AI Text:  40%|####      | 162/400 [00:05<00:06, 34.74it/s, loss=0.0276]
Training Navine AI Text:  41%|####      | 163/400 [00:05<00:06, 35.02it/s, loss=0.0276]
Training Navine AI Text:  41%|####      | 163/400 [00:05<00:06, 35.02it/s, loss=0.0230]
Training Navine AI Text:  41%|####1     | 164/400 [00:05<00:06, 35.02it/s, loss=0.0342]
Training Navine AI Text:  41%|####1     | 165/400 [00:05<00:06, 35.02it/s, loss=0.0184]
Training Navine AI Text:  42%|####1     | 166/400 [00:05<00:06, 35.02it/s, loss=0.0321]
Training Navine AI Text:  42%|####1     | 167/400 [00:05<00:06, 35.01it/s, loss=0.0321]
Training Navine AI Text:  42%|####1     | 167/400 [00:05<00:06, 35.01it/s, loss=0.0253]
Training Navine AI Text:  42%|####2     | 168/400 [00:05<00:06, 35.01it/s, loss=0.0223]
Training Navine AI Text:  42%|####2     | 169/400 [00:05<00:06, 35.01it/s, loss=0.0211]
Training Navine AI Text:  42%|####2     | 170/400 [00:06<00:06, 35.01it/s, loss=0.0185]
Training Navine AI Text:  43%|####2     | 171/400 [00:06<00:06, 35.05it/s, loss=0.0185]
Training Navine AI Text:  43%|####2     | 171/400 [00:06<00:06, 35.05it/s, loss=0.0187]
Training Navine AI Text:  43%|####3     | 172/400 [00:06<00:06, 35.05it/s, loss=0.0246]
Training Navine AI Text:  43%|####3     | 173/400 [00:06<00:06, 35.05it/s, loss=0.0185]
Training Navine AI Text:  44%|####3     | 174/400 [00:06<00:06, 35.05it/s, loss=0.0150]
Training Navine AI Text:  44%|####3     | 175/400 [00:06<00:06, 35.05it/s, loss=0.0150]
Training Navine AI Text:  44%|####3     | 175/400 [00:06<00:06, 35.05it/s, loss=0.0135]
Training Navine AI Text:  44%|####4     | 176/400 [00:06<00:06, 35.05it/s, loss=0.0350]
Training Navine AI Text:  44%|####4     | 177/400 [00:06<00:06, 35.05it/s, loss=0.0171]
Training Navine AI Text:  44%|####4     | 178/400 [00:06<00:06, 35.05it/s, loss=0.0160]
Training Navine AI Text:  45%|####4     | 179/400 [00:06<00:06, 34.70it/s, loss=0.0160]
Training Navine AI Text:  45%|####4     | 179/400 [00:06<00:06, 34.70it/s, loss=0.0148]
Training Navine AI Text:  45%|####5     | 180/400 [00:06<00:06, 34.70it/s, loss=0.0138]
Training Navine AI Text:  45%|####5     | 181/400 [00:06<00:06, 34.70it/s, loss=0.0136]
Training Navine AI Text:  46%|####5     | 182/400 [00:06<00:06, 34.70it/s, loss=0.0185]
Training Navine AI Text:  46%|####5     | 183/400 [00:06<00:06, 34.39it/s, loss=0.0185]
Training Navine AI Text:  46%|####5     | 183/400 [00:06<00:06, 34.39it/s, loss=0.0110]
Training Navine AI Text:  46%|####6     | 184/400 [00:06<00:06, 34.39it/s, loss=0.0146]
Training Navine AI Text:  46%|####6     | 185/400 [00:06<00:06, 34.39it/s, loss=0.0129]
Training Navine AI Text:  46%|####6     | 186/400 [00:06<00:06, 34.39it/s, loss=0.0114]
Training Navine AI Text:  47%|####6     | 187/400 [00:06<00:06, 34.07it/s, loss=0.0114]
Training Navine AI Text:  47%|####6     | 187/400 [00:06<00:06, 34.07it/s, loss=0.0113]
Training Navine AI Text:  47%|####6     | 188/400 [00:06<00:06, 34.07it/s, loss=0.0125]
Training Navine AI Text:  47%|####7     | 189/400 [00:06<00:06, 34.07it/s, loss=0.0093]
Training Navine AI Text:  48%|####7     | 190/400 [00:06<00:06, 34.07it/s, loss=0.0130]
Training Navine AI Text:  48%|####7     | 191/400 [00:06<00:05, 35.17it/s, loss=0.0130]
Training Navine AI Text:  48%|####7     | 191/400 [00:06<00:05, 35.17it/s, loss=0.0126]
Training Navine AI Text:  48%|####8     | 192/400 [00:06<00:05, 35.17it/s, loss=0.0094]
Training Navine AI Text:  48%|####8     | 193/400 [00:06<00:05, 35.17it/s, loss=0.0106]
Training Navine AI Text:  48%|####8     | 194/400 [00:06<00:05, 35.17it/s, loss=0.0091]
Training Navine AI Text:  49%|####8     | 195/400 [00:06<00:06, 33.97it/s, loss=0.0091]
Training Navine AI Text:  49%|####8     | 195/400 [00:06<00:06, 33.97it/s, loss=0.0106]
Training Navine AI Text:  49%|####9     | 196/400 [00:06<00:06, 33.97it/s, loss=0.0083]
Training Navine AI Text:  49%|####9     | 197/400 [00:06<00:05, 33.97it/s, loss=0.0091]
Training Navine AI Text:  50%|####9     | 198/400 [00:06<00:05, 33.97it/s, loss=0.0095]
Training Navine AI Text:  50%|####9     | 199/400 [00:06<00:05, 33.73it/s, loss=0.0095]
Training Navine AI Text:  50%|####9     | 199/400 [00:06<00:05, 33.73it/s, loss=0.0088]
Step 200 | Val Loss: 0.0183
Training Navine AI Text:  50%|#####     | 200/400 [00:06<00:05, 33.73it/s, loss=0.0095]
Training Navine AI Text:  50%|#####     | 201/400 [00:07<00:05, 33.73it/s, loss=0.0086]
Training Navine AI Text:  50%|#####     | 202/400 [00:07<00:05, 33.73it/s, loss=0.0098]
Training Navine AI Text:  51%|#####     | 203/400 [00:07<00:08, 24.43it/s, loss=0.0098]
Training Navine AI Text:  51%|#####     | 203/400 [00:07<00:08, 24.43it/s, loss=0.0082]
Training Navine AI Text:  51%|#####1    | 204/400 [00:07<00:08, 24.43it/s, loss=0.0084]
Training Navine AI Text:  51%|#####1    | 205/400 [00:07<00:07, 24.43it/s, loss=0.0083]
Training Navine AI Text:  52%|#####1    | 206/400 [00:07<00:07, 24.43it/s, loss=0.0084]
Training Navine AI Text:  52%|#####1    | 207/400 [00:07<00:07, 26.31it/s, loss=0.0084]
Training Navine AI Text:  52%|#####1    | 207/400 [00:07<00:07, 26.31it/s, loss=0.0071]
Training Navine AI Text:  52%|#####2    | 208/400 [00:07<00:07, 26.31it/s, loss=0.0092]
Training Navine AI Text:  52%|#####2    | 209/400 [00:07<00:07, 26.31it/s, loss=0.0084]
Training Navine AI Text:  52%|#####2    | 210/400 [00:07<00:07, 26.36it/s, loss=0.0084]
Training Navine AI Text:  52%|#####2    | 210/400 [00:07<00:07, 26.36it/s, loss=0.0069]
Training Navine AI Text:  53%|#####2    | 211/400 [00:07<00:07, 26.36it/s, loss=0.0074]
Training Navine AI Text:  53%|#####3    | 212/400 [00:07<00:07, 26.36it/s, loss=0.0075]
Training Navine AI Text:  53%|#####3    | 213/400 [00:07<00:07, 26.36it/s, loss=0.0066]
Training Navine AI Text:  54%|#####3    | 214/400 [00:07<00:06, 27.12it/s, loss=0.0066]
Training Navine AI Text:  54%|#####3    | 214/400 [00:07<00:06, 27.12it/s, loss=0.0080]
Training Navine AI Text:  54%|#####3    | 215/400 [00:07<00:06, 27.12it/s, loss=0.0073]
Training Navine AI Text:  54%|#####4    | 216/400 [00:07<00:06, 27.12it/s, loss=0.0070]
Training Navine AI Text:  54%|#####4    | 217/400 [00:07<00:06, 26.75it/s, loss=0.0070]
Training Navine AI Text:  54%|#####4    | 217/400 [00:07<00:06, 26.75it/s, loss=0.0063]
Training Navine AI Text:  55%|#####4    | 218/400 [00:07<00:06, 26.75it/s, loss=0.0077]
Training Navine AI Text:  55%|#####4    | 219/400 [00:07<00:06, 26.75it/s, loss=0.0069]
Training Navine AI Text:  55%|#####5    | 220/400 [00:07<00:06, 26.75it/s, loss=0.0067]
Training Navine AI Text:  55%|#####5    | 221/400 [00:07<00:06, 29.11it/s, loss=0.0067]
Training Navine AI Text:  55%|#####5    | 221/400 [00:07<00:06, 29.11it/s, loss=0.0063]
Training Navine AI Text:  56%|#####5    | 222/400 [00:07<00:06, 29.11it/s, loss=0.0072]
Training Navine AI Text:  56%|#####5    | 223/400 [00:07<00:06, 29.11it/s, loss=0.0070]
Training Navine AI Text:  56%|#####6    | 224/400 [00:07<00:06, 29.11it/s, loss=0.0058]
Training Navine AI Text:  56%|#####6    | 225/400 [00:07<00:06, 28.72it/s, loss=0.0058]
Training Navine AI Text:  56%|#####6    | 225/400 [00:07<00:06, 28.72it/s, loss=0.0065]
Training Navine AI Text:  56%|#####6    | 226/400 [00:07<00:06, 28.72it/s, loss=0.0061]
Training Navine AI Text:  57%|#####6    | 227/400 [00:07<00:06, 28.72it/s, loss=0.0057]
Training Navine AI Text:  57%|#####6    | 228/400 [00:07<00:05, 28.99it/s, loss=0.0057]
Training Navine AI Text:  57%|#####6    | 228/400 [00:07<00:05, 28.99it/s, loss=0.0068]
Training Navine AI Text:  57%|#####7    | 229/400 [00:08<00:05, 28.99it/s, loss=0.0060]
Training Navine AI Text:  57%|#####7    | 230/400 [00:08<00:05, 28.99it/s, loss=0.0063]
Training Navine AI Text:  58%|#####7    | 231/400 [00:08<00:05, 28.97it/s, loss=0.0063]
Training Navine AI Text:  58%|#####7    | 231/400 [00:08<00:05, 28.97it/s, loss=0.0060]
Training Navine AI Text:  58%|#####8    | 232/400 [00:08<00:05, 28.97it/s, loss=0.0062]
Training Navine AI Text:  58%|#####8    | 233/400 [00:08<00:05, 28.97it/s, loss=0.0094]
Training Navine AI Text:  58%|#####8    | 234/400 [00:08<00:05, 28.97it/s, loss=0.0054]
Training Navine AI Text:  59%|#####8    | 235/400 [00:08<00:05, 30.24it/s, loss=0.0054]
Training Navine AI Text:  59%|#####8    | 235/400 [00:08<00:05, 30.24it/s, loss=0.0062]
Training Navine AI Text:  59%|#####8    | 236/400 [00:08<00:05, 30.24it/s, loss=0.0057]
Training Navine AI Text:  59%|#####9    | 237/400 [00:08<00:05, 30.24it/s, loss=0.0058]
Training Navine AI Text:  60%|#####9    | 238/400 [00:08<00:05, 30.24it/s, loss=0.0059]
Training Navine AI Text:  60%|#####9    | 239/400 [00:08<00:05, 30.64it/s, loss=0.0059]
Training Navine AI Text:  60%|#####9    | 239/400 [00:08<00:05, 30.64it/s, loss=0.0066]
Training Navine AI Text:  60%|######    | 240/400 [00:08<00:05, 30.64it/s, loss=0.0050]
Training Navine AI Text:  60%|######    | 241/400 [00:08<00:05, 30.64it/s, loss=0.0056]
Training Navine AI Text:  60%|######    | 242/400 [00:08<00:05, 30.64it/s, loss=0.0068]
Training Navine AI Text:  61%|######    | 243/400 [00:08<00:05, 29.51it/s, loss=0.0068]
Training Navine AI Text:  61%|######    | 243/400 [00:08<00:05, 29.51it/s, loss=0.0153]
Training Navine AI Text:  61%|######1   | 244/400 [00:08<00:05, 29.51it/s, loss=0.0049]
Training Navine AI Text:  61%|######1   | 245/400 [00:08<00:05, 29.51it/s, loss=0.0059]
Training Navine AI Text:  62%|######1   | 246/400 [00:08<00:05, 29.51it/s, loss=0.0057]
Training Navine AI Text:  62%|######1   | 247/400 [00:08<00:05, 29.99it/s, loss=0.0057]
Training Navine AI Text:  62%|######1   | 247/400 [00:08<00:05, 29.99it/s, loss=0.0060]
Training Navine AI Text:  62%|######2   | 248/400 [00:08<00:05, 29.99it/s, loss=0.0051]
Training Navine AI Text:  62%|######2   | 249/400 [00:08<00:05, 29.99it/s, loss=0.0055]
Training Navine AI Text:  62%|######2   | 250/400 [00:08<00:05, 29.99it/s, loss=0.0056]
Training Navine AI Text:  63%|######2   | 251/400 [00:08<00:04, 30.57it/s, loss=0.0056]
Training Navine AI Text:  63%|######2   | 251/400 [00:08<00:04, 30.57it/s, loss=0.0057]
Training Navine AI Text:  63%|######3   | 252/400 [00:08<00:04, 30.57it/s, loss=0.0055]
Training Navine AI Text:  63%|######3   | 253/400 [00:08<00:04, 30.57it/s, loss=0.0061]
Training Navine AI Text:  64%|######3   | 254/400 [00:08<00:04, 30.57it/s, loss=0.0052]
Training Navine AI Text:  64%|######3   | 255/400 [00:08<00:04, 30.59it/s, loss=0.0052]
Training Navine AI Text:  64%|######3   | 255/400 [00:08<00:04, 30.59it/s, loss=0.0060]
Training Navine AI Text:  64%|######4   | 256/400 [00:08<00:04, 30.59it/s, loss=0.0052]
Training Navine AI Text:  64%|######4   | 257/400 [00:08<00:04, 30.59it/s, loss=0.0051]
Training Navine AI Text:  64%|######4   | 258/400 [00:08<00:04, 30.59it/s, loss=0.0073]
Training Navine AI Text:  65%|######4   | 259/400 [00:09<00:04, 29.81it/s, loss=0.0073]
Training Navine AI Text:  65%|######4   | 259/400 [00:09<00:04, 29.81it/s, loss=0.0072]
Training Navine AI Text:  65%|######5   | 260/400 [00:09<00:04, 29.81it/s, loss=0.0053]
Training Navine AI Text:  65%|######5   | 261/400 [00:09<00:04, 29.81it/s, loss=0.0052]
Training Navine AI Text:  66%|######5   | 262/400 [00:09<00:04, 29.67it/s, loss=0.0052]
Training Navine AI Text:  66%|######5   | 262/400 [00:09<00:04, 29.67it/s, loss=0.0055]
Training Navine AI Text:  66%|######5   | 263/400 [00:09<00:04, 29.67it/s, loss=0.0047]
Training Navine AI Text:  66%|######6   | 264/400 [00:09<00:04, 29.67it/s, loss=0.0058]
Training Navine AI Text:  66%|######6   | 265/400 [00:09<00:04, 28.40it/s, loss=0.0058]
Training Navine AI Text:  66%|######6   | 265/400 [00:09<00:04, 28.40it/s, loss=0.0051]
Training Navine AI Text:  66%|######6   | 266/400 [00:09<00:04, 28.40it/s, loss=0.0051]
Training Navine AI Text:  67%|######6   | 267/400 [00:09<00:04, 28.40it/s, loss=0.0054]
Training Navine AI Text:  67%|######7   | 268/400 [00:09<00:04, 28.40it/s, loss=0.0052]
Training Navine AI Text:  67%|######7   | 269/400 [00:09<00:04, 29.56it/s, loss=0.0052]
Training Navine AI Text:  67%|######7   | 269/400 [00:09<00:04, 29.56it/s, loss=0.0056]
Training Navine AI Text:  68%|######7   | 270/400 [00:09<00:04, 29.56it/s, loss=0.0042]
Training Navine AI Text:  68%|######7   | 271/400 [00:09<00:04, 29.56it/s, loss=0.0045]
Training Navine AI Text:  68%|######8   | 272/400 [00:09<00:04, 29.56it/s, loss=0.0055]
Training Navine AI Text:  68%|######8   | 273/400 [00:09<00:04, 31.47it/s, loss=0.0055]
Training Navine AI Text:  68%|######8   | 273/400 [00:09<00:04, 31.47it/s, loss=0.0045]
Training Navine AI Text:  68%|######8   | 274/400 [00:09<00:04, 31.47it/s, loss=0.0054]
Training Navine AI Text:  69%|######8   | 275/400 [00:09<00:03, 31.47it/s, loss=0.0044]
Training Navine AI Text:  69%|######9   | 276/400 [00:09<00:03, 31.47it/s, loss=0.0054]
Training Navine AI Text:  69%|######9   | 277/400 [00:09<00:03, 31.91it/s, loss=0.0054]
Training Navine AI Text:  69%|######9   | 277/400 [00:09<00:03, 31.91it/s, loss=0.0042]
Training Navine AI Text:  70%|######9   | 278/400 [00:09<00:03, 31.91it/s, loss=0.0057]
Training Navine AI Text:  70%|######9   | 279/400 [00:09<00:03, 31.91it/s, loss=0.0054]
Training Navine AI Text:  70%|#######   | 280/400 [00:09<00:03, 31.91it/s, loss=0.0041]
Training Navine AI Text:  70%|#######   | 281/400 [00:09<00:03, 31.47it/s, loss=0.0041]
Training Navine AI Text:  70%|#######   | 281/400 [00:09<00:03, 31.47it/s, loss=0.0046]
Training Navine AI Text:  70%|#######   | 282/400 [00:09<00:03, 31.47it/s, loss=0.0052]
Training Navine AI Text:  71%|#######   | 283/400 [00:09<00:03, 31.47it/s, loss=0.0048]
Training Navine AI Text:  71%|#######1  | 284/400 [00:09<00:03, 31.47it/s, loss=0.0048]
Training Navine AI Text:  71%|#######1  | 285/400 [00:09<00:03, 31.44it/s, loss=0.0048]
Training Navine AI Text:  71%|#######1  | 285/400 [00:09<00:03, 31.44it/s, loss=0.0050]
Training Navine AI Text:  72%|#######1  | 286/400 [00:09<00:03, 31.44it/s, loss=0.0045]
Training Navine AI Text:  72%|#######1  | 287/400 [00:09<00:03, 31.44it/s, loss=0.0048]
Training Navine AI Text:  72%|#######2  | 288/400 [00:09<00:03, 31.44it/s, loss=0.0048]
Training Navine AI Text:  72%|#######2  | 289/400 [00:09<00:03, 30.92it/s, loss=0.0048]
Training Navine AI Text:  72%|#######2  | 289/400 [00:09<00:03, 30.92it/s, loss=0.0053]
Training Navine AI Text:  72%|#######2  | 290/400 [00:10<00:03, 30.92it/s, loss=0.0040]
Training Navine AI Text:  73%|#######2  | 291/400 [00:10<00:03, 30.92it/s, loss=0.0043]
Training Navine AI Text:  73%|#######3  | 292/400 [00:10<00:03, 30.92it/s, loss=0.0051]
Training Navine AI Text:  73%|#######3  | 293/400 [00:10<00:03, 31.04it/s, loss=0.0051]
Training Navine AI Text:  73%|#######3  | 293/400 [00:10<00:03, 31.04it/s, loss=0.0046]
Training Navine AI Text:  74%|#######3  | 294/400 [00:10<00:03, 31.04it/s, loss=0.0047]
Training Navine AI Text:  74%|#######3  | 295/400 [00:10<00:03, 31.04it/s, loss=0.0049]
Training Navine AI Text:  74%|#######4  | 296/400 [00:10<00:03, 31.04it/s, loss=0.0041]
Training Navine AI Text:  74%|#######4  | 297/400 [00:10<00:03, 30.04it/s, loss=0.0041]
Training Navine AI Text:  74%|#######4  | 297/400 [00:10<00:03, 30.04it/s, loss=0.0048]
Training Navine AI Text:  74%|#######4  | 298/400 [00:10<00:03, 30.04it/s, loss=0.0045]
Training Navine AI Text:  75%|#######4  | 299/400 [00:10<00:03, 30.04it/s, loss=0.0045]
Step 300 | Val Loss: 0.0099
Training Navine AI Text:  75%|#######5  | 300/400 [00:10<00:03, 30.04it/s, loss=0.0046]
Training Navine AI Text:  75%|#######5  | 301/400 [00:10<00:04, 23.67it/s, loss=0.0046]
Training Navine AI Text:  75%|#######5  | 301/400 [00:10<00:04, 23.67it/s, loss=0.0047]
Training Navine AI Text:  76%|#######5  | 302/400 [00:10<00:04, 23.67it/s, loss=0.0043]
Training Navine AI Text:  76%|#######5  | 303/400 [00:10<00:04, 23.67it/s, loss=0.0051]
Training Navine AI Text:  76%|#######6  | 304/400 [00:10<00:04, 23.67it/s, loss=0.0040]
Training Navine AI Text:  76%|#######6  | 305/400 [00:10<00:03, 25.75it/s, loss=0.0040]
Training Navine AI Text:  76%|#######6  | 305/400 [00:10<00:03, 25.75it/s, loss=0.0039]
Training Navine AI Text:  76%|#######6  | 306/400 [00:10<00:03, 25.75it/s, loss=0.0053]
Training Navine AI Text:  77%|#######6  | 307/400 [00:10<00:03, 25.75it/s, loss=0.0049]
Training Navine AI Text:  77%|#######7  | 308/400 [00:10<00:03, 25.75it/s, loss=0.0040]
Training Navine AI Text:  77%|#######7  | 309/400 [00:10<00:03, 28.30it/s, loss=0.0040]
Training Navine AI Text:  77%|#######7  | 309/400 [00:10<00:03, 28.30it/s, loss=0.0044]
Training Navine AI Text:  78%|#######7  | 310/400 [00:10<00:03, 28.30it/s, loss=0.0049]
Training Navine AI Text:  78%|#######7  | 311/400 [00:10<00:03, 28.30it/s, loss=0.0045]
Training Navine AI Text:  78%|#######8  | 312/400 [00:10<00:03, 28.30it/s, loss=0.0045]
Training Navine AI Text:  78%|#######8  | 313/400 [00:10<00:02, 29.92it/s, loss=0.0045]
Training Navine AI Text:  78%|#######8  | 313/400 [00:10<00:02, 29.92it/s, loss=0.0039]
Training Navine AI Text:  78%|#######8  | 314/400 [00:10<00:02, 29.92it/s, loss=0.0053]
Training Navine AI Text:  79%|#######8  | 315/400 [00:10<00:02, 29.92it/s, loss=0.0043]
Training Navine AI Text:  79%|#######9  | 316/400 [00:10<00:02, 29.92it/s, loss=0.0048]
Training Navine AI Text:  79%|#######9  | 317/400 [00:10<00:02, 30.80it/s, loss=0.0048]
Training Navine AI Text:  79%|#######9  | 317/400 [00:10<00:02, 30.80it/s, loss=0.0047]
Training Navine AI Text:  80%|#######9  | 318/400 [00:10<00:02, 30.80it/s, loss=0.0039]
Training Navine AI Text:  80%|#######9  | 319/400 [00:11<00:02, 30.80it/s, loss=0.0044]
Training Navine AI Text:  80%|########  | 320/400 [00:11<00:02, 30.80it/s, loss=0.0044]
Training Navine AI Text:  80%|########  | 321/400 [00:11<00:02, 30.50it/s, loss=0.0044]
Training Navine AI Text:  80%|########  | 321/400 [00:11<00:02, 30.50it/s, loss=0.0047]
Training Navine AI Text:  80%|########  | 322/400 [00:11<00:02, 30.50it/s, loss=0.0040]
Training Navine AI Text:  81%|########  | 323/400 [00:11<00:02, 30.50it/s, loss=0.0049]
Training Navine AI Text:  81%|########1 | 324/400 [00:11<00:02, 30.50it/s, loss=0.0037]
Training Navine AI Text:  81%|########1 | 325/400 [00:11<00:02, 29.38it/s, loss=0.0037]
Training Navine AI Text:  81%|########1 | 325/400 [00:11<00:02, 29.38it/s, loss=0.0047]
Training Navine AI Text:  82%|########1 | 326/400 [00:11<00:02, 29.38it/s, loss=0.0040]
Training Navine AI Text:  82%|########1 | 327/400 [00:11<00:02, 29.38it/s, loss=0.0047]
Training Navine AI Text:  82%|########2 | 328/400 [00:11<00:02, 29.38it/s, loss=0.0039]
Training Navine AI Text:  82%|########2 | 329/400 [00:11<00:02, 29.95it/s, loss=0.0039]
Training Navine AI Text:  82%|########2 | 329/400 [00:11<00:02, 29.95it/s, loss=0.0049]
Training Navine AI Text:  82%|########2 | 330/400 [00:11<00:02, 29.95it/s, loss=0.0037]
Training Navine AI Text:  83%|########2 | 331/400 [00:11<00:02, 29.95it/s, loss=0.0047]
Training Navine AI Text:  83%|########2 | 332/400 [00:11<00:02, 29.95it/s, loss=0.0039]
Training Navine AI Text:  83%|########3 | 333/400 [00:11<00:02, 30.76it/s, loss=0.0039]
Training Navine AI Text:  83%|########3 | 333/400 [00:11<00:02, 30.76it/s, loss=0.0042]
Training Navine AI Text:  84%|########3 | 334/400 [00:11<00:02, 30.76it/s, loss=0.0048]
Training Navine AI Text:  84%|########3 | 335/400 [00:11<00:02, 30.76it/s, loss=0.0043]
Training Navine AI Text:  84%|########4 | 336/400 [00:11<00:02, 30.76it/s, loss=0.0044]
Training Navine AI Text:  84%|########4 | 337/400 [00:11<00:02, 30.56it/s, loss=0.0044]
Training Navine AI Text:  84%|########4 | 337/400 [00:11<00:02, 30.56it/s, loss=0.0049]
Training Navine AI Text:  84%|########4 | 338/400 [00:11<00:02, 30.56it/s, loss=0.0037]
Training Navine AI Text:  85%|########4 | 339/400 [00:11<00:01, 30.56it/s, loss=0.0046]
Training Navine AI Text:  85%|########5 | 340/400 [00:11<00:01, 30.56it/s, loss=0.0039]
Training Navine AI Text:  85%|########5 | 341/400 [00:11<00:01, 31.36it/s, loss=0.0039]
Training Navine AI Text:  85%|########5 | 341/400 [00:11<00:01, 31.36it/s, loss=0.0037]
Training Navine AI Text:  86%|########5 | 342/400 [00:11<00:01, 31.36it/s, loss=0.0051]
Training Navine AI Text:  86%|########5 | 343/400 [00:11<00:01, 31.36it/s, loss=0.0039]
Training Navine AI Text:  86%|########6 | 344/400 [00:11<00:01, 31.36it/s, loss=0.0047]
Training Navine AI Text:  86%|########6 | 345/400 [00:11<00:01, 31.38it/s, loss=0.0047]
Training Navine AI Text:  86%|########6 | 345/400 [00:11<00:01, 31.38it/s, loss=0.0045]
Training Navine AI Text:  86%|########6 | 346/400 [00:11<00:01, 31.38it/s, loss=0.0041]
Training Navine AI Text:  87%|########6 | 347/400 [00:11<00:01, 31.38it/s, loss=0.0046]
Training Navine AI Text:  87%|########7 | 348/400 [00:11<00:01, 31.38it/s, loss=0.0038]
Training Navine AI Text:  87%|########7 | 349/400 [00:12<00:01, 31.44it/s, loss=0.0038]
Training Navine AI Text:  87%|########7 | 349/400 [00:12<00:01, 31.44it/s, loss=0.0041]
Training Navine AI Text:  88%|########7 | 350/400 [00:12<00:01, 31.44it/s, loss=0.0046]
Training Navine AI Text:  88%|########7 | 351/400 [00:12<00:01, 31.44it/s, loss=0.0049]
Training Navine AI Text:  88%|########8 | 352/400 [00:12<00:01, 31.44it/s, loss=0.0037]
Training Navine AI Text:  88%|########8 | 353/400 [00:12<00:01, 31.03it/s, loss=0.0037]
Training Navine AI Text:  88%|########8 | 353/400 [00:12<00:01, 31.03it/s, loss=0.0045]
Training Navine AI Text:  88%|########8 | 354/400 [00:12<00:01, 31.03it/s, loss=0.0041]
Training Navine AI Text:  89%|########8 | 355/400 [00:12<00:01, 31.03it/s, loss=0.0041]
Training Navine AI Text:  89%|########9 | 356/400 [00:12<00:01, 31.03it/s, loss=0.0046]
Training Navine AI Text:  89%|########9 | 357/400 [00:12<00:01, 30.56it/s, loss=0.0046]
Training Navine AI Text:  89%|########9 | 357/400 [00:12<00:01, 30.56it/s, loss=0.0043]
Training Navine AI Text:  90%|########9 | 358/400 [00:12<00:01, 30.56it/s, loss=0.0043]
Training Navine AI Text:  90%|########9 | 359/400 [00:12<00:01, 30.56it/s, loss=0.0041]
Training Navine AI Text:  90%|######### | 360/400 [00:12<00:01, 30.56it/s, loss=0.0047]
Training Navine AI Text:  90%|######### | 361/400 [00:12<00:01, 30.83it/s, loss=0.0047]
Training Navine AI Text:  90%|######### | 361/400 [00:12<00:01, 30.83it/s, loss=0.0046]
Training Navine AI Text:  90%|######### | 362/400 [00:12<00:01, 30.83it/s, loss=0.0038]
Training Navine AI Text:  91%|######### | 363/400 [00:12<00:01, 30.83it/s, loss=0.0039]
Training Navine AI Text:  91%|#########1| 364/400 [00:12<00:01, 30.83it/s, loss=0.0047]
Training Navine AI Text:  91%|#########1| 365/400 [00:12<00:01, 30.88it/s, loss=0.0047]
Training Navine AI Text:  91%|#########1| 365/400 [00:12<00:01, 30.88it/s, loss=0.0043]
Training Navine AI Text:  92%|#########1| 366/400 [00:12<00:01, 30.88it/s, loss=0.0044]
Training Navine AI Text:  92%|#########1| 367/400 [00:12<00:01, 30.88it/s, loss=0.0040]
Training Navine AI Text:  92%|#########2| 368/400 [00:12<00:01, 30.88it/s, loss=0.0046]
Training Navine AI Text:  92%|#########2| 369/400 [00:12<00:00, 31.01it/s, loss=0.0046]
Training Navine AI Text:  92%|#########2| 369/400 [00:12<00:00, 31.01it/s, loss=0.0042]
Training Navine AI Text:  92%|#########2| 370/400 [00:12<00:00, 31.01it/s, loss=0.0043]
Training Navine AI Text:  93%|#########2| 371/400 [00:12<00:00, 31.01it/s, loss=0.0043]
Training Navine AI Text:  93%|#########3| 372/400 [00:12<00:00, 31.01it/s, loss=0.0043]
Training Navine AI Text:  93%|#########3| 373/400 [00:12<00:00, 31.00it/s, loss=0.0043]
Training Navine AI Text:  93%|#########3| 373/400 [00:12<00:00, 31.00it/s, loss=0.0044]
Training Navine AI Text:  94%|#########3| 374/400 [00:12<00:00, 31.00it/s, loss=0.0040]
Training Navine AI Text:  94%|#########3| 375/400 [00:12<00:00, 31.00it/s, loss=0.0043]
Training Navine AI Text:  94%|#########3| 376/400 [00:12<00:00, 31.00it/s, loss=0.0043]
Training Navine AI Text:  94%|#########4| 377/400 [00:12<00:00, 30.33it/s, loss=0.0043]
Training Navine AI Text:  94%|#########4| 377/400 [00:12<00:00, 30.33it/s, loss=0.0042]
Training Navine AI Text:  94%|#########4| 378/400 [00:12<00:00, 30.33it/s, loss=0.0043]
Training Navine AI Text:  95%|#########4| 379/400 [00:12<00:00, 30.33it/s, loss=0.0043]
Training Navine AI Text:  95%|#########5| 380/400 [00:13<00:00, 30.33it/s, loss=0.0043]
Training Navine AI Text:  95%|#########5| 381/400 [00:13<00:00, 30.62it/s, loss=0.0043]
Training Navine AI Text:  95%|#########5| 381/400 [00:13<00:00, 30.62it/s, loss=0.0045]
Training Navine AI Text:  96%|#########5| 382/400 [00:13<00:00, 30.62it/s, loss=0.0041]
Training Navine AI Text:  96%|#########5| 383/400 [00:13<00:00, 30.62it/s, loss=0.0038]
Training Navine AI Text:  96%|#########6| 384/400 [00:13<00:00, 30.62it/s, loss=0.0050]
Training Navine AI Text:  96%|#########6| 385/400 [00:13<00:00, 29.88it/s, loss=0.0050]
Training Navine AI Text:  96%|#########6| 385/400 [00:13<00:00, 29.88it/s, loss=0.0042]
Training Navine AI Text:  96%|#########6| 386/400 [00:13<00:00, 29.88it/s, loss=0.0043]
Training Navine AI Text:  97%|#########6| 387/400 [00:13<00:00, 29.88it/s, loss=0.0038]
Training Navine AI Text:  97%|#########7| 388/400 [00:13<00:00, 29.89it/s, loss=0.0038]
Training Navine AI Text:  97%|#########7| 388/400 [00:13<00:00, 29.89it/s, loss=0.0050]
Training Navine AI Text:  97%|#########7| 389/400 [00:13<00:00, 29.89it/s, loss=0.0045]
Training Navine AI Text:  98%|#########7| 390/400 [00:13<00:00, 29.89it/s, loss=0.0038]
Training Navine AI Text:  98%|#########7| 391/400 [00:13<00:00, 29.89it/s, loss=0.0041]
Training Navine AI Text:  98%|#########8| 392/400 [00:13<00:00, 30.54it/s, loss=0.0041]
Training Navine AI Text:  98%|#########8| 392/400 [00:13<00:00, 30.54it/s, loss=0.0046]
Training Navine AI Text:  98%|#########8| 393/400 [00:13<00:00, 30.54it/s, loss=0.0048]
Training Navine AI Text:  98%|#########8| 394/400 [00:13<00:00, 30.54it/s, loss=0.0037]
Training Navine AI Text:  99%|#########8| 395/400 [00:13<00:00, 30.54it/s, loss=0.0045]
Training Navine AI Text:  99%|#########9| 396/400 [00:13<00:00, 30.65it/s, loss=0.0045]
Training Navine AI Text:  99%|#########9| 396/400 [00:13<00:00, 30.65it/s, loss=0.0039]
Training Navine AI Text:  99%|#########9| 397/400 [00:13<00:00, 30.65it/s, loss=0.0041]
Training Navine AI Text: 100%|#########9| 398/400 [00:13<00:00, 30.65it/s, loss=0.0046]
Training Navine AI Text: 100%|#########9| 399/400 [00:13<00:00, 30.65it/s, loss=0.0043]
Training Navine AI Text: 100%|##########| 400/400 [00:13<00:00, 32.66it/s, loss=0.0043]
Step 400 | Val Loss: 0.0093
Training Navine AI Text: 100%|##########| 400/400 [00:13<00:00, 32.66it/s, loss=0.0040]
Training Navine AI Text: 100%|##########| 400/400 [00:13<00:00, 29.01it/s, loss=0.0040]
Training complete. Checkpoint saved to C:\Users\hitbo\Downloads\Navine AI\checkpoints\tiny_gpt\latest.pt
Step 5/5: Ready for chat
Run: python scripts/tiny_gpt.py chat
