[2026-08-23T20:38:35.2649393+09:00] VIDEO TRAIN START (3500 steps)
Navine train device: cuda | mode=hybrid dtype=torch.float16 | cuda_available=True name=NVIDIA GeForce RTX 4060 Laptop GPU vram_gb=8.0 | cpu_threads=21 dataloader={'num_workers': 0, 'pin_memory': True}
VideoFrameDataset unique=1152 effective=6430
Navine AI Video Model | Parameters: 13,486,988 | Device: cuda
Training sequences: 6430 | frame_size=128 | Steps: 3500
Hybrid compute | CPU threads: 21 | DataLoader: {'num_workers': 0, 'pin_memory': True}

Fine-tuning Navine AI Video:   0%|          | 0/3500 [00:00<?, ?it/s]
Fine-tuning Navine AI Video:   0%|          | 1/3500 [00:01<1:13:34,  1.26s/it]
Fine-tuning Navine AI Video:   0%|          | 1/3500 [00:01<1:13:34,  1.26s/it, loss=0.2951]
Fine-tuning Navine AI Video:   0%|          | 2/3500 [00:01<35:19,  1.65it/s, loss=0.2951]  
Fine-tuning Navine AI Video:   0%|          | 2/3500 [00:01<35:19,  1.65it/s, loss=0.3643]
Fine-tuning Navine AI Video:   0%|          | 3/3500 [00:02<39:46,  1.47it/s, loss=0.3643]
Fine-tuning Navine AI Video:   0%|          | 3/3500 [00:02<39:46,  1.47it/s, loss=0.4281]
Fine-tuning Navine AI Video:   0%|          | 4/3500 [00:02<32:19,  1.80it/s, loss=0.4281]
Fine-tuning Navine AI Video:   0%|          | 4/3500 [00:02<32:19,  1.80it/s, loss=0.3734]
Fine-tuning Navine AI Video:   0%|          | 5/3500 [00:02<29:40,  1.96it/s, loss=0.3734]
Fine-tuning Navine AI Video:   0%|          | 5/3500 [00:02<29:40,  1.96it/s, loss=0.4127]
Fine-tuning Navine AI Video:   0%|          | 6/3500 [00:03<28:34,  2.04it/s, loss=0.4127]
Fine-tuning Navine AI Video:   0%|          | 6/3500 [00:03<28:34,  2.04it/s, loss=0.4807]
Fine-tuning Navine AI Video:   0%|          | 7/3500 [00:03<22:49,  2.55it/s, loss=0.4807]
Fine-tuning Navine AI Video:   0%|          | 7/3500 [00:03<22:49,  2.55it/s, loss=0.2838]
Fine-tuning Navine AI Video:   0%|          | 8/3500 [00:05<41:50,  1.39it/s, loss=0.2838]
Fine-tuning Navine AI Video:   0%|          | 8/3500 [00:05<41:50,  1.39it/s, loss=0.4262]
Fine-tuning Navine AI Video:   0%|          | 9/3500 [00:05<35:15,  1.65it/s, loss=0.4262]
Fine-tuning Navine AI Video:   0%|          | 9/3500 [00:05<35:15,  1.65it/s, loss=0.1334]
Fine-tuning Navine AI Video:   0%|          | 10/3500 [00:05<26:39,  2.18it/s, loss=0.1334]
Fine-tuning Navine AI Video:   0%|          | 10/3500 [00:05<26:39,  2.18it/s, loss=0.3658]
Fine-tuning Navine AI Video:   0%|          | 11/3500 [00:05<21:01,  2.76it/s, loss=0.3658]
Fine-tuning Navine AI Video:   0%|          | 11/3500 [00:05<21:01,  2.76it/s, loss=0.5416]
Fine-tuning Navine AI Video:   0%|          | 12/3500 [00:05<19:39,  2.96it/s, loss=0.5416]
Fine-tuning Navine AI Video:   0%|          | 12/3500 [00:05<19:39,  2.96it/s, loss=0.3820]
Fine-tuning Navine AI Video:   0%|          | 13/3500 [00:06<16:14,  3.58it/s, loss=0.3820]
Fine-tuning Navine AI Video:   0%|          | 13/3500 [00:06<16:14,  3.58it/s, loss=0.3807]
Fine-tuning Navine AI Video:   0%|          | 14/3500 [00:06<16:02,  3.62it/s, loss=0.3807]
Fine-tuning Navine AI Video:   0%|          | 14/3500 [00:06<16:02,  3.62it/s, loss=0.1344]
Fine-tuning Navine AI Video:   0%|          | 15/3500 [00:06<13:30,  4.30it/s, loss=0.1344]
Fine-tuning Navine AI Video:   0%|          | 15/3500 [00:06<13:30,  4.30it/s, loss=0.3753]
Fine-tuning Navine AI Video:   0%|          | 16/3500 [00:06<11:46,  4.93it/s, loss=0.3753]
Fine-tuning Navine AI Video:   0%|          | 16/3500 [00:06<11:46,  4.93it/s, loss=0.3976]
Fine-tuning Navine AI Video:   0%|          | 17/3500 [00:06<13:17,  4.37it/s, loss=0.3976]
Fine-tuning Navine AI Video:   0%|          | 17/3500 [00:06<13:17,  4.37it/s, loss=0.1291]
Fine-tuning Navine AI Video:   1%|          | 18/3500 [00:07<11:08,  5.20it/s, loss=0.1291]
Fine-tuning Navine AI Video:   1%|          | 18/3500 [00:07<11:08,  5.20it/s, loss=0.3826]
Fine-tuning Navine AI Video:   1%|          | 19/3500 [00:07<12:06,  4.79it/s, loss=0.3826]
Fine-tuning Navine AI Video:   1%|          | 19/3500 [00:07<12:06,  4.79it/s, loss=0.3376]
Fine-tuning Navine AI Video:   1%|          | 20/3500 [00:07<10:44,  5.40it/s, loss=0.3376]
Fine-tuning Navine AI Video:   1%|          | 20/3500 [00:07<10:44,  5.40it/s, loss=0.3964]
Fine-tuning Navine AI Video:   1%|          | 21/3500 [00:07<09:37,  6.02it/s, loss=0.3964]
Fine-tuning Navine AI Video:   1%|          | 21/3500 [00:07<09:37,  6.02it/s, loss=0.3633]
Fine-tuning Navine AI Video:   1%|          | 22/3500 [00:07<10:37,  5.46it/s, loss=0.3633]
Fine-tuning Navine AI Video:   1%|          | 22/3500 [00:07<10:37,  5.46it/s, loss=0.3663]
Fine-tuning Navine AI Video:   1%|          | 23/3500 [00:07<10:00,  5.79it/s, loss=0.3663]
Fine-tuning Navine AI Video:   1%|          | 23/3500 [00:07<10:00,  5.79it/s, loss=0.2966]
Fine-tuning Navine AI Video:   1%|          | 24/3500 [00:08<09:16,  6.25it/s, loss=0.2966]
Fine-tuning Navine AI Video:   1%|          | 24/3500 [00:08<09:16,  6.25it/s, loss=0.3357]
Fine-tuning Navine AI Video:   1%|          | 25/3500 [00:08<09:13,  6.27it/s, loss=0.3357]
Fine-tuning Navine AI Video:   1%|          | 25/3500 [00:08<09:13,  6.27it/s, loss=0.3407]
Fine-tuning Navine AI Video:   1%|          | 26/3500 [00:08<09:04,  6.38it/s, loss=0.3407]
Fine-tuning Navine AI Video:   1%|          | 26/3500 [00:08<09:04,  6.38it/s, loss=0.4808]
Fine-tuning Navine AI Video:   1%|          | 27/3500 [00:08<08:23,  6.90it/s, loss=0.4808]
Fine-tuning Navine AI Video:   1%|          | 27/3500 [00:08<08:23,  6.90it/s, loss=0.4159]
Fine-tuning Navine AI Video:   1%|          | 28/3500 [00:08<10:38,  5.44it/s, loss=0.4159]
Fine-tuning Navine AI Video:   1%|          | 28/3500 [00:08<10:38,  5.44it/s, loss=0.1216]
Fine-tuning Navine AI Video:   1%|          | 29/3500 [00:08<09:29,  6.10it/s, loss=0.1216]
Fine-tuning Navine AI Video:   1%|          | 29/3500 [00:08<09:29,  6.10it/s, loss=0.2909]
Fine-tuning Navine AI Video:   1%|          | 30/3500 [00:08<08:45,  6.60it/s, loss=0.2909]
Fine-tuning Navine AI Video:   1%|          | 30/3500 [00:08<08:45,  6.60it/s, loss=0.3771]
Fine-tuning Navine AI Video:   1%|          | 31/3500 [00:09<08:15,  7.00it/s, loss=0.3771]
Fine-tuning Navine AI Video:   1%|          | 31/3500 [00:09<08:15,  7.00it/s, loss=0.3820]
Fine-tuning Navine AI Video:   1%|          | 32/3500 [00:09<16:12,  3.57it/s, loss=0.3820]
Fine-tuning Navine AI Video:   1%|          | 32/3500 [00:09<16:12,  3.57it/s, loss=0.4332]
Fine-tuning Navine AI Video:   1%|          | 33/3500 [00:09<16:03,  3.60it/s, loss=0.4332]
Fine-tuning Navine AI Video:   1%|          | 33/3500 [00:09<16:03,  3.60it/s, loss=0.1281]
Fine-tuning Navine AI Video:   1%|          | 34/3500 [00:10<13:15,  4.36it/s, loss=0.1281]
Fine-tuning Navine AI Video:   1%|          | 34/3500 [00:10<13:15,  4.36it/s, loss=0.3594]
Fine-tuning Navine AI Video:   1%|1         | 35/3500 [00:10<11:27,  5.04it/s, loss=0.3594]
Fine-tuning Navine AI Video:   1%|1         | 35/3500 [00:10<11:27,  5.04it/s, loss=0.3799]
Fine-tuning Navine AI Video:   1%|1         | 36/3500 [00:11<22:43,  2.54it/s, loss=0.3799]
Fine-tuning Navine AI Video:   1%|1         | 36/3500 [00:11<22:43,  2.54it/s, loss=0.4108]
Fine-tuning Navine AI Video:   1%|1         | 37/3500 [00:11<19:39,  2.94it/s, loss=0.4108]
Fine-tuning Navine AI Video:   1%|1         | 37/3500 [00:11<19:39,  2.94it/s, loss=0.1284]
Fine-tuning Navine AI Video:   1%|1         | 38/3500 [00:11<18:42,  3.08it/s, loss=0.1284]
Fine-tuning Navine AI Video:   1%|1         | 38/3500 [00:11<18:42,  3.08it/s, loss=0.3321]
Fine-tuning Navine AI Video:   1%|1         | 39/3500 [00:11<15:40,  3.68it/s, loss=0.3321]
Fine-tuning Navine AI Video:   1%|1         | 39/3500 [00:11<15:40,  3.68it/s, loss=0.4737]
Fine-tuning Navine AI Video:   1%|1         | 40/3500 [00:11<13:01,  4.43it/s, loss=0.4737]
Fine-tuning Navine AI Video:   1%|1         | 40/3500 [00:11<13:01,  4.43it/s, loss=0.3364]
Fine-tuning Navine AI Video:   1%|1         | 41/3500 [00:12<12:55,  4.46it/s, loss=0.3364]
Fine-tuning Navine AI Video:   1%|1         | 41/3500 [00:12<12:55,  4.46it/s, loss=0.3514]
Fine-tuning Navine AI Video:   1%|1         | 42/3500 [00:12<11:22,  5.06it/s, loss=0.3514]
Fine-tuning Navine AI Video:   1%|1         | 42/3500 [00:12<11:22,  5.06it/s, loss=0.3612]
Fine-tuning Navine AI Video:   1%|1         | 43/3500 [00:12<12:43,  4.53it/s, loss=0.3612]
Fine-tuning Navine AI Video:   1%|1         | 43/3500 [00:12<12:43,  4.53it/s, loss=0.1325]
Fine-tuning Navine AI Video:   1%|1         | 44/3500 [00:12<15:31,  3.71it/s, loss=0.1325]
Fine-tuning Navine AI Video:   1%|1         | 44/3500 [00:12<15:31,  3.71it/s, loss=0.3985]
Fine-tuning Navine AI Video:   1%|1         | 45/3500 [00:12<12:47,  4.50it/s, loss=0.3985]
Fine-tuning Navine AI Video:   1%|1         | 45/3500 [00:12<12:47,  4.50it/s, loss=0.3833]
Fine-tuning Navine AI Video:   1%|1         | 46/3500 [00:13<12:39,  4.55it/s, loss=0.3833]
Fine-tuning Navine AI Video:   1%|1         | 46/3500 [00:13<12:39,  4.55it/s, loss=0.5314]
Fine-tuning Navine AI Video:   1%|1         | 47/3500 [00:13<10:54,  5.28it/s, loss=0.5314]
Fine-tuning Navine AI Video:   1%|1         | 47/3500 [00:13<10:54,  5.28it/s, loss=0.4100]
Fine-tuning Navine AI Video:   1%|1         | 48/3500 [00:13<09:40,  5.94it/s, loss=0.4100]
Fine-tuning Navine AI Video:   1%|1         | 48/3500 [00:13<09:40,  5.94it/s, loss=0.4086]
Fine-tuning Navine AI Video:   1%|1         | 49/3500 [00:13<10:37,  5.41it/s, loss=0.4086]
Fine-tuning Navine AI Video:   1%|1         | 49/3500 [00:13<10:37,  5.41it/s, loss=0.5352]
Fine-tuning Navine AI Video:   1%|1         | 50/3500 [00:13<12:44,  4.51it/s, loss=0.5352]
Fine-tuning Navine AI Video:   1%|1         | 50/3500 [00:13<12:44,  4.51it/s, loss=0.3075]
Fine-tuning Navine AI Video:   1%|1         | 51/3500 [00:14<11:19,  5.08it/s, loss=0.3075]
Fine-tuning Navine AI Video:   1%|1         | 51/3500 [00:14<11:19,  5.08it/s, loss=0.5213]
Fine-tuning Navine AI Video:   1%|1         | 52/3500 [00:14<22:10,  2.59it/s, loss=0.5213]
Fine-tuning Navine AI Video:   1%|1         | 52/3500 [00:14<22:10,  2.59it/s, loss=0.4505]
Fine-tuning Navine AI Video:   2%|1         | 53/3500 [00:15<17:58,  3.20it/s, loss=0.4505]
Fine-tuning Navine AI Video:   2%|1         | 53/3500 [00:15<17:58,  3.20it/s, loss=0.3052]
Fine-tuning Navine AI Video:   2%|1         | 54/3500 [00:15<17:02,  3.37it/s, loss=0.3052]
Fine-tuning Navine AI Video:   2%|1         | 54/3500 [00:15<17:02,  3.37it/s, loss=0.1270]
Fine-tuning Navine AI Video:   2%|1         | 55/3500 [00:15<19:46,  2.90it/s, loss=0.1270]
Fine-tuning Navine AI Video:   2%|1         | 55/3500 [00:15<19:46,  2.90it/s, loss=0.3924]
Fine-tuning Navine AI Video:   2%|1         | 56/3500 [00:15<16:26,  3.49it/s, loss=0.3924]
Fine-tuning Navine AI Video:   2%|1         | 56/3500 [00:15<16:26,  3.49it/s, loss=0.2826]
Fine-tuning Navine AI Video:   2%|1         | 57/3500 [00:16<13:44,  4.18it/s, loss=0.2826]
Fine-tuning Navine AI Video:   2%|1         | 57/3500 [00:16<13:44,  4.18it/s, loss=0.3714]
Fine-tuning Navine AI Video:   2%|1         | 58/3500 [00:16<11:43,  4.89it/s, loss=0.3714]
Fine-tuning Navine AI Video:   2%|1         | 58/3500 [00:16<11:43,  4.89it/s, loss=0.3792]
Fine-tuning Navine AI Video:   2%|1         | 59/3500 [00:16<10:38,  5.39it/s, loss=0.3792]
Fine-tuning Navine AI Video:   2%|1         | 59/3500 [00:16<10:38,  5.39it/s, loss=0.5518]
Fine-tuning Navine AI Video:   2%|1         | 60/3500 [00:16<09:53,  5.80it/s, loss=0.5518]
Fine-tuning Navine AI Video:   2%|1         | 60/3500 [00:16<09:53,  5.80it/s, loss=0.5502]
Fine-tuning Navine AI Video:   2%|1         | 61/3500 [00:16<09:40,  5.93it/s, loss=0.5502]
Fine-tuning Navine AI Video:   2%|1         | 61/3500 [00:16<09:40,  5.93it/s, loss=0.2552]
Fine-tuning Navine AI Video:   2%|1         | 62/3500 [00:17<16:59,  3.37it/s, loss=0.2552]
Fine-tuning Navine AI Video:   2%|1         | 62/3500 [00:17<16:59,  3.37it/s, loss=0.3524]
Fine-tuning Navine AI Video:   2%|1         | 63/3500 [00:17<16:49,  3.41it/s, loss=0.3524]
Fine-tuning Navine AI Video:   2%|1         | 63/3500 [00:17<16:49,  3.41it/s, loss=0.3879]
Fine-tuning Navine AI Video:   2%|1         | 64/3500 [00:17<14:09,  4.04it/s, loss=0.3879]
Fine-tuning Navine AI Video:   2%|1         | 64/3500 [00:17<14:09,  4.04it/s, loss=0.3798]
Fine-tuning Navine AI Video:   2%|1         | 65/3500 [00:17<12:16,  4.67it/s, loss=0.3798]
Fine-tuning Navine AI Video:   2%|1         | 65/3500 [00:17<12:16,  4.67it/s, loss=0.5167]
Fine-tuning Navine AI Video:   2%|1         | 66/3500 [00:18<17:31,  3.27it/s, loss=0.5167]
Fine-tuning Navine AI Video:   2%|1         | 66/3500 [00:18<17:31,  3.27it/s, loss=0.4412]
Fine-tuning Navine AI Video:   2%|1         | 67/3500 [00:18<17:49,  3.21it/s, loss=0.4412]
Fine-tuning Navine AI Video:   2%|1         | 67/3500 [00:18<17:49,  3.21it/s, loss=0.3834]
Fine-tuning Navine AI Video:   2%|1         | 68/3500 [00:19<28:33,  2.00it/s, loss=0.3834]
Fine-tuning Navine AI Video:   2%|1         | 68/3500 [00:19<28:33,  2.00it/s, loss=0.4547]
Fine-tuning Navine AI Video:   2%|1         | 69/3500 [00:19<24:53,  2.30it/s, loss=0.4547]
Fine-tuning Navine AI Video:   2%|1         | 69/3500 [00:19<24:53,  2.30it/s, loss=0.3049]
Fine-tuning Navine AI Video:   2%|2         | 70/3500 [00:20<20:38,  2.77it/s, loss=0.3049]
Fine-tuning Navine AI Video:   2%|2         | 70/3500 [00:20<20:38,  2.77it/s, loss=0.2203]
Fine-tuning Navine AI Video:   2%|2         | 71/3500 [00:20<20:13,  2.83it/s, loss=0.2203]
Fine-tuning Navine AI Video:   2%|2         | 71/3500 [00:20<20:13,  2.83it/s, loss=0.1219]
Fine-tuning Navine AI Video:   2%|2         | 72/3500 [00:20<16:10,  3.53it/s, loss=0.1219]
Fine-tuning Navine AI Video:   2%|2         | 72/3500 [00:20<16:10,  3.53it/s, loss=0.5503]
Fine-tuning Navine AI Video:   2%|2         | 73/3500 [00:20<16:46,  3.41it/s, loss=0.5503]
Fine-tuning Navine AI Video:   2%|2         | 73/3500 [00:20<16:46,  3.41it/s, loss=0.3830]
Fine-tuning Navine AI Video:   2%|2         | 74/3500 [00:21<16:44,  3.41it/s, loss=0.3830]
Fine-tuning Navine AI Video:   2%|2         | 74/3500 [00:21<16:44,  3.41it/s, loss=0.3895]
Fine-tuning Navine AI Video:   2%|2         | 75/3500 [00:21<15:18,  3.73it/s, loss=0.3895]
Fine-tuning Navine AI Video:   2%|2         | 75/3500 [00:21<15:18,  3.73it/s, loss=0.3655]
Fine-tuning Navine AI Video:   2%|2         | 76/3500 [00:21<12:47,  4.46it/s, loss=0.3655]
Fine-tuning Navine AI Video:   2%|2         | 76/3500 [00:21<12:47,  4.46it/s, loss=0.4019]
Fine-tuning Navine AI Video:   2%|2         | 77/3500 [00:21<10:42,  5.32it/s, loss=0.4019]
Fine-tuning Navine AI Video:   2%|2         | 77/3500 [00:21<10:42,  5.32it/s, loss=0.3415]
Fine-tuning Navine AI Video:   2%|2         | 78/3500 [00:21<11:40,  4.89it/s, loss=0.3415]
Fine-tuning Navine AI Video:   2%|2         | 78/3500 [00:21<11:40,  4.89it/s, loss=0.2608]
Fine-tuning Navine AI Video:   2%|2         | 79/3500 [00:21<10:42,  5.32it/s, loss=0.2608]
Fine-tuning Navine AI Video:   2%|2         | 79/3500 [00:21<10:42,  5.32it/s, loss=0.3299]
Fine-tuning Navine AI Video:   2%|2         | 80/3500 [00:22<09:32,  5.97it/s, loss=0.3299]
Fine-tuning Navine AI Video:   2%|2         | 80/3500 [00:22<09:32,  5.97it/s, loss=0.4214]
Fine-tuning Navine AI Video:   2%|2         | 81/3500 [00:22<08:30,  6.69it/s, loss=0.4214]
Fine-tuning Navine AI Video:   2%|2         | 81/3500 [00:22<08:30,  6.69it/s, loss=0.3709]
Fine-tuning Navine AI Video:   2%|2         | 82/3500 [00:22<07:44,  7.36it/s, loss=0.3709]
Fine-tuning Navine AI Video:   2%|2         | 82/3500 [00:22<07:44,  7.36it/s, loss=0.4177]
Fine-tuning Navine AI Video:   2%|2         | 83/3500 [00:22<07:57,  7.16it/s, loss=0.4177]
Fine-tuning Navine AI Video:   2%|2         | 83/3500 [00:22<07:57,  7.16it/s, loss=0.2955]
Fine-tuning Navine AI Video:   2%|2         | 84/3500 [00:22<07:50,  7.26it/s, loss=0.2955]
Fine-tuning Navine AI Video:   2%|2         | 84/3500 [00:22<07:50,  7.26it/s, loss=0.3154]
Fine-tuning Navine AI Video:   2%|2         | 85/3500 [00:22<08:01,  7.10it/s, loss=0.3154]
Fine-tuning Navine AI Video:   2%|2         | 85/3500 [00:22<08:01,  7.10it/s, loss=0.3038]
Fine-tuning Navine AI Video:   2%|2         | 86/3500 [00:22<07:55,  7.18it/s, loss=0.3038]
Fine-tuning Navine AI Video:   2%|2         | 86/3500 [00:22<07:55,  7.18it/s, loss=0.4656]
Fine-tuning Navine AI Video:   2%|2         | 87/3500 [00:22<08:04,  7.05it/s, loss=0.4656]
Fine-tuning Navine AI Video:   2%|2         | 87/3500 [00:22<08:04,  7.05it/s, loss=0.2797]
Fine-tuning Navine AI Video:   3%|2         | 88/3500 [00:23<07:32,  7.54it/s, loss=0.2797]
Fine-tuning Navine AI Video:   3%|2         | 88/3500 [00:23<07:32,  7.54it/s, loss=0.3978]
Fine-tuning Navine AI Video:   3%|2         | 89/3500 [00:23<07:25,  7.66it/s, loss=0.3978]
Fine-tuning Navine AI Video:   3%|2         | 89/3500 [00:23<07:25,  7.66it/s, loss=0.5234]
Fine-tuning Navine AI Video:   3%|2         | 90/3500 [00:23<07:29,  7.59it/s, loss=0.5234]
Fine-tuning Navine AI Video:   3%|2         | 90/3500 [00:23<07:29,  7.59it/s, loss=0.5512]
Fine-tuning Navine AI Video:   3%|2         | 91/3500 [00:23<07:20,  7.75it/s, loss=0.5512]
Fine-tuning Navine AI Video:   3%|2         | 91/3500 [00:23<07:20,  7.75it/s, loss=0.3605]
Fine-tuning Navine AI Video:   3%|2         | 92/3500 [00:23<09:48,  5.79it/s, loss=0.3605]
Fine-tuning Navine AI Video:   3%|2         | 92/3500 [00:23<09:48,  5.79it/s, loss=0.3857]
Fine-tuning Navine AI Video:   3%|2         | 93/3500 [00:24<11:56,  4.76it/s, loss=0.3857]
Fine-tuning Navine AI Video:   3%|2         | 93/3500 [00:24<11:56,  4.76it/s, loss=0.3155]
Fine-tuning Navine AI Video:   3%|2         | 94/3500 [00:24<10:52,  5.22it/s, loss=0.3155]
Fine-tuning Navine AI Video:   3%|2         | 94/3500 [00:24<10:52,  5.22it/s, loss=0.2527]
Fine-tuning Navine AI Video:   3%|2         | 95/3500 [00:24<09:41,  5.85it/s, loss=0.2527]
Fine-tuning Navine AI Video:   3%|2         | 95/3500 [00:24<09:41,  5.85it/s, loss=0.3908]
Fine-tuning Navine AI Video:   3%|2         | 96/3500 [00:24<11:33,  4.91it/s, loss=0.3908]
Fine-tuning Navine AI Video:   3%|2         | 96/3500 [00:24<11:33,  4.91it/s, loss=0.1245]
Fine-tuning Navine AI Video:   3%|2         | 97/3500 [00:24<10:06,  5.61it/s, loss=0.1245]
Fine-tuning Navine AI Video:   3%|2         | 97/3500 [00:24<10:06,  5.61it/s, loss=0.5505]
Fine-tuning Navine AI Video:   3%|2         | 98/3500 [00:24<11:17,  5.03it/s, loss=0.5505]
Fine-tuning Navine AI Video:   3%|2         | 98/3500 [00:24<11:17,  5.03it/s, loss=0.4160]
Fine-tuning Navine AI Video:   3%|2         | 99/3500 [00:25<09:55,  5.71it/s, loss=0.4160]
Fine-tuning Navine AI Video:   3%|2         | 99/3500 [00:25<09:55,  5.71it/s, loss=0.3225]
Fine-tuning Navine AI Video:   3%|2         | 100/3500 [00:25<08:59,  6.30it/s, loss=0.3225]
Fine-tuning Navine AI Video:   3%|2         | 100/3500 [00:25<08:59,  6.30it/s, loss=0.3578]
Fine-tuning Navine AI Video:   3%|2         | 101/3500 [00:25<09:16,  6.11it/s, loss=0.3578]
Fine-tuning Navine AI Video:   3%|2         | 101/3500 [00:25<09:16,  6.11it/s, loss=0.5307]
Fine-tuning Navine AI Video:   3%|2         | 102/3500 [00:25<08:38,  6.56it/s, loss=0.5307]
Fine-tuning Navine AI Video:   3%|2         | 102/3500 [00:25<08:38,  6.56it/s, loss=0.3659]
Fine-tuning Navine AI Video:   3%|2         | 103/3500 [00:25<10:00,  5.65it/s, loss=0.3659]
Fine-tuning Navine AI Video:   3%|2         | 103/3500 [00:25<10:00,  5.65it/s, loss=0.1240]
Fine-tuning Navine AI Video:   3%|2         | 104/3500 [00:25<09:45,  5.80it/s, loss=0.1240]
Fine-tuning Navine AI Video:   3%|2         | 104/3500 [00:25<09:45,  5.80it/s, loss=0.6152]
Fine-tuning Navine AI Video:   3%|3         | 105/3500 [00:26<10:32,  5.37it/s, loss=0.6152]
Fine-tuning Navine AI Video:   3%|3         | 105/3500 [00:26<10:32,  5.37it/s, loss=0.2995]
Fine-tuning Navine AI Video:   3%|3         | 106/3500 [00:26<11:26,  4.94it/s, loss=0.2995]
Fine-tuning Navine AI Video:   3%|3         | 106/3500 [00:26<11:26,  4.94it/s, loss=0.3875]
Fine-tuning Navine AI Video:   3%|3         | 107/3500 [00:26<10:04,  5.61it/s, loss=0.3875]
Fine-tuning Navine AI Video:   3%|3         | 107/3500 [00:26<10:04,  5.61it/s, loss=0.5819]
Fine-tuning Navine AI Video:   3%|3         | 108/3500 [00:26<09:04,  6.23it/s, loss=0.5819]
Fine-tuning Navine AI Video:   3%|3         | 108/3500 [00:26<09:04,  6.23it/s, loss=0.4704]
Fine-tuning Navine AI Video:   3%|3         | 109/3500 [00:26<08:28,  6.67it/s, loss=0.4704]
Fine-tuning Navine AI Video:   3%|3         | 109/3500 [00:26<08:28,  6.67it/s, loss=0.4169]
Fine-tuning Navine AI Video:   3%|3         | 110/3500 [00:26<07:43,  7.31it/s, loss=0.4169]
Fine-tuning Navine AI Video:   3%|3         | 110/3500 [00:26<07:43,  7.31it/s, loss=0.4018]
Fine-tuning Navine AI Video:   3%|3         | 111/3500 [00:27<09:17,  6.08it/s, loss=0.4018]
Fine-tuning Navine AI Video:   3%|3         | 111/3500 [00:27<09:17,  6.08it/s, loss=0.3378]
Fine-tuning Navine AI Video:   3%|3         | 112/3500 [00:27<11:50,  4.77it/s, loss=0.3378]
Fine-tuning Navine AI Video:   3%|3         | 112/3500 [00:27<11:50,  4.77it/s, loss=0.3717]
Fine-tuning Navine AI Video:   3%|3         | 113/3500 [00:27<12:28,  4.52it/s, loss=0.3717]
Fine-tuning Navine AI Video:   3%|3         | 113/3500 [00:27<12:28,  4.52it/s, loss=0.1242]
Fine-tuning Navine AI Video:   3%|3         | 114/3500 [00:27<10:49,  5.21it/s, loss=0.1242]
Fine-tuning Navine AI Video:   3%|3         | 114/3500 [00:27<10:49,  5.21it/s, loss=0.3809]
Fine-tuning Navine AI Video:   3%|3         | 115/3500 [00:27<09:41,  5.82it/s, loss=0.3809]
Fine-tuning Navine AI Video:   3%|3         | 115/3500 [00:27<09:41,  5.82it/s, loss=0.3539]
Fine-tuning Navine AI Video:   3%|3         | 116/3500 [00:28<10:52,  5.19it/s, loss=0.3539]
Fine-tuning Navine AI Video:   3%|3         | 116/3500 [00:28<10:52,  5.19it/s, loss=0.1188]
Fine-tuning Navine AI Video:   3%|3         | 117/3500 [00:28<11:51,  4.75it/s, loss=0.1188]
Fine-tuning Navine AI Video:   3%|3         | 117/3500 [00:28<11:51,  4.75it/s, loss=0.3565]
Fine-tuning Navine AI Video:   3%|3         | 118/3500 [00:28<10:21,  5.44it/s, loss=0.3565]
Fine-tuning Navine AI Video:   3%|3         | 118/3500 [00:28<10:21,  5.44it/s, loss=0.3269]
Fine-tuning Navine AI Video:   3%|3         | 119/3500 [00:28<09:15,  6.08it/s, loss=0.3269]
Fine-tuning Navine AI Video:   3%|3         | 119/3500 [00:28<09:15,  6.08it/s, loss=0.3944]
Fine-tuning Navine AI Video:   3%|3         | 120/3500 [00:29<20:36,  2.73it/s, loss=0.3944]
Fine-tuning Navine AI Video:   3%|3         | 120/3500 [00:29<20:36,  2.73it/s, loss=0.4542]
Fine-tuning Navine AI Video:   3%|3         | 121/3500 [00:29<17:37,  3.20it/s, loss=0.4542]
Fine-tuning Navine AI Video:   3%|3         | 121/3500 [00:29<17:37,  3.20it/s, loss=0.3926]
Fine-tuning Navine AI Video:   3%|3         | 122/3500 [00:29<15:46,  3.57it/s, loss=0.3926]
Fine-tuning Navine AI Video:   3%|3         | 122/3500 [00:29<15:46,  3.57it/s, loss=0.4824]
Fine-tuning Navine AI Video:   4%|3         | 123/3500 [00:29<13:17,  4.24it/s, loss=0.4824]
Fine-tuning Navine AI Video:   4%|3         | 123/3500 [00:29<13:17,  4.24it/s, loss=0.3525]
Fine-tuning Navine AI Video:   4%|3         | 124/3500 [00:30<11:41,  4.81it/s, loss=0.3525]
Fine-tuning Navine AI Video:   4%|3         | 124/3500 [00:30<11:41,  4.81it/s, loss=0.3005]
Fine-tuning Navine AI Video:   4%|3         | 125/3500 [00:30<10:36,  5.31it/s, loss=0.3005]
Fine-tuning Navine AI Video:   4%|3         | 125/3500 [00:30<10:36,  5.31it/s, loss=0.5206]
Fine-tuning Navine AI Video:   4%|3         | 126/3500 [00:30<10:08,  5.54it/s, loss=0.5206]
Fine-tuning Navine AI Video:   4%|3         | 126/3500 [00:30<10:08,  5.54it/s, loss=0.5624]
Fine-tuning Navine AI Video:   4%|3         | 127/3500 [00:30<09:57,  5.65it/s, loss=0.5624]
Fine-tuning Navine AI Video:   4%|3         | 127/3500 [00:30<09:57,  5.65it/s, loss=0.3846]
Fine-tuning Navine AI Video:   4%|3         | 128/3500 [00:30<09:33,  5.88it/s, loss=0.3846]
Fine-tuning Navine AI Video:   4%|3         | 128/3500 [00:30<09:33,  5.88it/s, loss=0.5525]
Fine-tuning Navine AI Video:   4%|3         | 129/3500 [00:31<11:39,  4.82it/s, loss=0.5525]
Fine-tuning Navine AI Video:   4%|3         | 129/3500 [00:31<11:39,  4.82it/s, loss=0.4245]
Fine-tuning Navine AI Video:   4%|3         | 130/3500 [00:32<32:51,  1.71it/s, loss=0.4245]
Fine-tuning Navine AI Video:   4%|3         | 130/3500 [00:32<32:51,  1.71it/s, loss=0.4425]
Fine-tuning Navine AI Video:   4%|3         | 131/3500 [00:32<25:57,  2.16it/s, loss=0.4425]
Fine-tuning Navine AI Video:   4%|3         | 131/3500 [00:32<25:57,  2.16it/s, loss=0.2792]
Fine-tuning Navine AI Video:   4%|3         | 132/3500 [00:33<25:12,  2.23it/s, loss=0.2792]
Fine-tuning Navine AI Video:   4%|3         | 132/3500 [00:33<25:12,  2.23it/s, loss=0.3938]
Fine-tuning Navine AI Video:   4%|3         | 133/3500 [00:33<21:10,  2.65it/s, loss=0.3938]
Fine-tuning Navine AI Video:   4%|3         | 133/3500 [00:33<21:10,  2.65it/s, loss=0.5065]
Fine-tuning Navine AI Video:   4%|3         | 134/3500 [00:33<17:19,  3.24it/s, loss=0.5065]
Fine-tuning Navine AI Video:   4%|3         | 134/3500 [00:33<17:19,  3.24it/s, loss=0.3797]
Fine-tuning Navine AI Video:   4%|3         | 135/3500 [00:33<17:03,  3.29it/s, loss=0.3797]
Fine-tuning Navine AI Video:   4%|3         | 135/3500 [00:33<17:03,  3.29it/s, loss=0.1207]
Fine-tuning Navine AI Video:   4%|3         | 136/3500 [00:33<14:12,  3.94it/s, loss=0.1207]
Fine-tuning Navine AI Video:   4%|3         | 136/3500 [00:33<14:12,  3.94it/s, loss=0.4037]
Fine-tuning Navine AI Video:   4%|3         | 137/3500 [00:34<15:28,  3.62it/s, loss=0.4037]
Fine-tuning Navine AI Video:   4%|3         | 137/3500 [00:34<15:28,  3.62it/s, loss=0.3966]
Fine-tuning Navine AI Video:   4%|3         | 138/3500 [00:34<19:48,  2.83it/s, loss=0.3966]
Fine-tuning Navine AI Video:   4%|3         | 138/3500 [00:34<19:48,  2.83it/s, loss=0.3517]
Fine-tuning Navine AI Video:   4%|3         | 139/3500 [00:34<16:00,  3.50it/s, loss=0.3517]
Fine-tuning Navine AI Video:   4%|3         | 139/3500 [00:34<16:00,  3.50it/s, loss=0.3350]
Fine-tuning Navine AI Video:   4%|4         | 140/3500 [00:34<13:16,  4.22it/s, loss=0.3350]
Fine-tuning Navine AI Video:   4%|4         | 140/3500 [00:34<13:16,  4.22it/s, loss=0.3899]
Fine-tuning Navine AI Video:   4%|4         | 141/3500 [00:35<14:26,  3.88it/s, loss=0.3899]
Fine-tuning Navine AI Video:   4%|4         | 141/3500 [00:35<14:26,  3.88it/s, loss=0.3781]
Fine-tuning Navine AI Video:   4%|4         | 142/3500 [00:35<14:28,  3.87it/s, loss=0.3781]
Fine-tuning Navine AI Video:   4%|4         | 142/3500 [00:35<14:28,  3.87it/s, loss=0.3005]
Fine-tuning Navine AI Video:   4%|4         | 143/3500 [00:35<15:26,  3.62it/s, loss=0.3005]
Fine-tuning Navine AI Video:   4%|4         | 143/3500 [00:35<15:26,  3.62it/s, loss=0.4010]
Fine-tuning Navine AI Video:   4%|4         | 144/3500 [00:36<15:51,  3.53it/s, loss=0.4010]
Fine-tuning Navine AI Video:   4%|4         | 144/3500 [00:36<15:51,  3.53it/s, loss=0.5523]
Fine-tuning Navine AI Video:   4%|4         | 145/3500 [00:36<17:57,  3.11it/s, loss=0.5523]
Fine-tuning Navine AI Video:   4%|4         | 145/3500 [00:36<17:57,  3.11it/s, loss=0.4228]
Fine-tuning Navine AI Video:   4%|4         | 146/3500 [00:36<14:27,  3.86it/s, loss=0.4228]
Fine-tuning Navine AI Video:   4%|4         | 146/3500 [00:36<14:27,  3.86it/s, loss=0.3633]
Fine-tuning Navine AI Video:   4%|4         | 147/3500 [00:36<11:58,  4.66it/s, loss=0.3633]
Fine-tuning Navine AI Video:   4%|4         | 147/3500 [00:36<11:58,  4.66it/s, loss=0.3604]
Fine-tuning Navine AI Video:   4%|4         | 148/3500 [00:37<12:30,  4.47it/s, loss=0.3604]
Fine-tuning Navine AI Video:   4%|4         | 148/3500 [00:37<12:30,  4.47it/s, loss=0.2993]
Fine-tuning Navine AI Video:   4%|4         | 149/3500 [00:37<13:47,  4.05it/s, loss=0.2993]
Fine-tuning Navine AI Video:   4%|4         | 149/3500 [00:37<13:47,  4.05it/s, loss=0.2990]
Fine-tuning Navine AI Video:   4%|4         | 150/3500 [00:37<11:29,  4.86it/s, loss=0.2990]
Fine-tuning Navine AI Video:   4%|4         | 150/3500 [00:37<11:29,  4.86it/s, loss=0.3829]
Fine-tuning Navine AI Video:   4%|4         | 151/3500 [00:37<09:54,  5.63it/s, loss=0.3829]
Fine-tuning Navine AI Video:   4%|4         | 151/3500 [00:37<09:54,  5.63it/s, loss=0.3606]
Fine-tuning Navine AI Video:   4%|4         | 152/3500 [00:37<09:30,  5.87it/s, loss=0.3606]
Fine-tuning Navine AI Video:   4%|4         | 152/3500 [00:37<09:30,  5.87it/s, loss=0.2731]
Fine-tuning Navine AI Video:   4%|4         | 153/3500 [00:37<09:00,  6.20it/s, loss=0.2731]
Fine-tuning Navine AI Video:   4%|4         | 153/3500 [00:37<09:00,  6.20it/s, loss=0.2888]
Fine-tuning Navine AI Video:   4%|4         | 154/3500 [00:37<08:48,  6.33it/s, loss=0.2888]
Fine-tuning Navine AI Video:   4%|4         | 154/3500 [00:37<08:48,  6.33it/s, loss=0.3018]
Fine-tuning Navine AI Video:   4%|4         | 155/3500 [00:38<09:58,  5.59it/s, loss=0.3018]
Fine-tuning Navine AI Video:   4%|4         | 155/3500 [00:38<09:58,  5.59it/s, loss=0.1238]
Fine-tuning Navine AI Video:   4%|4         | 156/3500 [00:38<09:04,  6.14it/s, loss=0.1238]
Fine-tuning Navine AI Video:   4%|4         | 156/3500 [00:38<09:04,  6.14it/s, loss=0.3262]
Fine-tuning Navine AI Video:   4%|4         | 157/3500 [00:38<08:53,  6.26it/s, loss=0.3262]
Fine-tuning Navine AI Video:   4%|4         | 157/3500 [00:38<08:53,  6.26it/s, loss=0.2947]
Fine-tuning Navine AI Video:   5%|4         | 158/3500 [00:38<08:35,  6.48it/s, loss=0.2947]
Fine-tuning Navine AI Video:   5%|4         | 158/3500 [00:38<08:35,  6.48it/s, loss=0.2258]
Fine-tuning Navine AI Video:   5%|4         | 159/3500 [00:38<08:05,  6.89it/s, loss=0.2258]
Fine-tuning Navine AI Video:   5%|4         | 159/3500 [00:38<08:05,  6.89it/s, loss=0.3603]
Fine-tuning Navine AI Video:   5%|4         | 160/3500 [00:38<07:43,  7.21it/s, loss=0.3603]
Fine-tuning Navine AI Video:   5%|4         | 160/3500 [00:38<07:43,  7.21it/s, loss=0.3812]
Fine-tuning Navine AI Video:   5%|4         | 161/3500 [00:39<11:46,  4.73it/s, loss=0.3812]
Fine-tuning Navine AI Video:   5%|4         | 161/3500 [00:39<11:46,  4.73it/s, loss=0.4057]
Fine-tuning Navine AI Video:   5%|4         | 162/3500 [00:39<11:59,  4.64it/s, loss=0.4057]
Fine-tuning Navine AI Video:   5%|4         | 162/3500 [00:39<11:59,  4.64it/s, loss=0.3902]
Fine-tuning Navine AI Video:   5%|4         | 163/3500 [00:39<12:26,  4.47it/s, loss=0.3902]
Fine-tuning Navine AI Video:   5%|4         | 163/3500 [00:39<12:26,  4.47it/s, loss=0.3639]
Fine-tuning Navine AI Video:   5%|4         | 164/3500 [00:39<11:04,  5.02it/s, loss=0.3639]
Fine-tuning Navine AI Video:   5%|4         | 164/3500 [00:39<11:04,  5.02it/s, loss=0.3146]
Fine-tuning Navine AI Video:   5%|4         | 165/3500 [00:41<27:01,  2.06it/s, loss=0.3146]
Fine-tuning Navine AI Video:   5%|4         | 165/3500 [00:41<27:01,  2.06it/s, loss=0.4621]
Fine-tuning Navine AI Video:   5%|4         | 166/3500 [00:44<1:13:25,  1.32s/it, loss=0.4621]
Fine-tuning Navine AI Video:   5%|4         | 166/3500 [00:44<1:13:25,  1.32s/it, loss=0.3804]
Fine-tuning Navine AI Video:   5%|4         | 167/3500 [00:46<1:33:04,  1.68s/it, loss=0.3804]
Fine-tuning Navine AI Video:   5%|4         | 167/3500 [00:46<1:33:04,  1.68s/it, loss=0.6000]
Fine-tuning Navine AI Video:   5%|4         | 168/3500 [00:54<3:06:11,  3.35s/it, loss=0.6000]
Fine-tuning Navine AI Video:   5%|4         | 168/3500 [00:54<3:06:11,  3.35s/it, loss=0.3758]
Fine-tuning Navine AI Video:   5%|4         | 169/3500 [01:00<4:00:58,  4.34s/it, loss=0.3758]
Fine-tuning Navine AI Video:   5%|4         | 169/3500 [01:00<4:00:58,  4.34s/it, loss=0.4614]
Fine-tuning Navine AI Video:   5%|4         | 170/3500 [01:04<3:57:16,  4.28s/it, loss=0.4614]
Fine-tuning Navine AI Video:   5%|4         | 170/3500 [01:04<3:57:16,  4.28s/it, loss=0.4087]
Fine-tuning Navine AI Video:   5%|4         | 171/3500 [01:06<3:13:51,  3.49s/it, loss=0.4087]
Fine-tuning Navine AI Video:   5%|4         | 171/3500 [01:06<3:13:51,  3.49s/it, loss=0.1345]
Fine-tuning Navine AI Video:   5%|4         | 172/3500 [01:08<2:43:24,  2.95s/it, loss=0.1345]
Fine-tuning Navine AI Video:   5%|4         | 172/3500 [01:08<2:43:24,  2.95s/it, loss=0.3956]
Fine-tuning Navine AI Video:   5%|4         | 173/3500 [01:08<1:57:28,  2.12s/it, loss=0.3956]
Fine-tuning Navine AI Video:   5%|4         | 173/3500 [01:08<1:57:28,  2.12s/it, loss=0.4002]
Fine-tuning Navine AI Video:   5%|4         | 174/3500 [01:08<1:32:40,  1.67s/it, loss=0.4002]
Fine-tuning Navine AI Video:   5%|4         | 174/3500 [01:09<1:32:40,  1.67s/it, loss=0.4320]
Fine-tuning Navine AI Video:   5%|5         | 175/3500 [01:09<1:06:53,  1.21s/it, loss=0.4320]
Fine-tuning Navine AI Video:   5%|5         | 175/3500 [01:09<1:06:53,  1.21s/it, loss=0.4023]
Fine-tuning Navine AI Video:   5%|5         | 176/3500 [01:09<57:41,  1.04s/it, loss=0.4023]  
Fine-tuning Navine AI Video:   5%|5         | 176/3500 [01:09<57:41,  1.04s/it, loss=0.3903]
Fine-tuning Navine AI Video:   5%|5         | 177/3500 [01:09<42:36,  1.30it/s, loss=0.3903]
Fine-tuning Navine AI Video:   5%|5         | 177/3500 [01:09<42:36,  1.30it/s, loss=0.3821]
Fine-tuning Navine AI Video:   5%|5         | 178/3500 [01:10<32:12,  1.72it/s, loss=0.3821]
Fine-tuning Navine AI Video:   5%|5         | 178/3500 [01:10<32:12,  1.72it/s, loss=0.2779]
Fine-tuning Navine AI Video:   5%|5         | 179/3500 [01:11<38:19,  1.44it/s, loss=0.2779]
Fine-tuning Navine AI Video:   5%|5         | 179/3500 [01:11<38:19,  1.44it/s, loss=0.4373]
Fine-tuning Navine AI Video:   5%|5         | 180/3500 [01:11<28:49,  1.92it/s, loss=0.4373]
Fine-tuning Navine AI Video:   5%|5         | 180/3500 [01:11<28:49,  1.92it/s, loss=0.3770]
Fine-tuning Navine AI Video:   5%|5         | 181/3500 [01:11<23:59,  2.31it/s, loss=0.3770]
Fine-tuning Navine AI Video:   5%|5         | 181/3500 [01:11<23:59,  2.31it/s, loss=0.5610]
Fine-tuning Navine AI Video:   5%|5         | 182/3500 [01:11<19:04,  2.90it/s, loss=0.5610]
Fine-tuning Navine AI Video:   5%|5         | 182/3500 [01:11<19:04,  2.90it/s, loss=0.3342]
Fine-tuning Navine AI Video:   5%|5         | 183/3500 [01:11<15:23,  3.59it/s, loss=0.3342]
Fine-tuning Navine AI Video:   5%|5         | 183/3500 [01:11<15:23,  3.59it/s, loss=0.3737]
Fine-tuning Navine AI Video:   5%|5         | 184/3500 [01:11<12:49,  4.31it/s, loss=0.3737]
Fine-tuning Navine AI Video:   5%|5         | 184/3500 [01:11<12:49,  4.31it/s, loss=0.3958]
Fine-tuning Navine AI Video:   5%|5         | 185/3500 [01:11<12:48,  4.32it/s, loss=0.3958]
Fine-tuning Navine AI Video:   5%|5         | 185/3500 [01:11<12:48,  4.32it/s, loss=0.1282]
Fine-tuning Navine AI Video:   5%|5         | 186/3500 [01:12<13:08,  4.20it/s, loss=0.1282]
Fine-tuning Navine AI Video:   5%|5         | 186/3500 [01:12<13:08,  4.20it/s, loss=0.3682]
Fine-tuning Navine AI Video:   5%|5         | 187/3500 [01:12<13:00,  4.24it/s, loss=0.3682]
Fine-tuning Navine AI Video:   5%|5         | 187/3500 [01:12<13:00,  4.24it/s, loss=0.3346]
Fine-tuning Navine AI Video:   5%|5         | 188/3500 [01:12<11:24,  4.84it/s, loss=0.3346]
Fine-tuning Navine AI Video:   5%|5         | 188/3500 [01:12<11:24,  4.84it/s, loss=0.2878]
Fine-tuning Navine AI Video:   5%|5         | 189/3500 [01:12<10:25,  5.29it/s, loss=0.2878]
Fine-tuning Navine AI Video:   5%|5         | 189/3500 [01:12<10:25,  5.29it/s, loss=0.3572]
Fine-tuning Navine AI Video:   5%|5         | 190/3500 [01:12<09:28,  5.82it/s, loss=0.3572]
Fine-tuning Navine AI Video:   5%|5         | 190/3500 [01:12<09:28,  5.82it/s, loss=0.3207]
Fine-tuning Navine AI Video:   5%|5         | 191/3500 [01:12<08:31,  6.47it/s, loss=0.3207]
Fine-tuning Navine AI Video:   5%|5         | 191/3500 [01:12<08:31,  6.47it/s, loss=0.3896]
Fine-tuning Navine AI Video:   5%|5         | 192/3500 [01:13<10:46,  5.12it/s, loss=0.3896]
Fine-tuning Navine AI Video:   5%|5         | 192/3500 [01:13<10:46,  5.12it/s, loss=0.1244]
Fine-tuning Navine AI Video:   6%|5         | 193/3500 [01:13<09:34,  5.76it/s, loss=0.1244]
Fine-tuning Navine AI Video:   6%|5         | 193/3500 [01:13<09:34,  5.76it/s, loss=0.3757]
Fine-tuning Navine AI Video:   6%|5         | 194/3500 [01:13<08:47,  6.27it/s, loss=0.3757]
Fine-tuning Navine AI Video:   6%|5         | 194/3500 [01:13<08:47,  6.27it/s, loss=0.3848]
Fine-tuning Navine AI Video:   6%|5         | 195/3500 [01:13<09:46,  5.64it/s, loss=0.3848]
Fine-tuning Navine AI Video:   6%|5         | 195/3500 [01:13<09:46,  5.64it/s, loss=0.3584]
Fine-tuning Navine AI Video:   6%|5         | 196/3500 [01:13<10:37,  5.18it/s, loss=0.3584]
Fine-tuning Navine AI Video:   6%|5         | 196/3500 [01:13<10:37,  5.18it/s, loss=0.5333]
Fine-tuning Navine AI Video:   6%|5         | 197/3500 [01:14<09:22,  5.88it/s, loss=0.5333]
Fine-tuning Navine AI Video:   6%|5         | 197/3500 [01:14<09:22,  5.88it/s, loss=0.3526]
Fine-tuning Navine AI Video:   6%|5         | 198/3500 [01:14<09:53,  5.56it/s, loss=0.3526]
Fine-tuning Navine AI Video:   6%|5         | 198/3500 [01:14<09:53,  5.56it/s, loss=0.1281]
Fine-tuning Navine AI Video:   6%|5         | 199/3500 [01:14<08:57,  6.14it/s, loss=0.1281]
Fine-tuning Navine AI Video:   6%|5         | 199/3500 [01:14<08:57,  6.14it/s, loss=0.4572]
Fine-tuning Navine AI Video:   6%|5         | 200/3500 [01:15<25:45,  2.14it/s, loss=0.4572]
Fine-tuning Navine AI Video:   6%|5         | 200/3500 [01:15<25:45,  2.14it/s, loss=0.3936]
Fine-tuning Navine AI Video:   6%|5         | 201/3500 [01:15<21:43,  2.53it/s, loss=0.3936]
Fine-tuning Navine AI Video:   6%|5         | 201/3500 [01:15<21:43,  2.53it/s, loss=0.3825]
Fine-tuning Navine AI Video:   6%|5         | 202/3500 [01:15<17:14,  3.19it/s, loss=0.3825]
Fine-tuning Navine AI Video:   6%|5         | 202/3500 [01:15<17:14,  3.19it/s, loss=0.3595]
Fine-tuning Navine AI Video:   6%|5         | 203/3500 [01:16<14:43,  3.73it/s, loss=0.3595]
Fine-tuning Navine AI Video:   6%|5         | 203/3500 [01:16<14:43,  3.73it/s, loss=0.2411]
Fine-tuning Navine AI Video:   6%|5         | 204/3500 [01:16<14:26,  3.81it/s, loss=0.2411]
Fine-tuning Navine AI Video:   6%|5         | 204/3500 [01:16<14:26,  3.81it/s, loss=0.5569]
Fine-tuning Navine AI Video:   6%|5         | 205/3500 [01:16<15:44,  3.49it/s, loss=0.5569]
Fine-tuning Navine AI Video:   6%|5         | 205/3500 [01:16<15:44,  3.49it/s, loss=0.2082]
Fine-tuning Navine AI Video:   6%|5         | 206/3500 [01:16<15:12,  3.61it/s, loss=0.2082]
Fine-tuning Navine AI Video:   6%|5         | 206/3500 [01:16<15:12,  3.61it/s, loss=0.3482]
Fine-tuning Navine AI Video:   6%|5         | 207/3500 [01:17<12:50,  4.27it/s, loss=0.3482]
Fine-tuning Navine AI Video:   6%|5         | 207/3500 [01:17<12:50,  4.27it/s, loss=0.3356]
Fine-tuning Navine AI Video:   6%|5         | 208/3500 [01:17<10:52,  5.05it/s, loss=0.3356]
Fine-tuning Navine AI Video:   6%|5         | 208/3500 [01:17<10:52,  5.05it/s, loss=0.5162]
Fine-tuning Navine AI Video:   6%|5         | 209/3500 [01:17<09:43,  5.64it/s, loss=0.5162]
Fine-tuning Navine AI Video:   6%|5         | 209/3500 [01:17<09:43,  5.64it/s, loss=0.5227]
Fine-tuning Navine AI Video:   6%|6         | 210/3500 [01:17<09:43,  5.64it/s, loss=0.3524]
Fine-tuning Navine AI Video:   6%|6         | 211/3500 [01:17<09:32,  5.75it/s, loss=0.3524]
Fine-tuning Navine AI Video:   6%|6         | 211/3500 [01:17<09:32,  5.75it/s, loss=0.3079]
Fine-tuning Navine AI Video:   6%|6         | 212/3500 [01:17<10:02,  5.46it/s, loss=0.3079]
Fine-tuning Navine AI Video:   6%|6         | 212/3500 [01:17<10:02,  5.46it/s, loss=0.3120]
Fine-tuning Navine AI Video:   6%|6         | 213/3500 [01:18<09:39,  5.67it/s, loss=0.3120]
Fine-tuning Navine AI Video:   6%|6         | 213/3500 [01:18<09:39,  5.67it/s, loss=0.2166]
Fine-tuning Navine AI Video:   6%|6         | 214/3500 [01:18<10:01,  5.46it/s, loss=0.2166]
Fine-tuning Navine AI Video:   6%|6         | 214/3500 [01:18<10:01,  5.46it/s, loss=0.3332]
Fine-tuning Navine AI Video:   6%|6         | 215/3500 [01:18<10:46,  5.08it/s, loss=0.3332]
Fine-tuning Navine AI Video:   6%|6         | 215/3500 [01:18<10:46,  5.08it/s, loss=0.1241]
Fine-tuning Navine AI Video:   6%|6         | 216/3500 [01:18<09:38,  5.67it/s, loss=0.1241]
Fine-tuning Navine AI Video:   6%|6         | 216/3500 [01:18<09:38,  5.67it/s, loss=0.3500]
Fine-tuning Navine AI Video:   6%|6         | 217/3500 [01:18<10:41,  5.12it/s, loss=0.3500]
Fine-tuning Navine AI Video:   6%|6         | 217/3500 [01:18<10:41,  5.12it/s, loss=0.3587]
Fine-tuning Navine AI Video:   6%|6         | 218/3500 [01:18<09:16,  5.90it/s, loss=0.3587]
Fine-tuning Navine AI Video:   6%|6         | 218/3500 [01:18<09:16,  5.90it/s, loss=0.3395]
Fine-tuning Navine AI Video:   6%|6         | 219/3500 [01:19<10:58,  4.98it/s, loss=0.3395]
Fine-tuning Navine AI Video:   6%|6         | 219/3500 [01:19<10:58,  4.98it/s, loss=0.3800]
Fine-tuning Navine AI Video:   6%|6         | 220/3500 [01:19<11:11,  4.88it/s, loss=0.3800]
Fine-tuning Navine AI Video:   6%|6         | 220/3500 [01:19<11:11,  4.88it/s, loss=0.1239]
Fine-tuning Navine AI Video:   6%|6         | 221/3500 [01:19<09:58,  5.48it/s, loss=0.1239]
Fine-tuning Navine AI Video:   6%|6         | 221/3500 [01:19<09:58,  5.48it/s, loss=0.4032]
Fine-tuning Navine AI Video:   6%|6         | 222/3500 [01:19<08:49,  6.19it/s, loss=0.4032]
Fine-tuning Navine AI Video:   6%|6         | 222/3500 [01:19<08:49,  6.19it/s, loss=0.3525]
Fine-tuning Navine AI Video:   6%|6         | 223/3500 [01:19<07:56,  6.88it/s, loss=0.3525]
Fine-tuning Navine AI Video:   6%|6         | 223/3500 [01:19<07:56,  6.88it/s, loss=0.3861]
Fine-tuning Navine AI Video:   6%|6         | 224/3500 [01:19<07:16,  7.51it/s, loss=0.3861]
Fine-tuning Navine AI Video:   6%|6         | 224/3500 [01:19<07:16,  7.51it/s, loss=0.3847]
Fine-tuning Navine AI Video:   6%|6         | 225/3500 [01:20<07:03,  7.74it/s, loss=0.3847]
Fine-tuning Navine AI Video:   6%|6         | 225/3500 [01:20<07:03,  7.74it/s, loss=0.3741]
Fine-tuning Navine AI Video:   6%|6         | 226/3500 [01:20<14:40,  3.72it/s, loss=0.3741]
Fine-tuning Navine AI Video:   6%|6         | 226/3500 [01:20<14:40,  3.72it/s, loss=0.4237]
Fine-tuning Navine AI Video:   6%|6         | 227/3500 [01:20<12:31,  4.35it/s, loss=0.4237]
Fine-tuning Navine AI Video:   6%|6         | 227/3500 [01:20<12:31,  4.35it/s, loss=0.3679]
Fine-tuning Navine AI Video:   7%|6         | 228/3500 [01:21<13:16,  4.11it/s, loss=0.3679]
Fine-tuning Navine AI Video:   7%|6         | 228/3500 [01:21<13:16,  4.11it/s, loss=0.3962]
Fine-tuning Navine AI Video:   7%|6         | 229/3500 [01:21<11:17,  4.83it/s, loss=0.3962]
Fine-tuning Navine AI Video:   7%|6         | 229/3500 [01:21<11:17,  4.83it/s, loss=0.2971]
Fine-tuning Navine AI Video:   7%|6         | 230/3500 [01:22<22:00,  2.48it/s, loss=0.2971]
Fine-tuning Navine AI Video:   7%|6         | 230/3500 [01:22<22:00,  2.48it/s, loss=0.3939]
Fine-tuning Navine AI Video:   7%|6         | 231/3500 [01:22<17:35,  3.10it/s, loss=0.3939]
Fine-tuning Navine AI Video:   7%|6         | 231/3500 [01:22<17:35,  3.10it/s, loss=0.3558]
Fine-tuning Navine AI Video:   7%|6         | 232/3500 [01:22<14:10,  3.84it/s, loss=0.3558]
Fine-tuning Navine AI Video:   7%|6         | 232/3500 [01:22<14:10,  3.84it/s, loss=0.3934]
Fine-tuning Navine AI Video:   7%|6         | 233/3500 [01:22<14:14,  3.82it/s, loss=0.3934]
Fine-tuning Navine AI Video:   7%|6         | 233/3500 [01:22<14:14,  3.82it/s, loss=0.4399]
Fine-tuning Navine AI Video:   7%|6         | 234/3500 [01:22<11:57,  4.55it/s, loss=0.4399]
Fine-tuning Navine AI Video:   7%|6         | 234/3500 [01:22<11:57,  4.55it/s, loss=0.4106]
Fine-tuning Navine AI Video:   7%|6         | 235/3500 [01:22<10:34,  5.15it/s, loss=0.4106]
Fine-tuning Navine AI Video:   7%|6         | 235/3500 [01:22<10:34,  5.15it/s, loss=0.4031]
Fine-tuning Navine AI Video:   7%|6         | 236/3500 [01:22<10:13,  5.32it/s, loss=0.4031]
Fine-tuning Navine AI Video:   7%|6         | 236/3500 [01:22<10:13,  5.32it/s, loss=0.3429]
Fine-tuning Navine AI Video:   7%|6         | 237/3500 [01:23<11:29,  4.73it/s, loss=0.3429]
Fine-tuning Navine AI Video:   7%|6         | 237/3500 [01:23<11:29,  4.73it/s, loss=0.1172]
Fine-tuning Navine AI Video:   7%|6         | 238/3500 [01:23<11:56,  4.55it/s, loss=0.1172]
Fine-tuning Navine AI Video:   7%|6         | 238/3500 [01:23<11:56,  4.55it/s, loss=0.3050]
Fine-tuning Navine AI Video:   7%|6         | 239/3500 [01:23<13:04,  4.16it/s, loss=0.3050]
Fine-tuning Navine AI Video:   7%|6         | 239/3500 [01:23<13:04,  4.16it/s, loss=0.3042]
Fine-tuning Navine AI Video:   7%|6         | 240/3500 [01:23<11:37,  4.67it/s, loss=0.3042]
Fine-tuning Navine AI Video:   7%|6         | 240/3500 [01:23<11:37,  4.67it/s, loss=0.3197]
Fine-tuning Navine AI Video:   7%|6         | 241/3500 [01:24<09:54,  5.48it/s, loss=0.3197]
Fine-tuning Navine AI Video:   7%|6         | 241/3500 [01:24<09:54,  5.48it/s, loss=0.3794]
Fine-tuning Navine AI Video:   7%|6         | 242/3500 [01:24<11:17,  4.81it/s, loss=0.3794]
Fine-tuning Navine AI Video:   7%|6         | 242/3500 [01:24<11:17,  4.81it/s, loss=0.3867]
Fine-tuning Navine AI Video:   7%|6         | 243/3500 [01:24<10:22,  5.23it/s, loss=0.3867]
Fine-tuning Navine AI Video:   7%|6         | 243/3500 [01:24<10:22,  5.23it/s, loss=0.1958]
Fine-tuning Navine AI Video:   7%|6         | 244/3500 [01:24<09:45,  5.56it/s, loss=0.1958]
Fine-tuning Navine AI Video:   7%|6         | 244/3500 [01:24<09:45,  5.56it/s, loss=0.3218]
Fine-tuning Navine AI Video:   7%|7         | 245/3500 [01:24<08:43,  6.22it/s, loss=0.3218]
Fine-tuning Navine AI Video:   7%|7         | 245/3500 [01:24<08:43,  6.22it/s, loss=0.3555]
Fine-tuning Navine AI Video:   7%|7         | 246/3500 [01:24<08:16,  6.55it/s, loss=0.3555]
Fine-tuning Navine AI Video:   7%|7         | 246/3500 [01:24<08:16,  6.55it/s, loss=0.3328]
Fine-tuning Navine AI Video:   7%|7         | 247/3500 [01:25<10:56,  4.95it/s, loss=0.3328]
Fine-tuning Navine AI Video:   7%|7         | 247/3500 [01:25<10:56,  4.95it/s, loss=0.3970]
Fine-tuning Navine AI Video:   7%|7         | 248/3500 [01:25<09:54,  5.47it/s, loss=0.3970]
Fine-tuning Navine AI Video:   7%|7         | 248/3500 [01:25<09:54,  5.47it/s, loss=0.2789]
Fine-tuning Navine AI Video:   7%|7         | 249/3500 [01:25<08:55,  6.07it/s, loss=0.2789]
Fine-tuning Navine AI Video:   7%|7         | 249/3500 [01:25<08:55,  6.07it/s, loss=0.3175]
Fine-tuning Navine AI Video:   7%|7         | 250/3500 [01:25<07:53,  6.86it/s, loss=0.3175]
Fine-tuning Navine AI Video:   7%|7         | 250/3500 [01:25<07:53,  6.86it/s, loss=0.3597]
Fine-tuning Navine AI Video:   7%|7         | 251/3500 [01:25<07:15,  7.46it/s, loss=0.3597]
Fine-tuning Navine AI Video:   7%|7         | 251/3500 [01:25<07:15,  7.46it/s, loss=0.3787]
Fine-tuning Navine AI Video:   7%|7         | 252/3500 [01:25<06:59,  7.74it/s, loss=0.3787]
Fine-tuning Navine AI Video:   7%|7         | 252/3500 [01:25<06:59,  7.74it/s, loss=0.5773]
Fine-tuning Navine AI Video:   7%|7         | 253/3500 [01:25<06:48,  7.95it/s, loss=0.5773]
Fine-tuning Navine AI Video:   7%|7         | 253/3500 [01:25<06:48,  7.95it/s, loss=0.5291]
Fine-tuning Navine AI Video:   7%|7         | 254/3500 [01:25<07:05,  7.62it/s, loss=0.5291]
Fine-tuning Navine AI Video:   7%|7         | 254/3500 [01:25<07:05,  7.62it/s, loss=0.3211]
Fine-tuning Navine AI Video:   7%|7         | 255/3500 [01:26<06:56,  7.79it/s, loss=0.3211]
Fine-tuning Navine AI Video:   7%|7         | 255/3500 [01:26<06:56,  7.79it/s, loss=0.3400]
Fine-tuning Navine AI Video:   7%|7         | 256/3500 [01:26<06:55,  7.80it/s, loss=0.3400]
Fine-tuning Navine AI Video:   7%|7         | 256/3500 [01:26<06:55,  7.80it/s, loss=0.5481]
Fine-tuning Navine AI Video:   7%|7         | 257/3500 [01:26<06:51,  7.87it/s, loss=0.5481]
Fine-tuning Navine AI Video:   7%|7         | 257/3500 [01:26<06:51,  7.87it/s, loss=0.3369]
Fine-tuning Navine AI Video:   7%|7         | 258/3500 [01:26<07:21,  7.34it/s, loss=0.3369]
Fine-tuning Navine AI Video:   7%|7         | 258/3500 [01:26<07:21,  7.34it/s, loss=0.2826]
Fine-tuning Navine AI Video:   7%|7         | 259/3500 [01:26<06:59,  7.73it/s, loss=0.2826]
Fine-tuning Navine AI Video:   7%|7         | 259/3500 [01:26<06:59,  7.73it/s, loss=0.4278]
Fine-tuning Navine AI Video:   7%|7         | 260/3500 [01:26<07:06,  7.59it/s, loss=0.4278]
Fine-tuning Navine AI Video:   7%|7         | 260/3500 [01:26<07:06,  7.59it/s, loss=0.3165]
Fine-tuning Navine AI Video:   7%|7         | 261/3500 [01:26<06:56,  7.78it/s, loss=0.3165]
Fine-tuning Navine AI Video:   7%|7         | 261/3500 [01:26<06:56,  7.78it/s, loss=0.3741]
Fine-tuning Navine AI Video:   7%|7         | 262/3500 [01:27<06:44,  8.00it/s, loss=0.3741]
Fine-tuning Navine AI Video:   7%|7         | 262/3500 [01:27<06:44,  8.00it/s, loss=0.3779]
Fine-tuning Navine AI Video:   8%|7         | 263/3500 [01:27<06:34,  8.20it/s, loss=0.3779]
Fine-tuning Navine AI Video:   8%|7         | 263/3500 [01:27<06:34,  8.20it/s, loss=0.3914]
Fine-tuning Navine AI Video:   8%|7         | 264/3500 [01:27<09:00,  5.98it/s, loss=0.3914]
Fine-tuning Navine AI Video:   8%|7         | 264/3500 [01:27<09:00,  5.98it/s, loss=0.3917]
Fine-tuning Navine AI Video:   8%|7         | 265/3500 [01:27<08:07,  6.63it/s, loss=0.3917]
Fine-tuning Navine AI Video:   8%|7         | 265/3500 [01:27<08:07,  6.63it/s, loss=0.3626]
Fine-tuning Navine AI Video:   8%|7         | 266/3500 [01:27<09:01,  5.98it/s, loss=0.3626]
Fine-tuning Navine AI Video:   8%|7         | 266/3500 [01:27<09:01,  5.98it/s, loss=0.1279]
Fine-tuning Navine AI Video:   8%|7         | 267/3500 [01:27<08:24,  6.41it/s, loss=0.1279]
Fine-tuning Navine AI Video:   8%|7         | 267/3500 [01:27<08:24,  6.41it/s, loss=0.4014]
Fine-tuning Navine AI Video:   8%|7         | 268/3500 [01:27<07:52,  6.84it/s, loss=0.4014]
Fine-tuning Navine AI Video:   8%|7         | 268/3500 [01:27<07:52,  6.84it/s, loss=0.3924]
Fine-tuning Navine AI Video:   8%|7         | 269/3500 [01:28<07:19,  7.35it/s, loss=0.3924]
Fine-tuning Navine AI Video:   8%|7         | 269/3500 [01:28<07:19,  7.35it/s, loss=0.3765]
Fine-tuning Navine AI Video:   8%|7         | 270/3500 [01:28<07:00,  7.68it/s, loss=0.3765]
Fine-tuning Navine AI Video:   8%|7         | 270/3500 [01:28<07:00,  7.68it/s, loss=0.5380]
Fine-tuning Navine AI Video:   8%|7         | 271/3500 [01:28<06:39,  8.08it/s, loss=0.5380]
Fine-tuning Navine AI Video:   8%|7         | 271/3500 [01:28<06:39,  8.08it/s, loss=0.3535]
Fine-tuning Navine AI Video:   8%|7         | 272/3500 [01:28<06:59,  7.69it/s, loss=0.3535]
Fine-tuning Navine AI Video:   8%|7         | 272/3500 [01:28<06:59,  7.69it/s, loss=0.3145]
Fine-tuning Navine AI Video:   8%|7         | 273/3500 [01:28<09:08,  5.89it/s, loss=0.3145]
Fine-tuning Navine AI Video:   8%|7         | 273/3500 [01:28<09:08,  5.89it/s, loss=0.3594]
Fine-tuning Navine AI Video:   8%|7         | 274/3500 [01:29<22:59,  2.34it/s, loss=0.3594]
Fine-tuning Navine AI Video:   8%|7         | 274/3500 [01:29<22:59,  2.34it/s, loss=0.4136]
Fine-tuning Navine AI Video:   8%|7         | 275/3500 [01:29<18:12,  2.95it/s, loss=0.4136]
Fine-tuning Navine AI Video:   8%|7         | 275/3500 [01:29<18:12,  2.95it/s, loss=0.2872]
Fine-tuning Navine AI Video:   8%|7         | 276/3500 [01:29<14:32,  3.69it/s, loss=0.2872]
Fine-tuning Navine AI Video:   8%|7         | 276/3500 [01:29<14:32,  3.69it/s, loss=0.3613]
Fine-tuning Navine AI Video:   8%|7         | 277/3500 [01:30<13:56,  3.85it/s, loss=0.3613]
Fine-tuning Navine AI Video:   8%|7         | 277/3500 [01:30<13:56,  3.85it/s, loss=0.1217]
Fine-tuning Navine AI Video:   8%|7         | 278/3500 [01:30<11:57,  4.49it/s, loss=0.1217]
Fine-tuning Navine AI Video:   8%|7         | 278/3500 [01:30<11:57,  4.49it/s, loss=0.3301]
Fine-tuning Navine AI Video:   8%|7         | 279/3500 [01:30<12:30,  4.29it/s, loss=0.3301]
Fine-tuning Navine AI Video:   8%|7         | 279/3500 [01:30<12:30,  4.29it/s, loss=0.1198]
Fine-tuning Navine AI Video:   8%|8         | 280/3500 [01:30<10:38,  5.04it/s, loss=0.1198]
Fine-tuning Navine AI Video:   8%|8         | 280/3500 [01:30<10:38,  5.04it/s, loss=0.3814]
Fine-tuning Navine AI Video:   8%|8         | 281/3500 [01:31<15:34,  3.44it/s, loss=0.3814]
Fine-tuning Navine AI Video:   8%|8         | 281/3500 [01:31<15:34,  3.44it/s, loss=0.3362]
Fine-tuning Navine AI Video:   8%|8         | 282/3500 [01:31<20:11,  2.66it/s, loss=0.3362]
Fine-tuning Navine AI Video:   8%|8         | 282/3500 [01:31<20:11,  2.66it/s, loss=0.3810]
Fine-tuning Navine AI Video:   8%|8         | 283/3500 [01:32<21:18,  2.52it/s, loss=0.3810]
Fine-tuning Navine AI Video:   8%|8         | 283/3500 [01:32<21:18,  2.52it/s, loss=0.3508]
Fine-tuning Navine AI Video:   8%|8         | 284/3500 [01:32<16:54,  3.17it/s, loss=0.3508]
Fine-tuning Navine AI Video:   8%|8         | 284/3500 [01:32<16:54,  3.17it/s, loss=0.4130]
Fine-tuning Navine AI Video:   8%|8         | 285/3500 [01:32<13:46,  3.89it/s, loss=0.4130]
Fine-tuning Navine AI Video:   8%|8         | 285/3500 [01:32<13:46,  3.89it/s, loss=0.2876]
Fine-tuning Navine AI Video:   8%|8         | 286/3500 [01:33<19:34,  2.74it/s, loss=0.2876]
Fine-tuning Navine AI Video:   8%|8         | 286/3500 [01:33<19:34,  2.74it/s, loss=0.3869]
Fine-tuning Navine AI Video:   8%|8         | 287/3500 [01:33<18:03,  2.96it/s, loss=0.3869]
Fine-tuning Navine AI Video:   8%|8         | 287/3500 [01:33<18:03,  2.96it/s, loss=0.3583]
Fine-tuning Navine AI Video:   8%|8         | 288/3500 [01:33<16:41,  3.21it/s, loss=0.3583]
Fine-tuning Navine AI Video:   8%|8         | 288/3500 [01:33<16:41,  3.21it/s, loss=0.3794]
Fine-tuning Navine AI Video:   8%|8         | 289/3500 [01:33<13:48,  3.88it/s, loss=0.3794]
Fine-tuning Navine AI Video:   8%|8         | 289/3500 [01:33<13:48,  3.88it/s, loss=0.3358]
Fine-tuning Navine AI Video:   8%|8         | 290/3500 [01:33<11:24,  4.69it/s, loss=0.3358]
Fine-tuning Navine AI Video:   8%|8         | 290/3500 [01:33<11:24,  4.69it/s, loss=0.3822]
Fine-tuning Navine AI Video:   8%|8         | 291/3500 [01:34<11:42,  4.57it/s, loss=0.3822]
Fine-tuning Navine AI Video:   8%|8         | 291/3500 [01:34<11:42,  4.57it/s, loss=0.3576]
Fine-tuning Navine AI Video:   8%|8         | 292/3500 [01:34<10:10,  5.25it/s, loss=0.3576]
Fine-tuning Navine AI Video:   8%|8         | 292/3500 [01:34<10:10,  5.25it/s, loss=0.5083]
Fine-tuning Navine AI Video:   8%|8         | 293/3500 [01:34<10:36,  5.04it/s, loss=0.5083]
Fine-tuning Navine AI Video:   8%|8         | 293/3500 [01:34<10:36,  5.04it/s, loss=0.3116]
Fine-tuning Navine AI Video:   8%|8         | 294/3500 [01:34<09:24,  5.68it/s, loss=0.3116]
Fine-tuning Navine AI Video:   8%|8         | 294/3500 [01:34<09:24,  5.68it/s, loss=0.1957]
Fine-tuning Navine AI Video:   8%|8         | 295/3500 [01:34<08:16,  6.45it/s, loss=0.1957]
Fine-tuning Navine AI Video:   8%|8         | 295/3500 [01:34<08:16,  6.45it/s, loss=0.3882]
Fine-tuning Navine AI Video:   8%|8         | 296/3500 [01:34<07:47,  6.85it/s, loss=0.3882]
Fine-tuning Navine AI Video:   8%|8         | 296/3500 [01:34<07:47,  6.85it/s, loss=0.3106]
Fine-tuning Navine AI Video:   8%|8         | 297/3500 [01:34<07:23,  7.21it/s, loss=0.3106]
Fine-tuning Navine AI Video:   8%|8         | 297/3500 [01:34<07:23,  7.21it/s, loss=0.3276]
Fine-tuning Navine AI Video:   9%|8         | 298/3500 [01:35<13:58,  3.82it/s, loss=0.3276]
Fine-tuning Navine AI Video:   9%|8         | 298/3500 [01:35<13:58,  3.82it/s, loss=0.3912]
Fine-tuning Navine AI Video:   9%|8         | 299/3500 [01:35<11:28,  4.65it/s, loss=0.3912]
Fine-tuning Navine AI Video:   9%|8         | 299/3500 [01:35<11:28,  4.65it/s, loss=0.3343]
Fine-tuning Navine AI Video:   9%|8         | 300/3500 [01:35<12:38,  4.22it/s, loss=0.3343]
Fine-tuning Navine AI Video:   9%|8         | 300/3500 [01:35<12:38,  4.22it/s, loss=0.3836]
Fine-tuning Navine AI Video:   9%|8         | 301/3500 [01:35<10:41,  4.99it/s, loss=0.3836]
Fine-tuning Navine AI Video:   9%|8         | 301/3500 [01:36<10:41,  4.99it/s, loss=0.5334]
Fine-tuning Navine AI Video:   9%|8         | 302/3500 [01:36<19:45,  2.70it/s, loss=0.5334]
Fine-tuning Navine AI Video:   9%|8         | 302/3500 [01:36<19:45,  2.70it/s, loss=0.4224]
Fine-tuning Navine AI Video:   9%|8         | 303/3500 [01:36<15:52,  3.36it/s, loss=0.4224]
Fine-tuning Navine AI Video:   9%|8         | 303/3500 [01:36<15:52,  3.36it/s, loss=0.3385]
Fine-tuning Navine AI Video:   9%|8         | 304/3500 [01:37<15:47,  3.37it/s, loss=0.3385]
Fine-tuning Navine AI Video:   9%|8         | 304/3500 [01:37<15:47,  3.37it/s, loss=0.3309]
Fine-tuning Navine AI Video:   9%|8         | 305/3500 [01:37<13:58,  3.81it/s, loss=0.3309]
Fine-tuning Navine AI Video:   9%|8         | 305/3500 [01:37<13:58,  3.81it/s, loss=0.5230]
Fine-tuning Navine AI Video:   9%|8         | 306/3500 [01:37<14:11,  3.75it/s, loss=0.5230]
Fine-tuning Navine AI Video:   9%|8         | 306/3500 [01:37<14:11,  3.75it/s, loss=0.4132]
Fine-tuning Navine AI Video:   9%|8         | 307/3500 [01:37<12:26,  4.28it/s, loss=0.4132]
Fine-tuning Navine AI Video:   9%|8         | 307/3500 [01:37<12:26,  4.28it/s, loss=0.2068]
Fine-tuning Navine AI Video:   9%|8         | 308/3500 [01:37<10:26,  5.10it/s, loss=0.2068]
Fine-tuning Navine AI Video:   9%|8         | 308/3500 [01:37<10:26,  5.10it/s, loss=0.3812]
Fine-tuning Navine AI Video:   9%|8         | 309/3500 [01:38<11:33,  4.60it/s, loss=0.3812]
Fine-tuning Navine AI Video:   9%|8         | 309/3500 [01:38<11:33,  4.60it/s, loss=0.3178]
Fine-tuning Navine AI Video:   9%|8         | 310/3500 [01:38<10:27,  5.08it/s, loss=0.3178]
Fine-tuning Navine AI Video:   9%|8         | 310/3500 [01:38<10:27,  5.08it/s, loss=0.3753]
Fine-tuning Navine AI Video:   9%|8         | 311/3500 [01:38<09:43,  5.47it/s, loss=0.3753]
Fine-tuning Navine AI Video:   9%|8         | 311/3500 [01:38<09:43,  5.47it/s, loss=0.5106]
Fine-tuning Navine AI Video:   9%|8         | 312/3500 [01:38<08:48,  6.04it/s, loss=0.5106]
Fine-tuning Navine AI Video:   9%|8         | 312/3500 [01:38<08:48,  6.04it/s, loss=0.3682]
Fine-tuning Navine AI Video:   9%|8         | 313/3500 [01:38<07:49,  6.79it/s, loss=0.3682]
Fine-tuning Navine AI Video:   9%|8         | 313/3500 [01:38<07:49,  6.79it/s, loss=0.3575]
Fine-tuning Navine AI Video:   9%|8         | 314/3500 [01:38<07:29,  7.09it/s, loss=0.3575]
Fine-tuning Navine AI Video:   9%|8         | 314/3500 [01:38<07:29,  7.09it/s, loss=0.5503]
Fine-tuning Navine AI Video:   9%|9         | 315/3500 [01:38<07:05,  7.48it/s, loss=0.5503]
Fine-tuning Navine AI Video:   9%|9         | 315/3500 [01:38<07:05,  7.48it/s, loss=0.3149]
Fine-tuning Navine AI Video:   9%|9         | 316/3500 [01:39<08:48,  6.03it/s, loss=0.3149]
Fine-tuning Navine AI Video:   9%|9         | 316/3500 [01:39<08:48,  6.03it/s, loss=0.1245]
Fine-tuning Navine AI Video:   9%|9         | 317/3500 [01:39<07:52,  6.74it/s, loss=0.1245]
Fine-tuning Navine AI Video:   9%|9         | 317/3500 [01:39<07:52,  6.74it/s, loss=0.3692]
Fine-tuning Navine AI Video:   9%|9         | 318/3500 [01:39<07:10,  7.38it/s, loss=0.3692]
Fine-tuning Navine AI Video:   9%|9         | 318/3500 [01:39<07:10,  7.38it/s, loss=0.3441]
Fine-tuning Navine AI Video:   9%|9         | 319/3500 [01:39<06:37,  7.99it/s, loss=0.3441]
Fine-tuning Navine AI Video:   9%|9         | 319/3500 [01:39<06:37,  7.99it/s, loss=0.2877]
Fine-tuning Navine AI Video:   9%|9         | 320/3500 [01:39<08:31,  6.22it/s, loss=0.2877]
Fine-tuning Navine AI Video:   9%|9         | 320/3500 [01:39<08:31,  6.22it/s, loss=0.3807]
Fine-tuning Navine AI Video:   9%|9         | 321/3500 [01:39<09:43,  5.45it/s, loss=0.3807]
Fine-tuning Navine AI Video:   9%|9         | 321/3500 [01:39<09:43,  5.45it/s, loss=0.3842]
Fine-tuning Navine AI Video:   9%|9         | 322/3500 [01:40<10:28,  5.06it/s, loss=0.3842]
Fine-tuning Navine AI Video:   9%|9         | 322/3500 [01:40<10:28,  5.06it/s, loss=0.1210]
Fine-tuning Navine AI Video:   9%|9         | 323/3500 [01:40<09:18,  5.69it/s, loss=0.1210]
Fine-tuning Navine AI Video:   9%|9         | 323/3500 [01:40<09:18,  5.69it/s, loss=0.3143]
Fine-tuning Navine AI Video:   9%|9         | 324/3500 [01:40<08:53,  5.96it/s, loss=0.3143]
Fine-tuning Navine AI Video:   9%|9         | 324/3500 [01:40<08:53,  5.96it/s, loss=0.3258]
Fine-tuning Navine AI Video:   9%|9         | 325/3500 [01:40<07:56,  6.66it/s, loss=0.3258]
Fine-tuning Navine AI Video:   9%|9         | 325/3500 [01:40<07:56,  6.66it/s, loss=0.4058]
Fine-tuning Navine AI Video:   9%|9         | 326/3500 [01:40<07:08,  7.40it/s, loss=0.4058]
Fine-tuning Navine AI Video:   9%|9         | 326/3500 [01:40<07:08,  7.40it/s, loss=0.4019]
Fine-tuning Navine AI Video:   9%|9         | 327/3500 [01:41<13:01,  4.06it/s, loss=0.4019]
Fine-tuning Navine AI Video:   9%|9         | 327/3500 [01:41<13:01,  4.06it/s, loss=0.4182]
Fine-tuning Navine AI Video:   9%|9         | 328/3500 [01:41<11:07,  4.76it/s, loss=0.4182]
Fine-tuning Navine AI Video:   9%|9         | 328/3500 [01:41<11:07,  4.76it/s, loss=0.4270]
Fine-tuning Navine AI Video:   9%|9         | 329/3500 [01:41<09:23,  5.63it/s, loss=0.4270]
Fine-tuning Navine AI Video:   9%|9         | 329/3500 [01:41<09:23,  5.63it/s, loss=0.3680]
Fine-tuning Navine AI Video:   9%|9         | 330/3500 [01:41<08:37,  6.12it/s, loss=0.3680]
Fine-tuning Navine AI Video:   9%|9         | 330/3500 [01:41<08:37,  6.12it/s, loss=0.3323]
Fine-tuning Navine AI Video:   9%|9         | 331/3500 [01:41<09:55,  5.32it/s, loss=0.3323]
Fine-tuning Navine AI Video:   9%|9         | 331/3500 [01:41<09:55,  5.32it/s, loss=0.3029]
Fine-tuning Navine AI Video:   9%|9         | 332/3500 [01:41<08:52,  5.95it/s, loss=0.3029]
Fine-tuning Navine AI Video:   9%|9         | 332/3500 [01:41<08:52,  5.95it/s, loss=0.4151]
Fine-tuning Navine AI Video:  10%|9         | 333/3500 [01:42<11:20,  4.65it/s, loss=0.4151]
Fine-tuning Navine AI Video:  10%|9         | 333/3500 [01:42<11:20,  4.65it/s, loss=0.3996]
Fine-tuning Navine AI Video:  10%|9         | 334/3500 [01:42<11:11,  4.71it/s, loss=0.3996]
Fine-tuning Navine AI Video:  10%|9         | 334/3500 [01:42<11:11,  4.71it/s, loss=0.1267]
Fine-tuning Navine AI Video:  10%|9         | 335/3500 [01:42<11:14,  4.69it/s, loss=0.1267]
Fine-tuning Navine AI Video:  10%|9         | 335/3500 [01:42<11:14,  4.69it/s, loss=0.1311]
Fine-tuning Navine AI Video:  10%|9         | 336/3500 [01:42<11:06,  4.75it/s, loss=0.1311]
Fine-tuning Navine AI Video:  10%|9         | 336/3500 [01:42<11:06,  4.75it/s, loss=0.4620]
Fine-tuning Navine AI Video:  10%|9         | 337/3500 [01:43<09:40,  5.45it/s, loss=0.4620]
Fine-tuning Navine AI Video:  10%|9         | 337/3500 [01:43<09:40,  5.45it/s, loss=0.3661]
Fine-tuning Navine AI Video:  10%|9         | 338/3500 [01:43<08:44,  6.03it/s, loss=0.3661]
Fine-tuning Navine AI Video:  10%|9         | 338/3500 [01:43<08:44,  6.03it/s, loss=0.3941]
Fine-tuning Navine AI Video:  10%|9         | 339/3500 [01:43<09:20,  5.64it/s, loss=0.3941]
Fine-tuning Navine AI Video:  10%|9         | 339/3500 [01:43<09:20,  5.64it/s, loss=0.1267]
Fine-tuning Navine AI Video:  10%|9         | 340/3500 [01:43<09:35,  5.49it/s, loss=0.1267]
Fine-tuning Navine AI Video:  10%|9         | 340/3500 [01:43<09:35,  5.49it/s, loss=0.3603]
Fine-tuning Navine AI Video:  10%|9         | 341/3500 [01:43<10:45,  4.89it/s, loss=0.3603]
Fine-tuning Navine AI Video:  10%|9         | 341/3500 [01:43<10:45,  4.89it/s, loss=0.3782]
Fine-tuning Navine AI Video:  10%|9         | 342/3500 [01:43<09:26,  5.58it/s, loss=0.3782]
Fine-tuning Navine AI Video:  10%|9         | 342/3500 [01:43<09:26,  5.58it/s, loss=0.3036]
Fine-tuning Navine AI Video:  10%|9         | 343/3500 [01:44<08:21,  6.30it/s, loss=0.3036]
Fine-tuning Navine AI Video:  10%|9         | 343/3500 [01:44<08:21,  6.30it/s, loss=0.3707]
Fine-tuning Navine AI Video:  10%|9         | 344/3500 [01:44<07:49,  6.72it/s, loss=0.3707]
Fine-tuning Navine AI Video:  10%|9         | 344/3500 [01:44<07:49,  6.72it/s, loss=0.5467]
Fine-tuning Navine AI Video:  10%|9         | 345/3500 [01:44<07:48,  6.73it/s, loss=0.5467]
Fine-tuning Navine AI Video:  10%|9         | 345/3500 [01:44<07:48,  6.73it/s, loss=0.2999]
Fine-tuning Navine AI Video:  10%|9         | 346/3500 [01:44<09:38,  5.45it/s, loss=0.2999]
Fine-tuning Navine AI Video:  10%|9         | 346/3500 [01:44<09:38,  5.45it/s, loss=0.3281]
Fine-tuning Navine AI Video:  10%|9         | 347/3500 [01:44<08:20,  6.30it/s, loss=0.3281]
Fine-tuning Navine AI Video:  10%|9         | 347/3500 [01:44<08:20,  6.30it/s, loss=0.3779]
Fine-tuning Navine AI Video:  10%|9         | 348/3500 [01:44<08:02,  6.53it/s, loss=0.3779]
Fine-tuning Navine AI Video:  10%|9         | 348/3500 [01:44<08:02,  6.53it/s, loss=0.2114]
Fine-tuning Navine AI Video:  10%|9         | 349/3500 [01:44<07:33,  6.94it/s, loss=0.2114]
Fine-tuning Navine AI Video:  10%|9         | 349/3500 [01:44<07:33,  6.94it/s, loss=0.2786]
Fine-tuning Navine AI Video:  10%|#         | 350/3500 [01:45<07:16,  7.22it/s, loss=0.2786]
Fine-tuning Navine AI Video:  10%|#         | 350/3500 [01:45<07:16,  7.22it/s, loss=0.3801]
Fine-tuning Navine AI Video:  10%|#         | 351/3500 [01:45<06:45,  7.76it/s, loss=0.3801]
Fine-tuning Navine AI Video:  10%|#         | 351/3500 [01:45<06:45,  7.76it/s, loss=0.3840]
Fine-tuning Navine AI Video:  10%|#         | 352/3500 [01:45<07:00,  7.49it/s, loss=0.3840]
Fine-tuning Navine AI Video:  10%|#         | 352/3500 [01:45<07:00,  7.49it/s, loss=0.3160]
Fine-tuning Navine AI Video:  10%|#         | 353/3500 [01:45<09:17,  5.64it/s, loss=0.3160]
Fine-tuning Navine AI Video:  10%|#         | 353/3500 [01:45<09:17,  5.64it/s, loss=0.3927]
Fine-tuning Navine AI Video:  10%|#         | 354/3500 [01:45<10:05,  5.20it/s, loss=0.3927]
Fine-tuning Navine AI Video:  10%|#         | 354/3500 [01:45<10:05,  5.20it/s, loss=0.1328]
Fine-tuning Navine AI Video:  10%|#         | 355/3500 [01:45<09:29,  5.52it/s, loss=0.1328]
Fine-tuning Navine AI Video:  10%|#         | 355/3500 [01:45<09:29,  5.52it/s, loss=0.5152]
Fine-tuning Navine AI Video:  10%|#         | 356/3500 [01:46<08:48,  5.95it/s, loss=0.5152]
Fine-tuning Navine AI Video:  10%|#         | 356/3500 [01:46<08:48,  5.95it/s, loss=0.2072]
Fine-tuning Navine AI Video:  10%|#         | 357/3500 [01:46<08:12,  6.38it/s, loss=0.2072]
Fine-tuning Navine AI Video:  10%|#         | 357/3500 [01:46<08:12,  6.38it/s, loss=0.3185]
Fine-tuning Navine AI Video:  10%|#         | 358/3500 [01:46<08:02,  6.52it/s, loss=0.3185]
Fine-tuning Navine AI Video:  10%|#         | 358/3500 [01:46<08:02,  6.52it/s, loss=0.3303]
Fine-tuning Navine AI Video:  10%|#         | 359/3500 [01:46<09:33,  5.48it/s, loss=0.3303]
Fine-tuning Navine AI Video:  10%|#         | 359/3500 [01:46<09:33,  5.48it/s, loss=0.1213]
Fine-tuning Navine AI Video:  10%|#         | 360/3500 [01:46<08:36,  6.07it/s, loss=0.1213]
Fine-tuning Navine AI Video:  10%|#         | 360/3500 [01:46<08:36,  6.07it/s, loss=0.1929]
Fine-tuning Navine AI Video:  10%|#         | 361/3500 [01:47<13:09,  3.97it/s, loss=0.1929]
Fine-tuning Navine AI Video:  10%|#         | 361/3500 [01:47<13:09,  3.97it/s, loss=0.4017]
Fine-tuning Navine AI Video:  10%|#         | 362/3500 [01:47<11:05,  4.72it/s, loss=0.4017]
Fine-tuning Navine AI Video:  10%|#         | 362/3500 [01:47<11:05,  4.72it/s, loss=0.3806]
Fine-tuning Navine AI Video:  10%|#         | 363/3500 [01:47<11:05,  4.72it/s, loss=0.3970]
Fine-tuning Navine AI Video:  10%|#         | 364/3500 [01:47<08:18,  6.29it/s, loss=0.3970]
Fine-tuning Navine AI Video:  10%|#         | 364/3500 [01:47<08:18,  6.29it/s, loss=0.3568]
Fine-tuning Navine AI Video:  10%|#         | 365/3500 [01:47<08:18,  6.29it/s, loss=0.3491]
Fine-tuning Navine AI Video:  10%|#         | 366/3500 [01:47<07:07,  7.33it/s, loss=0.3491]
Fine-tuning Navine AI Video:  10%|#         | 366/3500 [01:47<07:07,  7.33it/s, loss=0.3496]
Fine-tuning Navine AI Video:  10%|#         | 367/3500 [01:47<08:01,  6.51it/s, loss=0.3496]
Fine-tuning Navine AI Video:  10%|#         | 367/3500 [01:47<08:01,  6.51it/s, loss=0.1184]
Fine-tuning Navine AI Video:  11%|#         | 368/3500 [01:48<07:44,  6.75it/s, loss=0.1184]
Fine-tuning Navine AI Video:  11%|#         | 368/3500 [01:48<07:44,  6.75it/s, loss=0.4762]
Fine-tuning Navine AI Video:  11%|#         | 369/3500 [01:48<07:43,  6.75it/s, loss=0.3771]
Fine-tuning Navine AI Video:  11%|#         | 370/3500 [01:48<06:52,  7.59it/s, loss=0.3771]
Fine-tuning Navine AI Video:  11%|#         | 370/3500 [01:48<06:52,  7.59it/s, loss=0.1992]
Fine-tuning Navine AI Video:  11%|#         | 371/3500 [01:48<06:40,  7.82it/s, loss=0.1992]
Fine-tuning Navine AI Video:  11%|#         | 371/3500 [01:48<06:40,  7.82it/s, loss=0.3370]
Fine-tuning Navine AI Video:  11%|#         | 372/3500 [01:48<07:58,  6.53it/s, loss=0.3370]
Fine-tuning Navine AI Video:  11%|#         | 372/3500 [01:48<07:58,  6.53it/s, loss=0.3718]
Fine-tuning Navine AI Video:  11%|#         | 373/3500 [01:48<10:04,  5.17it/s, loss=0.3718]
Fine-tuning Navine AI Video:  11%|#         | 373/3500 [01:48<10:04,  5.17it/s, loss=0.4267]
Fine-tuning Navine AI Video:  11%|#         | 374/3500 [01:49<09:15,  5.63it/s, loss=0.4267]
Fine-tuning Navine AI Video:  11%|#         | 374/3500 [01:49<09:15,  5.63it/s, loss=0.2039]
Fine-tuning Navine AI Video:  11%|#         | 375/3500 [01:49<08:26,  6.17it/s, loss=0.2039]
Fine-tuning Navine AI Video:  11%|#         | 375/3500 [01:49<08:26,  6.17it/s, loss=0.3537]
Fine-tuning Navine AI Video:  11%|#         | 376/3500 [01:49<08:28,  6.15it/s, loss=0.3537]
Fine-tuning Navine AI Video:  11%|#         | 376/3500 [01:49<08:28,  6.15it/s, loss=0.4163]
Fine-tuning Navine AI Video:  11%|#         | 377/3500 [01:49<09:24,  5.53it/s, loss=0.4163]
Fine-tuning Navine AI Video:  11%|#         | 377/3500 [01:49<09:24,  5.53it/s, loss=0.3129]
Fine-tuning Navine AI Video:  11%|#         | 378/3500 [01:49<08:24,  6.19it/s, loss=0.3129]
Fine-tuning Navine AI Video:  11%|#         | 378/3500 [01:49<08:24,  6.19it/s, loss=0.2178]
Fine-tuning Navine AI Video:  11%|#         | 379/3500 [01:49<08:15,  6.30it/s, loss=0.2178]
Fine-tuning Navine AI Video:  11%|#         | 379/3500 [01:49<08:15,  6.30it/s, loss=0.2861]
Fine-tuning Navine AI Video:  11%|#         | 380/3500 [01:49<07:58,  6.53it/s, loss=0.2861]
Fine-tuning Navine AI Video:  11%|#         | 380/3500 [01:49<07:58,  6.53it/s, loss=0.3571]
Fine-tuning Navine AI Video:  11%|#         | 381/3500 [01:50<07:25,  7.01it/s, loss=0.3571]
Fine-tuning Navine AI Video:  11%|#         | 381/3500 [01:50<07:25,  7.01it/s, loss=0.3127]
Fine-tuning Navine AI Video:  11%|#         | 382/3500 [01:50<06:59,  7.43it/s, loss=0.3127]
Fine-tuning Navine AI Video:  11%|#         | 382/3500 [01:50<06:59,  7.43it/s, loss=0.4200]
Fine-tuning Navine AI Video:  11%|#         | 383/3500 [01:50<06:33,  7.93it/s, loss=0.4200]
Fine-tuning Navine AI Video:  11%|#         | 383/3500 [01:50<06:33,  7.93it/s, loss=0.3708]
Fine-tuning Navine AI Video:  11%|#         | 384/3500 [01:51<22:59,  2.26it/s, loss=0.3708]
Fine-tuning Navine AI Video:  11%|#         | 384/3500 [01:51<22:59,  2.26it/s, loss=0.4826]
Fine-tuning Navine AI Video:  11%|#1        | 385/3500 [01:51<18:38,  2.79it/s, loss=0.4826]
Fine-tuning Navine AI Video:  11%|#1        | 385/3500 [01:51<18:38,  2.79it/s, loss=0.3327]
Fine-tuning Navine AI Video:  11%|#1        | 386/3500 [01:51<15:03,  3.45it/s, loss=0.3327]
Fine-tuning Navine AI Video:  11%|#1        | 386/3500 [01:51<15:03,  3.45it/s, loss=0.2791]
Fine-tuning Navine AI Video:  11%|#1        | 387/3500 [01:51<12:33,  4.13it/s, loss=0.2791]
Fine-tuning Navine AI Video:  11%|#1        | 387/3500 [01:51<12:33,  4.13it/s, loss=0.2954]
Fine-tuning Navine AI Video:  11%|#1        | 388/3500 [01:52<11:01,  4.70it/s, loss=0.2954]
Fine-tuning Navine AI Video:  11%|#1        | 388/3500 [01:52<11:01,  4.70it/s, loss=0.3602]
Fine-tuning Navine AI Video:  11%|#1        | 389/3500 [01:52<09:20,  5.55it/s, loss=0.3602]
Fine-tuning Navine AI Video:  11%|#1        | 389/3500 [01:52<09:20,  5.55it/s, loss=0.3604]
Fine-tuning Navine AI Video:  11%|#1        | 390/3500 [01:52<08:16,  6.26it/s, loss=0.3604]
Fine-tuning Navine AI Video:  11%|#1        | 390/3500 [01:52<08:16,  6.26it/s, loss=0.3307]
Fine-tuning Navine AI Video:  11%|#1        | 391/3500 [01:52<07:33,  6.86it/s, loss=0.3307]
Fine-tuning Navine AI Video:  11%|#1        | 391/3500 [01:52<07:33,  6.86it/s, loss=0.3826]
Fine-tuning Navine AI Video:  11%|#1        | 392/3500 [01:52<07:32,  6.86it/s, loss=0.3388]
Fine-tuning Navine AI Video:  11%|#1        | 393/3500 [01:52<06:27,  8.03it/s, loss=0.3388]
Fine-tuning Navine AI Video:  11%|#1        | 393/3500 [01:52<06:27,  8.03it/s, loss=0.3879]
Fine-tuning Navine AI Video:  11%|#1        | 394/3500 [01:52<06:26,  8.03it/s, loss=0.3879]
Fine-tuning Navine AI Video:  11%|#1        | 394/3500 [01:52<06:26,  8.03it/s, loss=0.3271]
Fine-tuning Navine AI Video:  11%|#1        | 395/3500 [01:52<06:35,  7.85it/s, loss=0.3271]
Fine-tuning Navine AI Video:  11%|#1        | 395/3500 [01:52<06:35,  7.85it/s, loss=0.4506]
Fine-tuning Navine AI Video:  11%|#1        | 396/3500 [01:52<06:27,  8.02it/s, loss=0.4506]
Fine-tuning Navine AI Video:  11%|#1        | 396/3500 [01:52<06:27,  8.02it/s, loss=0.3929]
Fine-tuning Navine AI Video:  11%|#1        | 397/3500 [01:53<06:08,  8.41it/s, loss=0.3929]
Fine-tuning Navine AI Video:  11%|#1        | 397/3500 [01:53<06:08,  8.41it/s, loss=0.3272]
Fine-tuning Navine AI Video:  11%|#1        | 398/3500 [01:53<08:23,  6.16it/s, loss=0.3272]
Fine-tuning Navine AI Video:  11%|#1        | 398/3500 [01:53<08:23,  6.16it/s, loss=0.3794]
Fine-tuning Navine AI Video:  11%|#1        | 399/3500 [01:53<07:38,  6.76it/s, loss=0.3794]
Fine-tuning Navine AI Video:  11%|#1        | 399/3500 [01:53<07:38,  6.76it/s, loss=0.3952]
Fine-tuning Navine AI Video:  11%|#1        | 400/3500 [01:53<07:17,  7.08it/s, loss=0.3952]
Fine-tuning Navine AI Video:  11%|#1        | 400/3500 [01:53<07:17,  7.08it/s, loss=0.2914]
Fine-tuning Navine AI Video:  11%|#1        | 401/3500 [01:53<09:32,  5.41it/s, loss=0.2914]
Fine-tuning Navine AI Video:  11%|#1        | 401/3500 [01:53<09:32,  5.41it/s, loss=0.3883]
Fine-tuning Navine AI Video:  11%|#1        | 402/3500 [01:53<08:22,  6.16it/s, loss=0.3883]
Fine-tuning Navine AI Video:  11%|#1        | 402/3500 [01:53<08:22,  6.16it/s, loss=0.3863]
Fine-tuning Navine AI Video:  12%|#1        | 403/3500 [01:54<07:43,  6.68it/s, loss=0.3863]
Fine-tuning Navine AI Video:  12%|#1        | 403/3500 [01:54<07:43,  6.68it/s, loss=0.2805]
Fine-tuning Navine AI Video:  12%|#1        | 404/3500 [01:54<06:58,  7.40it/s, loss=0.2805]
Fine-tuning Navine AI Video:  12%|#1        | 404/3500 [01:54<06:58,  7.40it/s, loss=0.3323]
Fine-tuning Navine AI Video:  12%|#1        | 405/3500 [01:54<06:31,  7.90it/s, loss=0.3323]
Fine-tuning Navine AI Video:  12%|#1        | 405/3500 [01:54<06:31,  7.90it/s, loss=0.4163]
Fine-tuning Navine AI Video:  12%|#1        | 406/3500 [01:54<06:31,  7.91it/s, loss=0.4163]
Fine-tuning Navine AI Video:  12%|#1        | 406/3500 [01:54<06:31,  7.91it/s, loss=0.3179]
Fine-tuning Navine AI Video:  12%|#1        | 407/3500 [01:54<06:23,  8.07it/s, loss=0.3179]
Fine-tuning Navine AI Video:  12%|#1        | 407/3500 [01:54<06:23,  8.07it/s, loss=0.5348]
Fine-tuning Navine AI Video:  12%|#1        | 408/3500 [01:54<06:15,  8.23it/s, loss=0.5348]
Fine-tuning Navine AI Video:  12%|#1        | 408/3500 [01:54<06:15,  8.23it/s, loss=0.3141]
Fine-tuning Navine AI Video:  12%|#1        | 409/3500 [01:54<06:40,  7.72it/s, loss=0.3141]
Fine-tuning Navine AI Video:  12%|#1        | 409/3500 [01:54<06:40,  7.72it/s, loss=0.3328]
Fine-tuning Navine AI Video:  12%|#1        | 410/3500 [01:55<07:59,  6.44it/s, loss=0.3328]
Fine-tuning Navine AI Video:  12%|#1        | 410/3500 [01:55<07:59,  6.44it/s, loss=0.3027]
Fine-tuning Navine AI Video:  12%|#1        | 411/3500 [01:55<09:25,  5.46it/s, loss=0.3027]
Fine-tuning Navine AI Video:  12%|#1        | 411/3500 [01:55<09:25,  5.46it/s, loss=0.3362]
Fine-tuning Navine AI Video:  12%|#1        | 412/3500 [01:55<09:49,  5.23it/s, loss=0.3362]
Fine-tuning Navine AI Video:  12%|#1        | 412/3500 [01:55<09:49,  5.23it/s, loss=0.1240]
Fine-tuning Navine AI Video:  12%|#1        | 413/3500 [01:55<08:40,  5.93it/s, loss=0.1240]
Fine-tuning Navine AI Video:  12%|#1        | 413/3500 [01:55<08:40,  5.93it/s, loss=0.3864]
Fine-tuning Navine AI Video:  12%|#1        | 414/3500 [01:55<09:30,  5.41it/s, loss=0.3864]
Fine-tuning Navine AI Video:  12%|#1        | 414/3500 [01:55<09:30,  5.41it/s, loss=0.1216]
Fine-tuning Navine AI Video:  12%|#1        | 415/3500 [01:56<10:31,  4.88it/s, loss=0.1216]
Fine-tuning Navine AI Video:  12%|#1        | 415/3500 [01:56<10:31,  4.88it/s, loss=0.4196]
Fine-tuning Navine AI Video:  12%|#1        | 416/3500 [01:56<14:07,  3.64it/s, loss=0.4196]
Fine-tuning Navine AI Video:  12%|#1        | 416/3500 [01:56<14:07,  3.64it/s, loss=0.3864]
Fine-tuning Navine AI Video:  12%|#1        | 417/3500 [01:57<19:25,  2.65it/s, loss=0.3864]
Fine-tuning Navine AI Video:  12%|#1        | 417/3500 [01:57<19:25,  2.65it/s, loss=0.3141]
Fine-tuning Navine AI Video:  12%|#1        | 418/3500 [01:57<19:48,  2.59it/s, loss=0.3141]
Fine-tuning Navine AI Video:  12%|#1        | 418/3500 [01:57<19:48,  2.59it/s, loss=0.3840]
Fine-tuning Navine AI Video:  12%|#1        | 419/3500 [01:57<16:24,  3.13it/s, loss=0.3840]
Fine-tuning Navine AI Video:  12%|#1        | 419/3500 [01:57<16:24,  3.13it/s, loss=0.3706]
Fine-tuning Navine AI Video:  12%|#2        | 420/3500 [01:57<13:52,  3.70it/s, loss=0.3706]
Fine-tuning Navine AI Video:  12%|#2        | 420/3500 [01:57<13:52,  3.70it/s, loss=0.4811]
Fine-tuning Navine AI Video:  12%|#2        | 421/3500 [01:58<13:17,  3.86it/s, loss=0.4811]
Fine-tuning Navine AI Video:  12%|#2        | 421/3500 [01:58<13:17,  3.86it/s, loss=0.3184]
Fine-tuning Navine AI Video:  12%|#2        | 422/3500 [01:58<10:55,  4.70it/s, loss=0.3184]
Fine-tuning Navine AI Video:  12%|#2        | 422/3500 [01:58<10:55,  4.70it/s, loss=0.3816]
Fine-tuning Navine AI Video:  12%|#2        | 423/3500 [01:58<10:01,  5.12it/s, loss=0.3816]
Fine-tuning Navine AI Video:  12%|#2        | 423/3500 [01:58<10:01,  5.12it/s, loss=0.3196]
Fine-tuning Navine AI Video:  12%|#2        | 424/3500 [01:58<10:52,  4.71it/s, loss=0.3196]
Fine-tuning Navine AI Video:  12%|#2        | 424/3500 [01:58<10:52,  4.71it/s, loss=0.1283]
Fine-tuning Navine AI Video:  12%|#2        | 425/3500 [01:58<10:53,  4.71it/s, loss=0.1283]
Fine-tuning Navine AI Video:  12%|#2        | 425/3500 [01:58<10:53,  4.71it/s, loss=0.3359]
Fine-tuning Navine AI Video:  12%|#2        | 426/3500 [01:59<11:39,  4.39it/s, loss=0.3359]
Fine-tuning Navine AI Video:  12%|#2        | 426/3500 [01:59<11:39,  4.39it/s, loss=0.3956]
Fine-tuning Navine AI Video:  12%|#2        | 427/3500 [01:59<10:01,  5.11it/s, loss=0.3956]
Fine-tuning Navine AI Video:  12%|#2        | 427/3500 [01:59<10:01,  5.11it/s, loss=0.2913]
Fine-tuning Navine AI Video:  12%|#2        | 428/3500 [01:59<09:01,  5.68it/s, loss=0.2913]
Fine-tuning Navine AI Video:  12%|#2        | 428/3500 [01:59<09:01,  5.68it/s, loss=0.2920]
Fine-tuning Navine AI Video:  12%|#2        | 429/3500 [01:59<09:52,  5.19it/s, loss=0.2920]
Fine-tuning Navine AI Video:  12%|#2        | 429/3500 [01:59<09:52,  5.19it/s, loss=0.1210]
Fine-tuning Navine AI Video:  12%|#2        | 430/3500 [02:00<22:52,  2.24it/s, loss=0.1210]
Fine-tuning Navine AI Video:  12%|#2        | 430/3500 [02:00<22:52,  2.24it/s, loss=0.4285]
Fine-tuning Navine AI Video:  12%|#2        | 431/3500 [02:00<19:26,  2.63it/s, loss=0.4285]
Fine-tuning Navine AI Video:  12%|#2        | 431/3500 [02:00<19:26,  2.63it/s, loss=0.1196]
Fine-tuning Navine AI Video:  12%|#2        | 432/3500 [02:00<15:15,  3.35it/s, loss=0.1196]
Fine-tuning Navine AI Video:  12%|#2        | 432/3500 [02:00<15:15,  3.35it/s, loss=0.3746]
Fine-tuning Navine AI Video:  12%|#2        | 433/3500 [02:01<14:08,  3.61it/s, loss=0.3746]
Fine-tuning Navine AI Video:  12%|#2        | 433/3500 [02:01<14:08,  3.61it/s, loss=0.1247]
Fine-tuning Navine AI Video:  12%|#2        | 434/3500 [02:01<12:57,  3.95it/s, loss=0.1247]
Fine-tuning Navine AI Video:  12%|#2        | 434/3500 [02:01<12:57,  3.95it/s, loss=0.4365]
Fine-tuning Navine AI Video:  12%|#2        | 435/3500 [02:01<10:44,  4.76it/s, loss=0.4365]
Fine-tuning Navine AI Video:  12%|#2        | 435/3500 [02:01<10:44,  4.76it/s, loss=0.3615]
Fine-tuning Navine AI Video:  12%|#2        | 436/3500 [02:01<11:07,  4.59it/s, loss=0.3615]
Fine-tuning Navine AI Video:  12%|#2        | 436/3500 [02:01<11:07,  4.59it/s, loss=0.3161]
Fine-tuning Navine AI Video:  12%|#2        | 437/3500 [02:01<09:23,  5.44it/s, loss=0.3161]
Fine-tuning Navine AI Video:  12%|#2        | 437/3500 [02:01<09:23,  5.44it/s, loss=0.3625]
Fine-tuning Navine AI Video:  13%|#2        | 438/3500 [02:01<08:30,  5.99it/s, loss=0.3625]
Fine-tuning Navine AI Video:  13%|#2        | 438/3500 [02:01<08:30,  5.99it/s, loss=0.5625]
Fine-tuning Navine AI Video:  13%|#2        | 439/3500 [02:02<10:02,  5.08it/s, loss=0.5625]
Fine-tuning Navine AI Video:  13%|#2        | 439/3500 [02:02<10:02,  5.08it/s, loss=0.1199]
Fine-tuning Navine AI Video:  13%|#2        | 440/3500 [02:02<08:57,  5.69it/s, loss=0.1199]
Fine-tuning Navine AI Video:  13%|#2        | 440/3500 [02:02<08:57,  5.69it/s, loss=0.3499]
Fine-tuning Navine AI Video:  13%|#2        | 441/3500 [02:02<08:00,  6.36it/s, loss=0.3499]
Fine-tuning Navine AI Video:  13%|#2        | 441/3500 [02:02<08:00,  6.36it/s, loss=0.4240]
Fine-tuning Navine AI Video:  13%|#2        | 442/3500 [02:02<09:18,  5.47it/s, loss=0.4240]
Fine-tuning Navine AI Video:  13%|#2        | 442/3500 [02:02<09:18,  5.47it/s, loss=0.1275]
Fine-tuning Navine AI Video:  13%|#2        | 443/3500 [02:02<08:29,  6.00it/s, loss=0.1275]
Fine-tuning Navine AI Video:  13%|#2        | 443/3500 [02:02<08:29,  6.00it/s, loss=0.3785]
Fine-tuning Navine AI Video:  13%|#2        | 444/3500 [02:02<08:13,  6.20it/s, loss=0.3785]
Fine-tuning Navine AI Video:  13%|#2        | 444/3500 [02:02<08:13,  6.20it/s, loss=0.5161]
Fine-tuning Navine AI Video:  13%|#2        | 445/3500 [02:03<07:20,  6.94it/s, loss=0.5161]
Fine-tuning Navine AI Video:  13%|#2        | 445/3500 [02:03<07:20,  6.94it/s, loss=0.4009]
Fine-tuning Navine AI Video:  13%|#2        | 446/3500 [02:03<10:10,  5.00it/s, loss=0.4009]
Fine-tuning Navine AI Video:  13%|#2        | 446/3500 [02:03<10:10,  5.00it/s, loss=0.3762]
Fine-tuning Navine AI Video:  13%|#2        | 447/3500 [02:03<09:21,  5.43it/s, loss=0.3762]
Fine-tuning Navine AI Video:  13%|#2        | 447/3500 [02:03<09:21,  5.43it/s, loss=0.4993]
Fine-tuning Navine AI Video:  13%|#2        | 448/3500 [02:03<10:08,  5.01it/s, loss=0.4993]
Fine-tuning Navine AI Video:  13%|#2        | 448/3500 [02:03<10:08,  5.01it/s, loss=0.1198]
Fine-tuning Navine AI Video:  13%|#2        | 449/3500 [02:03<08:46,  5.80it/s, loss=0.1198]
Fine-tuning Navine AI Video:  13%|#2        | 449/3500 [02:03<08:46,  5.80it/s, loss=0.3489]
Fine-tuning Navine AI Video:  13%|#2        | 450/3500 [02:04<08:21,  6.09it/s, loss=0.3489]
Fine-tuning Navine AI Video:  13%|#2        | 450/3500 [02:04<08:21,  6.09it/s, loss=0.3127]
Fine-tuning Navine AI Video:  13%|#2        | 451/3500 [02:04<07:44,  6.56it/s, loss=0.3127]
Fine-tuning Navine AI Video:  13%|#2        | 451/3500 [02:04<07:44,  6.56it/s, loss=0.3521]
Fine-tuning Navine AI Video:  13%|#2        | 452/3500 [02:04<07:25,  6.85it/s, loss=0.3521]
Fine-tuning Navine AI Video:  13%|#2        | 452/3500 [02:04<07:25,  6.85it/s, loss=0.2850]
Fine-tuning Navine AI Video:  13%|#2        | 453/3500 [02:04<06:53,  7.36it/s, loss=0.2850]
Fine-tuning Navine AI Video:  13%|#2        | 453/3500 [02:04<06:53,  7.36it/s, loss=0.3595]
Fine-tuning Navine AI Video:  13%|#2        | 454/3500 [02:04<07:10,  7.08it/s, loss=0.3595]
Fine-tuning Navine AI Video:  13%|#2        | 454/3500 [02:04<07:10,  7.08it/s, loss=0.3125]
Fine-tuning Navine AI Video:  13%|#3        | 455/3500 [02:04<08:15,  6.14it/s, loss=0.3125]
Fine-tuning Navine AI Video:  13%|#3        | 455/3500 [02:04<08:15,  6.14it/s, loss=0.3345]
Fine-tuning Navine AI Video:  13%|#3        | 456/3500 [02:05<09:50,  5.15it/s, loss=0.3345]
Fine-tuning Navine AI Video:  13%|#3        | 456/3500 [02:05<09:50,  5.15it/s, loss=0.1194]
Fine-tuning Navine AI Video:  13%|#3        | 457/3500 [02:05<08:35,  5.91it/s, loss=0.1194]
Fine-tuning Navine AI Video:  13%|#3        | 457/3500 [02:05<08:35,  5.91it/s, loss=0.3535]
Fine-tuning Navine AI Video:  13%|#3        | 458/3500 [02:05<07:58,  6.35it/s, loss=0.3535]
Fine-tuning Navine AI Video:  13%|#3        | 458/3500 [02:05<07:58,  6.35it/s, loss=0.3759]
Fine-tuning Navine AI Video:  13%|#3        | 459/3500 [02:05<07:18,  6.94it/s, loss=0.3759]
Fine-tuning Navine AI Video:  13%|#3        | 459/3500 [02:05<07:18,  6.94it/s, loss=0.3472]
Fine-tuning Navine AI Video:  13%|#3        | 460/3500 [02:05<07:27,  6.80it/s, loss=0.3472]
Fine-tuning Navine AI Video:  13%|#3        | 460/3500 [02:05<07:27,  6.80it/s, loss=0.3126]
Fine-tuning Navine AI Video:  13%|#3        | 461/3500 [02:05<09:58,  5.07it/s, loss=0.3126]
Fine-tuning Navine AI Video:  13%|#3        | 461/3500 [02:05<09:58,  5.07it/s, loss=0.3034]
Fine-tuning Navine AI Video:  13%|#3        | 462/3500 [02:06<11:56,  4.24it/s, loss=0.3034]
Fine-tuning Navine AI Video:  13%|#3        | 462/3500 [02:06<11:56,  4.24it/s, loss=0.3869]
Fine-tuning Navine AI Video:  13%|#3        | 463/3500 [02:06<10:50,  4.67it/s, loss=0.3869]
Fine-tuning Navine AI Video:  13%|#3        | 463/3500 [02:06<10:50,  4.67it/s, loss=0.3224]
Fine-tuning Navine AI Video:  13%|#3        | 464/3500 [02:06<09:45,  5.18it/s, loss=0.3224]
Fine-tuning Navine AI Video:  13%|#3        | 464/3500 [02:06<09:45,  5.18it/s, loss=0.3746]
Fine-tuning Navine AI Video:  13%|#3        | 465/3500 [02:06<08:55,  5.67it/s, loss=0.3746]
Fine-tuning Navine AI Video:  13%|#3        | 465/3500 [02:06<08:55,  5.67it/s, loss=0.5619]
Fine-tuning Navine AI Video:  13%|#3        | 466/3500 [02:06<09:40,  5.23it/s, loss=0.5619]
Fine-tuning Navine AI Video:  13%|#3        | 466/3500 [02:06<09:40,  5.23it/s, loss=0.1229]
Fine-tuning Navine AI Video:  13%|#3        | 467/3500 [02:07<20:14,  2.50it/s, loss=0.1229]
Fine-tuning Navine AI Video:  13%|#3        | 467/3500 [02:07<20:14,  2.50it/s, loss=0.4249]
Fine-tuning Navine AI Video:  13%|#3        | 468/3500 [02:08<18:29,  2.73it/s, loss=0.4249]
Fine-tuning Navine AI Video:  13%|#3        | 468/3500 [02:08<18:29,  2.73it/s, loss=0.3664]
Fine-tuning Navine AI Video:  13%|#3        | 469/3500 [02:08<16:14,  3.11it/s, loss=0.3664]
Fine-tuning Navine AI Video:  13%|#3        | 469/3500 [02:08<16:14,  3.11it/s, loss=0.3757]
Fine-tuning Navine AI Video:  13%|#3        | 470/3500 [02:08<14:03,  3.59it/s, loss=0.3757]
Fine-tuning Navine AI Video:  13%|#3        | 470/3500 [02:08<14:03,  3.59it/s, loss=0.5298]
Fine-tuning Navine AI Video:  13%|#3        | 471/3500 [02:08<11:44,  4.30it/s, loss=0.5298]
Fine-tuning Navine AI Video:  13%|#3        | 471/3500 [02:08<11:44,  4.30it/s, loss=0.3609]
Fine-tuning Navine AI Video:  13%|#3        | 472/3500 [02:08<12:14,  4.12it/s, loss=0.3609]
Fine-tuning Navine AI Video:  13%|#3        | 472/3500 [02:08<12:14,  4.12it/s, loss=0.1199]
Fine-tuning Navine AI Video:  14%|#3        | 473/3500 [02:08<10:17,  4.90it/s, loss=0.1199]
Fine-tuning Navine AI Video:  14%|#3        | 473/3500 [02:08<10:17,  4.90it/s, loss=0.3536]
Fine-tuning Navine AI Video:  14%|#3        | 474/3500 [02:09<11:31,  4.38it/s, loss=0.3536]
Fine-tuning Navine AI Video:  14%|#3        | 474/3500 [02:09<11:31,  4.38it/s, loss=0.3332]
Fine-tuning Navine AI Video:  14%|#3        | 475/3500 [02:09<16:44,  3.01it/s, loss=0.3332]
Fine-tuning Navine AI Video:  14%|#3        | 475/3500 [02:09<16:44,  3.01it/s, loss=0.4204]
Fine-tuning Navine AI Video:  14%|#3        | 476/3500 [02:09<13:30,  3.73it/s, loss=0.4204]
Fine-tuning Navine AI Video:  14%|#3        | 476/3500 [02:09<13:30,  3.73it/s, loss=0.3554]
Fine-tuning Navine AI Video:  14%|#3        | 477/3500 [02:10<11:00,  4.58it/s, loss=0.3554]
Fine-tuning Navine AI Video:  14%|#3        | 477/3500 [02:10<11:00,  4.58it/s, loss=0.2867]
Fine-tuning Navine AI Video:  14%|#3        | 478/3500 [02:10<14:50,  3.39it/s, loss=0.2867]
Fine-tuning Navine AI Video:  14%|#3        | 478/3500 [02:10<14:50,  3.39it/s, loss=0.4009]
Fine-tuning Navine AI Video:  14%|#3        | 479/3500 [02:10<14:50,  3.39it/s, loss=0.4352]
Fine-tuning Navine AI Video:  14%|#3        | 480/3500 [02:10<10:47,  4.67it/s, loss=0.4352]
Fine-tuning Navine AI Video:  14%|#3        | 480/3500 [02:10<10:47,  4.67it/s, loss=0.5338]
Fine-tuning Navine AI Video:  14%|#3        | 481/3500 [02:11<19:40,  2.56it/s, loss=0.5338]
Fine-tuning Navine AI Video:  14%|#3        | 481/3500 [02:11<19:40,  2.56it/s, loss=0.4446]
Fine-tuning Navine AI Video:  14%|#3        | 482/3500 [02:11<18:11,  2.77it/s, loss=0.4446]
Fine-tuning Navine AI Video:  14%|#3        | 482/3500 [02:11<18:11,  2.77it/s, loss=0.4116]
Fine-tuning Navine AI Video:  14%|#3        | 483/3500 [02:12<14:51,  3.39it/s, loss=0.4116]
Fine-tuning Navine AI Video:  14%|#3        | 483/3500 [02:12<14:51,  3.39it/s, loss=0.3776]
Fine-tuning Navine AI Video:  14%|#3        | 484/3500 [02:12<13:34,  3.71it/s, loss=0.3776]
Fine-tuning Navine AI Video:  14%|#3        | 484/3500 [02:12<13:34,  3.71it/s, loss=0.3130]
Fine-tuning Navine AI Video:  14%|#3        | 485/3500 [02:12<11:18,  4.45it/s, loss=0.3130]
Fine-tuning Navine AI Video:  14%|#3        | 485/3500 [02:12<11:18,  4.45it/s, loss=0.3507]
Fine-tuning Navine AI Video:  14%|#3        | 486/3500 [02:12<11:26,  4.39it/s, loss=0.3507]
Fine-tuning Navine AI Video:  14%|#3        | 486/3500 [02:12<11:26,  4.39it/s, loss=0.3041]
Fine-tuning Navine AI Video:  14%|#3        | 487/3500 [02:12<12:37,  3.98it/s, loss=0.3041]
Fine-tuning Navine AI Video:  14%|#3        | 487/3500 [02:12<12:37,  3.98it/s, loss=0.4079]
Fine-tuning Navine AI Video:  14%|#3        | 488/3500 [02:13<10:43,  4.68it/s, loss=0.4079]
Fine-tuning Navine AI Video:  14%|#3        | 488/3500 [02:13<10:43,  4.68it/s, loss=0.3830]
Fine-tuning Navine AI Video:  14%|#3        | 489/3500 [02:13<09:01,  5.56it/s, loss=0.3830]
Fine-tuning Navine AI Video:  14%|#3        | 489/3500 [02:13<09:01,  5.56it/s, loss=0.3808]
Fine-tuning Navine AI Video:  14%|#4        | 490/3500 [02:13<08:12,  6.11it/s, loss=0.3808]
Fine-tuning Navine AI Video:  14%|#4        | 490/3500 [02:13<08:12,  6.11it/s, loss=0.3810]
Fine-tuning Navine AI Video:  14%|#4        | 491/3500 [02:13<08:58,  5.58it/s, loss=0.3810]
Fine-tuning Navine AI Video:  14%|#4        | 491/3500 [02:13<08:58,  5.58it/s, loss=0.1193]
Fine-tuning Navine AI Video:  14%|#4        | 492/3500 [02:13<08:06,  6.19it/s, loss=0.1193]
Fine-tuning Navine AI Video:  14%|#4        | 492/3500 [02:13<08:06,  6.19it/s, loss=0.4776]
Fine-tuning Navine AI Video:  14%|#4        | 493/3500 [02:13<07:49,  6.41it/s, loss=0.4776]
Fine-tuning Navine AI Video:  14%|#4        | 493/3500 [02:13<07:49,  6.41it/s, loss=0.3280]
Fine-tuning Navine AI Video:  14%|#4        | 494/3500 [02:13<08:50,  5.67it/s, loss=0.3280]
Fine-tuning Navine AI Video:  14%|#4        | 494/3500 [02:13<08:50,  5.67it/s, loss=0.3593]
Fine-tuning Navine AI Video:  14%|#4        | 495/3500 [02:14<09:59,  5.02it/s, loss=0.3593]
Fine-tuning Navine AI Video:  14%|#4        | 495/3500 [02:14<09:59,  5.02it/s, loss=0.4192]
Fine-tuning Navine AI Video:  14%|#4        | 496/3500 [02:14<08:41,  5.76it/s, loss=0.4192]
Fine-tuning Navine AI Video:  14%|#4        | 496/3500 [02:14<08:41,  5.76it/s, loss=0.3811]
Fine-tuning Navine AI Video:  14%|#4        | 497/3500 [02:14<09:17,  5.39it/s, loss=0.3811]
Fine-tuning Navine AI Video:  14%|#4        | 497/3500 [02:14<09:17,  5.39it/s, loss=0.3931]
Fine-tuning Navine AI Video:  14%|#4        | 498/3500 [02:14<11:43,  4.27it/s, loss=0.3931]
Fine-tuning Navine AI Video:  14%|#4        | 498/3500 [02:14<11:43,  4.27it/s, loss=0.3886]
Fine-tuning Navine AI Video:  14%|#4        | 499/3500 [02:16<25:08,  1.99it/s, loss=0.3886]
Fine-tuning Navine AI Video:  14%|#4        | 499/3500 [02:16<25:08,  1.99it/s, loss=0.4390]
Fine-tuning Navine AI Video:  14%|#4        | 500/3500 [02:16<21:57,  2.28it/s, loss=0.4390]
Fine-tuning Navine AI Video:  14%|#4        | 500/3500 [02:16<21:57,  2.28it/s, loss=0.3863]
Fine-tuning Navine AI Video:  14%|#4        | 501/3500 [02:16<18:29,  2.70it/s, loss=0.3863]
Fine-tuning Navine AI Video:  14%|#4        | 501/3500 [02:16<18:29,  2.70it/s, loss=0.1230]
Fine-tuning Navine AI Video:  14%|#4        | 502/3500 [02:17<28:56,  1.73it/s, loss=0.1230]
Fine-tuning Navine AI Video:  14%|#4        | 502/3500 [02:17<28:56,  1.73it/s, loss=0.4109]
Fine-tuning Navine AI Video:  14%|#4        | 503/3500 [02:18<36:28,  1.37it/s, loss=0.4109]
Fine-tuning Navine AI Video:  14%|#4        | 503/3500 [02:18<36:28,  1.37it/s, loss=0.4580]
Fine-tuning Navine AI Video:  14%|#4        | 504/3500 [02:18<27:50,  1.79it/s, loss=0.4580]
Fine-tuning Navine AI Video:  14%|#4        | 504/3500 [02:18<27:50,  1.79it/s, loss=0.4957]
Fine-tuning Navine AI Video:  14%|#4        | 505/3500 [02:18<21:11,  2.35it/s, loss=0.4957]
Fine-tuning Navine AI Video:  14%|#4        | 505/3500 [02:18<21:11,  2.35it/s, loss=0.4144]
Fine-tuning Navine AI Video:  14%|#4        | 506/3500 [02:19<18:06,  2.76it/s, loss=0.4144]
Fine-tuning Navine AI Video:  14%|#4        | 506/3500 [02:19<18:06,  2.76it/s, loss=0.1190]
Fine-tuning Navine AI Video:  14%|#4        | 507/3500 [02:19<14:55,  3.34it/s, loss=0.1190]
Fine-tuning Navine AI Video:  14%|#4        | 507/3500 [02:19<14:55,  3.34it/s, loss=0.3023]
Fine-tuning Navine AI Video:  15%|#4        | 508/3500 [02:19<12:05,  4.12it/s, loss=0.3023]
Fine-tuning Navine AI Video:  15%|#4        | 508/3500 [02:19<12:05,  4.12it/s, loss=0.3612]
Fine-tuning Navine AI Video:  15%|#4        | 509/3500 [02:19<10:06,  4.93it/s, loss=0.3612]
Fine-tuning Navine AI Video:  15%|#4        | 509/3500 [02:19<10:06,  4.93it/s, loss=0.4373]
Fine-tuning Navine AI Video:  15%|#4        | 510/3500 [02:19<08:55,  5.58it/s, loss=0.4373]
Fine-tuning Navine AI Video:  15%|#4        | 510/3500 [02:19<08:55,  5.58it/s, loss=0.4666]
Fine-tuning Navine AI Video:  15%|#4        | 511/3500 [02:19<07:48,  6.38it/s, loss=0.4666]
Fine-tuning Navine AI Video:  15%|#4        | 511/3500 [02:19<07:48,  6.38it/s, loss=0.4335]
Fine-tuning Navine AI Video:  15%|#4        | 512/3500 [02:20<09:00,  5.52it/s, loss=0.4335]
Fine-tuning Navine AI Video:  15%|#4        | 512/3500 [02:20<09:00,  5.52it/s, loss=0.3893]
Fine-tuning Navine AI Video:  15%|#4        | 513/3500 [02:20<09:49,  5.07it/s, loss=0.3893]
Fine-tuning Navine AI Video:  15%|#4        | 513/3500 [02:20<09:49,  5.07it/s, loss=0.2856]
Fine-tuning Navine AI Video:  15%|#4        | 514/3500 [02:20<08:58,  5.55it/s, loss=0.2856]
Fine-tuning Navine AI Video:  15%|#4        | 514/3500 [02:20<08:58,  5.55it/s, loss=0.5258]
Fine-tuning Navine AI Video:  15%|#4        | 515/3500 [02:20<08:29,  5.85it/s, loss=0.5258]
Fine-tuning Navine AI Video:  15%|#4        | 515/3500 [02:20<08:29,  5.85it/s, loss=0.3311]
Fine-tuning Navine AI Video:  15%|#4        | 516/3500 [02:20<07:27,  6.67it/s, loss=0.3311]
Fine-tuning Navine AI Video:  15%|#4        | 516/3500 [02:20<07:27,  6.67it/s, loss=0.3586]
Fine-tuning Navine AI Video:  15%|#4        | 517/3500 [02:20<08:25,  5.90it/s, loss=0.3586]
Fine-tuning Navine AI Video:  15%|#4        | 517/3500 [02:20<08:25,  5.90it/s, loss=0.2855]
Fine-tuning Navine AI Video:  15%|#4        | 518/3500 [02:21<08:30,  5.84it/s, loss=0.2855]
Fine-tuning Navine AI Video:  15%|#4        | 518/3500 [02:21<08:30,  5.84it/s, loss=0.4255]
Fine-tuning Navine AI Video:  15%|#4        | 519/3500 [02:21<09:52,  5.03it/s, loss=0.4255]
Fine-tuning Navine AI Video:  15%|#4        | 519/3500 [02:21<09:52,  5.03it/s, loss=0.2859]
Fine-tuning Navine AI Video:  15%|#4        | 520/3500 [02:21<08:43,  5.69it/s, loss=0.2859]
Fine-tuning Navine AI Video:  15%|#4        | 520/3500 [02:21<08:43,  5.69it/s, loss=0.3776]
Fine-tuning Navine AI Video:  15%|#4        | 521/3500 [02:21<09:54,  5.01it/s, loss=0.3776]
Fine-tuning Navine AI Video:  15%|#4        | 521/3500 [02:21<09:54,  5.01it/s, loss=0.3480]
Fine-tuning Navine AI Video:  15%|#4        | 522/3500 [02:21<09:12,  5.39it/s, loss=0.3480]
Fine-tuning Navine AI Video:  15%|#4        | 522/3500 [02:21<09:12,  5.39it/s, loss=0.3051]
Fine-tuning Navine AI Video:  15%|#4        | 523/3500 [02:21<08:18,  5.97it/s, loss=0.3051]
Fine-tuning Navine AI Video:  15%|#4        | 523/3500 [02:21<08:18,  5.97it/s, loss=0.3270]
Fine-tuning Navine AI Video:  15%|#4        | 524/3500 [02:22<08:18,  5.97it/s, loss=0.4020]
Fine-tuning Navine AI Video:  15%|#5        | 525/3500 [02:22<06:46,  7.31it/s, loss=0.4020]
Fine-tuning Navine AI Video:  15%|#5        | 525/3500 [02:22<06:46,  7.31it/s, loss=0.3869]
Fine-tuning Navine AI Video:  15%|#5        | 526/3500 [02:22<06:34,  7.53it/s, loss=0.3869]
Fine-tuning Navine AI Video:  15%|#5        | 526/3500 [02:22<06:34,  7.53it/s, loss=0.2993]
Fine-tuning Navine AI Video:  15%|#5        | 527/3500 [02:22<06:34,  7.53it/s, loss=0.3135]
Fine-tuning Navine AI Video:  15%|#5        | 528/3500 [02:22<07:58,  6.22it/s, loss=0.3135]
Fine-tuning Navine AI Video:  15%|#5        | 528/3500 [02:22<07:58,  6.22it/s, loss=0.3682]
Fine-tuning Navine AI Video:  15%|#5        | 529/3500 [02:22<07:30,  6.59it/s, loss=0.3682]
Fine-tuning Navine AI Video:  15%|#5        | 529/3500 [02:22<07:30,  6.59it/s, loss=0.3086]
Fine-tuning Navine AI Video:  15%|#5        | 530/3500 [02:23<09:28,  5.22it/s, loss=0.3086]
Fine-tuning Navine AI Video:  15%|#5        | 530/3500 [02:23<09:28,  5.22it/s, loss=0.4361]
Fine-tuning Navine AI Video:  15%|#5        | 531/3500 [02:23<09:58,  4.96it/s, loss=0.4361]
Fine-tuning Navine AI Video:  15%|#5        | 531/3500 [02:23<09:58,  4.96it/s, loss=0.1486]
Fine-tuning Navine AI Video:  15%|#5        | 532/3500 [02:23<09:58,  4.96it/s, loss=0.4280]
Fine-tuning Navine AI Video:  15%|#5        | 533/3500 [02:23<09:12,  5.37it/s, loss=0.4280]
Fine-tuning Navine AI Video:  15%|#5        | 533/3500 [02:23<09:12,  5.37it/s, loss=0.3807]
Fine-tuning Navine AI Video:  15%|#5        | 534/3500 [02:23<09:12,  5.37it/s, loss=0.3777]
Fine-tuning Navine AI Video:  15%|#5        | 535/3500 [02:23<07:55,  6.24it/s, loss=0.3777]
Fine-tuning Navine AI Video:  15%|#5        | 535/3500 [02:23<07:55,  6.24it/s, loss=0.2858]
Fine-tuning Navine AI Video:  15%|#5        | 536/3500 [02:25<19:23,  2.55it/s, loss=0.2858]
Fine-tuning Navine AI Video:  15%|#5        | 536/3500 [02:25<19:23,  2.55it/s, loss=0.4265]
Fine-tuning Navine AI Video:  15%|#5        | 537/3500 [02:25<17:10,  2.88it/s, loss=0.4265]
Fine-tuning Navine AI Video:  15%|#5        | 537/3500 [02:25<17:10,  2.88it/s, loss=0.3595]
Fine-tuning Navine AI Video:  15%|#5        | 538/3500 [02:25<14:25,  3.42it/s, loss=0.3595]
Fine-tuning Navine AI Video:  15%|#5        | 538/3500 [02:25<14:25,  3.42it/s, loss=0.5264]
Fine-tuning Navine AI Video:  15%|#5        | 539/3500 [02:25<12:09,  4.06it/s, loss=0.5264]
Fine-tuning Navine AI Video:  15%|#5        | 539/3500 [02:25<12:09,  4.06it/s, loss=0.3240]
Fine-tuning Navine AI Video:  15%|#5        | 540/3500 [02:25<12:25,  3.97it/s, loss=0.3240]
Fine-tuning Navine AI Video:  15%|#5        | 540/3500 [02:25<12:25,  3.97it/s, loss=0.1219]
Fine-tuning Navine AI Video:  15%|#5        | 541/3500 [02:25<10:34,  4.66it/s, loss=0.1219]
Fine-tuning Navine AI Video:  15%|#5        | 541/3500 [02:25<10:34,  4.66it/s, loss=0.4341]
Fine-tuning Navine AI Video:  15%|#5        | 542/3500 [02:26<09:16,  5.32it/s, loss=0.4341]
Fine-tuning Navine AI Video:  15%|#5        | 542/3500 [02:26<09:16,  5.32it/s, loss=0.3758]
Fine-tuning Navine AI Video:  16%|#5        | 543/3500 [02:26<08:36,  5.72it/s, loss=0.3758]
Fine-tuning Navine AI Video:  16%|#5        | 543/3500 [02:26<08:36,  5.72it/s, loss=0.3696]
Fine-tuning Navine AI Video:  16%|#5        | 544/3500 [02:26<09:12,  5.35it/s, loss=0.3696]
Fine-tuning Navine AI Video:  16%|#5        | 544/3500 [02:26<09:12,  5.35it/s, loss=0.1177]
Fine-tuning Navine AI Video:  16%|#5        | 545/3500 [02:26<08:19,  5.91it/s, loss=0.1177]
Fine-tuning Navine AI Video:  16%|#5        | 545/3500 [02:26<08:19,  5.91it/s, loss=0.2986]
Fine-tuning Navine AI Video:  16%|#5        | 546/3500 [02:26<07:46,  6.34it/s, loss=0.2986]
Fine-tuning Navine AI Video:  16%|#5        | 546/3500 [02:26<07:46,  6.34it/s, loss=0.3747]
Fine-tuning Navine AI Video:  16%|#5        | 547/3500 [02:26<07:13,  6.82it/s, loss=0.3747]
Fine-tuning Navine AI Video:  16%|#5        | 547/3500 [02:26<07:13,  6.82it/s, loss=0.3826]
Fine-tuning Navine AI Video:  16%|#5        | 548/3500 [02:27<08:12,  6.00it/s, loss=0.3826]
Fine-tuning Navine AI Video:  16%|#5        | 548/3500 [02:27<08:12,  6.00it/s, loss=0.3329]
Fine-tuning Navine AI Video:  16%|#5        | 549/3500 [02:27<08:38,  5.69it/s, loss=0.3329]
Fine-tuning Navine AI Video:  16%|#5        | 549/3500 [02:27<08:38,  5.69it/s, loss=0.2670]
Fine-tuning Navine AI Video:  16%|#5        | 550/3500 [02:27<09:07,  5.39it/s, loss=0.2670]
Fine-tuning Navine AI Video:  16%|#5        | 550/3500 [02:27<09:07,  5.39it/s, loss=0.1193]
Fine-tuning Navine AI Video:  16%|#5        | 551/3500 [02:27<09:06,  5.39it/s, loss=0.3589]
Fine-tuning Navine AI Video:  16%|#5        | 552/3500 [02:27<07:13,  6.81it/s, loss=0.3589]
Fine-tuning Navine AI Video:  16%|#5        | 552/3500 [02:27<07:13,  6.81it/s, loss=0.3644]
Fine-tuning Navine AI Video:  16%|#5        | 553/3500 [02:27<06:56,  7.08it/s, loss=0.3644]
Fine-tuning Navine AI Video:  16%|#5        | 553/3500 [02:27<06:56,  7.08it/s, loss=0.3396]
Fine-tuning Navine AI Video:  16%|#5        | 554/3500 [02:28<08:05,  6.06it/s, loss=0.3396]
Fine-tuning Navine AI Video:  16%|#5        | 554/3500 [02:28<08:05,  6.06it/s, loss=0.1174]
Fine-tuning Navine AI Video:  16%|#5        | 555/3500 [02:28<07:36,  6.46it/s, loss=0.1174]
Fine-tuning Navine AI Video:  16%|#5        | 555/3500 [02:28<07:36,  6.46it/s, loss=0.3144]
Fine-tuning Navine AI Video:  16%|#5        | 556/3500 [02:28<09:17,  5.28it/s, loss=0.3144]
Fine-tuning Navine AI Video:  16%|#5        | 556/3500 [02:28<09:17,  5.28it/s, loss=0.3649]
Fine-tuning Navine AI Video:  16%|#5        | 557/3500 [02:28<08:23,  5.84it/s, loss=0.3649]
Fine-tuning Navine AI Video:  16%|#5        | 557/3500 [02:28<08:23,  5.84it/s, loss=0.3466]
Fine-tuning Navine AI Video:  16%|#5        | 558/3500 [02:28<09:53,  4.95it/s, loss=0.3466]
Fine-tuning Navine AI Video:  16%|#5        | 558/3500 [02:28<09:53,  4.95it/s, loss=0.3665]
Fine-tuning Navine AI Video:  16%|#5        | 559/3500 [02:28<09:20,  5.24it/s, loss=0.3665]
Fine-tuning Navine AI Video:  16%|#5        | 559/3500 [02:28<09:20,  5.24it/s, loss=0.3131]
Fine-tuning Navine AI Video:  16%|#6        | 560/3500 [02:29<08:39,  5.66it/s, loss=0.3131]
Fine-tuning Navine AI Video:  16%|#6        | 560/3500 [02:29<08:39,  5.66it/s, loss=0.3290]
Fine-tuning Navine AI Video:  16%|#6        | 561/3500 [02:29<08:04,  6.07it/s, loss=0.3290]
Fine-tuning Navine AI Video:  16%|#6        | 561/3500 [02:29<08:04,  6.07it/s, loss=0.2701]
Fine-tuning Navine AI Video:  16%|#6        | 562/3500 [02:29<09:05,  5.38it/s, loss=0.2701]
Fine-tuning Navine AI Video:  16%|#6        | 562/3500 [02:29<09:05,  5.38it/s, loss=0.3001]
Fine-tuning Navine AI Video:  16%|#6        | 563/3500 [02:29<07:56,  6.16it/s, loss=0.3001]
Fine-tuning Navine AI Video:  16%|#6        | 563/3500 [02:29<07:56,  6.16it/s, loss=0.3297]
Fine-tuning Navine AI Video:  16%|#6        | 564/3500 [02:29<07:28,  6.55it/s, loss=0.3297]
Fine-tuning Navine AI Video:  16%|#6        | 564/3500 [02:29<07:28,  6.55it/s, loss=0.2286]
Fine-tuning Navine AI Video:  16%|#6        | 565/3500 [02:30<21:42,  2.25it/s, loss=0.2286]
Fine-tuning Navine AI Video:  16%|#6        | 565/3500 [02:30<21:42,  2.25it/s, loss=0.3927]
Fine-tuning Navine AI Video:  16%|#6        | 566/3500 [02:31<18:22,  2.66it/s, loss=0.3927]
Fine-tuning Navine AI Video:  16%|#6        | 566/3500 [02:31<18:22,  2.66it/s, loss=0.1170]
Fine-tuning Navine AI Video:  16%|#6        | 567/3500 [02:31<18:38,  2.62it/s, loss=0.1170]
Fine-tuning Navine AI Video:  16%|#6        | 567/3500 [02:31<18:38,  2.62it/s, loss=0.3870]
Fine-tuning Navine AI Video:  16%|#6        | 568/3500 [02:32<25:32,  1.91it/s, loss=0.3870]
Fine-tuning Navine AI Video:  16%|#6        | 568/3500 [02:32<25:32,  1.91it/s, loss=0.4427]
Fine-tuning Navine AI Video:  16%|#6        | 569/3500 [02:32<22:51,  2.14it/s, loss=0.4427]
Fine-tuning Navine AI Video:  16%|#6        | 569/3500 [02:32<22:51,  2.14it/s, loss=0.4050]
Fine-tuning Navine AI Video:  16%|#6        | 570/3500 [02:32<17:46,  2.75it/s, loss=0.4050]
Fine-tuning Navine AI Video:  16%|#6        | 570/3500 [02:32<17:46,  2.75it/s, loss=0.4148]
Fine-tuning Navine AI Video:  16%|#6        | 571/3500 [02:32<15:32,  3.14it/s, loss=0.4148]
Fine-tuning Navine AI Video:  16%|#6        | 571/3500 [02:33<15:32,  3.14it/s, loss=0.0951]
Fine-tuning Navine AI Video:  16%|#6        | 572/3500 [02:33<14:45,  3.31it/s, loss=0.0951]
Fine-tuning Navine AI Video:  16%|#6        | 572/3500 [02:33<14:45,  3.31it/s, loss=0.3826]
Fine-tuning Navine AI Video:  16%|#6        | 573/3500 [02:33<11:49,  4.12it/s, loss=0.3826]
Fine-tuning Navine AI Video:  16%|#6        | 573/3500 [02:33<11:49,  4.12it/s, loss=0.3569]
Fine-tuning Navine AI Video:  16%|#6        | 574/3500 [02:33<11:49,  4.12it/s, loss=0.3812]
Fine-tuning Navine AI Video:  16%|#6        | 575/3500 [02:33<09:57,  4.90it/s, loss=0.3812]
Fine-tuning Navine AI Video:  16%|#6        | 575/3500 [02:33<09:57,  4.90it/s, loss=0.1161]
Fine-tuning Navine AI Video:  16%|#6        | 576/3500 [02:33<08:51,  5.50it/s, loss=0.1161]
Fine-tuning Navine AI Video:  16%|#6        | 576/3500 [02:33<08:51,  5.50it/s, loss=0.3904]
Fine-tuning Navine AI Video:  16%|#6        | 577/3500 [02:33<08:04,  6.04it/s, loss=0.3904]
Fine-tuning Navine AI Video:  16%|#6        | 577/3500 [02:33<08:04,  6.04it/s, loss=0.3831]
Fine-tuning Navine AI Video:  17%|#6        | 578/3500 [02:34<07:27,  6.52it/s, loss=0.3831]
Fine-tuning Navine AI Video:  17%|#6        | 578/3500 [02:34<07:27,  6.52it/s, loss=0.3581]
Fine-tuning Navine AI Video:  17%|#6        | 579/3500 [02:34<07:00,  6.95it/s, loss=0.3581]
Fine-tuning Navine AI Video:  17%|#6        | 579/3500 [02:34<07:00,  6.95it/s, loss=0.3612]
Fine-tuning Navine AI Video:  17%|#6        | 580/3500 [02:34<06:38,  7.33it/s, loss=0.3612]
Fine-tuning Navine AI Video:  17%|#6        | 580/3500 [02:34<06:38,  7.33it/s, loss=0.3488]
Fine-tuning Navine AI Video:  17%|#6        | 581/3500 [02:35<18:33,  2.62it/s, loss=0.3488]
Fine-tuning Navine AI Video:  17%|#6        | 581/3500 [02:35<18:33,  2.62it/s, loss=0.4794]
Fine-tuning Navine AI Video:  17%|#6        | 582/3500 [02:35<17:11,  2.83it/s, loss=0.4794]
Fine-tuning Navine AI Video:  17%|#6        | 582/3500 [02:35<17:11,  2.83it/s, loss=0.3811]
Fine-tuning Navine AI Video:  17%|#6        | 583/3500 [02:36<27:31,  1.77it/s, loss=0.3811]
Fine-tuning Navine AI Video:  17%|#6        | 583/3500 [02:36<27:31,  1.77it/s, loss=0.3670]
Fine-tuning Navine AI Video:  17%|#6        | 584/3500 [02:36<22:17,  2.18it/s, loss=0.3670]
Fine-tuning Navine AI Video:  17%|#6        | 584/3500 [02:36<22:17,  2.18it/s, loss=0.3480]
Fine-tuning Navine AI Video:  17%|#6        | 585/3500 [02:36<17:40,  2.75it/s, loss=0.3480]
Fine-tuning Navine AI Video:  17%|#6        | 585/3500 [02:36<17:40,  2.75it/s, loss=0.4726]
Fine-tuning Navine AI Video:  17%|#6        | 586/3500 [02:37<21:06,  2.30it/s, loss=0.4726]
Fine-tuning Navine AI Video:  17%|#6        | 586/3500 [02:37<21:06,  2.30it/s, loss=0.4173]
Fine-tuning Navine AI Video:  17%|#6        | 587/3500 [02:37<19:18,  2.51it/s, loss=0.4173]
Fine-tuning Navine AI Video:  17%|#6        | 587/3500 [02:37<19:18,  2.51it/s, loss=0.3461]
Fine-tuning Navine AI Video:  17%|#6        | 588/3500 [02:38<15:22,  3.16it/s, loss=0.3461]
Fine-tuning Navine AI Video:  17%|#6        | 588/3500 [02:38<15:22,  3.16it/s, loss=0.3172]
Fine-tuning Navine AI Video:  17%|#6        | 589/3500 [02:38<12:29,  3.88it/s, loss=0.3172]
Fine-tuning Navine AI Video:  17%|#6        | 589/3500 [02:38<12:29,  3.88it/s, loss=0.4986]
Fine-tuning Navine AI Video:  17%|#6        | 590/3500 [02:38<10:37,  4.57it/s, loss=0.4986]
Fine-tuning Navine AI Video:  17%|#6        | 590/3500 [02:38<10:37,  4.57it/s, loss=0.4223]
Fine-tuning Navine AI Video:  17%|#6        | 591/3500 [02:38<10:53,  4.45it/s, loss=0.4223]
Fine-tuning Navine AI Video:  17%|#6        | 591/3500 [02:38<10:53,  4.45it/s, loss=0.1471]
Fine-tuning Navine AI Video:  17%|#6        | 592/3500 [02:38<09:43,  4.98it/s, loss=0.1471]
Fine-tuning Navine AI Video:  17%|#6        | 592/3500 [02:38<09:43,  4.98it/s, loss=0.3129]
Fine-tuning Navine AI Video:  17%|#6        | 593/3500 [02:38<08:22,  5.79it/s, loss=0.3129]
Fine-tuning Navine AI Video:  17%|#6        | 593/3500 [02:38<08:22,  5.79it/s, loss=0.3803]
Fine-tuning Navine AI Video:  17%|#6        | 594/3500 [02:38<07:31,  6.44it/s, loss=0.3803]
Fine-tuning Navine AI Video:  17%|#6        | 594/3500 [02:38<07:31,  6.44it/s, loss=0.3646]
Fine-tuning Navine AI Video:  17%|#7        | 595/3500 [02:38<07:12,  6.71it/s, loss=0.3646]
Fine-tuning Navine AI Video:  17%|#7        | 595/3500 [02:38<07:12,  6.71it/s, loss=0.3547]
Fine-tuning Navine AI Video:  17%|#7        | 596/3500 [02:39<06:55,  6.99it/s, loss=0.3547]
Fine-tuning Navine AI Video:  17%|#7        | 596/3500 [02:39<06:55,  6.99it/s, loss=0.4817]
Fine-tuning Navine AI Video:  17%|#7        | 597/3500 [02:39<07:18,  6.61it/s, loss=0.4817]
Fine-tuning Navine AI Video:  17%|#7        | 597/3500 [02:39<07:18,  6.61it/s, loss=0.2937]
Fine-tuning Navine AI Video:  17%|#7        | 598/3500 [02:39<06:56,  6.96it/s, loss=0.2937]
Fine-tuning Navine AI Video:  17%|#7        | 598/3500 [02:39<06:56,  6.96it/s, loss=0.4591]
Fine-tuning Navine AI Video:  17%|#7        | 599/3500 [02:39<06:58,  6.93it/s, loss=0.4591]
Fine-tuning Navine AI Video:  17%|#7        | 599/3500 [02:39<06:58,  6.93it/s, loss=0.3186]
Fine-tuning Navine AI Video:  17%|#7        | 600/3500 [02:39<07:07,  6.79it/s, loss=0.3186]
Fine-tuning Navine AI Video:  17%|#7        | 600/3500 [02:39<07:07,  6.79it/s, loss=0.3218]
Fine-tuning Navine AI Video:  17%|#7        | 601/3500 [02:40<09:15,  5.22it/s, loss=0.3218]
Fine-tuning Navine AI Video:  17%|#7        | 601/3500 [02:40<09:15,  5.22it/s, loss=0.3016]
Fine-tuning Navine AI Video:  17%|#7        | 602/3500 [02:40<08:21,  5.78it/s, loss=0.3016]
Fine-tuning Navine AI Video:  17%|#7        | 602/3500 [02:40<08:21,  5.78it/s, loss=0.3142]
Fine-tuning Navine AI Video:  17%|#7        | 603/3500 [02:40<07:38,  6.32it/s, loss=0.3142]
Fine-tuning Navine AI Video:  17%|#7        | 603/3500 [02:40<07:38,  6.32it/s, loss=0.3092]
Fine-tuning Navine AI Video:  17%|#7        | 604/3500 [02:40<08:36,  5.60it/s, loss=0.3092]
Fine-tuning Navine AI Video:  17%|#7        | 604/3500 [02:40<08:36,  5.60it/s, loss=0.3766]
Fine-tuning Navine AI Video:  17%|#7        | 605/3500 [02:41<22:27,  2.15it/s, loss=0.3766]
Fine-tuning Navine AI Video:  17%|#7        | 605/3500 [02:41<22:27,  2.15it/s, loss=0.4371]
Fine-tuning Navine AI Video:  17%|#7        | 606/3500 [02:41<19:01,  2.53it/s, loss=0.4371]
Fine-tuning Navine AI Video:  17%|#7        | 606/3500 [02:41<19:01,  2.53it/s, loss=0.3003]
Fine-tuning Navine AI Video:  17%|#7        | 607/3500 [02:41<15:15,  3.16it/s, loss=0.3003]
Fine-tuning Navine AI Video:  17%|#7        | 607/3500 [02:41<15:15,  3.16it/s, loss=0.3301]
Fine-tuning Navine AI Video:  17%|#7        | 608/3500 [02:42<12:52,  3.74it/s, loss=0.3301]
Fine-tuning Navine AI Video:  17%|#7        | 608/3500 [02:42<12:52,  3.74it/s, loss=0.3561]
Fine-tuning Navine AI Video:  17%|#7        | 609/3500 [02:42<12:40,  3.80it/s, loss=0.3561]
Fine-tuning Navine AI Video:  17%|#7        | 609/3500 [02:42<12:40,  3.80it/s, loss=0.3962]
Fine-tuning Navine AI Video:  17%|#7        | 610/3500 [02:42<11:03,  4.36it/s, loss=0.3962]
Fine-tuning Navine AI Video:  17%|#7        | 610/3500 [02:42<11:03,  4.36it/s, loss=0.3102]
Fine-tuning Navine AI Video:  17%|#7        | 611/3500 [02:42<10:31,  4.57it/s, loss=0.3102]
Fine-tuning Navine AI Video:  17%|#7        | 611/3500 [02:42<10:31,  4.57it/s, loss=0.4261]
Fine-tuning Navine AI Video:  17%|#7        | 612/3500 [02:42<09:12,  5.23it/s, loss=0.4261]
Fine-tuning Navine AI Video:  17%|#7        | 612/3500 [02:42<09:12,  5.23it/s, loss=0.5404]
Fine-tuning Navine AI Video:  18%|#7        | 613/3500 [02:42<08:00,  6.00it/s, loss=0.5404]
Fine-tuning Navine AI Video:  18%|#7        | 613/3500 [02:42<08:00,  6.00it/s, loss=0.3894]
Fine-tuning Navine AI Video:  18%|#7        | 614/3500 [02:43<07:36,  6.33it/s, loss=0.3894]
Fine-tuning Navine AI Video:  18%|#7        | 614/3500 [02:43<07:36,  6.33it/s, loss=0.3333]
Fine-tuning Navine AI Video:  18%|#7        | 615/3500 [02:43<08:41,  5.53it/s, loss=0.3333]
Fine-tuning Navine AI Video:  18%|#7        | 615/3500 [02:43<08:41,  5.53it/s, loss=0.5419]
Fine-tuning Navine AI Video:  18%|#7        | 616/3500 [02:44<18:38,  2.58it/s, loss=0.5419]
Fine-tuning Navine AI Video:  18%|#7        | 616/3500 [02:44<18:38,  2.58it/s, loss=0.3941]
Fine-tuning Navine AI Video:  18%|#7        | 617/3500 [02:44<15:21,  3.13it/s, loss=0.3941]
Fine-tuning Navine AI Video:  18%|#7        | 617/3500 [02:44<15:21,  3.13it/s, loss=0.5492]
Fine-tuning Navine AI Video:  18%|#7        | 618/3500 [02:44<15:14,  3.15it/s, loss=0.5492]
Fine-tuning Navine AI Video:  18%|#7        | 618/3500 [02:44<15:14,  3.15it/s, loss=0.3669]
Fine-tuning Navine AI Video:  18%|#7        | 619/3500 [02:45<15:24,  3.12it/s, loss=0.3669]
Fine-tuning Navine AI Video:  18%|#7        | 619/3500 [02:45<15:24,  3.12it/s, loss=0.4221]
Fine-tuning Navine AI Video:  18%|#7        | 620/3500 [02:45<12:30,  3.84it/s, loss=0.4221]
Fine-tuning Navine AI Video:  18%|#7        | 620/3500 [02:45<12:30,  3.84it/s, loss=0.3794]
Fine-tuning Navine AI Video:  18%|#7        | 621/3500 [02:45<12:00,  3.99it/s, loss=0.3794]
Fine-tuning Navine AI Video:  18%|#7        | 621/3500 [02:45<12:00,  3.99it/s, loss=0.3472]
Fine-tuning Navine AI Video:  18%|#7        | 622/3500 [02:45<10:24,  4.61it/s, loss=0.3472]
Fine-tuning Navine AI Video:  18%|#7        | 622/3500 [02:45<10:24,  4.61it/s, loss=0.3670]
Fine-tuning Navine AI Video:  18%|#7        | 623/3500 [02:45<10:51,  4.42it/s, loss=0.3670]
Fine-tuning Navine AI Video:  18%|#7        | 623/3500 [02:45<10:51,  4.42it/s, loss=0.3379]
Fine-tuning Navine AI Video:  18%|#7        | 624/3500 [02:45<09:24,  5.10it/s, loss=0.3379]
Fine-tuning Navine AI Video:  18%|#7        | 624/3500 [02:45<09:24,  5.10it/s, loss=0.4275]
Fine-tuning Navine AI Video:  18%|#7        | 625/3500 [02:45<08:04,  5.93it/s, loss=0.4275]
Fine-tuning Navine AI Video:  18%|#7        | 625/3500 [02:45<08:04,  5.93it/s, loss=0.3460]
Fine-tuning Navine AI Video:  18%|#7        | 626/3500 [02:46<07:16,  6.58it/s, loss=0.3460]
Fine-tuning Navine AI Video:  18%|#7        | 626/3500 [02:46<07:16,  6.58it/s, loss=0.4670]
Fine-tuning Navine AI Video:  18%|#7        | 627/3500 [02:46<08:40,  5.52it/s, loss=0.4670]
Fine-tuning Navine AI Video:  18%|#7        | 627/3500 [02:46<08:40,  5.52it/s, loss=0.1193]
Fine-tuning Navine AI Video:  18%|#7        | 628/3500 [02:46<07:44,  6.18it/s, loss=0.1193]
Fine-tuning Navine AI Video:  18%|#7        | 628/3500 [02:46<07:44,  6.18it/s, loss=0.3611]
Fine-tuning Navine AI Video:  18%|#7        | 629/3500 [02:46<07:11,  6.65it/s, loss=0.3611]
Fine-tuning Navine AI Video:  18%|#7        | 629/3500 [02:46<07:11,  6.65it/s, loss=0.3700]
Fine-tuning Navine AI Video:  18%|#8        | 630/3500 [02:46<08:04,  5.92it/s, loss=0.3700]
Fine-tuning Navine AI Video:  18%|#8        | 630/3500 [02:46<08:04,  5.92it/s, loss=0.3342]
Fine-tuning Navine AI Video:  18%|#8        | 631/3500 [02:47<09:11,  5.20it/s, loss=0.3342]
Fine-tuning Navine AI Video:  18%|#8        | 631/3500 [02:47<09:11,  5.20it/s, loss=0.3677]
Fine-tuning Navine AI Video:  18%|#8        | 632/3500 [02:47<08:13,  5.81it/s, loss=0.3677]
Fine-tuning Navine AI Video:  18%|#8        | 632/3500 [02:47<08:13,  5.81it/s, loss=0.3765]
Fine-tuning Navine AI Video:  18%|#8        | 633/3500 [02:47<07:21,  6.49it/s, loss=0.3765]
Fine-tuning Navine AI Video:  18%|#8        | 633/3500 [02:47<07:21,  6.49it/s, loss=0.3177]
Fine-tuning Navine AI Video:  18%|#8        | 634/3500 [02:47<09:32,  5.01it/s, loss=0.3177]
Fine-tuning Navine AI Video:  18%|#8        | 634/3500 [02:47<09:32,  5.01it/s, loss=0.4037]
Fine-tuning Navine AI Video:  18%|#8        | 635/3500 [02:47<08:45,  5.45it/s, loss=0.4037]
Fine-tuning Navine AI Video:  18%|#8        | 635/3500 [02:47<08:45,  5.45it/s, loss=0.3101]
Fine-tuning Navine AI Video:  18%|#8        | 636/3500 [02:47<07:34,  6.30it/s, loss=0.3101]
Fine-tuning Navine AI Video:  18%|#8        | 636/3500 [02:47<07:34,  6.30it/s, loss=0.4310]
Fine-tuning Navine AI Video:  18%|#8        | 637/3500 [02:48<09:13,  5.18it/s, loss=0.4310]
Fine-tuning Navine AI Video:  18%|#8        | 637/3500 [02:48<09:13,  5.18it/s, loss=0.3941]
Fine-tuning Navine AI Video:  18%|#8        | 638/3500 [02:48<09:12,  5.18it/s, loss=0.3945]
Fine-tuning Navine AI Video:  18%|#8        | 639/3500 [02:48<07:05,  6.73it/s, loss=0.3945]
Fine-tuning Navine AI Video:  18%|#8        | 639/3500 [02:48<07:05,  6.73it/s, loss=0.3777]
Fine-tuning Navine AI Video:  18%|#8        | 640/3500 [02:48<08:09,  5.84it/s, loss=0.3777]
Fine-tuning Navine AI Video:  18%|#8        | 640/3500 [02:48<08:09,  5.84it/s, loss=0.3183]
Fine-tuning Navine AI Video:  18%|#8        | 641/3500 [02:48<09:03,  5.26it/s, loss=0.3183]
Fine-tuning Navine AI Video:  18%|#8        | 641/3500 [02:48<09:03,  5.26it/s, loss=0.3343]
Fine-tuning Navine AI Video:  18%|#8        | 642/3500 [02:49<09:33,  4.98it/s, loss=0.3343]
Fine-tuning Navine AI Video:  18%|#8        | 642/3500 [02:49<09:33,  4.98it/s, loss=0.4194]
Fine-tuning Navine AI Video:  18%|#8        | 643/3500 [02:50<20:22,  2.34it/s, loss=0.4194]
Fine-tuning Navine AI Video:  18%|#8        | 643/3500 [02:50<20:22,  2.34it/s, loss=0.4313]
Fine-tuning Navine AI Video:  18%|#8        | 644/3500 [02:50<16:01,  2.97it/s, loss=0.4313]
Fine-tuning Navine AI Video:  18%|#8        | 644/3500 [02:50<16:01,  2.97it/s, loss=0.3735]
Fine-tuning Navine AI Video:  18%|#8        | 645/3500 [02:50<15:46,  3.02it/s, loss=0.3735]
Fine-tuning Navine AI Video:  18%|#8        | 645/3500 [02:50<15:46,  3.02it/s, loss=0.3913]
Fine-tuning Navine AI Video:  18%|#8        | 646/3500 [02:51<19:34,  2.43it/s, loss=0.3913]
Fine-tuning Navine AI Video:  18%|#8        | 646/3500 [02:51<19:34,  2.43it/s, loss=0.4222]
Fine-tuning Navine AI Video:  18%|#8        | 647/3500 [02:51<16:00,  2.97it/s, loss=0.4222]
Fine-tuning Navine AI Video:  18%|#8        | 647/3500 [02:51<16:00,  2.97it/s, loss=0.2708]
Fine-tuning Navine AI Video:  19%|#8        | 648/3500 [02:51<12:59,  3.66it/s, loss=0.2708]
Fine-tuning Navine AI Video:  19%|#8        | 648/3500 [02:51<12:59,  3.66it/s, loss=0.3755]
Fine-tuning Navine AI Video:  19%|#8        | 649/3500 [02:51<13:34,  3.50it/s, loss=0.3755]
Fine-tuning Navine AI Video:  19%|#8        | 649/3500 [02:51<13:34,  3.50it/s, loss=0.3867]
Fine-tuning Navine AI Video:  19%|#8        | 650/3500 [02:51<12:22,  3.84it/s, loss=0.3867]
Fine-tuning Navine AI Video:  19%|#8        | 650/3500 [02:51<12:22,  3.84it/s, loss=0.3104]
Fine-tuning Navine AI Video:  19%|#8        | 651/3500 [02:51<10:41,  4.44it/s, loss=0.3104]
Fine-tuning Navine AI Video:  19%|#8        | 651/3500 [02:51<10:41,  4.44it/s, loss=0.4099]
Fine-tuning Navine AI Video:  19%|#8        | 652/3500 [02:52<09:14,  5.14it/s, loss=0.4099]
Fine-tuning Navine AI Video:  19%|#8        | 652/3500 [02:52<09:14,  5.14it/s, loss=0.2955]
Fine-tuning Navine AI Video:  19%|#8        | 653/3500 [02:52<09:07,  5.20it/s, loss=0.2955]
Fine-tuning Navine AI Video:  19%|#8        | 653/3500 [02:52<09:07,  5.20it/s, loss=0.5318]
Fine-tuning Navine AI Video:  19%|#8        | 654/3500 [02:52<09:07,  5.20it/s, loss=0.3513]
Fine-tuning Navine AI Video:  19%|#8        | 655/3500 [02:52<07:15,  6.54it/s, loss=0.3513]
Fine-tuning Navine AI Video:  19%|#8        | 655/3500 [02:52<07:15,  6.54it/s, loss=0.2991]
Fine-tuning Navine AI Video:  19%|#8        | 656/3500 [02:52<06:48,  6.95it/s, loss=0.2991]
Fine-tuning Navine AI Video:  19%|#8        | 656/3500 [02:52<06:48,  6.95it/s, loss=0.1880]
Fine-tuning Navine AI Video:  19%|#8        | 657/3500 [02:52<07:47,  6.09it/s, loss=0.1880]
Fine-tuning Navine AI Video:  19%|#8        | 657/3500 [02:52<07:47,  6.09it/s, loss=0.3307]
Fine-tuning Navine AI Video:  19%|#8        | 658/3500 [02:52<07:15,  6.53it/s, loss=0.3307]
Fine-tuning Navine AI Video:  19%|#8        | 658/3500 [02:52<07:15,  6.53it/s, loss=0.3322]
Fine-tuning Navine AI Video:  19%|#8        | 659/3500 [02:53<06:51,  6.90it/s, loss=0.3322]
Fine-tuning Navine AI Video:  19%|#8        | 659/3500 [02:53<06:51,  6.90it/s, loss=0.3213]
Fine-tuning Navine AI Video:  19%|#8        | 660/3500 [02:53<08:21,  5.67it/s, loss=0.3213]
Fine-tuning Navine AI Video:  19%|#8        | 660/3500 [02:53<08:21,  5.67it/s, loss=0.1231]
Fine-tuning Navine AI Video:  19%|#8        | 661/3500 [02:53<07:38,  6.19it/s, loss=0.1231]
Fine-tuning Navine AI Video:  19%|#8        | 661/3500 [02:53<07:38,  6.19it/s, loss=0.3448]
Fine-tuning Navine AI Video:  19%|#8        | 662/3500 [02:53<07:39,  6.18it/s, loss=0.3448]
Fine-tuning Navine AI Video:  19%|#8        | 662/3500 [02:53<07:39,  6.18it/s, loss=0.5117]
Fine-tuning Navine AI Video:  19%|#8        | 663/3500 [02:53<08:44,  5.41it/s, loss=0.5117]
Fine-tuning Navine AI Video:  19%|#8        | 663/3500 [02:53<08:44,  5.41it/s, loss=0.4189]
Fine-tuning Navine AI Video:  19%|#8        | 664/3500 [02:54<08:03,  5.87it/s, loss=0.4189]
Fine-tuning Navine AI Video:  19%|#8        | 664/3500 [02:54<08:03,  5.87it/s, loss=0.3593]
Fine-tuning Navine AI Video:  19%|#9        | 665/3500 [02:54<09:04,  5.21it/s, loss=0.3593]
Fine-tuning Navine AI Video:  19%|#9        | 665/3500 [02:54<09:04,  5.21it/s, loss=0.3453]
Fine-tuning Navine AI Video:  19%|#9        | 666/3500 [02:54<07:50,  6.02it/s, loss=0.3453]
Fine-tuning Navine AI Video:  19%|#9        | 666/3500 [02:54<07:50,  6.02it/s, loss=0.3340]
Fine-tuning Navine AI Video:  19%|#9        | 667/3500 [02:54<07:17,  6.48it/s, loss=0.3340]
Fine-tuning Navine AI Video:  19%|#9        | 667/3500 [02:54<07:17,  6.48it/s, loss=0.3336]
Fine-tuning Navine AI Video:  19%|#9        | 668/3500 [02:54<06:40,  7.07it/s, loss=0.3336]
Fine-tuning Navine AI Video:  19%|#9        | 668/3500 [02:54<06:40,  7.07it/s, loss=0.3496]
Fine-tuning Navine AI Video:  19%|#9        | 669/3500 [02:54<09:45,  4.84it/s, loss=0.3496]
Fine-tuning Navine AI Video:  19%|#9        | 669/3500 [02:54<09:45,  4.84it/s, loss=0.3671]
Fine-tuning Navine AI Video:  19%|#9        | 670/3500 [02:55<08:23,  5.63it/s, loss=0.3671]
Fine-tuning Navine AI Video:  19%|#9        | 670/3500 [02:55<08:23,  5.63it/s, loss=0.2990]
Fine-tuning Navine AI Video:  19%|#9        | 671/3500 [02:55<08:22,  5.63it/s, loss=0.3777]
Fine-tuning Navine AI Video:  19%|#9        | 672/3500 [02:55<07:07,  6.61it/s, loss=0.3777]
Fine-tuning Navine AI Video:  19%|#9        | 672/3500 [02:55<07:07,  6.61it/s, loss=0.2002]
Fine-tuning Navine AI Video:  19%|#9        | 673/3500 [02:55<06:45,  6.97it/s, loss=0.2002]
Fine-tuning Navine AI Video:  19%|#9        | 673/3500 [02:55<06:45,  6.97it/s, loss=0.5244]
Fine-tuning Navine AI Video:  19%|#9        | 674/3500 [02:55<07:51,  5.99it/s, loss=0.5244]
Fine-tuning Navine AI Video:  19%|#9        | 674/3500 [02:55<07:51,  5.99it/s, loss=0.3213]
Fine-tuning Navine AI Video:  19%|#9        | 675/3500 [02:55<07:14,  6.50it/s, loss=0.3213]
Fine-tuning Navine AI Video:  19%|#9        | 675/3500 [02:55<07:14,  6.50it/s, loss=0.5461]
Fine-tuning Navine AI Video:  19%|#9        | 676/3500 [02:55<06:51,  6.86it/s, loss=0.5461]
Fine-tuning Navine AI Video:  19%|#9        | 676/3500 [02:55<06:51,  6.86it/s, loss=0.4011]
Fine-tuning Navine AI Video:  19%|#9        | 677/3500 [02:56<07:41,  6.11it/s, loss=0.4011]
Fine-tuning Navine AI Video:  19%|#9        | 677/3500 [02:56<07:41,  6.11it/s, loss=0.1232]
Fine-tuning Navine AI Video:  19%|#9        | 678/3500 [02:56<08:10,  5.76it/s, loss=0.1232]
Fine-tuning Navine AI Video:  19%|#9        | 678/3500 [02:56<08:10,  5.76it/s, loss=0.5684]
Fine-tuning Navine AI Video:  19%|#9        | 679/3500 [02:56<07:26,  6.31it/s, loss=0.5684]
Fine-tuning Navine AI Video:  19%|#9        | 679/3500 [02:56<07:26,  6.31it/s, loss=0.3778]
Fine-tuning Navine AI Video:  19%|#9        | 680/3500 [02:56<08:15,  5.69it/s, loss=0.3778]
Fine-tuning Navine AI Video:  19%|#9        | 680/3500 [02:56<08:15,  5.69it/s, loss=0.1411]
Fine-tuning Navine AI Video:  19%|#9        | 681/3500 [02:56<07:16,  6.46it/s, loss=0.1411]
Fine-tuning Navine AI Video:  19%|#9        | 681/3500 [02:56<07:16,  6.46it/s, loss=0.3913]
Fine-tuning Navine AI Video:  19%|#9        | 682/3500 [02:56<06:51,  6.85it/s, loss=0.3913]
Fine-tuning Navine AI Video:  19%|#9        | 682/3500 [02:56<06:51,  6.85it/s, loss=0.3605]
Fine-tuning Navine AI Video:  20%|#9        | 683/3500 [02:56<06:17,  7.46it/s, loss=0.3605]
Fine-tuning Navine AI Video:  20%|#9        | 683/3500 [02:57<06:17,  7.46it/s, loss=0.3340]
Fine-tuning Navine AI Video:  20%|#9        | 684/3500 [02:57<06:03,  7.75it/s, loss=0.3340]
Fine-tuning Navine AI Video:  20%|#9        | 684/3500 [02:57<06:03,  7.75it/s, loss=0.5293]
Fine-tuning Navine AI Video:  20%|#9        | 685/3500 [02:57<05:53,  7.96it/s, loss=0.5293]
Fine-tuning Navine AI Video:  20%|#9        | 685/3500 [02:57<05:53,  7.96it/s, loss=0.4042]
Fine-tuning Navine AI Video:  20%|#9        | 686/3500 [02:57<05:53,  7.96it/s, loss=0.4042]
Fine-tuning Navine AI Video:  20%|#9        | 686/3500 [02:57<05:53,  7.96it/s, loss=0.3760]
Fine-tuning Navine AI Video:  20%|#9        | 687/3500 [02:57<07:04,  6.63it/s, loss=0.3760]
Fine-tuning Navine AI Video:  20%|#9        | 687/3500 [02:57<07:04,  6.63it/s, loss=0.1249]
Fine-tuning Navine AI Video:  20%|#9        | 688/3500 [02:57<06:37,  7.07it/s, loss=0.1249]
Fine-tuning Navine AI Video:  20%|#9        | 688/3500 [02:57<06:37,  7.07it/s, loss=0.2300]
Fine-tuning Navine AI Video:  20%|#9        | 689/3500 [02:58<18:27,  2.54it/s, loss=0.2300]
Fine-tuning Navine AI Video:  20%|#9        | 689/3500 [02:58<18:27,  2.54it/s, loss=0.4808]
Fine-tuning Navine AI Video:  20%|#9        | 690/3500 [02:58<14:54,  3.14it/s, loss=0.4808]
Fine-tuning Navine AI Video:  20%|#9        | 690/3500 [02:58<14:54,  3.14it/s, loss=0.3185]
Fine-tuning Navine AI Video:  20%|#9        | 691/3500 [02:58<11:53,  3.94it/s, loss=0.3185]
Fine-tuning Navine AI Video:  20%|#9        | 691/3500 [02:58<11:53,  3.94it/s, loss=0.3751]
Fine-tuning Navine AI Video:  20%|#9        | 692/3500 [02:59<10:07,  4.62it/s, loss=0.3751]
Fine-tuning Navine AI Video:  20%|#9        | 692/3500 [02:59<10:07,  4.62it/s, loss=0.5849]
Fine-tuning Navine AI Video:  20%|#9        | 693/3500 [02:59<10:41,  4.38it/s, loss=0.5849]
Fine-tuning Navine AI Video:  20%|#9        | 693/3500 [02:59<10:41,  4.38it/s, loss=0.3303]
Fine-tuning Navine AI Video:  20%|#9        | 694/3500 [02:59<10:30,  4.45it/s, loss=0.3303]
Fine-tuning Navine AI Video:  20%|#9        | 694/3500 [02:59<10:30,  4.45it/s, loss=0.1226]
Fine-tuning Navine AI Video:  20%|#9        | 695/3500 [02:59<09:03,  5.16it/s, loss=0.1226]
Fine-tuning Navine AI Video:  20%|#9        | 695/3500 [02:59<09:03,  5.16it/s, loss=0.3650]
Fine-tuning Navine AI Video:  20%|#9        | 696/3500 [02:59<08:01,  5.82it/s, loss=0.3650]
Fine-tuning Navine AI Video:  20%|#9        | 696/3500 [02:59<08:01,  5.82it/s, loss=0.3938]
Fine-tuning Navine AI Video:  20%|#9        | 697/3500 [02:59<07:41,  6.07it/s, loss=0.3938]
Fine-tuning Navine AI Video:  20%|#9        | 697/3500 [02:59<07:41,  6.07it/s, loss=0.4028]
Fine-tuning Navine AI Video:  20%|#9        | 698/3500 [03:00<06:56,  6.73it/s, loss=0.4028]
Fine-tuning Navine AI Video:  20%|#9        | 698/3500 [03:00<06:56,  6.73it/s, loss=0.5202]
Fine-tuning Navine AI Video:  20%|#9        | 699/3500 [03:00<06:58,  6.70it/s, loss=0.5202]
Fine-tuning Navine AI Video:  20%|#9        | 699/3500 [03:00<06:58,  6.70it/s, loss=0.2745]
Fine-tuning Navine AI Video:  20%|##        | 700/3500 [03:00<06:31,  7.15it/s, loss=0.2745]
Fine-tuning Navine AI Video:  20%|##        | 700/3500 [03:00<06:31,  7.15it/s, loss=0.3851]
Fine-tuning Navine AI Video:  20%|##        | 701/3500 [03:00<06:09,  7.58it/s, loss=0.3851]
Fine-tuning Navine AI Video:  20%|##        | 701/3500 [03:00<06:09,  7.58it/s, loss=0.3764]
Fine-tuning Navine AI Video:  20%|##        | 702/3500 [03:00<06:09,  7.58it/s, loss=0.3693]
Fine-tuning Navine AI Video:  20%|##        | 703/3500 [03:00<06:35,  7.07it/s, loss=0.3693]
Fine-tuning Navine AI Video:  20%|##        | 703/3500 [03:00<06:35,  7.07it/s, loss=0.1197]
Fine-tuning Navine AI Video:  20%|##        | 704/3500 [03:01<08:52,  5.25it/s, loss=0.1197]
Fine-tuning Navine AI Video:  20%|##        | 704/3500 [03:01<08:52,  5.25it/s, loss=0.3873]
Fine-tuning Navine AI Video:  20%|##        | 705/3500 [03:01<10:13,  4.56it/s, loss=0.3873]
Fine-tuning Navine AI Video:  20%|##        | 705/3500 [03:01<10:13,  4.56it/s, loss=0.3850]
Fine-tuning Navine AI Video:  20%|##        | 706/3500 [03:01<09:00,  5.17it/s, loss=0.3850]
Fine-tuning Navine AI Video:  20%|##        | 706/3500 [03:01<09:00,  5.17it/s, loss=0.3941]
Fine-tuning Navine AI Video:  20%|##        | 707/3500 [03:01<09:18,  5.01it/s, loss=0.3941]
Fine-tuning Navine AI Video:  20%|##        | 707/3500 [03:01<09:18,  5.01it/s, loss=0.1227]
Fine-tuning Navine AI Video:  20%|##        | 708/3500 [03:01<09:58,  4.67it/s, loss=0.1227]
Fine-tuning Navine AI Video:  20%|##        | 708/3500 [03:01<09:58,  4.67it/s, loss=0.1252]
Fine-tuning Navine AI Video:  20%|##        | 709/3500 [03:02<08:42,  5.35it/s, loss=0.1252]
Fine-tuning Navine AI Video:  20%|##        | 709/3500 [03:02<08:42,  5.35it/s, loss=0.5354]
Fine-tuning Navine AI Video:  20%|##        | 710/3500 [03:02<18:23,  2.53it/s, loss=0.5354]
Fine-tuning Navine AI Video:  20%|##        | 710/3500 [03:02<18:23,  2.53it/s, loss=0.4367]
Fine-tuning Navine AI Video:  20%|##        | 711/3500 [03:03<15:10,  3.06it/s, loss=0.4367]
Fine-tuning Navine AI Video:  20%|##        | 711/3500 [03:03<15:10,  3.06it/s, loss=0.2913]
Fine-tuning Navine AI Video:  20%|##        | 712/3500 [03:03<15:21,  3.03it/s, loss=0.2913]
Fine-tuning Navine AI Video:  20%|##        | 712/3500 [03:03<15:21,  3.03it/s, loss=0.4364]
Fine-tuning Navine AI Video:  20%|##        | 713/3500 [03:03<13:49,  3.36it/s, loss=0.4364]
Fine-tuning Navine AI Video:  20%|##        | 713/3500 [03:03<13:49,  3.36it/s, loss=0.1280]
Fine-tuning Navine AI Video:  20%|##        | 714/3500 [03:03<12:45,  3.64it/s, loss=0.1280]
Fine-tuning Navine AI Video:  20%|##        | 714/3500 [03:03<12:45,  3.64it/s, loss=0.4361]
Fine-tuning Navine AI Video:  20%|##        | 715/3500 [03:04<11:14,  4.13it/s, loss=0.4361]
Fine-tuning Navine AI Video:  20%|##        | 715/3500 [03:04<11:14,  4.13it/s, loss=0.2856]
Fine-tuning Navine AI Video:  20%|##        | 716/3500 [03:04<12:40,  3.66it/s, loss=0.2856]
Fine-tuning Navine AI Video:  20%|##        | 716/3500 [03:04<12:40,  3.66it/s, loss=0.3599]
Fine-tuning Navine AI Video:  20%|##        | 717/3500 [03:04<12:03,  3.84it/s, loss=0.3599]
Fine-tuning Navine AI Video:  20%|##        | 717/3500 [03:04<12:03,  3.84it/s, loss=0.3284]
Fine-tuning Navine AI Video:  21%|##        | 718/3500 [03:04<13:19,  3.48it/s, loss=0.3284]
Fine-tuning Navine AI Video:  21%|##        | 718/3500 [03:04<13:19,  3.48it/s, loss=0.3892]
Fine-tuning Navine AI Video:  21%|##        | 719/3500 [03:05<11:23,  4.07it/s, loss=0.3892]
Fine-tuning Navine AI Video:  21%|##        | 719/3500 [03:05<11:23,  4.07it/s, loss=0.5152]
Fine-tuning Navine AI Video:  21%|##        | 720/3500 [03:05<09:40,  4.79it/s, loss=0.5152]
Fine-tuning Navine AI Video:  21%|##        | 720/3500 [03:05<09:40,  4.79it/s, loss=0.4054]
Fine-tuning Navine AI Video:  21%|##        | 721/3500 [03:05<08:28,  5.47it/s, loss=0.4054]
Fine-tuning Navine AI Video:  21%|##        | 721/3500 [03:05<08:28,  5.47it/s, loss=0.5102]
Fine-tuning Navine AI Video:  21%|##        | 722/3500 [03:05<07:38,  6.06it/s, loss=0.5102]
Fine-tuning Navine AI Video:  21%|##        | 722/3500 [03:05<07:38,  6.06it/s, loss=0.3449]
Fine-tuning Navine AI Video:  21%|##        | 723/3500 [03:05<07:14,  6.39it/s, loss=0.3449]
Fine-tuning Navine AI Video:  21%|##        | 723/3500 [03:05<07:14,  6.39it/s, loss=0.2856]
Fine-tuning Navine AI Video:  21%|##        | 724/3500 [03:05<06:45,  6.84it/s, loss=0.2856]
Fine-tuning Navine AI Video:  21%|##        | 724/3500 [03:05<06:45,  6.84it/s, loss=0.3714]
Fine-tuning Navine AI Video:  21%|##        | 725/3500 [03:05<06:20,  7.29it/s, loss=0.3714]
Fine-tuning Navine AI Video:  21%|##        | 725/3500 [03:05<06:20,  7.29it/s, loss=0.2330]
Fine-tuning Navine AI Video:  21%|##        | 726/3500 [03:05<06:01,  7.68it/s, loss=0.2330]
Fine-tuning Navine AI Video:  21%|##        | 726/3500 [03:05<06:01,  7.68it/s, loss=0.4957]
Fine-tuning Navine AI Video:  21%|##        | 727/3500 [03:06<06:56,  6.66it/s, loss=0.4957]
Fine-tuning Navine AI Video:  21%|##        | 727/3500 [03:06<06:56,  6.66it/s, loss=0.1232]
Fine-tuning Navine AI Video:  21%|##        | 728/3500 [03:06<06:33,  7.04it/s, loss=0.1232]
Fine-tuning Navine AI Video:  21%|##        | 728/3500 [03:06<06:33,  7.04it/s, loss=0.3832]
Fine-tuning Navine AI Video:  21%|##        | 729/3500 [03:06<07:36,  6.07it/s, loss=0.3832]
Fine-tuning Navine AI Video:  21%|##        | 729/3500 [03:06<07:36,  6.07it/s, loss=0.1236]
Fine-tuning Navine AI Video:  21%|##        | 730/3500 [03:06<07:07,  6.48it/s, loss=0.1236]
Fine-tuning Navine AI Video:  21%|##        | 730/3500 [03:06<07:07,  6.48it/s, loss=0.4093]
Fine-tuning Navine AI Video:  21%|##        | 731/3500 [03:06<06:53,  6.70it/s, loss=0.4093]
Fine-tuning Navine AI Video:  21%|##        | 731/3500 [03:06<06:53,  6.70it/s, loss=0.3936]
Fine-tuning Navine AI Video:  21%|##        | 732/3500 [03:07<07:52,  5.86it/s, loss=0.3936]
Fine-tuning Navine AI Video:  21%|##        | 732/3500 [03:07<07:52,  5.86it/s, loss=0.3064]
Fine-tuning Navine AI Video:  21%|##        | 733/3500 [03:08<23:41,  1.95it/s, loss=0.3064]
Fine-tuning Navine AI Video:  21%|##        | 733/3500 [03:08<23:41,  1.95it/s, loss=0.3657]
Fine-tuning Navine AI Video:  21%|##        | 734/3500 [03:08<18:02,  2.55it/s, loss=0.3657]
Fine-tuning Navine AI Video:  21%|##        | 734/3500 [03:08<18:02,  2.55it/s, loss=0.3782]
Fine-tuning Navine AI Video:  21%|##1       | 735/3500 [03:09<20:35,  2.24it/s, loss=0.3782]
Fine-tuning Navine AI Video:  21%|##1       | 735/3500 [03:09<20:35,  2.24it/s, loss=0.4020]
Fine-tuning Navine AI Video:  21%|##1       | 736/3500 [03:09<15:55,  2.89it/s, loss=0.4020]
Fine-tuning Navine AI Video:  21%|##1       | 736/3500 [03:09<15:55,  2.89it/s, loss=0.3809]
Fine-tuning Navine AI Video:  21%|##1       | 737/3500 [03:09<12:32,  3.67it/s, loss=0.3809]
Fine-tuning Navine AI Video:  21%|##1       | 737/3500 [03:09<12:32,  3.67it/s, loss=0.3782]
Fine-tuning Navine AI Video:  21%|##1       | 738/3500 [03:09<10:28,  4.40it/s, loss=0.3782]
Fine-tuning Navine AI Video:  21%|##1       | 738/3500 [03:09<10:28,  4.40it/s, loss=0.3015]
Fine-tuning Navine AI Video:  21%|##1       | 739/3500 [03:09<10:56,  4.20it/s, loss=0.3015]
Fine-tuning Navine AI Video:  21%|##1       | 739/3500 [03:09<10:56,  4.20it/s, loss=0.3684]
Fine-tuning Navine AI Video:  21%|##1       | 740/3500 [03:09<09:43,  4.73it/s, loss=0.3684]
Fine-tuning Navine AI Video:  21%|##1       | 740/3500 [03:09<09:43,  4.73it/s, loss=0.3025]
Fine-tuning Navine AI Video:  21%|##1       | 741/3500 [03:09<09:35,  4.79it/s, loss=0.3025]
Fine-tuning Navine AI Video:  21%|##1       | 741/3500 [03:09<09:35,  4.79it/s, loss=0.1232]
Fine-tuning Navine AI Video:  21%|##1       | 742/3500 [03:10<09:48,  4.68it/s, loss=0.1232]
Fine-tuning Navine AI Video:  21%|##1       | 742/3500 [03:10<09:48,  4.68it/s, loss=0.4214]
Fine-tuning Navine AI Video:  21%|##1       | 743/3500 [03:10<08:37,  5.33it/s, loss=0.4214]
Fine-tuning Navine AI Video:  21%|##1       | 743/3500 [03:10<08:37,  5.33it/s, loss=0.3079]
Fine-tuning Navine AI Video:  21%|##1       | 744/3500 [03:10<08:28,  5.42it/s, loss=0.3079]
Fine-tuning Navine AI Video:  21%|##1       | 744/3500 [03:10<08:28,  5.42it/s, loss=0.2974]
Fine-tuning Navine AI Video:  21%|##1       | 745/3500 [03:10<09:47,  4.69it/s, loss=0.2974]
Fine-tuning Navine AI Video:  21%|##1       | 745/3500 [03:10<09:47,  4.69it/s, loss=0.3286]
Fine-tuning Navine AI Video:  21%|##1       | 746/3500 [03:11<12:40,  3.62it/s, loss=0.3286]
Fine-tuning Navine AI Video:  21%|##1       | 746/3500 [03:11<12:40,  3.62it/s, loss=0.3516]
Fine-tuning Navine AI Video:  21%|##1       | 747/3500 [03:11<10:19,  4.45it/s, loss=0.3516]
Fine-tuning Navine AI Video:  21%|##1       | 747/3500 [03:11<10:19,  4.45it/s, loss=0.4025]
Fine-tuning Navine AI Video:  21%|##1       | 748/3500 [03:11<10:32,  4.35it/s, loss=0.4025]
Fine-tuning Navine AI Video:  21%|##1       | 748/3500 [03:11<10:32,  4.35it/s, loss=0.4391]
Fine-tuning Navine AI Video:  21%|##1       | 749/3500 [03:11<09:57,  4.60it/s, loss=0.4391]
Fine-tuning Navine AI Video:  21%|##1       | 749/3500 [03:11<09:57,  4.60it/s, loss=0.3245]
Fine-tuning Navine AI Video:  21%|##1       | 750/3500 [03:11<08:57,  5.12it/s, loss=0.3245]
Fine-tuning Navine AI Video:  21%|##1       | 750/3500 [03:11<08:57,  5.12it/s, loss=0.3763]
Fine-tuning Navine AI Video:  21%|##1       | 751/3500 [03:12<08:06,  5.65it/s, loss=0.3763]
Fine-tuning Navine AI Video:  21%|##1       | 751/3500 [03:12<08:06,  5.65it/s, loss=0.2997]
Fine-tuning Navine AI Video:  21%|##1       | 752/3500 [03:12<07:24,  6.18it/s, loss=0.2997]
Fine-tuning Navine AI Video:  21%|##1       | 752/3500 [03:12<07:24,  6.18it/s, loss=0.5918]
Fine-tuning Navine AI Video:  22%|##1       | 753/3500 [03:12<08:43,  5.24it/s, loss=0.5918]
Fine-tuning Navine AI Video:  22%|##1       | 753/3500 [03:12<08:43,  5.24it/s, loss=0.3944]
Fine-tuning Navine AI Video:  22%|##1       | 754/3500 [03:12<07:51,  5.83it/s, loss=0.3944]
Fine-tuning Navine AI Video:  22%|##1       | 754/3500 [03:12<07:51,  5.83it/s, loss=0.2929]
Fine-tuning Navine AI Video:  22%|##1       | 755/3500 [03:12<07:51,  5.83it/s, loss=0.3688]
Fine-tuning Navine AI Video:  22%|##1       | 756/3500 [03:13<13:30,  3.38it/s, loss=0.3688]
Fine-tuning Navine AI Video:  22%|##1       | 756/3500 [03:13<13:30,  3.38it/s, loss=0.3944]
Fine-tuning Navine AI Video:  22%|##1       | 757/3500 [03:13<12:54,  3.54it/s, loss=0.3944]
Fine-tuning Navine AI Video:  22%|##1       | 757/3500 [03:13<12:54,  3.54it/s, loss=0.3540]
Fine-tuning Navine AI Video:  22%|##1       | 758/3500 [03:13<11:15,  4.06it/s, loss=0.3540]
Fine-tuning Navine AI Video:  22%|##1       | 758/3500 [03:13<11:15,  4.06it/s, loss=0.2301]
Fine-tuning Navine AI Video:  22%|##1       | 759/3500 [03:14<22:23,  2.04it/s, loss=0.2301]
Fine-tuning Navine AI Video:  22%|##1       | 759/3500 [03:14<22:23,  2.04it/s, loss=0.4556]
Fine-tuning Navine AI Video:  22%|##1       | 760/3500 [03:15<17:56,  2.55it/s, loss=0.4556]
Fine-tuning Navine AI Video:  22%|##1       | 760/3500 [03:15<17:56,  2.55it/s, loss=0.3373]
Fine-tuning Navine AI Video:  22%|##1       | 761/3500 [03:15<14:26,  3.16it/s, loss=0.3373]
Fine-tuning Navine AI Video:  22%|##1       | 761/3500 [03:15<14:26,  3.16it/s, loss=0.2961]
Fine-tuning Navine AI Video:  22%|##1       | 762/3500 [03:16<21:26,  2.13it/s, loss=0.2961]
Fine-tuning Navine AI Video:  22%|##1       | 762/3500 [03:16<21:26,  2.13it/s, loss=0.4473]
Fine-tuning Navine AI Video:  22%|##1       | 763/3500 [03:16<16:45,  2.72it/s, loss=0.4473]
Fine-tuning Navine AI Video:  22%|##1       | 763/3500 [03:16<16:45,  2.72it/s, loss=0.3706]
Fine-tuning Navine AI Video:  22%|##1       | 764/3500 [03:16<15:36,  2.92it/s, loss=0.3706]
Fine-tuning Navine AI Video:  22%|##1       | 764/3500 [03:16<15:36,  2.92it/s, loss=0.3738]
Fine-tuning Navine AI Video:  22%|##1       | 765/3500 [03:16<14:41,  3.10it/s, loss=0.3738]
Fine-tuning Navine AI Video:  22%|##1       | 765/3500 [03:16<14:41,  3.10it/s, loss=0.1184]
Fine-tuning Navine AI Video:  22%|##1       | 766/3500 [03:16<11:53,  3.83it/s, loss=0.1184]
Fine-tuning Navine AI Video:  22%|##1       | 766/3500 [03:16<11:53,  3.83it/s, loss=0.3643]
Fine-tuning Navine AI Video:  22%|##1       | 767/3500 [03:16<10:15,  4.44it/s, loss=0.3643]
Fine-tuning Navine AI Video:  22%|##1       | 767/3500 [03:16<10:15,  4.44it/s, loss=0.3504]
Fine-tuning Navine AI Video:  22%|##1       | 768/3500 [03:17<08:55,  5.10it/s, loss=0.3504]
Fine-tuning Navine AI Video:  22%|##1       | 768/3500 [03:17<08:55,  5.10it/s, loss=0.2737]
Fine-tuning Navine AI Video:  22%|##1       | 769/3500 [03:17<09:27,  4.81it/s, loss=0.2737]
Fine-tuning Navine AI Video:  22%|##1       | 769/3500 [03:17<09:27,  4.81it/s, loss=0.3312]
Fine-tuning Navine AI Video:  22%|##2       | 770/3500 [03:18<20:42,  2.20it/s, loss=0.3312]
Fine-tuning Navine AI Video:  22%|##2       | 770/3500 [03:18<20:42,  2.20it/s, loss=0.4427]
Fine-tuning Navine AI Video:  22%|##2       | 771/3500 [03:18<15:57,  2.85it/s, loss=0.4427]
Fine-tuning Navine AI Video:  22%|##2       | 771/3500 [03:18<15:57,  2.85it/s, loss=0.3673]
Fine-tuning Navine AI Video:  22%|##2       | 772/3500 [03:18<13:20,  3.41it/s, loss=0.3673]
Fine-tuning Navine AI Video:  22%|##2       | 772/3500 [03:18<13:20,  3.41it/s, loss=0.5276]
Fine-tuning Navine AI Video:  22%|##2       | 773/3500 [03:18<13:47,  3.29it/s, loss=0.5276]
Fine-tuning Navine AI Video:  22%|##2       | 773/3500 [03:18<13:47,  3.29it/s, loss=0.3995]
Fine-tuning Navine AI Video:  22%|##2       | 774/3500 [03:19<12:38,  3.59it/s, loss=0.3995]
Fine-tuning Navine AI Video:  22%|##2       | 774/3500 [03:19<12:38,  3.59it/s, loss=0.3152]
Fine-tuning Navine AI Video:  22%|##2       | 775/3500 [03:19<13:00,  3.49it/s, loss=0.3152]
Fine-tuning Navine AI Video:  22%|##2       | 775/3500 [03:19<13:00,  3.49it/s, loss=0.3734]
Fine-tuning Navine AI Video:  22%|##2       | 776/3500 [03:19<10:52,  4.18it/s, loss=0.3734]
Fine-tuning Navine AI Video:  22%|##2       | 776/3500 [03:19<10:52,  4.18it/s, loss=0.5484]
Fine-tuning Navine AI Video:  22%|##2       | 777/3500 [03:19<09:13,  4.92it/s, loss=0.5484]
Fine-tuning Navine AI Video:  22%|##2       | 777/3500 [03:19<09:13,  4.92it/s, loss=0.3724]
Fine-tuning Navine AI Video:  22%|##2       | 778/3500 [03:19<09:42,  4.67it/s, loss=0.3724]
Fine-tuning Navine AI Video:  22%|##2       | 778/3500 [03:19<09:42,  4.67it/s, loss=0.1180]
Fine-tuning Navine AI Video:  22%|##2       | 779/3500 [03:20<08:31,  5.32it/s, loss=0.1180]
Fine-tuning Navine AI Video:  22%|##2       | 779/3500 [03:20<08:31,  5.32it/s, loss=0.3133]
Fine-tuning Navine AI Video:  22%|##2       | 780/3500 [03:20<08:23,  5.40it/s, loss=0.3133]
Fine-tuning Navine AI Video:  22%|##2       | 780/3500 [03:20<08:23,  5.40it/s, loss=0.3316]
Fine-tuning Navine AI Video:  22%|##2       | 781/3500 [03:20<07:39,  5.92it/s, loss=0.3316]
Fine-tuning Navine AI Video:  22%|##2       | 781/3500 [03:20<07:39,  5.92it/s, loss=0.5519]
Fine-tuning Navine AI Video:  22%|##2       | 782/3500 [03:21<21:05,  2.15it/s, loss=0.5519]
Fine-tuning Navine AI Video:  22%|##2       | 782/3500 [03:21<21:05,  2.15it/s, loss=0.4358]
Fine-tuning Navine AI Video:  22%|##2       | 783/3500 [03:21<16:31,  2.74it/s, loss=0.4358]
Fine-tuning Navine AI Video:  22%|##2       | 783/3500 [03:21<16:31,  2.74it/s, loss=0.3399]
Fine-tuning Navine AI Video:  22%|##2       | 784/3500 [03:21<13:35,  3.33it/s, loss=0.3399]
Fine-tuning Navine AI Video:  22%|##2       | 784/3500 [03:21<13:35,  3.33it/s, loss=0.3323]
Fine-tuning Navine AI Video:  22%|##2       | 785/3500 [03:21<11:06,  4.07it/s, loss=0.3323]
Fine-tuning Navine AI Video:  22%|##2       | 785/3500 [03:21<11:06,  4.07it/s, loss=0.3641]
Fine-tuning Navine AI Video:  22%|##2       | 786/3500 [03:22<10:53,  4.15it/s, loss=0.3641]
Fine-tuning Navine AI Video:  22%|##2       | 786/3500 [03:22<10:53,  4.15it/s, loss=0.3318]
Fine-tuning Navine AI Video:  22%|##2       | 787/3500 [03:22<09:42,  4.66it/s, loss=0.3318]
Fine-tuning Navine AI Video:  22%|##2       | 787/3500 [03:22<09:42,  4.66it/s, loss=0.2849]
Fine-tuning Navine AI Video:  23%|##2       | 788/3500 [03:22<08:13,  5.49it/s, loss=0.2849]
Fine-tuning Navine AI Video:  23%|##2       | 788/3500 [03:22<08:13,  5.49it/s, loss=0.3461]
Fine-tuning Navine AI Video:  23%|##2       | 789/3500 [03:22<08:41,  5.20it/s, loss=0.3461]
Fine-tuning Navine AI Video:  23%|##2       | 789/3500 [03:22<08:41,  5.20it/s, loss=0.3652]
Fine-tuning Navine AI Video:  23%|##2       | 790/3500 [03:22<07:45,  5.82it/s, loss=0.3652]
Fine-tuning Navine AI Video:  23%|##2       | 790/3500 [03:22<07:45,  5.82it/s, loss=0.3297]
Fine-tuning Navine AI Video:  23%|##2       | 791/3500 [03:22<06:55,  6.51it/s, loss=0.3297]
Fine-tuning Navine AI Video:  23%|##2       | 791/3500 [03:22<06:55,  6.51it/s, loss=0.3903]
Fine-tuning Navine AI Video:  23%|##2       | 792/3500 [03:23<08:03,  5.60it/s, loss=0.3903]
Fine-tuning Navine AI Video:  23%|##2       | 792/3500 [03:23<08:03,  5.60it/s, loss=0.1215]
Fine-tuning Navine AI Video:  23%|##2       | 793/3500 [03:23<07:26,  6.07it/s, loss=0.1215]
Fine-tuning Navine AI Video:  23%|##2       | 793/3500 [03:23<07:26,  6.07it/s, loss=0.3252]
Fine-tuning Navine AI Video:  23%|##2       | 794/3500 [03:23<06:41,  6.74it/s, loss=0.3252]
Fine-tuning Navine AI Video:  23%|##2       | 794/3500 [03:23<06:41,  6.74it/s, loss=0.3332]
Fine-tuning Navine AI Video:  23%|##2       | 795/3500 [03:23<06:55,  6.51it/s, loss=0.3332]
Fine-tuning Navine AI Video:  23%|##2       | 795/3500 [03:23<06:55,  6.51it/s, loss=0.5432]
Fine-tuning Navine AI Video:  23%|##2       | 796/3500 [03:23<06:13,  7.24it/s, loss=0.5432]
Fine-tuning Navine AI Video:  23%|##2       | 796/3500 [03:23<06:13,  7.24it/s, loss=0.3475]
Fine-tuning Navine AI Video:  23%|##2       | 797/3500 [03:23<06:19,  7.12it/s, loss=0.3475]
Fine-tuning Navine AI Video:  23%|##2       | 797/3500 [03:23<06:19,  7.12it/s, loss=0.4575]
Fine-tuning Navine AI Video:  23%|##2       | 798/3500 [03:23<05:59,  7.51it/s, loss=0.4575]
Fine-tuning Navine AI Video:  23%|##2       | 798/3500 [03:23<05:59,  7.51it/s, loss=0.3748]
Fine-tuning Navine AI Video:  23%|##2       | 799/3500 [03:24<08:46,  5.13it/s, loss=0.3748]
Fine-tuning Navine AI Video:  23%|##2       | 799/3500 [03:24<08:46,  5.13it/s, loss=0.3445]
Fine-tuning Navine AI Video:  23%|##2       | 800/3500 [03:24<08:36,  5.23it/s, loss=0.3445]
Fine-tuning Navine AI Video:  23%|##2       | 800/3500 [03:24<08:36,  5.23it/s, loss=0.6370]
Fine-tuning Navine AI Video:  23%|##2       | 801/3500 [03:24<08:38,  5.21it/s, loss=0.6370]
Fine-tuning Navine AI Video:  23%|##2       | 801/3500 [03:24<08:38,  5.21it/s, loss=0.3424]
Fine-tuning Navine AI Video:  23%|##2       | 802/3500 [03:24<09:25,  4.77it/s, loss=0.3424]
Fine-tuning Navine AI Video:  23%|##2       | 802/3500 [03:24<09:25,  4.77it/s, loss=0.4199]
Fine-tuning Navine AI Video:  23%|##2       | 803/3500 [03:25<20:50,  2.16it/s, loss=0.4199]
Fine-tuning Navine AI Video:  23%|##2       | 803/3500 [03:25<20:50,  2.16it/s, loss=0.4092]
Fine-tuning Navine AI Video:  23%|##2       | 804/3500 [03:26<16:26,  2.73it/s, loss=0.4092]
Fine-tuning Navine AI Video:  23%|##2       | 804/3500 [03:26<16:26,  2.73it/s, loss=0.3387]
Fine-tuning Navine AI Video:  23%|##3       | 805/3500 [03:26<14:57,  3.00it/s, loss=0.3387]
Fine-tuning Navine AI Video:  23%|##3       | 805/3500 [03:26<14:57,  3.00it/s, loss=0.3315]
Fine-tuning Navine AI Video:  23%|##3       | 806/3500 [03:26<14:15,  3.15it/s, loss=0.3315]
Fine-tuning Navine AI Video:  23%|##3       | 806/3500 [03:26<14:15,  3.15it/s, loss=0.1179]
Fine-tuning Navine AI Video:  23%|##3       | 807/3500 [03:27<20:44,  2.16it/s, loss=0.1179]
Fine-tuning Navine AI Video:  23%|##3       | 807/3500 [03:27<20:44,  2.16it/s, loss=0.4327]
Fine-tuning Navine AI Video:  23%|##3       | 808/3500 [03:27<18:48,  2.39it/s, loss=0.4327]
Fine-tuning Navine AI Video:  23%|##3       | 808/3500 [03:27<18:48,  2.39it/s, loss=0.4032]
Fine-tuning Navine AI Video:  23%|##3       | 809/3500 [03:27<14:45,  3.04it/s, loss=0.4032]
Fine-tuning Navine AI Video:  23%|##3       | 809/3500 [03:27<14:45,  3.04it/s, loss=0.3754]
Fine-tuning Navine AI Video:  23%|##3       | 810/3500 [03:28<13:11,  3.40it/s, loss=0.3754]
Fine-tuning Navine AI Video:  23%|##3       | 810/3500 [03:28<13:11,  3.40it/s, loss=0.1180]
Fine-tuning Navine AI Video:  23%|##3       | 811/3500 [03:28<10:56,  4.10it/s, loss=0.1180]
Fine-tuning Navine AI Video:  23%|##3       | 811/3500 [03:28<10:56,  4.10it/s, loss=0.2410]
Fine-tuning Navine AI Video:  23%|##3       | 812/3500 [03:28<11:12,  3.99it/s, loss=0.2410]
Fine-tuning Navine AI Video:  23%|##3       | 812/3500 [03:28<11:12,  3.99it/s, loss=0.3303]
Fine-tuning Navine AI Video:  23%|##3       | 813/3500 [03:28<10:30,  4.26it/s, loss=0.3303]
Fine-tuning Navine AI Video:  23%|##3       | 813/3500 [03:28<10:30,  4.26it/s, loss=0.3941]
Fine-tuning Navine AI Video:  23%|##3       | 814/3500 [03:28<08:53,  5.03it/s, loss=0.3941]
Fine-tuning Navine AI Video:  23%|##3       | 814/3500 [03:28<08:53,  5.03it/s, loss=0.2689]
Fine-tuning Navine AI Video:  23%|##3       | 815/3500 [03:28<07:51,  5.69it/s, loss=0.2689]
Fine-tuning Navine AI Video:  23%|##3       | 815/3500 [03:28<07:51,  5.69it/s, loss=0.3622]
Fine-tuning Navine AI Video:  23%|##3       | 816/3500 [03:29<07:51,  5.69it/s, loss=0.4148]
Fine-tuning Navine AI Video:  23%|##3       | 817/3500 [03:29<06:14,  7.16it/s, loss=0.4148]
Fine-tuning Navine AI Video:  23%|##3       | 817/3500 [03:29<06:14,  7.16it/s, loss=0.3427]
Fine-tuning Navine AI Video:  23%|##3       | 818/3500 [03:29<06:17,  7.10it/s, loss=0.3427]
Fine-tuning Navine AI Video:  23%|##3       | 818/3500 [03:29<06:17,  7.10it/s, loss=0.2657]
Fine-tuning Navine AI Video:  23%|##3       | 819/3500 [03:29<06:15,  7.14it/s, loss=0.2657]
Fine-tuning Navine AI Video:  23%|##3       | 819/3500 [03:29<06:15,  7.14it/s, loss=0.3291]
Fine-tuning Navine AI Video:  23%|##3       | 820/3500 [03:29<07:56,  5.62it/s, loss=0.3291]
Fine-tuning Navine AI Video:  23%|##3       | 820/3500 [03:29<07:56,  5.62it/s, loss=0.3032]
Fine-tuning Navine AI Video:  23%|##3       | 821/3500 [03:29<07:12,  6.19it/s, loss=0.3032]
Fine-tuning Navine AI Video:  23%|##3       | 821/3500 [03:29<07:12,  6.19it/s, loss=0.3807]
Fine-tuning Navine AI Video:  23%|##3       | 822/3500 [03:29<06:30,  6.85it/s, loss=0.3807]
Fine-tuning Navine AI Video:  23%|##3       | 822/3500 [03:29<06:30,  6.85it/s, loss=0.3387]
Fine-tuning Navine AI Video:  24%|##3       | 823/3500 [03:30<07:00,  6.37it/s, loss=0.3387]
Fine-tuning Navine AI Video:  24%|##3       | 823/3500 [03:30<07:00,  6.37it/s, loss=0.4901]
Fine-tuning Navine AI Video:  24%|##3       | 824/3500 [03:30<08:39,  5.15it/s, loss=0.4901]
Fine-tuning Navine AI Video:  24%|##3       | 824/3500 [03:30<08:39,  5.15it/s, loss=0.4198]
Fine-tuning Navine AI Video:  24%|##3       | 825/3500 [03:30<07:43,  5.77it/s, loss=0.4198]
Fine-tuning Navine AI Video:  24%|##3       | 825/3500 [03:30<07:43,  5.77it/s, loss=0.3854]
Fine-tuning Navine AI Video:  24%|##3       | 826/3500 [03:30<07:01,  6.34it/s, loss=0.3854]
Fine-tuning Navine AI Video:  24%|##3       | 826/3500 [03:30<07:01,  6.34it/s, loss=0.3747]
Fine-tuning Navine AI Video:  24%|##3       | 827/3500 [03:30<06:31,  6.82it/s, loss=0.3747]
Fine-tuning Navine AI Video:  24%|##3       | 827/3500 [03:30<06:31,  6.82it/s, loss=0.3310]
Fine-tuning Navine AI Video:  24%|##3       | 828/3500 [03:30<06:34,  6.78it/s, loss=0.3310]
Fine-tuning Navine AI Video:  24%|##3       | 828/3500 [03:30<06:34,  6.78it/s, loss=0.3306]
Fine-tuning Navine AI Video:  24%|##3       | 829/3500 [03:31<06:33,  6.78it/s, loss=0.3306]
Fine-tuning Navine AI Video:  24%|##3       | 829/3500 [03:31<06:33,  6.78it/s, loss=0.3381]
Fine-tuning Navine AI Video:  24%|##3       | 830/3500 [03:31<06:22,  6.98it/s, loss=0.3381]
Fine-tuning Navine AI Video:  24%|##3       | 830/3500 [03:31<06:22,  6.98it/s, loss=0.3813]
Fine-tuning Navine AI Video:  24%|##3       | 831/3500 [03:31<06:36,  6.73it/s, loss=0.3813]
Fine-tuning Navine AI Video:  24%|##3       | 831/3500 [03:31<06:36,  6.73it/s, loss=0.3337]
Fine-tuning Navine AI Video:  24%|##3       | 832/3500 [03:31<08:24,  5.29it/s, loss=0.3337]
Fine-tuning Navine AI Video:  24%|##3       | 832/3500 [03:31<08:24,  5.29it/s, loss=0.3009]
Fine-tuning Navine AI Video:  24%|##3       | 833/3500 [03:31<09:16,  4.79it/s, loss=0.3009]
Fine-tuning Navine AI Video:  24%|##3       | 833/3500 [03:31<09:16,  4.79it/s, loss=0.1185]
Fine-tuning Navine AI Video:  24%|##3       | 834/3500 [03:31<08:06,  5.48it/s, loss=0.1185]
Fine-tuning Navine AI Video:  24%|##3       | 834/3500 [03:31<08:06,  5.48it/s, loss=0.3729]
Fine-tuning Navine AI Video:  24%|##3       | 835/3500 [03:32<08:58,  4.95it/s, loss=0.3729]
Fine-tuning Navine AI Video:  24%|##3       | 835/3500 [03:32<08:58,  4.95it/s, loss=0.3137]
Fine-tuning Navine AI Video:  24%|##3       | 836/3500 [03:32<07:50,  5.66it/s, loss=0.3137]
Fine-tuning Navine AI Video:  24%|##3       | 836/3500 [03:32<07:50,  5.66it/s, loss=0.3610]
Fine-tuning Navine AI Video:  24%|##3       | 837/3500 [03:32<06:49,  6.50it/s, loss=0.3610]
Fine-tuning Navine AI Video:  24%|##3       | 837/3500 [03:32<06:49,  6.50it/s, loss=0.3726]
Fine-tuning Navine AI Video:  24%|##3       | 838/3500 [03:32<06:21,  6.99it/s, loss=0.3726]
Fine-tuning Navine AI Video:  24%|##3       | 838/3500 [03:32<06:21,  6.99it/s, loss=0.3803]
Fine-tuning Navine AI Video:  24%|##3       | 839/3500 [03:32<07:15,  6.11it/s, loss=0.3803]
Fine-tuning Navine AI Video:  24%|##3       | 839/3500 [03:32<07:15,  6.11it/s, loss=0.3380]
Fine-tuning Navine AI Video:  24%|##4       | 840/3500 [03:32<06:47,  6.52it/s, loss=0.3380]
Fine-tuning Navine AI Video:  24%|##4       | 840/3500 [03:32<06:47,  6.52it/s, loss=0.2957]
Fine-tuning Navine AI Video:  24%|##4       | 841/3500 [03:32<06:47,  6.52it/s, loss=0.3669]
Fine-tuning Navine AI Video:  24%|##4       | 842/3500 [03:33<05:52,  7.54it/s, loss=0.3669]
Fine-tuning Navine AI Video:  24%|##4       | 842/3500 [03:33<05:52,  7.54it/s, loss=0.5137]
Fine-tuning Navine AI Video:  24%|##4       | 843/3500 [03:33<07:00,  6.32it/s, loss=0.5137]
Fine-tuning Navine AI Video:  24%|##4       | 843/3500 [03:33<07:00,  6.32it/s, loss=0.2977]
Fine-tuning Navine AI Video:  24%|##4       | 844/3500 [03:33<08:42,  5.08it/s, loss=0.2977]
Fine-tuning Navine AI Video:  24%|##4       | 844/3500 [03:33<08:42,  5.08it/s, loss=0.3945]
Fine-tuning Navine AI Video:  24%|##4       | 845/3500 [03:33<08:44,  5.07it/s, loss=0.3945]
Fine-tuning Navine AI Video:  24%|##4       | 845/3500 [03:33<08:44,  5.07it/s, loss=0.5547]
Fine-tuning Navine AI Video:  24%|##4       | 846/3500 [03:33<08:05,  5.47it/s, loss=0.5547]
Fine-tuning Navine AI Video:  24%|##4       | 846/3500 [03:33<08:05,  5.47it/s, loss=0.1929]
Fine-tuning Navine AI Video:  24%|##4       | 847/3500 [03:34<07:38,  5.79it/s, loss=0.1929]
Fine-tuning Navine AI Video:  24%|##4       | 847/3500 [03:34<07:38,  5.79it/s, loss=0.3545]
Fine-tuning Navine AI Video:  24%|##4       | 848/3500 [03:34<08:03,  5.49it/s, loss=0.3545]
Fine-tuning Navine AI Video:  24%|##4       | 848/3500 [03:34<08:03,  5.49it/s, loss=0.5416]
Fine-tuning Navine AI Video:  24%|##4       | 849/3500 [03:34<07:22,  5.99it/s, loss=0.5416]
Fine-tuning Navine AI Video:  24%|##4       | 849/3500 [03:34<07:22,  5.99it/s, loss=0.2336]
Fine-tuning Navine AI Video:  24%|##4       | 850/3500 [03:34<06:45,  6.54it/s, loss=0.2336]
Fine-tuning Navine AI Video:  24%|##4       | 850/3500 [03:34<06:45,  6.54it/s, loss=0.3941]
Fine-tuning Navine AI Video:  24%|##4       | 851/3500 [03:34<06:27,  6.84it/s, loss=0.3941]
Fine-tuning Navine AI Video:  24%|##4       | 851/3500 [03:34<06:27,  6.84it/s, loss=0.3309]
Fine-tuning Navine AI Video:  24%|##4       | 852/3500 [03:34<06:05,  7.25it/s, loss=0.3309]
Fine-tuning Navine AI Video:  24%|##4       | 852/3500 [03:34<06:05,  7.25it/s, loss=0.3593]
Fine-tuning Navine AI Video:  24%|##4       | 853/3500 [03:34<05:50,  7.55it/s, loss=0.3593]
Fine-tuning Navine AI Video:  24%|##4       | 853/3500 [03:34<05:50,  7.55it/s, loss=0.3179]
Fine-tuning Navine AI Video:  24%|##4       | 854/3500 [03:35<05:45,  7.67it/s, loss=0.3179]
Fine-tuning Navine AI Video:  24%|##4       | 854/3500 [03:35<05:45,  7.67it/s, loss=0.3348]
Fine-tuning Navine AI Video:  24%|##4       | 855/3500 [03:35<05:44,  7.67it/s, loss=0.3748]
Fine-tuning Navine AI Video:  24%|##4       | 856/3500 [03:35<05:13,  8.44it/s, loss=0.3748]
Fine-tuning Navine AI Video:  24%|##4       | 856/3500 [03:35<05:13,  8.44it/s, loss=0.3723]
Fine-tuning Navine AI Video:  24%|##4       | 857/3500 [03:35<05:58,  7.38it/s, loss=0.3723]
Fine-tuning Navine AI Video:  24%|##4       | 857/3500 [03:35<05:58,  7.38it/s, loss=0.5303]
Fine-tuning Navine AI Video:  25%|##4       | 858/3500 [03:35<06:02,  7.28it/s, loss=0.5303]
Fine-tuning Navine AI Video:  25%|##4       | 858/3500 [03:35<06:02,  7.28it/s, loss=0.5296]
Fine-tuning Navine AI Video:  25%|##4       | 859/3500 [03:35<05:48,  7.58it/s, loss=0.5296]
Fine-tuning Navine AI Video:  25%|##4       | 859/3500 [03:35<05:48,  7.58it/s, loss=0.3476]
Fine-tuning Navine AI Video:  25%|##4       | 860/3500 [03:35<07:15,  6.06it/s, loss=0.3476]
Fine-tuning Navine AI Video:  25%|##4       | 860/3500 [03:36<07:15,  6.06it/s, loss=0.3798]
Fine-tuning Navine AI Video:  25%|##4       | 861/3500 [03:37<18:39,  2.36it/s, loss=0.3798]
Fine-tuning Navine AI Video:  25%|##4       | 861/3500 [03:37<18:39,  2.36it/s, loss=0.4789]
Fine-tuning Navine AI Video:  25%|##4       | 862/3500 [03:37<15:57,  2.76it/s, loss=0.4789]
Fine-tuning Navine AI Video:  25%|##4       | 862/3500 [03:37<15:57,  2.76it/s, loss=0.3095]
Fine-tuning Navine AI Video:  25%|##4       | 863/3500 [03:38<23:21,  1.88it/s, loss=0.3095]
Fine-tuning Navine AI Video:  25%|##4       | 863/3500 [03:38<23:21,  1.88it/s, loss=0.4307]
Fine-tuning Navine AI Video:  25%|##4       | 864/3500 [03:38<19:52,  2.21it/s, loss=0.4307]
Fine-tuning Navine AI Video:  25%|##4       | 864/3500 [03:38<19:52,  2.21it/s, loss=0.2949]
Fine-tuning Navine AI Video:  25%|##4       | 865/3500 [03:38<16:50,  2.61it/s, loss=0.2949]
Fine-tuning Navine AI Video:  25%|##4       | 865/3500 [03:38<16:50,  2.61it/s, loss=0.1474]
Fine-tuning Navine AI Video:  25%|##4       | 866/3500 [03:38<13:26,  3.26it/s, loss=0.1474]
Fine-tuning Navine AI Video:  25%|##4       | 866/3500 [03:38<13:26,  3.26it/s, loss=0.2797]
Fine-tuning Navine AI Video:  25%|##4       | 867/3500 [03:38<10:44,  4.08it/s, loss=0.2797]
Fine-tuning Navine AI Video:  25%|##4       | 867/3500 [03:38<10:44,  4.08it/s, loss=0.3673]
Fine-tuning Navine AI Video:  25%|##4       | 868/3500 [03:39<09:05,  4.83it/s, loss=0.3673]
Fine-tuning Navine AI Video:  25%|##4       | 868/3500 [03:39<09:05,  4.83it/s, loss=0.3785]
Fine-tuning Navine AI Video:  25%|##4       | 869/3500 [03:39<07:41,  5.70it/s, loss=0.3785]
Fine-tuning Navine AI Video:  25%|##4       | 869/3500 [03:39<07:41,  5.70it/s, loss=0.3839]
Fine-tuning Navine AI Video:  25%|##4       | 870/3500 [03:39<08:11,  5.35it/s, loss=0.3839]
Fine-tuning Navine AI Video:  25%|##4       | 870/3500 [03:39<08:11,  5.35it/s, loss=0.3181]
Fine-tuning Navine AI Video:  25%|##4       | 871/3500 [03:39<07:19,  5.99it/s, loss=0.3181]
Fine-tuning Navine AI Video:  25%|##4       | 871/3500 [03:39<07:19,  5.99it/s, loss=0.3663]
Fine-tuning Navine AI Video:  25%|##4       | 872/3500 [03:39<06:43,  6.52it/s, loss=0.3663]
Fine-tuning Navine AI Video:  25%|##4       | 872/3500 [03:39<06:43,  6.52it/s, loss=0.3781]
Fine-tuning Navine AI Video:  25%|##4       | 873/3500 [03:39<07:38,  5.73it/s, loss=0.3781]
Fine-tuning Navine AI Video:  25%|##4       | 873/3500 [03:39<07:38,  5.73it/s, loss=0.1179]
Fine-tuning Navine AI Video:  25%|##4       | 874/3500 [03:40<09:05,  4.81it/s, loss=0.1179]
Fine-tuning Navine AI Video:  25%|##4       | 874/3500 [03:40<09:05,  4.81it/s, loss=0.3859]
Fine-tuning Navine AI Video:  25%|##5       | 875/3500 [03:40<07:53,  5.55it/s, loss=0.3859]
Fine-tuning Navine AI Video:  25%|##5       | 875/3500 [03:40<07:53,  5.55it/s, loss=0.3825]
Fine-tuning Navine AI Video:  25%|##5       | 876/3500 [03:40<07:03,  6.20it/s, loss=0.3825]
Fine-tuning Navine AI Video:  25%|##5       | 876/3500 [03:40<07:03,  6.20it/s, loss=0.3246]
Fine-tuning Navine AI Video:  25%|##5       | 877/3500 [03:40<06:17,  6.94it/s, loss=0.3246]
Fine-tuning Navine AI Video:  25%|##5       | 877/3500 [03:40<06:17,  6.94it/s, loss=0.3914]
Fine-tuning Navine AI Video:  25%|##5       | 878/3500 [03:40<10:31,  4.15it/s, loss=0.3914]
Fine-tuning Navine AI Video:  25%|##5       | 878/3500 [03:40<10:31,  4.15it/s, loss=0.3516]
Fine-tuning Navine AI Video:  25%|##5       | 879/3500 [03:41<12:57,  3.37it/s, loss=0.3516]
Fine-tuning Navine AI Video:  25%|##5       | 879/3500 [03:41<12:57,  3.37it/s, loss=0.3998]
Fine-tuning Navine AI Video:  25%|##5       | 880/3500 [03:41<11:07,  3.93it/s, loss=0.3998]
Fine-tuning Navine AI Video:  25%|##5       | 880/3500 [03:41<11:07,  3.93it/s, loss=0.2870]
Fine-tuning Navine AI Video:  25%|##5       | 881/3500 [03:41<09:29,  4.60it/s, loss=0.2870]
Fine-tuning Navine AI Video:  25%|##5       | 881/3500 [03:41<09:29,  4.60it/s, loss=0.3568]
Fine-tuning Navine AI Video:  25%|##5       | 882/3500 [03:41<08:13,  5.30it/s, loss=0.3568]
Fine-tuning Navine AI Video:  25%|##5       | 882/3500 [03:41<08:13,  5.30it/s, loss=0.1856]
Fine-tuning Navine AI Video:  25%|##5       | 883/3500 [03:41<07:40,  5.68it/s, loss=0.1856]
Fine-tuning Navine AI Video:  25%|##5       | 883/3500 [03:41<07:40,  5.68it/s, loss=0.3148]
Fine-tuning Navine AI Video:  25%|##5       | 884/3500 [03:42<06:59,  6.23it/s, loss=0.3148]
Fine-tuning Navine AI Video:  25%|##5       | 884/3500 [03:42<06:59,  6.23it/s, loss=0.4010]
Fine-tuning Navine AI Video:  25%|##5       | 885/3500 [03:42<07:10,  6.07it/s, loss=0.4010]
Fine-tuning Navine AI Video:  25%|##5       | 885/3500 [03:42<07:10,  6.07it/s, loss=0.2970]
Fine-tuning Navine AI Video:  25%|##5       | 886/3500 [03:42<08:00,  5.44it/s, loss=0.2970]
Fine-tuning Navine AI Video:  25%|##5       | 886/3500 [03:42<08:00,  5.44it/s, loss=0.1296]
Fine-tuning Navine AI Video:  25%|##5       | 887/3500 [03:43<18:18,  2.38it/s, loss=0.1296]
Fine-tuning Navine AI Video:  25%|##5       | 887/3500 [03:43<18:18,  2.38it/s, loss=0.3940]
Fine-tuning Navine AI Video:  25%|##5       | 888/3500 [03:43<15:43,  2.77it/s, loss=0.3940]
Fine-tuning Navine AI Video:  25%|##5       | 888/3500 [03:43<15:43,  2.77it/s, loss=0.3431]
Fine-tuning Navine AI Video:  25%|##5       | 889/3500 [03:43<13:49,  3.15it/s, loss=0.3431]
Fine-tuning Navine AI Video:  25%|##5       | 889/3500 [03:43<13:49,  3.15it/s, loss=0.2895]
Fine-tuning Navine AI Video:  25%|##5       | 890/3500 [03:43<11:23,  3.82it/s, loss=0.2895]
Fine-tuning Navine AI Video:  25%|##5       | 890/3500 [03:43<11:23,  3.82it/s, loss=0.3309]
Fine-tuning Navine AI Video:  25%|##5       | 891/3500 [03:44<09:41,  4.49it/s, loss=0.3309]
Fine-tuning Navine AI Video:  25%|##5       | 891/3500 [03:44<09:41,  4.49it/s, loss=0.4071]
Fine-tuning Navine AI Video:  25%|##5       | 892/3500 [03:44<09:30,  4.58it/s, loss=0.4071]
Fine-tuning Navine AI Video:  25%|##5       | 892/3500 [03:44<09:30,  4.58it/s, loss=0.3487]
Fine-tuning Navine AI Video:  26%|##5       | 893/3500 [03:44<10:45,  4.04it/s, loss=0.3487]
Fine-tuning Navine AI Video:  26%|##5       | 893/3500 [03:44<10:45,  4.04it/s, loss=0.3886]
Fine-tuning Navine AI Video:  26%|##5       | 894/3500 [03:45<12:46,  3.40it/s, loss=0.3886]
Fine-tuning Navine AI Video:  26%|##5       | 894/3500 [03:45<12:46,  3.40it/s, loss=0.4145]
Fine-tuning Navine AI Video:  26%|##5       | 895/3500 [03:45<10:52,  3.99it/s, loss=0.4145]
Fine-tuning Navine AI Video:  26%|##5       | 895/3500 [03:45<10:52,  3.99it/s, loss=0.5192]
Fine-tuning Navine AI Video:  26%|##5       | 896/3500 [03:45<10:12,  4.25it/s, loss=0.5192]
Fine-tuning Navine AI Video:  26%|##5       | 896/3500 [03:45<10:12,  4.25it/s, loss=0.3315]
Fine-tuning Navine AI Video:  26%|##5       | 897/3500 [03:45<10:24,  4.17it/s, loss=0.3315]
Fine-tuning Navine AI Video:  26%|##5       | 897/3500 [03:45<10:24,  4.17it/s, loss=0.3006]
Fine-tuning Navine AI Video:  26%|##5       | 898/3500 [03:46<16:57,  2.56it/s, loss=0.3006]
Fine-tuning Navine AI Video:  26%|##5       | 898/3500 [03:46<16:57,  2.56it/s, loss=0.4073]
Fine-tuning Navine AI Video:  26%|##5       | 899/3500 [03:46<14:35,  2.97it/s, loss=0.4073]
Fine-tuning Navine AI Video:  26%|##5       | 899/3500 [03:46<14:35,  2.97it/s, loss=0.3493]
Fine-tuning Navine AI Video:  26%|##5       | 900/3500 [03:46<11:47,  3.67it/s, loss=0.3493]
Fine-tuning Navine AI Video:  26%|##5       | 900/3500 [03:46<11:47,  3.67it/s, loss=0.3701]
Fine-tuning Navine AI Video:  26%|##5       | 901/3500 [03:46<09:34,  4.52it/s, loss=0.3701]
Fine-tuning Navine AI Video:  26%|##5       | 901/3500 [03:46<09:34,  4.52it/s, loss=0.3551]
Fine-tuning Navine AI Video:  26%|##5       | 902/3500 [03:46<08:16,  5.24it/s, loss=0.3551]
Fine-tuning Navine AI Video:  26%|##5       | 902/3500 [03:46<08:16,  5.24it/s, loss=0.2776]
Fine-tuning Navine AI Video:  26%|##5       | 903/3500 [03:47<08:37,  5.02it/s, loss=0.2776]
Fine-tuning Navine AI Video:  26%|##5       | 903/3500 [03:47<08:37,  5.02it/s, loss=0.3022]
Fine-tuning Navine AI Video:  26%|##5       | 904/3500 [03:47<09:42,  4.46it/s, loss=0.3022]
Fine-tuning Navine AI Video:  26%|##5       | 904/3500 [03:47<09:42,  4.46it/s, loss=0.3747]
Fine-tuning Navine AI Video:  26%|##5       | 905/3500 [03:47<11:45,  3.68it/s, loss=0.3747]
Fine-tuning Navine AI Video:  26%|##5       | 905/3500 [03:47<11:45,  3.68it/s, loss=0.3882]
Fine-tuning Navine AI Video:  26%|##5       | 906/3500 [03:47<09:32,  4.53it/s, loss=0.3882]
Fine-tuning Navine AI Video:  26%|##5       | 906/3500 [03:47<09:32,  4.53it/s, loss=0.3727]
Fine-tuning Navine AI Video:  26%|##5       | 907/3500 [03:48<09:45,  4.43it/s, loss=0.3727]
Fine-tuning Navine AI Video:  26%|##5       | 907/3500 [03:48<09:45,  4.43it/s, loss=0.3141]
Fine-tuning Navine AI Video:  26%|##5       | 908/3500 [03:48<08:28,  5.10it/s, loss=0.3141]
Fine-tuning Navine AI Video:  26%|##5       | 908/3500 [03:48<08:28,  5.10it/s, loss=0.3190]
Fine-tuning Navine AI Video:  26%|##5       | 909/3500 [03:48<08:28,  5.10it/s, loss=0.3300]
Fine-tuning Navine AI Video:  26%|##6       | 910/3500 [03:48<06:47,  6.36it/s, loss=0.3300]
Fine-tuning Navine AI Video:  26%|##6       | 910/3500 [03:48<06:47,  6.36it/s, loss=0.2280]
Fine-tuning Navine AI Video:  26%|##6       | 911/3500 [03:48<06:23,  6.75it/s, loss=0.2280]
Fine-tuning Navine AI Video:  26%|##6       | 911/3500 [03:48<06:23,  6.75it/s, loss=0.2892]
Fine-tuning Navine AI Video:  26%|##6       | 912/3500 [03:48<06:23,  6.75it/s, loss=0.3864]
Fine-tuning Navine AI Video:  26%|##6       | 913/3500 [03:49<09:52,  4.36it/s, loss=0.3864]
Fine-tuning Navine AI Video:  26%|##6       | 913/3500 [03:49<09:52,  4.36it/s, loss=0.3985]
Fine-tuning Navine AI Video:  26%|##6       | 914/3500 [03:49<11:07,  3.87it/s, loss=0.3985]
Fine-tuning Navine AI Video:  26%|##6       | 914/3500 [03:49<11:07,  3.87it/s, loss=0.3968]
Fine-tuning Navine AI Video:  26%|##6       | 915/3500 [03:49<10:36,  4.06it/s, loss=0.3968]
Fine-tuning Navine AI Video:  26%|##6       | 915/3500 [03:49<10:36,  4.06it/s, loss=0.3874]
Fine-tuning Navine AI Video:  26%|##6       | 916/3500 [03:50<09:26,  4.56it/s, loss=0.3874]
Fine-tuning Navine AI Video:  26%|##6       | 916/3500 [03:50<09:26,  4.56it/s, loss=0.3542]
Fine-tuning Navine AI Video:  26%|##6       | 917/3500 [03:50<10:06,  4.26it/s, loss=0.3542]
Fine-tuning Navine AI Video:  26%|##6       | 917/3500 [03:50<10:06,  4.26it/s, loss=0.3934]
Fine-tuning Navine AI Video:  26%|##6       | 918/3500 [03:50<10:40,  4.03it/s, loss=0.3934]
Fine-tuning Navine AI Video:  26%|##6       | 918/3500 [03:50<10:40,  4.03it/s, loss=0.1230]
Fine-tuning Navine AI Video:  26%|##6       | 919/3500 [03:50<09:03,  4.75it/s, loss=0.1230]
Fine-tuning Navine AI Video:  26%|##6       | 919/3500 [03:50<09:03,  4.75it/s, loss=0.3696]
Fine-tuning Navine AI Video:  26%|##6       | 920/3500 [03:51<10:30,  4.09it/s, loss=0.3696]
Fine-tuning Navine AI Video:  26%|##6       | 920/3500 [03:51<10:30,  4.09it/s, loss=0.3929]
Fine-tuning Navine AI Video:  26%|##6       | 921/3500 [03:51<09:12,  4.67it/s, loss=0.3929]
Fine-tuning Navine AI Video:  26%|##6       | 921/3500 [03:51<09:12,  4.67it/s, loss=0.5285]
Fine-tuning Navine AI Video:  26%|##6       | 922/3500 [03:51<09:12,  4.67it/s, loss=0.3844]
Fine-tuning Navine AI Video:  26%|##6       | 923/3500 [03:51<08:06,  5.30it/s, loss=0.3844]
Fine-tuning Navine AI Video:  26%|##6       | 923/3500 [03:51<08:06,  5.30it/s, loss=0.4115]
Fine-tuning Navine AI Video:  26%|##6       | 924/3500 [03:51<08:40,  4.94it/s, loss=0.4115]
Fine-tuning Navine AI Video:  26%|##6       | 924/3500 [03:51<08:40,  4.94it/s, loss=0.3310]
Fine-tuning Navine AI Video:  26%|##6       | 925/3500 [03:52<18:45,  2.29it/s, loss=0.3310]
Fine-tuning Navine AI Video:  26%|##6       | 925/3500 [03:52<18:45,  2.29it/s, loss=0.4245]
Fine-tuning Navine AI Video:  26%|##6       | 926/3500 [03:53<18:23,  2.33it/s, loss=0.4245]
Fine-tuning Navine AI Video:  26%|##6       | 926/3500 [03:53<18:23,  2.33it/s, loss=0.3498]
Fine-tuning Navine AI Video:  26%|##6       | 927/3500 [03:53<14:29,  2.96it/s, loss=0.3498]
Fine-tuning Navine AI Video:  26%|##6       | 927/3500 [03:53<14:29,  2.96it/s, loss=0.3872]
Fine-tuning Navine AI Video:  27%|##6       | 928/3500 [03:53<13:15,  3.23it/s, loss=0.3872]
Fine-tuning Navine AI Video:  27%|##6       | 928/3500 [03:53<13:15,  3.23it/s, loss=0.3656]
Fine-tuning Navine AI Video:  27%|##6       | 929/3500 [03:53<11:48,  3.63it/s, loss=0.3656]
Fine-tuning Navine AI Video:  27%|##6       | 929/3500 [03:53<11:48,  3.63it/s, loss=0.3172]
Fine-tuning Navine AI Video:  27%|##6       | 930/3500 [03:54<11:20,  3.78it/s, loss=0.3172]
Fine-tuning Navine AI Video:  27%|##6       | 930/3500 [03:54<11:20,  3.78it/s, loss=0.3304]
Fine-tuning Navine AI Video:  27%|##6       | 931/3500 [03:54<09:44,  4.39it/s, loss=0.3304]
Fine-tuning Navine AI Video:  27%|##6       | 931/3500 [03:54<09:44,  4.39it/s, loss=0.3130]
Fine-tuning Navine AI Video:  27%|##6       | 932/3500 [03:54<08:22,  5.11it/s, loss=0.3130]
Fine-tuning Navine AI Video:  27%|##6       | 932/3500 [03:54<08:22,  5.11it/s, loss=0.3452]
Fine-tuning Navine AI Video:  27%|##6       | 933/3500 [03:54<09:19,  4.59it/s, loss=0.3452]
Fine-tuning Navine AI Video:  27%|##6       | 933/3500 [03:54<09:19,  4.59it/s, loss=0.1188]
Fine-tuning Navine AI Video:  27%|##6       | 934/3500 [03:54<08:07,  5.27it/s, loss=0.1188]
Fine-tuning Navine AI Video:  27%|##6       | 934/3500 [03:54<08:07,  5.27it/s, loss=0.3264]
Fine-tuning Navine AI Video:  27%|##6       | 935/3500 [03:54<09:10,  4.66it/s, loss=0.3264]
Fine-tuning Navine AI Video:  27%|##6       | 935/3500 [03:54<09:10,  4.66it/s, loss=0.3682]
Fine-tuning Navine AI Video:  27%|##6       | 936/3500 [03:55<08:05,  5.28it/s, loss=0.3682]
Fine-tuning Navine AI Video:  27%|##6       | 936/3500 [03:55<08:05,  5.28it/s, loss=0.2991]
Fine-tuning Navine AI Video:  27%|##6       | 937/3500 [03:55<07:22,  5.80it/s, loss=0.2991]
Fine-tuning Navine AI Video:  27%|##6       | 937/3500 [03:55<07:22,  5.80it/s, loss=0.3306]
Fine-tuning Navine AI Video:  27%|##6       | 938/3500 [03:55<06:27,  6.62it/s, loss=0.3306]
Fine-tuning Navine AI Video:  27%|##6       | 938/3500 [03:55<06:27,  6.62it/s, loss=0.2988]
Fine-tuning Navine AI Video:  27%|##6       | 939/3500 [03:55<06:12,  6.88it/s, loss=0.2988]
Fine-tuning Navine AI Video:  27%|##6       | 939/3500 [03:55<06:12,  6.88it/s, loss=0.6364]
Fine-tuning Navine AI Video:  27%|##6       | 940/3500 [03:55<06:04,  7.02it/s, loss=0.6364]
Fine-tuning Navine AI Video:  27%|##6       | 940/3500 [03:55<06:04,  7.02it/s, loss=0.3201]
Fine-tuning Navine AI Video:  27%|##6       | 941/3500 [03:55<07:44,  5.51it/s, loss=0.3201]
Fine-tuning Navine AI Video:  27%|##6       | 941/3500 [03:55<07:44,  5.51it/s, loss=0.4099]
Fine-tuning Navine AI Video:  27%|##6       | 942/3500 [03:55<07:12,  5.91it/s, loss=0.4099]
Fine-tuning Navine AI Video:  27%|##6       | 942/3500 [03:55<07:12,  5.91it/s, loss=0.4909]
Fine-tuning Navine AI Video:  27%|##6       | 943/3500 [03:56<17:00,  2.51it/s, loss=0.4909]
Fine-tuning Navine AI Video:  27%|##6       | 943/3500 [03:56<17:00,  2.51it/s, loss=0.4354]
Fine-tuning Navine AI Video:  27%|##6       | 944/3500 [03:57<13:31,  3.15it/s, loss=0.4354]
Fine-tuning Navine AI Video:  27%|##6       | 944/3500 [03:57<13:31,  3.15it/s, loss=0.2788]
Fine-tuning Navine AI Video:  27%|##7       | 945/3500 [03:57<11:16,  3.78it/s, loss=0.2788]
Fine-tuning Navine AI Video:  27%|##7       | 945/3500 [03:57<11:16,  3.78it/s, loss=0.4586]
Fine-tuning Navine AI Video:  27%|##7       | 946/3500 [03:57<10:14,  4.16it/s, loss=0.4586]
Fine-tuning Navine AI Video:  27%|##7       | 946/3500 [03:57<10:14,  4.16it/s, loss=0.4174]
Fine-tuning Navine AI Video:  27%|##7       | 947/3500 [03:57<10:52,  3.91it/s, loss=0.4174]
Fine-tuning Navine AI Video:  27%|##7       | 947/3500 [03:57<10:52,  3.91it/s, loss=0.3207]
Fine-tuning Navine AI Video:  27%|##7       | 948/3500 [03:57<11:54,  3.57it/s, loss=0.3207]
Fine-tuning Navine AI Video:  27%|##7       | 948/3500 [03:57<11:54,  3.57it/s, loss=0.1188]
Fine-tuning Navine AI Video:  27%|##7       | 949/3500 [03:58<10:01,  4.24it/s, loss=0.1188]
Fine-tuning Navine AI Video:  27%|##7       | 949/3500 [03:58<10:01,  4.24it/s, loss=0.3733]
Fine-tuning Navine AI Video:  27%|##7       | 950/3500 [03:58<09:45,  4.36it/s, loss=0.3733]
Fine-tuning Navine AI Video:  27%|##7       | 950/3500 [03:58<09:45,  4.36it/s, loss=0.3273]
Fine-tuning Navine AI Video:  27%|##7       | 951/3500 [03:58<10:18,  4.12it/s, loss=0.3273]
Fine-tuning Navine AI Video:  27%|##7       | 951/3500 [03:58<10:18,  4.12it/s, loss=0.4008]
Fine-tuning Navine AI Video:  27%|##7       | 952/3500 [03:58<08:47,  4.83it/s, loss=0.4008]
Fine-tuning Navine AI Video:  27%|##7       | 952/3500 [03:58<08:47,  4.83it/s, loss=0.3598]
Fine-tuning Navine AI Video:  27%|##7       | 953/3500 [03:58<07:58,  5.33it/s, loss=0.3598]
Fine-tuning Navine AI Video:  27%|##7       | 953/3500 [03:58<07:58,  5.33it/s, loss=0.3281]
Fine-tuning Navine AI Video:  27%|##7       | 954/3500 [03:59<07:22,  5.75it/s, loss=0.3281]
Fine-tuning Navine AI Video:  27%|##7       | 954/3500 [03:59<07:22,  5.75it/s, loss=0.5402]
Fine-tuning Navine AI Video:  27%|##7       | 955/3500 [03:59<07:56,  5.34it/s, loss=0.5402]
Fine-tuning Navine AI Video:  27%|##7       | 955/3500 [03:59<07:56,  5.34it/s, loss=0.4207]
Fine-tuning Navine AI Video:  27%|##7       | 956/3500 [03:59<07:05,  5.98it/s, loss=0.4207]
Fine-tuning Navine AI Video:  27%|##7       | 956/3500 [03:59<07:05,  5.98it/s, loss=0.3538]
Fine-tuning Navine AI Video:  27%|##7       | 957/3500 [03:59<06:29,  6.53it/s, loss=0.3538]
Fine-tuning Navine AI Video:  27%|##7       | 957/3500 [03:59<06:29,  6.53it/s, loss=0.2023]
Fine-tuning Navine AI Video:  27%|##7       | 958/3500 [03:59<06:23,  6.63it/s, loss=0.2023]
Fine-tuning Navine AI Video:  27%|##7       | 958/3500 [03:59<06:23,  6.63it/s, loss=0.3312]
Fine-tuning Navine AI Video:  27%|##7       | 959/3500 [03:59<06:21,  6.67it/s, loss=0.3312]
Fine-tuning Navine AI Video:  27%|##7       | 959/3500 [03:59<06:21,  6.67it/s, loss=0.2909]
Fine-tuning Navine AI Video:  27%|##7       | 960/3500 [03:59<05:58,  7.08it/s, loss=0.2909]
Fine-tuning Navine AI Video:  27%|##7       | 960/3500 [03:59<05:58,  7.08it/s, loss=0.4430]
Fine-tuning Navine AI Video:  27%|##7       | 961/3500 [03:59<05:58,  7.08it/s, loss=0.3786]
Fine-tuning Navine AI Video:  27%|##7       | 962/3500 [04:00<05:26,  7.78it/s, loss=0.3786]
Fine-tuning Navine AI Video:  27%|##7       | 962/3500 [04:00<05:26,  7.78it/s, loss=0.2066]
Fine-tuning Navine AI Video:  28%|##7       | 963/3500 [04:00<07:01,  6.02it/s, loss=0.2066]
Fine-tuning Navine AI Video:  28%|##7       | 963/3500 [04:00<07:01,  6.02it/s, loss=0.2877]
Fine-tuning Navine AI Video:  28%|##7       | 964/3500 [04:00<07:12,  5.86it/s, loss=0.2877]
Fine-tuning Navine AI Video:  28%|##7       | 964/3500 [04:00<07:12,  5.86it/s, loss=0.3758]
Fine-tuning Navine AI Video:  28%|##7       | 965/3500 [04:00<08:14,  5.13it/s, loss=0.3758]
Fine-tuning Navine AI Video:  28%|##7       | 965/3500 [04:00<08:14,  5.13it/s, loss=0.3602]
Fine-tuning Navine AI Video:  28%|##7       | 966/3500 [04:00<07:29,  5.64it/s, loss=0.3602]
Fine-tuning Navine AI Video:  28%|##7       | 966/3500 [04:00<07:29,  5.64it/s, loss=0.2907]
Fine-tuning Navine AI Video:  28%|##7       | 967/3500 [04:01<07:49,  5.40it/s, loss=0.2907]
Fine-tuning Navine AI Video:  28%|##7       | 967/3500 [04:01<07:49,  5.40it/s, loss=0.6155]
Fine-tuning Navine AI Video:  28%|##7       | 968/3500 [04:01<07:51,  5.37it/s, loss=0.6155]
Fine-tuning Navine AI Video:  28%|##7       | 968/3500 [04:01<07:51,  5.37it/s, loss=0.2873]
Fine-tuning Navine AI Video:  28%|##7       | 969/3500 [04:01<07:14,  5.82it/s, loss=0.2873]
Fine-tuning Navine AI Video:  28%|##7       | 969/3500 [04:01<07:14,  5.82it/s, loss=0.3612]
Fine-tuning Navine AI Video:  28%|##7       | 970/3500 [04:02<18:17,  2.30it/s, loss=0.3612]
Fine-tuning Navine AI Video:  28%|##7       | 970/3500 [04:02<18:17,  2.30it/s, loss=0.4475]
Fine-tuning Navine AI Video:  28%|##7       | 971/3500 [04:02<14:31,  2.90it/s, loss=0.4475]
Fine-tuning Navine AI Video:  28%|##7       | 971/3500 [04:02<14:31,  2.90it/s, loss=0.4331]
Fine-tuning Navine AI Video:  28%|##7       | 972/3500 [04:02<12:09,  3.47it/s, loss=0.4331]
Fine-tuning Navine AI Video:  28%|##7       | 972/3500 [04:02<12:09,  3.47it/s, loss=0.2122]
Fine-tuning Navine AI Video:  28%|##7       | 973/3500 [04:02<09:59,  4.21it/s, loss=0.2122]
Fine-tuning Navine AI Video:  28%|##7       | 973/3500 [04:02<09:59,  4.21it/s, loss=0.3152]
Fine-tuning Navine AI Video:  28%|##7       | 974/3500 [04:03<08:33,  4.92it/s, loss=0.3152]
Fine-tuning Navine AI Video:  28%|##7       | 974/3500 [04:03<08:33,  4.92it/s, loss=0.3088]
Fine-tuning Navine AI Video:  28%|##7       | 975/3500 [04:03<08:53,  4.74it/s, loss=0.3088]
Fine-tuning Navine AI Video:  28%|##7       | 975/3500 [04:03<08:53,  4.74it/s, loss=0.1181]
Fine-tuning Navine AI Video:  28%|##7       | 976/3500 [04:03<10:15,  4.10it/s, loss=0.1181]
Fine-tuning Navine AI Video:  28%|##7       | 976/3500 [04:03<10:15,  4.10it/s, loss=0.3413]
Fine-tuning Navine AI Video:  28%|##7       | 977/3500 [04:03<08:55,  4.71it/s, loss=0.3413]
Fine-tuning Navine AI Video:  28%|##7       | 977/3500 [04:03<08:55,  4.71it/s, loss=0.4047]
Fine-tuning Navine AI Video:  28%|##7       | 978/3500 [04:04<09:57,  4.22it/s, loss=0.4047]
Fine-tuning Navine AI Video:  28%|##7       | 978/3500 [04:04<09:57,  4.22it/s, loss=0.2981]
Fine-tuning Navine AI Video:  28%|##7       | 979/3500 [04:04<08:33,  4.91it/s, loss=0.2981]
Fine-tuning Navine AI Video:  28%|##7       | 979/3500 [04:04<08:33,  4.91it/s, loss=0.3916]
Fine-tuning Navine AI Video:  28%|##8       | 980/3500 [04:04<08:44,  4.80it/s, loss=0.3916]
Fine-tuning Navine AI Video:  28%|##8       | 980/3500 [04:04<08:44,  4.80it/s, loss=0.3477]
Fine-tuning Navine AI Video:  28%|##8       | 981/3500 [04:04<09:42,  4.33it/s, loss=0.3477]
Fine-tuning Navine AI Video:  28%|##8       | 981/3500 [04:04<09:42,  4.33it/s, loss=0.3815]
Fine-tuning Navine AI Video:  28%|##8       | 982/3500 [04:05<11:00,  3.81it/s, loss=0.3815]
Fine-tuning Navine AI Video:  28%|##8       | 982/3500 [04:05<11:00,  3.81it/s, loss=0.3657]
Fine-tuning Navine AI Video:  28%|##8       | 983/3500 [04:05<10:39,  3.93it/s, loss=0.3657]
Fine-tuning Navine AI Video:  28%|##8       | 983/3500 [04:05<10:39,  3.93it/s, loss=0.4384]
Fine-tuning Navine AI Video:  28%|##8       | 984/3500 [04:05<12:18,  3.41it/s, loss=0.4384]
Fine-tuning Navine AI Video:  28%|##8       | 984/3500 [04:05<12:18,  3.41it/s, loss=0.4123]
Fine-tuning Navine AI Video:  28%|##8       | 985/3500 [04:05<10:17,  4.07it/s, loss=0.4123]
Fine-tuning Navine AI Video:  28%|##8       | 985/3500 [04:05<10:17,  4.07it/s, loss=0.3323]
Fine-tuning Navine AI Video:  28%|##8       | 986/3500 [04:06<10:32,  3.97it/s, loss=0.3323]
Fine-tuning Navine AI Video:  28%|##8       | 986/3500 [04:06<10:32,  3.97it/s, loss=0.1206]
Fine-tuning Navine AI Video:  28%|##8       | 987/3500 [04:06<09:20,  4.49it/s, loss=0.1206]
Fine-tuning Navine AI Video:  28%|##8       | 987/3500 [04:06<09:20,  4.49it/s, loss=0.3257]
Fine-tuning Navine AI Video:  28%|##8       | 988/3500 [04:06<10:41,  3.91it/s, loss=0.3257]
Fine-tuning Navine AI Video:  28%|##8       | 988/3500 [04:06<10:41,  3.91it/s, loss=0.1089]
Fine-tuning Navine AI Video:  28%|##8       | 989/3500 [04:06<10:46,  3.89it/s, loss=0.1089]
Fine-tuning Navine AI Video:  28%|##8       | 989/3500 [04:06<10:46,  3.89it/s, loss=0.1205]
Fine-tuning Navine AI Video:  28%|##8       | 990/3500 [04:06<09:36,  4.36it/s, loss=0.1205]
Fine-tuning Navine AI Video:  28%|##8       | 990/3500 [04:06<09:36,  4.36it/s, loss=0.3364]
Fine-tuning Navine AI Video:  28%|##8       | 991/3500 [04:07<08:13,  5.09it/s, loss=0.3364]
Fine-tuning Navine AI Video:  28%|##8       | 991/3500 [04:07<08:13,  5.09it/s, loss=0.3592]
Fine-tuning Navine AI Video:  28%|##8       | 992/3500 [04:07<07:13,  5.79it/s, loss=0.3592]
Fine-tuning Navine AI Video:  28%|##8       | 992/3500 [04:07<07:13,  5.79it/s, loss=0.3469]
Fine-tuning Navine AI Video:  28%|##8       | 993/3500 [04:07<06:36,  6.32it/s, loss=0.3469]
Fine-tuning Navine AI Video:  28%|##8       | 993/3500 [04:07<06:36,  6.32it/s, loss=0.3948]
Fine-tuning Navine AI Video:  28%|##8       | 994/3500 [04:07<08:05,  5.16it/s, loss=0.3948]
Fine-tuning Navine AI Video:  28%|##8       | 994/3500 [04:07<08:05,  5.16it/s, loss=0.3285]
Fine-tuning Navine AI Video:  28%|##8       | 995/3500 [04:07<06:58,  5.99it/s, loss=0.3285]
Fine-tuning Navine AI Video:  28%|##8       | 995/3500 [04:07<06:58,  5.99it/s, loss=0.2991]
Fine-tuning Navine AI Video:  28%|##8       | 996/3500 [04:07<06:27,  6.46it/s, loss=0.2991]
Fine-tuning Navine AI Video:  28%|##8       | 996/3500 [04:07<06:27,  6.46it/s, loss=0.3769]
Fine-tuning Navine AI Video:  28%|##8       | 997/3500 [04:07<06:24,  6.51it/s, loss=0.3769]
Fine-tuning Navine AI Video:  28%|##8       | 997/3500 [04:07<06:24,  6.51it/s, loss=0.2898]
Fine-tuning Navine AI Video:  29%|##8       | 998/3500 [04:08<05:54,  7.07it/s, loss=0.2898]
Fine-tuning Navine AI Video:  29%|##8       | 998/3500 [04:08<05:54,  7.07it/s, loss=0.3622]
Fine-tuning Navine AI Video:  29%|##8       | 999/3500 [04:08<06:35,  6.32it/s, loss=0.3622]
Fine-tuning Navine AI Video:  29%|##8       | 999/3500 [04:08<06:35,  6.32it/s, loss=0.1168]
Fine-tuning Navine AI Video:  29%|##8       | 1000/3500 [04:08<05:51,  7.11it/s, loss=0.1168]
Fine-tuning Navine AI Video:  29%|##8       | 1000/3500 [04:08<05:51,  7.11it/s, loss=0.3914]
Fine-tuning Navine AI Video:  29%|##8       | 1001/3500 [04:08<06:48,  6.11it/s, loss=0.3914]
Fine-tuning Navine AI Video:  29%|##8       | 1001/3500 [04:08<06:48,  6.11it/s, loss=0.2963]
Fine-tuning Navine AI Video:  29%|##8       | 1002/3500 [04:08<07:33,  5.51it/s, loss=0.2963]
Fine-tuning Navine AI Video:  29%|##8       | 1002/3500 [04:08<07:33,  5.51it/s, loss=0.3135]
Fine-tuning Navine AI Video:  29%|##8       | 1003/3500 [04:08<07:33,  5.51it/s, loss=0.3867]
Fine-tuning Navine AI Video:  29%|##8       | 1004/3500 [04:09<05:56,  6.99it/s, loss=0.3867]
Fine-tuning Navine AI Video:  29%|##8       | 1004/3500 [04:09<05:56,  6.99it/s, loss=0.4030]
Fine-tuning Navine AI Video:  29%|##8       | 1005/3500 [04:09<06:34,  6.33it/s, loss=0.4030]
Fine-tuning Navine AI Video:  29%|##8       | 1005/3500 [04:09<06:34,  6.33it/s, loss=0.1198]
Fine-tuning Navine AI Video:  29%|##8       | 1006/3500 [04:09<06:02,  6.89it/s, loss=0.1198]
Fine-tuning Navine AI Video:  29%|##8       | 1006/3500 [04:09<06:02,  6.89it/s, loss=0.3313]
Fine-tuning Navine AI Video:  29%|##8       | 1007/3500 [04:09<06:55,  6.00it/s, loss=0.3313]
Fine-tuning Navine AI Video:  29%|##8       | 1007/3500 [04:09<06:55,  6.00it/s, loss=0.3009]
Fine-tuning Navine AI Video:  29%|##8       | 1008/3500 [04:09<06:12,  6.69it/s, loss=0.3009]
Fine-tuning Navine AI Video:  29%|##8       | 1008/3500 [04:09<06:12,  6.69it/s, loss=0.3041]
Fine-tuning Navine AI Video:  29%|##8       | 1009/3500 [04:09<05:43,  7.25it/s, loss=0.3041]
Fine-tuning Navine AI Video:  29%|##8       | 1009/3500 [04:09<05:43,  7.25it/s, loss=0.3553]
Fine-tuning Navine AI Video:  29%|##8       | 1010/3500 [04:10<06:43,  6.17it/s, loss=0.3553]
Fine-tuning Navine AI Video:  29%|##8       | 1010/3500 [04:10<06:43,  6.17it/s, loss=0.1247]
Fine-tuning Navine AI Video:  29%|##8       | 1011/3500 [04:10<06:13,  6.66it/s, loss=0.1247]
Fine-tuning Navine AI Video:  29%|##8       | 1011/3500 [04:10<06:13,  6.66it/s, loss=0.3459]
Fine-tuning Navine AI Video:  29%|##8       | 1012/3500 [04:10<05:49,  7.11it/s, loss=0.3459]
Fine-tuning Navine AI Video:  29%|##8       | 1012/3500 [04:10<05:49,  7.11it/s, loss=0.5774]
Fine-tuning Navine AI Video:  29%|##8       | 1013/3500 [04:10<05:52,  7.06it/s, loss=0.5774]
Fine-tuning Navine AI Video:  29%|##8       | 1013/3500 [04:10<05:52,  7.06it/s, loss=0.5894]
Fine-tuning Navine AI Video:  29%|##8       | 1014/3500 [04:10<05:35,  7.41it/s, loss=0.5894]
Fine-tuning Navine AI Video:  29%|##8       | 1014/3500 [04:10<05:35,  7.41it/s, loss=0.3496]
Fine-tuning Navine AI Video:  29%|##9       | 1015/3500 [04:10<05:39,  7.32it/s, loss=0.3496]
Fine-tuning Navine AI Video:  29%|##9       | 1015/3500 [04:10<05:39,  7.32it/s, loss=0.3383]
Fine-tuning Navine AI Video:  29%|##9       | 1016/3500 [04:10<07:13,  5.72it/s, loss=0.3383]
Fine-tuning Navine AI Video:  29%|##9       | 1016/3500 [04:10<07:13,  5.72it/s, loss=0.0950]
Fine-tuning Navine AI Video:  29%|##9       | 1017/3500 [04:11<06:22,  6.49it/s, loss=0.0950]
Fine-tuning Navine AI Video:  29%|##9       | 1017/3500 [04:11<06:22,  6.49it/s, loss=0.3265]
Fine-tuning Navine AI Video:  29%|##9       | 1018/3500 [04:11<07:02,  5.87it/s, loss=0.3265]
Fine-tuning Navine AI Video:  29%|##9       | 1018/3500 [04:11<07:02,  5.87it/s, loss=0.1206]
Fine-tuning Navine AI Video:  29%|##9       | 1019/3500 [04:11<06:52,  6.02it/s, loss=0.1206]
Fine-tuning Navine AI Video:  29%|##9       | 1019/3500 [04:11<06:52,  6.02it/s, loss=0.4919]
Fine-tuning Navine AI Video:  29%|##9       | 1020/3500 [04:11<06:20,  6.52it/s, loss=0.4919]
Fine-tuning Navine AI Video:  29%|##9       | 1020/3500 [04:11<06:20,  6.52it/s, loss=0.4645]
Fine-tuning Navine AI Video:  29%|##9       | 1021/3500 [04:11<05:42,  7.25it/s, loss=0.4645]
Fine-tuning Navine AI Video:  29%|##9       | 1021/3500 [04:11<05:42,  7.25it/s, loss=0.4410]
Fine-tuning Navine AI Video:  29%|##9       | 1022/3500 [04:11<07:13,  5.71it/s, loss=0.4410]
Fine-tuning Navine AI Video:  29%|##9       | 1022/3500 [04:11<07:13,  5.71it/s, loss=0.1237]
Fine-tuning Navine AI Video:  29%|##9       | 1023/3500 [04:12<08:43,  4.73it/s, loss=0.1237]
Fine-tuning Navine AI Video:  29%|##9       | 1023/3500 [04:12<08:43,  4.73it/s, loss=0.2997]
Fine-tuning Navine AI Video:  29%|##9       | 1024/3500 [04:12<07:45,  5.32it/s, loss=0.2997]
Fine-tuning Navine AI Video:  29%|##9       | 1024/3500 [04:12<07:45,  5.32it/s, loss=0.3000]
Fine-tuning Navine AI Video:  29%|##9       | 1025/3500 [04:12<06:48,  6.06it/s, loss=0.3000]
Fine-tuning Navine AI Video:  29%|##9       | 1025/3500 [04:12<06:48,  6.06it/s, loss=0.3763]
Fine-tuning Navine AI Video:  29%|##9       | 1026/3500 [04:12<06:37,  6.23it/s, loss=0.3763]
Fine-tuning Navine AI Video:  29%|##9       | 1026/3500 [04:12<06:37,  6.23it/s, loss=0.2927]
Fine-tuning Navine AI Video:  29%|##9       | 1027/3500 [04:12<08:32,  4.83it/s, loss=0.2927]
Fine-tuning Navine AI Video:  29%|##9       | 1027/3500 [04:12<08:32,  4.83it/s, loss=0.4142]
Fine-tuning Navine AI Video:  29%|##9       | 1028/3500 [04:14<20:23,  2.02it/s, loss=0.4142]
Fine-tuning Navine AI Video:  29%|##9       | 1028/3500 [04:14<20:23,  2.02it/s, loss=0.4358]
Fine-tuning Navine AI Video:  29%|##9       | 1029/3500 [04:14<15:54,  2.59it/s, loss=0.4358]
Fine-tuning Navine AI Video:  29%|##9       | 1029/3500 [04:14<15:54,  2.59it/s, loss=0.3704]
Fine-tuning Navine AI Video:  29%|##9       | 1030/3500 [04:14<14:06,  2.92it/s, loss=0.3704]
Fine-tuning Navine AI Video:  29%|##9       | 1030/3500 [04:14<14:06,  2.92it/s, loss=0.3863]
Fine-tuning Navine AI Video:  29%|##9       | 1031/3500 [04:14<15:07,  2.72it/s, loss=0.3863]
Fine-tuning Navine AI Video:  29%|##9       | 1031/3500 [04:14<15:07,  2.72it/s, loss=0.4145]
Fine-tuning Navine AI Video:  29%|##9       | 1032/3500 [04:14<12:04,  3.41it/s, loss=0.4145]
Fine-tuning Navine AI Video:  29%|##9       | 1032/3500 [04:14<12:04,  3.41it/s, loss=0.3276]
Fine-tuning Navine AI Video:  30%|##9       | 1033/3500 [04:15<11:57,  3.44it/s, loss=0.3276]
Fine-tuning Navine AI Video:  30%|##9       | 1033/3500 [04:15<11:57,  3.44it/s, loss=0.1151]
Fine-tuning Navine AI Video:  30%|##9       | 1034/3500 [04:15<09:58,  4.12it/s, loss=0.1151]
Fine-tuning Navine AI Video:  30%|##9       | 1034/3500 [04:15<09:58,  4.12it/s, loss=0.1857]
Fine-tuning Navine AI Video:  30%|##9       | 1035/3500 [04:15<09:40,  4.24it/s, loss=0.1857]
Fine-tuning Navine AI Video:  30%|##9       | 1035/3500 [04:15<09:40,  4.24it/s, loss=0.1195]
Fine-tuning Navine AI Video:  30%|##9       | 1036/3500 [04:15<08:11,  5.01it/s, loss=0.1195]
Fine-tuning Navine AI Video:  30%|##9       | 1036/3500 [04:15<08:11,  5.01it/s, loss=0.3000]
Fine-tuning Navine AI Video:  30%|##9       | 1037/3500 [04:15<07:22,  5.57it/s, loss=0.3000]
Fine-tuning Navine AI Video:  30%|##9       | 1037/3500 [04:15<07:22,  5.57it/s, loss=0.5200]
Fine-tuning Navine AI Video:  30%|##9       | 1038/3500 [04:15<06:39,  6.17it/s, loss=0.5200]
Fine-tuning Navine AI Video:  30%|##9       | 1038/3500 [04:15<06:39,  6.17it/s, loss=0.3889]
Fine-tuning Navine AI Video:  30%|##9       | 1039/3500 [04:16<07:22,  5.56it/s, loss=0.3889]
Fine-tuning Navine AI Video:  30%|##9       | 1039/3500 [04:16<07:22,  5.56it/s, loss=0.0910]
Fine-tuning Navine AI Video:  30%|##9       | 1040/3500 [04:16<08:04,  5.08it/s, loss=0.0910]
Fine-tuning Navine AI Video:  30%|##9       | 1040/3500 [04:16<08:04,  5.08it/s, loss=0.1045]
Fine-tuning Navine AI Video:  30%|##9       | 1041/3500 [04:16<07:04,  5.80it/s, loss=0.1045]
Fine-tuning Navine AI Video:  30%|##9       | 1041/3500 [04:16<07:04,  5.80it/s, loss=0.4163]
Fine-tuning Navine AI Video:  30%|##9       | 1042/3500 [04:16<06:46,  6.05it/s, loss=0.4163]
Fine-tuning Navine AI Video:  30%|##9       | 1042/3500 [04:16<06:46,  6.05it/s, loss=0.3744]
Fine-tuning Navine AI Video:  30%|##9       | 1043/3500 [04:16<08:22,  4.89it/s, loss=0.3744]
Fine-tuning Navine AI Video:  30%|##9       | 1043/3500 [04:16<08:22,  4.89it/s, loss=0.3699]
Fine-tuning Navine AI Video:  30%|##9       | 1044/3500 [04:17<08:57,  4.57it/s, loss=0.3699]
Fine-tuning Navine AI Video:  30%|##9       | 1044/3500 [04:17<08:57,  4.57it/s, loss=0.3687]
Fine-tuning Navine AI Video:  30%|##9       | 1045/3500 [04:17<09:05,  4.50it/s, loss=0.3687]
Fine-tuning Navine AI Video:  30%|##9       | 1045/3500 [04:17<09:05,  4.50it/s, loss=0.3000]
Fine-tuning Navine AI Video:  30%|##9       | 1046/3500 [04:17<08:05,  5.05it/s, loss=0.3000]
Fine-tuning Navine AI Video:  30%|##9       | 1046/3500 [04:17<08:05,  5.05it/s, loss=0.3378]
Fine-tuning Navine AI Video:  30%|##9       | 1047/3500 [04:17<07:07,  5.73it/s, loss=0.3378]
Fine-tuning Navine AI Video:  30%|##9       | 1047/3500 [04:17<07:07,  5.73it/s, loss=0.3825]
Fine-tuning Navine AI Video:  30%|##9       | 1048/3500 [04:18<08:17,  4.93it/s, loss=0.3825]
Fine-tuning Navine AI Video:  30%|##9       | 1048/3500 [04:18<08:17,  4.93it/s, loss=0.3818]
Fine-tuning Navine AI Video:  30%|##9       | 1049/3500 [04:18<07:16,  5.61it/s, loss=0.3818]
Fine-tuning Navine AI Video:  30%|##9       | 1049/3500 [04:18<07:16,  5.61it/s, loss=0.3876]
Fine-tuning Navine AI Video:  30%|###       | 1050/3500 [04:18<06:19,  6.45it/s, loss=0.3876]
Fine-tuning Navine AI Video:  30%|###       | 1050/3500 [04:18<06:19,  6.45it/s, loss=0.3915]
Fine-tuning Navine AI Video:  30%|###       | 1051/3500 [04:18<06:16,  6.51it/s, loss=0.3915]
Fine-tuning Navine AI Video:  30%|###       | 1051/3500 [04:18<06:16,  6.51it/s, loss=0.2823]
Fine-tuning Navine AI Video:  30%|###       | 1052/3500 [04:18<08:01,  5.08it/s, loss=0.2823]
Fine-tuning Navine AI Video:  30%|###       | 1052/3500 [04:18<08:01,  5.08it/s, loss=0.2994]
Fine-tuning Navine AI Video:  30%|###       | 1053/3500 [04:18<07:24,  5.50it/s, loss=0.2994]
Fine-tuning Navine AI Video:  30%|###       | 1053/3500 [04:18<07:24,  5.50it/s, loss=0.3133]
Fine-tuning Navine AI Video:  30%|###       | 1054/3500 [04:18<06:33,  6.22it/s, loss=0.3133]
Fine-tuning Navine AI Video:  30%|###       | 1054/3500 [04:18<06:33,  6.22it/s, loss=0.2211]
Fine-tuning Navine AI Video:  30%|###       | 1055/3500 [04:19<08:08,  5.01it/s, loss=0.2211]
Fine-tuning Navine AI Video:  30%|###       | 1055/3500 [04:19<08:08,  5.01it/s, loss=0.4048]
Fine-tuning Navine AI Video:  30%|###       | 1056/3500 [04:19<07:30,  5.43it/s, loss=0.4048]
Fine-tuning Navine AI Video:  30%|###       | 1056/3500 [04:19<07:30,  5.43it/s, loss=0.6329]
Fine-tuning Navine AI Video:  30%|###       | 1057/3500 [04:19<08:55,  4.56it/s, loss=0.6329]
Fine-tuning Navine AI Video:  30%|###       | 1057/3500 [04:19<08:55,  4.56it/s, loss=0.4182]
Fine-tuning Navine AI Video:  30%|###       | 1058/3500 [04:19<09:40,  4.21it/s, loss=0.4182]
Fine-tuning Navine AI Video:  30%|###       | 1058/3500 [04:19<09:40,  4.21it/s, loss=0.3800]
Fine-tuning Navine AI Video:  30%|###       | 1059/3500 [04:20<08:17,  4.91it/s, loss=0.3800]
Fine-tuning Navine AI Video:  30%|###       | 1059/3500 [04:20<08:17,  4.91it/s, loss=0.4228]
Fine-tuning Navine AI Video:  30%|###       | 1060/3500 [04:20<07:03,  5.77it/s, loss=0.4228]
Fine-tuning Navine AI Video:  30%|###       | 1060/3500 [04:20<07:03,  5.77it/s, loss=0.3555]
Fine-tuning Navine AI Video:  30%|###       | 1061/3500 [04:20<06:13,  6.53it/s, loss=0.3555]
Fine-tuning Navine AI Video:  30%|###       | 1061/3500 [04:20<06:13,  6.53it/s, loss=0.3713]
Fine-tuning Navine AI Video:  30%|###       | 1062/3500 [04:20<07:15,  5.59it/s, loss=0.3713]
Fine-tuning Navine AI Video:  30%|###       | 1062/3500 [04:20<07:15,  5.59it/s, loss=0.2723]
Fine-tuning Navine AI Video:  30%|###       | 1063/3500 [04:20<07:58,  5.10it/s, loss=0.2723]
Fine-tuning Navine AI Video:  30%|###       | 1063/3500 [04:20<07:58,  5.10it/s, loss=0.3134]
Fine-tuning Navine AI Video:  30%|###       | 1064/3500 [04:20<07:03,  5.76it/s, loss=0.3134]
Fine-tuning Navine AI Video:  30%|###       | 1064/3500 [04:20<07:03,  5.76it/s, loss=0.3943]
Fine-tuning Navine AI Video:  30%|###       | 1065/3500 [04:21<09:28,  4.28it/s, loss=0.3943]
Fine-tuning Navine AI Video:  30%|###       | 1065/3500 [04:21<09:28,  4.28it/s, loss=0.3575]
Fine-tuning Navine AI Video:  30%|###       | 1066/3500 [04:21<09:36,  4.22it/s, loss=0.3575]
Fine-tuning Navine AI Video:  30%|###       | 1066/3500 [04:21<09:36,  4.22it/s, loss=0.3768]
Fine-tuning Navine AI Video:  30%|###       | 1067/3500 [04:21<08:26,  4.80it/s, loss=0.3768]
Fine-tuning Navine AI Video:  30%|###       | 1067/3500 [04:21<08:26,  4.80it/s, loss=0.5089]
Fine-tuning Navine AI Video:  31%|###       | 1068/3500 [04:21<07:21,  5.50it/s, loss=0.5089]
Fine-tuning Navine AI Video:  31%|###       | 1068/3500 [04:21<07:21,  5.50it/s, loss=0.3739]
Fine-tuning Navine AI Video:  31%|###       | 1069/3500 [04:21<06:50,  5.92it/s, loss=0.3739]
Fine-tuning Navine AI Video:  31%|###       | 1069/3500 [04:21<06:50,  5.92it/s, loss=0.2920]
Fine-tuning Navine AI Video:  31%|###       | 1070/3500 [04:22<06:34,  6.16it/s, loss=0.2920]
Fine-tuning Navine AI Video:  31%|###       | 1070/3500 [04:22<06:34,  6.16it/s, loss=0.3143]
Fine-tuning Navine AI Video:  31%|###       | 1071/3500 [04:22<06:06,  6.62it/s, loss=0.3143]
Fine-tuning Navine AI Video:  31%|###       | 1071/3500 [04:22<06:06,  6.62it/s, loss=0.5361]
Fine-tuning Navine AI Video:  31%|###       | 1072/3500 [04:22<05:57,  6.80it/s, loss=0.5361]
Fine-tuning Navine AI Video:  31%|###       | 1072/3500 [04:22<05:57,  6.80it/s, loss=0.3371]
Fine-tuning Navine AI Video:  31%|###       | 1073/3500 [04:22<06:58,  5.79it/s, loss=0.3371]
Fine-tuning Navine AI Video:  31%|###       | 1073/3500 [04:22<06:58,  5.79it/s, loss=0.1210]
Fine-tuning Navine AI Video:  31%|###       | 1074/3500 [04:22<07:24,  5.45it/s, loss=0.1210]
Fine-tuning Navine AI Video:  31%|###       | 1074/3500 [04:22<07:24,  5.45it/s, loss=0.3928]
Fine-tuning Navine AI Video:  31%|###       | 1075/3500 [04:23<08:30,  4.75it/s, loss=0.3928]
Fine-tuning Navine AI Video:  31%|###       | 1075/3500 [04:23<08:30,  4.75it/s, loss=0.3878]
Fine-tuning Navine AI Video:  31%|###       | 1076/3500 [04:24<18:33,  2.18it/s, loss=0.3878]
Fine-tuning Navine AI Video:  31%|###       | 1076/3500 [04:24<18:33,  2.18it/s, loss=0.4095]
Fine-tuning Navine AI Video:  31%|###       | 1077/3500 [04:24<14:35,  2.77it/s, loss=0.4095]
Fine-tuning Navine AI Video:  31%|###       | 1077/3500 [04:24<14:35,  2.77it/s, loss=0.4349]
Fine-tuning Navine AI Video:  31%|###       | 1078/3500 [04:24<11:42,  3.45it/s, loss=0.4349]
Fine-tuning Navine AI Video:  31%|###       | 1078/3500 [04:24<11:42,  3.45it/s, loss=0.3937]
Fine-tuning Navine AI Video:  31%|###       | 1079/3500 [04:24<09:54,  4.07it/s, loss=0.3937]
Fine-tuning Navine AI Video:  31%|###       | 1079/3500 [04:24<09:54,  4.07it/s, loss=0.2536]
Fine-tuning Navine AI Video:  31%|###       | 1080/3500 [04:24<08:53,  4.54it/s, loss=0.2536]
Fine-tuning Navine AI Video:  31%|###       | 1080/3500 [04:24<08:53,  4.54it/s, loss=0.3118]
Fine-tuning Navine AI Video:  31%|###       | 1081/3500 [04:24<08:01,  5.02it/s, loss=0.3118]
Fine-tuning Navine AI Video:  31%|###       | 1081/3500 [04:24<08:01,  5.02it/s, loss=0.2930]
Fine-tuning Navine AI Video:  31%|###       | 1082/3500 [04:24<06:58,  5.78it/s, loss=0.2930]
Fine-tuning Navine AI Video:  31%|###       | 1082/3500 [04:24<06:58,  5.78it/s, loss=0.3954]
Fine-tuning Navine AI Video:  31%|###       | 1083/3500 [04:25<06:22,  6.32it/s, loss=0.3954]
Fine-tuning Navine AI Video:  31%|###       | 1083/3500 [04:25<06:22,  6.32it/s, loss=0.4061]
Fine-tuning Navine AI Video:  31%|###       | 1084/3500 [04:25<06:37,  6.07it/s, loss=0.4061]
Fine-tuning Navine AI Video:  31%|###       | 1084/3500 [04:25<06:37,  6.07it/s, loss=0.4899]
Fine-tuning Navine AI Video:  31%|###1      | 1085/3500 [04:25<05:55,  6.78it/s, loss=0.4899]
Fine-tuning Navine AI Video:  31%|###1      | 1085/3500 [04:25<05:55,  6.78it/s, loss=0.3745]
Fine-tuning Navine AI Video:  31%|###1      | 1086/3500 [04:25<05:26,  7.38it/s, loss=0.3745]
Fine-tuning Navine AI Video:  31%|###1      | 1086/3500 [04:25<05:26,  7.38it/s, loss=0.3826]
Fine-tuning Navine AI Video:  31%|###1      | 1087/3500 [04:25<06:19,  6.36it/s, loss=0.3826]
Fine-tuning Navine AI Video:  31%|###1      | 1087/3500 [04:25<06:19,  6.36it/s, loss=0.3319]
Fine-tuning Navine AI Video:  31%|###1      | 1088/3500 [04:25<06:14,  6.45it/s, loss=0.3319]
Fine-tuning Navine AI Video:  31%|###1      | 1088/3500 [04:25<06:14,  6.45it/s, loss=0.3195]
Fine-tuning Navine AI Video:  31%|###1      | 1089/3500 [04:26<07:19,  5.48it/s, loss=0.3195]
Fine-tuning Navine AI Video:  31%|###1      | 1089/3500 [04:26<07:19,  5.48it/s, loss=0.3957]
Fine-tuning Navine AI Video:  31%|###1      | 1090/3500 [04:26<06:33,  6.12it/s, loss=0.3957]
Fine-tuning Navine AI Video:  31%|###1      | 1090/3500 [04:26<06:33,  6.12it/s, loss=0.3261]
Fine-tuning Navine AI Video:  31%|###1      | 1091/3500 [04:26<05:48,  6.92it/s, loss=0.3261]
Fine-tuning Navine AI Video:  31%|###1      | 1091/3500 [04:26<05:48,  6.92it/s, loss=0.3986]
Fine-tuning Navine AI Video:  31%|###1      | 1092/3500 [04:26<05:33,  7.23it/s, loss=0.3986]
Fine-tuning Navine AI Video:  31%|###1      | 1092/3500 [04:26<05:33,  7.23it/s, loss=0.1782]
Fine-tuning Navine AI Video:  31%|###1      | 1093/3500 [04:26<06:33,  6.12it/s, loss=0.1782]
Fine-tuning Navine AI Video:  31%|###1      | 1093/3500 [04:26<06:33,  6.12it/s, loss=0.3247]
Fine-tuning Navine AI Video:  31%|###1      | 1094/3500 [04:26<06:01,  6.66it/s, loss=0.3247]
Fine-tuning Navine AI Video:  31%|###1      | 1094/3500 [04:26<06:01,  6.66it/s, loss=0.3193]
Fine-tuning Navine AI Video:  31%|###1      | 1095/3500 [04:26<05:25,  7.39it/s, loss=0.3193]
Fine-tuning Navine AI Video:  31%|###1      | 1095/3500 [04:26<05:25,  7.39it/s, loss=0.3724]
Fine-tuning Navine AI Video:  31%|###1      | 1096/3500 [04:26<05:22,  7.44it/s, loss=0.3724]
Fine-tuning Navine AI Video:  31%|###1      | 1096/3500 [04:26<05:22,  7.44it/s, loss=0.3058]
Fine-tuning Navine AI Video:  31%|###1      | 1097/3500 [04:27<16:09,  2.48it/s, loss=0.3058]
Fine-tuning Navine AI Video:  31%|###1      | 1097/3500 [04:27<16:09,  2.48it/s, loss=0.3635]
Fine-tuning Navine AI Video:  31%|###1      | 1098/3500 [04:28<14:37,  2.74it/s, loss=0.3635]
Fine-tuning Navine AI Video:  31%|###1      | 1098/3500 [04:28<14:37,  2.74it/s, loss=0.0935]
Fine-tuning Navine AI Video:  31%|###1      | 1099/3500 [04:28<11:42,  3.42it/s, loss=0.0935]
Fine-tuning Navine AI Video:  31%|###1      | 1099/3500 [04:28<11:42,  3.42it/s, loss=0.3440]
Fine-tuning Navine AI Video:  31%|###1      | 1100/3500 [04:28<09:32,  4.19it/s, loss=0.3440]
Fine-tuning Navine AI Video:  31%|###1      | 1100/3500 [04:28<09:32,  4.19it/s, loss=0.3654]
Fine-tuning Navine AI Video:  31%|###1      | 1101/3500 [04:28<09:45,  4.10it/s, loss=0.3654]
Fine-tuning Navine AI Video:  31%|###1      | 1101/3500 [04:28<09:45,  4.10it/s, loss=0.1205]
Fine-tuning Navine AI Video:  31%|###1      | 1102/3500 [04:29<12:08,  3.29it/s, loss=0.1205]
Fine-tuning Navine AI Video:  31%|###1      | 1102/3500 [04:29<12:08,  3.29it/s, loss=0.4381]
Fine-tuning Navine AI Video:  32%|###1      | 1103/3500 [04:29<09:46,  4.08it/s, loss=0.4381]
Fine-tuning Navine AI Video:  32%|###1      | 1103/3500 [04:29<09:46,  4.08it/s, loss=0.3959]
Fine-tuning Navine AI Video:  32%|###1      | 1104/3500 [04:29<08:18,  4.81it/s, loss=0.3959]
Fine-tuning Navine AI Video:  32%|###1      | 1104/3500 [04:29<08:18,  4.81it/s, loss=0.3352]
Fine-tuning Navine AI Video:  32%|###1      | 1105/3500 [04:29<08:17,  4.81it/s, loss=0.3352]
Fine-tuning Navine AI Video:  32%|###1      | 1105/3500 [04:29<08:17,  4.81it/s, loss=0.3409]
Fine-tuning Navine AI Video:  32%|###1      | 1106/3500 [04:29<08:29,  4.70it/s, loss=0.3409]
Fine-tuning Navine AI Video:  32%|###1      | 1106/3500 [04:29<08:29,  4.70it/s, loss=0.3846]
Fine-tuning Navine AI Video:  32%|###1      | 1107/3500 [04:30<08:46,  4.54it/s, loss=0.3846]
Fine-tuning Navine AI Video:  32%|###1      | 1107/3500 [04:30<08:46,  4.54it/s, loss=0.1157]
Fine-tuning Navine AI Video:  32%|###1      | 1108/3500 [04:30<09:01,  4.41it/s, loss=0.1157]
Fine-tuning Navine AI Video:  32%|###1      | 1108/3500 [04:30<09:01,  4.41it/s, loss=0.1168]
Fine-tuning Navine AI Video:  32%|###1      | 1109/3500 [04:30<09:10,  4.34it/s, loss=0.1168]
Fine-tuning Navine AI Video:  32%|###1      | 1109/3500 [04:30<09:10,  4.34it/s, loss=0.3344]
Fine-tuning Navine AI Video:  32%|###1      | 1110/3500 [04:30<08:00,  4.97it/s, loss=0.3344]
Fine-tuning Navine AI Video:  32%|###1      | 1110/3500 [04:30<08:00,  4.97it/s, loss=0.5281]
Fine-tuning Navine AI Video:  32%|###1      | 1111/3500 [04:30<06:56,  5.74it/s, loss=0.5281]
Fine-tuning Navine AI Video:  32%|###1      | 1111/3500 [04:30<06:56,  5.74it/s, loss=0.3241]
Fine-tuning Navine AI Video:  32%|###1      | 1112/3500 [04:30<06:18,  6.31it/s, loss=0.3241]
Fine-tuning Navine AI Video:  32%|###1      | 1112/3500 [04:30<06:18,  6.31it/s, loss=0.3756]
Fine-tuning Navine AI Video:  32%|###1      | 1113/3500 [04:31<05:53,  6.75it/s, loss=0.3756]
Fine-tuning Navine AI Video:  32%|###1      | 1113/3500 [04:31<05:53,  6.75it/s, loss=0.2109]
Fine-tuning Navine AI Video:  32%|###1      | 1114/3500 [04:31<07:45,  5.12it/s, loss=0.2109]
Fine-tuning Navine AI Video:  32%|###1      | 1114/3500 [04:31<07:45,  5.12it/s, loss=0.3150]
Fine-tuning Navine AI Video:  32%|###1      | 1115/3500 [04:31<07:54,  5.03it/s, loss=0.3150]
Fine-tuning Navine AI Video:  32%|###1      | 1115/3500 [04:31<07:54,  5.03it/s, loss=0.4022]
Fine-tuning Navine AI Video:  32%|###1      | 1116/3500 [04:31<07:51,  5.06it/s, loss=0.4022]
Fine-tuning Navine AI Video:  32%|###1      | 1116/3500 [04:31<07:51,  5.06it/s, loss=0.3319]
Fine-tuning Navine AI Video:  32%|###1      | 1117/3500 [04:32<11:16,  3.52it/s, loss=0.3319]
Fine-tuning Navine AI Video:  32%|###1      | 1117/3500 [04:32<11:16,  3.52it/s, loss=0.4153]
Fine-tuning Navine AI Video:  32%|###1      | 1118/3500 [04:32<09:15,  4.29it/s, loss=0.4153]
Fine-tuning Navine AI Video:  32%|###1      | 1118/3500 [04:32<09:15,  4.29it/s, loss=0.5122]
Fine-tuning Navine AI Video:  32%|###1      | 1119/3500 [04:32<08:01,  4.95it/s, loss=0.5122]
Fine-tuning Navine AI Video:  32%|###1      | 1119/3500 [04:32<08:01,  4.95it/s, loss=0.2230]
Fine-tuning Navine AI Video:  32%|###2      | 1120/3500 [04:32<07:17,  5.44it/s, loss=0.2230]
Fine-tuning Navine AI Video:  32%|###2      | 1120/3500 [04:32<07:17,  5.44it/s, loss=0.4346]
Fine-tuning Navine AI Video:  32%|###2      | 1121/3500 [04:32<06:55,  5.73it/s, loss=0.4346]
Fine-tuning Navine AI Video:  32%|###2      | 1121/3500 [04:32<06:55,  5.73it/s, loss=0.3311]
Fine-tuning Navine AI Video:  32%|###2      | 1122/3500 [04:32<06:30,  6.09it/s, loss=0.3311]
Fine-tuning Navine AI Video:  32%|###2      | 1122/3500 [04:32<06:30,  6.09it/s, loss=0.5092]
Fine-tuning Navine AI Video:  32%|###2      | 1123/3500 [04:33<06:00,  6.60it/s, loss=0.5092]
Fine-tuning Navine AI Video:  32%|###2      | 1123/3500 [04:33<06:00,  6.60it/s, loss=0.3414]
Fine-tuning Navine AI Video:  32%|###2      | 1124/3500 [04:33<05:44,  6.89it/s, loss=0.3414]
Fine-tuning Navine AI Video:  32%|###2      | 1124/3500 [04:33<05:44,  6.89it/s, loss=0.3577]
Fine-tuning Navine AI Video:  32%|###2      | 1125/3500 [04:33<05:42,  6.94it/s, loss=0.3577]
Fine-tuning Navine AI Video:  32%|###2      | 1125/3500 [04:33<05:42,  6.94it/s, loss=0.3665]
Fine-tuning Navine AI Video:  32%|###2      | 1126/3500 [04:33<05:28,  7.22it/s, loss=0.3665]
Fine-tuning Navine AI Video:  32%|###2      | 1126/3500 [04:33<05:28,  7.22it/s, loss=0.3432]
Fine-tuning Navine AI Video:  32%|###2      | 1127/3500 [04:33<05:44,  6.90it/s, loss=0.3432]
Fine-tuning Navine AI Video:  32%|###2      | 1127/3500 [04:33<05:44,  6.90it/s, loss=0.3371]
Fine-tuning Navine AI Video:  32%|###2      | 1128/3500 [04:33<05:57,  6.64it/s, loss=0.3371]
Fine-tuning Navine AI Video:  32%|###2      | 1128/3500 [04:33<05:57,  6.64it/s, loss=0.4538]
Fine-tuning Navine AI Video:  32%|###2      | 1129/3500 [04:33<05:45,  6.86it/s, loss=0.4538]
Fine-tuning Navine AI Video:  32%|###2      | 1129/3500 [04:33<05:45,  6.86it/s, loss=0.3770]
Fine-tuning Navine AI Video:  32%|###2      | 1130/3500 [04:34<07:58,  4.95it/s, loss=0.3770]
Fine-tuning Navine AI Video:  32%|###2      | 1130/3500 [04:34<07:58,  4.95it/s, loss=0.3958]
Fine-tuning Navine AI Video:  32%|###2      | 1131/3500 [04:34<06:52,  5.75it/s, loss=0.3958]
Fine-tuning Navine AI Video:  32%|###2      | 1131/3500 [04:34<06:52,  5.75it/s, loss=0.3322]
Fine-tuning Navine AI Video:  32%|###2      | 1132/3500 [04:34<06:34,  6.00it/s, loss=0.3322]
Fine-tuning Navine AI Video:  32%|###2      | 1132/3500 [04:34<06:34,  6.00it/s, loss=0.3660]
Fine-tuning Navine AI Video:  32%|###2      | 1133/3500 [04:35<19:32,  2.02it/s, loss=0.3660]
Fine-tuning Navine AI Video:  32%|###2      | 1133/3500 [04:35<19:32,  2.02it/s, loss=0.4252]
Fine-tuning Navine AI Video:  32%|###2      | 1134/3500 [04:35<14:54,  2.64it/s, loss=0.4252]
Fine-tuning Navine AI Video:  32%|###2      | 1134/3500 [04:35<14:54,  2.64it/s, loss=0.3639]
Fine-tuning Navine AI Video:  32%|###2      | 1135/3500 [04:36<13:34,  2.90it/s, loss=0.3639]
Fine-tuning Navine AI Video:  32%|###2      | 1135/3500 [04:36<13:34,  2.90it/s, loss=0.3053]
Fine-tuning Navine AI Video:  32%|###2      | 1136/3500 [04:36<10:53,  3.62it/s, loss=0.3053]
Fine-tuning Navine AI Video:  32%|###2      | 1136/3500 [04:36<10:53,  3.62it/s, loss=0.5305]
Fine-tuning Navine AI Video:  32%|###2      | 1137/3500 [04:36<09:21,  4.21it/s, loss=0.5305]
Fine-tuning Navine AI Video:  32%|###2      | 1137/3500 [04:36<09:21,  4.21it/s, loss=0.5445]
Fine-tuning Navine AI Video:  33%|###2      | 1138/3500 [04:37<15:06,  2.61it/s, loss=0.5445]
Fine-tuning Navine AI Video:  33%|###2      | 1138/3500 [04:37<15:06,  2.61it/s, loss=0.4215]
Fine-tuning Navine AI Video:  33%|###2      | 1139/3500 [04:37<12:05,  3.25it/s, loss=0.4215]
Fine-tuning Navine AI Video:  33%|###2      | 1139/3500 [04:37<12:05,  3.25it/s, loss=0.3961]
Fine-tuning Navine AI Video:  33%|###2      | 1140/3500 [04:37<10:57,  3.59it/s, loss=0.3961]
Fine-tuning Navine AI Video:  33%|###2      | 1140/3500 [04:37<10:57,  3.59it/s, loss=0.1177]
Fine-tuning Navine AI Video:  33%|###2      | 1141/3500 [04:37<09:06,  4.32it/s, loss=0.1177]
Fine-tuning Navine AI Video:  33%|###2      | 1141/3500 [04:37<09:06,  4.32it/s, loss=0.4232]
Fine-tuning Navine AI Video:  33%|###2      | 1142/3500 [04:37<07:52,  4.99it/s, loss=0.4232]
Fine-tuning Navine AI Video:  33%|###2      | 1142/3500 [04:37<07:52,  4.99it/s, loss=0.1749]
Fine-tuning Navine AI Video:  33%|###2      | 1143/3500 [04:37<06:46,  5.80it/s, loss=0.1749]
Fine-tuning Navine AI Video:  33%|###2      | 1143/3500 [04:37<06:46,  5.80it/s, loss=0.3600]
Fine-tuning Navine AI Video:  33%|###2      | 1144/3500 [04:37<06:04,  6.46it/s, loss=0.3600]
Fine-tuning Navine AI Video:  33%|###2      | 1144/3500 [04:37<06:04,  6.46it/s, loss=0.3950]
Fine-tuning Navine AI Video:  33%|###2      | 1145/3500 [04:38<08:11,  4.79it/s, loss=0.3950]
Fine-tuning Navine AI Video:  33%|###2      | 1145/3500 [04:38<08:11,  4.79it/s, loss=0.1171]
Fine-tuning Navine AI Video:  33%|###2      | 1146/3500 [04:38<08:16,  4.74it/s, loss=0.1171]
Fine-tuning Navine AI Video:  33%|###2      | 1146/3500 [04:38<08:16,  4.74it/s, loss=0.3562]
Fine-tuning Navine AI Video:  33%|###2      | 1147/3500 [04:38<07:20,  5.34it/s, loss=0.3562]
Fine-tuning Navine AI Video:  33%|###2      | 1147/3500 [04:38<07:20,  5.34it/s, loss=0.3642]
Fine-tuning Navine AI Video:  33%|###2      | 1148/3500 [04:38<06:39,  5.89it/s, loss=0.3642]
Fine-tuning Navine AI Video:  33%|###2      | 1148/3500 [04:38<06:39,  5.89it/s, loss=0.3719]
Fine-tuning Navine AI Video:  33%|###2      | 1149/3500 [04:39<08:38,  4.54it/s, loss=0.3719]
Fine-tuning Navine AI Video:  33%|###2      | 1149/3500 [04:39<08:38,  4.54it/s, loss=0.4030]
Fine-tuning Navine AI Video:  33%|###2      | 1150/3500 [04:39<09:17,  4.22it/s, loss=0.4030]
Fine-tuning Navine AI Video:  33%|###2      | 1150/3500 [04:39<09:17,  4.22it/s, loss=0.1192]
Fine-tuning Navine AI Video:  33%|###2      | 1151/3500 [04:39<07:54,  4.95it/s, loss=0.1192]
Fine-tuning Navine AI Video:  33%|###2      | 1151/3500 [04:39<07:54,  4.95it/s, loss=0.3837]
Fine-tuning Navine AI Video:  33%|###2      | 1152/3500 [04:39<07:12,  5.43it/s, loss=0.3837]
Fine-tuning Navine AI Video:  33%|###2      | 1152/3500 [04:39<07:12,  5.43it/s, loss=0.2986]
Fine-tuning Navine AI Video:  33%|###2      | 1153/3500 [04:39<06:42,  5.83it/s, loss=0.2986]
Fine-tuning Navine AI Video:  33%|###2      | 1153/3500 [04:39<06:42,  5.83it/s, loss=0.2850]
Fine-tuning Navine AI Video:  33%|###2      | 1154/3500 [04:39<06:09,  6.35it/s, loss=0.2850]
Fine-tuning Navine AI Video:  33%|###2      | 1154/3500 [04:39<06:09,  6.35it/s, loss=0.4029]
Fine-tuning Navine AI Video:  33%|###3      | 1155/3500 [04:40<05:53,  6.63it/s, loss=0.4029]
Fine-tuning Navine AI Video:  33%|###3      | 1155/3500 [04:40<05:53,  6.63it/s, loss=0.3264]
Fine-tuning Navine AI Video:  33%|###3      | 1156/3500 [04:40<06:52,  5.69it/s, loss=0.3264]
Fine-tuning Navine AI Video:  33%|###3      | 1156/3500 [04:40<06:52,  5.69it/s, loss=0.3184]
Fine-tuning Navine AI Video:  33%|###3      | 1157/3500 [04:40<07:06,  5.49it/s, loss=0.3184]
Fine-tuning Navine AI Video:  33%|###3      | 1157/3500 [04:40<07:06,  5.49it/s, loss=0.5283]
Fine-tuning Navine AI Video:  33%|###3      | 1158/3500 [04:40<07:58,  4.90it/s, loss=0.5283]
Fine-tuning Navine AI Video:  33%|###3      | 1158/3500 [04:40<07:58,  4.90it/s, loss=0.3575]
Fine-tuning Navine AI Video:  33%|###3      | 1159/3500 [04:41<10:16,  3.80it/s, loss=0.3575]
Fine-tuning Navine AI Video:  33%|###3      | 1159/3500 [04:41<10:16,  3.80it/s, loss=0.4145]
Fine-tuning Navine AI Video:  33%|###3      | 1160/3500 [04:41<08:28,  4.60it/s, loss=0.4145]
Fine-tuning Navine AI Video:  33%|###3      | 1160/3500 [04:41<08:28,  4.60it/s, loss=0.3227]
Fine-tuning Navine AI Video:  33%|###3      | 1161/3500 [04:41<07:17,  5.34it/s, loss=0.3227]
Fine-tuning Navine AI Video:  33%|###3      | 1161/3500 [04:41<07:17,  5.34it/s, loss=0.6006]
Fine-tuning Navine AI Video:  33%|###3      | 1162/3500 [04:41<06:36,  5.90it/s, loss=0.6006]
Fine-tuning Navine AI Video:  33%|###3      | 1162/3500 [04:41<06:36,  5.90it/s, loss=0.2896]
Fine-tuning Navine AI Video:  33%|###3      | 1163/3500 [04:41<06:01,  6.46it/s, loss=0.2896]
Fine-tuning Navine AI Video:  33%|###3      | 1163/3500 [04:41<06:01,  6.46it/s, loss=0.3678]
Fine-tuning Navine AI Video:  33%|###3      | 1164/3500 [04:41<07:11,  5.41it/s, loss=0.3678]
Fine-tuning Navine AI Video:  33%|###3      | 1164/3500 [04:41<07:11,  5.41it/s, loss=0.3011]
Fine-tuning Navine AI Video:  33%|###3      | 1165/3500 [04:41<06:54,  5.63it/s, loss=0.3011]
Fine-tuning Navine AI Video:  33%|###3      | 1165/3500 [04:41<06:54,  5.63it/s, loss=0.3358]
Fine-tuning Navine AI Video:  33%|###3      | 1166/3500 [04:42<06:16,  6.20it/s, loss=0.3358]
Fine-tuning Navine AI Video:  33%|###3      | 1166/3500 [04:42<06:16,  6.20it/s, loss=0.4003]
Fine-tuning Navine AI Video:  33%|###3      | 1167/3500 [04:42<06:12,  6.26it/s, loss=0.4003]
Fine-tuning Navine AI Video:  33%|###3      | 1167/3500 [04:42<06:12,  6.26it/s, loss=0.3766]
Fine-tuning Navine AI Video:  33%|###3      | 1168/3500 [04:42<05:55,  6.55it/s, loss=0.3766]
Fine-tuning Navine AI Video:  33%|###3      | 1168/3500 [04:42<05:55,  6.55it/s, loss=0.3861]
Fine-tuning Navine AI Video:  33%|###3      | 1169/3500 [04:42<05:36,  6.93it/s, loss=0.3861]
Fine-tuning Navine AI Video:  33%|###3      | 1169/3500 [04:42<05:36,  6.93it/s, loss=0.3571]
Fine-tuning Navine AI Video:  33%|###3      | 1170/3500 [04:42<05:31,  7.02it/s, loss=0.3571]
Fine-tuning Navine AI Video:  33%|###3      | 1170/3500 [04:42<05:31,  7.02it/s, loss=0.3918]
Fine-tuning Navine AI Video:  33%|###3      | 1171/3500 [04:42<05:53,  6.59it/s, loss=0.3918]
Fine-tuning Navine AI Video:  33%|###3      | 1171/3500 [04:42<05:53,  6.59it/s, loss=0.2789]
Fine-tuning Navine AI Video:  33%|###3      | 1172/3500 [04:42<05:40,  6.84it/s, loss=0.2789]
Fine-tuning Navine AI Video:  33%|###3      | 1172/3500 [04:42<05:40,  6.84it/s, loss=0.3197]
Fine-tuning Navine AI Video:  34%|###3      | 1173/3500 [04:44<16:43,  2.32it/s, loss=0.3197]
Fine-tuning Navine AI Video:  34%|###3      | 1173/3500 [04:44<16:43,  2.32it/s, loss=0.4351]
Fine-tuning Navine AI Video:  34%|###3      | 1174/3500 [04:44<14:21,  2.70it/s, loss=0.4351]
Fine-tuning Navine AI Video:  34%|###3      | 1174/3500 [04:44<14:21,  2.70it/s, loss=0.1161]
Fine-tuning Navine AI Video:  34%|###3      | 1175/3500 [04:44<13:01,  2.98it/s, loss=0.1161]
Fine-tuning Navine AI Video:  34%|###3      | 1175/3500 [04:44<13:01,  2.98it/s, loss=0.3726]
Fine-tuning Navine AI Video:  34%|###3      | 1176/3500 [04:44<10:52,  3.56it/s, loss=0.3726]
Fine-tuning Navine AI Video:  34%|###3      | 1176/3500 [04:44<10:52,  3.56it/s, loss=0.1953]
Fine-tuning Navine AI Video:  34%|###3      | 1177/3500 [04:44<10:24,  3.72it/s, loss=0.1953]
Fine-tuning Navine AI Video:  34%|###3      | 1177/3500 [04:44<10:24,  3.72it/s, loss=0.2983]
Fine-tuning Navine AI Video:  34%|###3      | 1178/3500 [04:45<08:43,  4.43it/s, loss=0.2983]
Fine-tuning Navine AI Video:  34%|###3      | 1178/3500 [04:45<08:43,  4.43it/s, loss=0.3672]
Fine-tuning Navine AI Video:  34%|###3      | 1179/3500 [04:45<09:21,  4.14it/s, loss=0.3672]
Fine-tuning Navine AI Video:  34%|###3      | 1179/3500 [04:45<09:21,  4.14it/s, loss=0.3605]
Fine-tuning Navine AI Video:  34%|###3      | 1180/3500 [04:45<07:50,  4.93it/s, loss=0.3605]
Fine-tuning Navine AI Video:  34%|###3      | 1180/3500 [04:45<07:50,  4.93it/s, loss=0.3795]
Fine-tuning Navine AI Video:  34%|###3      | 1181/3500 [04:45<07:02,  5.49it/s, loss=0.3795]
Fine-tuning Navine AI Video:  34%|###3      | 1181/3500 [04:45<07:02,  5.49it/s, loss=0.3486]
Fine-tuning Navine AI Video:  34%|###3      | 1182/3500 [04:45<08:04,  4.79it/s, loss=0.3486]
Fine-tuning Navine AI Video:  34%|###3      | 1182/3500 [04:45<08:04,  4.79it/s, loss=0.3509]
Fine-tuning Navine AI Video:  34%|###3      | 1183/3500 [04:46<07:29,  5.15it/s, loss=0.3509]
Fine-tuning Navine AI Video:  34%|###3      | 1183/3500 [04:46<07:29,  5.15it/s, loss=0.5734]
Fine-tuning Navine AI Video:  34%|###3      | 1184/3500 [04:46<06:38,  5.81it/s, loss=0.5734]
Fine-tuning Navine AI Video:  34%|###3      | 1184/3500 [04:46<06:38,  5.81it/s, loss=0.3798]
Fine-tuning Navine AI Video:  34%|###3      | 1185/3500 [04:46<05:53,  6.56it/s, loss=0.3798]
Fine-tuning Navine AI Video:  34%|###3      | 1185/3500 [04:46<05:53,  6.56it/s, loss=0.3658]
Fine-tuning Navine AI Video:  34%|###3      | 1186/3500 [04:46<06:51,  5.63it/s, loss=0.3658]
Fine-tuning Navine AI Video:  34%|###3      | 1186/3500 [04:46<06:51,  5.63it/s, loss=0.3949]
Fine-tuning Navine AI Video:  34%|###3      | 1187/3500 [04:46<06:11,  6.22it/s, loss=0.3949]
Fine-tuning Navine AI Video:  34%|###3      | 1187/3500 [04:46<06:11,  6.22it/s, loss=0.4029]
Fine-tuning Navine AI Video:  34%|###3      | 1188/3500 [04:46<05:57,  6.47it/s, loss=0.4029]
Fine-tuning Navine AI Video:  34%|###3      | 1188/3500 [04:46<05:57,  6.47it/s, loss=0.3549]
Fine-tuning Navine AI Video:  34%|###3      | 1189/3500 [04:46<05:34,  6.91it/s, loss=0.3549]
Fine-tuning Navine AI Video:  34%|###3      | 1189/3500 [04:46<05:34,  6.91it/s, loss=0.3498]
Fine-tuning Navine AI Video:  34%|###4      | 1190/3500 [04:47<06:19,  6.08it/s, loss=0.3498]
Fine-tuning Navine AI Video:  34%|###4      | 1190/3500 [04:47<06:19,  6.08it/s, loss=0.1202]
Fine-tuning Navine AI Video:  34%|###4      | 1191/3500 [04:47<06:07,  6.28it/s, loss=0.1202]
Fine-tuning Navine AI Video:  34%|###4      | 1191/3500 [04:47<06:07,  6.28it/s, loss=0.2659]
Fine-tuning Navine AI Video:  34%|###4      | 1192/3500 [04:47<05:50,  6.59it/s, loss=0.2659]
Fine-tuning Navine AI Video:  34%|###4      | 1192/3500 [04:47<05:50,  6.59it/s, loss=0.2845]
Fine-tuning Navine AI Video:  34%|###4      | 1193/3500 [04:47<05:49,  6.59it/s, loss=0.2845]
Fine-tuning Navine AI Video:  34%|###4      | 1193/3500 [04:47<05:49,  6.59it/s, loss=0.2939]
Fine-tuning Navine AI Video:  34%|###4      | 1194/3500 [04:47<05:39,  6.79it/s, loss=0.2939]
Fine-tuning Navine AI Video:  34%|###4      | 1194/3500 [04:47<05:39,  6.79it/s, loss=0.3109]
Fine-tuning Navine AI Video:  34%|###4      | 1195/3500 [04:47<06:28,  5.93it/s, loss=0.3109]
Fine-tuning Navine AI Video:  34%|###4      | 1195/3500 [04:47<06:28,  5.93it/s, loss=0.1198]
Fine-tuning Navine AI Video:  34%|###4      | 1196/3500 [04:47<06:28,  5.93it/s, loss=0.3749]
Fine-tuning Navine AI Video:  34%|###4      | 1197/3500 [04:48<05:28,  7.01it/s, loss=0.3749]
Fine-tuning Navine AI Video:  34%|###4      | 1197/3500 [04:48<05:28,  7.01it/s, loss=0.2767]
Fine-tuning Navine AI Video:  34%|###4      | 1198/3500 [04:48<05:08,  7.47it/s, loss=0.2767]
Fine-tuning Navine AI Video:  34%|###4      | 1198/3500 [04:48<05:08,  7.47it/s, loss=0.3213]
Fine-tuning Navine AI Video:  34%|###4      | 1199/3500 [04:48<05:02,  7.61it/s, loss=0.3213]
Fine-tuning Navine AI Video:  34%|###4      | 1199/3500 [04:48<05:02,  7.61it/s, loss=0.4268]
Fine-tuning Navine AI Video:  34%|###4      | 1200/3500 [04:48<06:20,  6.05it/s, loss=0.4268]
Fine-tuning Navine AI Video:  34%|###4      | 1200/3500 [04:48<06:20,  6.05it/s, loss=0.1426]
Fine-tuning Navine AI Video:  34%|###4      | 1201/3500 [04:49<09:07,  4.20it/s, loss=0.1426]
Fine-tuning Navine AI Video:  34%|###4      | 1201/3500 [04:49<09:07,  4.20it/s, loss=0.5967]
Fine-tuning Navine AI Video:  34%|###4      | 1202/3500 [04:49<12:18,  3.11it/s, loss=0.5967]
Fine-tuning Navine AI Video:  34%|###4      | 1202/3500 [04:49<12:18,  3.11it/s, loss=0.3532]
Fine-tuning Navine AI Video:  34%|###4      | 1203/3500 [04:49<10:21,  3.69it/s, loss=0.3532]
Fine-tuning Navine AI Video:  34%|###4      | 1203/3500 [04:49<10:21,  3.69it/s, loss=0.3200]
Fine-tuning Navine AI Video:  34%|###4      | 1204/3500 [04:49<08:42,  4.40it/s, loss=0.3200]
Fine-tuning Navine AI Video:  34%|###4      | 1204/3500 [04:49<08:42,  4.40it/s, loss=0.3898]
Fine-tuning Navine AI Video:  34%|###4      | 1205/3500 [04:50<08:48,  4.34it/s, loss=0.3898]
Fine-tuning Navine AI Video:  34%|###4      | 1205/3500 [04:50<08:48,  4.34it/s, loss=0.5411]
Fine-tuning Navine AI Video:  34%|###4      | 1206/3500 [04:50<07:32,  5.07it/s, loss=0.5411]
Fine-tuning Navine AI Video:  34%|###4      | 1206/3500 [04:50<07:32,  5.07it/s, loss=0.2524]
Fine-tuning Navine AI Video:  34%|###4      | 1207/3500 [04:50<08:24,  4.55it/s, loss=0.2524]
Fine-tuning Navine AI Video:  34%|###4      | 1207/3500 [04:50<08:24,  4.55it/s, loss=0.3006]
Fine-tuning Navine AI Video:  35%|###4      | 1208/3500 [04:50<09:18,  4.10it/s, loss=0.3006]
Fine-tuning Navine AI Video:  35%|###4      | 1208/3500 [04:50<09:18,  4.10it/s, loss=0.4076]
Fine-tuning Navine AI Video:  35%|###4      | 1209/3500 [04:51<17:35,  2.17it/s, loss=0.4076]
Fine-tuning Navine AI Video:  35%|###4      | 1209/3500 [04:51<17:35,  2.17it/s, loss=0.4419]
Fine-tuning Navine AI Video:  35%|###4      | 1210/3500 [04:51<13:45,  2.78it/s, loss=0.4419]
Fine-tuning Navine AI Video:  35%|###4      | 1210/3500 [04:51<13:45,  2.78it/s, loss=0.3867]
Fine-tuning Navine AI Video:  35%|###4      | 1211/3500 [04:51<11:20,  3.36it/s, loss=0.3867]
Fine-tuning Navine AI Video:  35%|###4      | 1211/3500 [04:51<11:20,  3.36it/s, loss=0.3153]
Fine-tuning Navine AI Video:  35%|###4      | 1212/3500 [04:52<09:22,  4.06it/s, loss=0.3153]
Fine-tuning Navine AI Video:  35%|###4      | 1212/3500 [04:52<09:22,  4.06it/s, loss=0.5851]
Fine-tuning Navine AI Video:  35%|###4      | 1213/3500 [04:52<07:55,  4.80it/s, loss=0.5851]
Fine-tuning Navine AI Video:  35%|###4      | 1213/3500 [04:52<07:55,  4.80it/s, loss=0.3242]
Fine-tuning Navine AI Video:  35%|###4      | 1214/3500 [04:52<06:51,  5.55it/s, loss=0.3242]
Fine-tuning Navine AI Video:  35%|###4      | 1214/3500 [04:52<06:51,  5.55it/s, loss=0.3785]
Fine-tuning Navine AI Video:  35%|###4      | 1215/3500 [04:52<06:12,  6.14it/s, loss=0.3785]
Fine-tuning Navine AI Video:  35%|###4      | 1215/3500 [04:52<06:12,  6.14it/s, loss=0.3975]
Fine-tuning Navine AI Video:  35%|###4      | 1216/3500 [04:52<08:39,  4.40it/s, loss=0.3975]
Fine-tuning Navine AI Video:  35%|###4      | 1216/3500 [04:52<08:39,  4.40it/s, loss=0.4149]
Fine-tuning Navine AI Video:  35%|###4      | 1217/3500 [04:53<09:23,  4.05it/s, loss=0.4149]
Fine-tuning Navine AI Video:  35%|###4      | 1217/3500 [04:53<09:23,  4.05it/s, loss=0.4048]
Fine-tuning Navine AI Video:  35%|###4      | 1218/3500 [04:53<07:55,  4.80it/s, loss=0.4048]
Fine-tuning Navine AI Video:  35%|###4      | 1218/3500 [04:53<07:55,  4.80it/s, loss=0.4327]
Fine-tuning Navine AI Video:  35%|###4      | 1219/3500 [04:53<12:07,  3.13it/s, loss=0.4327]
Fine-tuning Navine AI Video:  35%|###4      | 1219/3500 [04:53<12:07,  3.13it/s, loss=0.3842]
Fine-tuning Navine AI Video:  35%|###4      | 1220/3500 [04:53<09:45,  3.89it/s, loss=0.3842]
Fine-tuning Navine AI Video:  35%|###4      | 1220/3500 [04:53<09:45,  3.89it/s, loss=0.2763]
Fine-tuning Navine AI Video:  35%|###4      | 1221/3500 [04:54<08:13,  4.62it/s, loss=0.2763]
Fine-tuning Navine AI Video:  35%|###4      | 1221/3500 [04:54<08:13,  4.62it/s, loss=0.3045]
Fine-tuning Navine AI Video:  35%|###4      | 1222/3500 [04:54<09:08,  4.15it/s, loss=0.3045]
Fine-tuning Navine AI Video:  35%|###4      | 1222/3500 [04:54<09:08,  4.15it/s, loss=0.2968]
Fine-tuning Navine AI Video:  35%|###4      | 1223/3500 [04:54<07:59,  4.75it/s, loss=0.2968]
Fine-tuning Navine AI Video:  35%|###4      | 1223/3500 [04:54<07:59,  4.75it/s, loss=0.4077]
Fine-tuning Navine AI Video:  35%|###4      | 1224/3500 [04:55<12:45,  2.97it/s, loss=0.4077]
Fine-tuning Navine AI Video:  35%|###4      | 1224/3500 [04:55<12:45,  2.97it/s, loss=0.4008]
Fine-tuning Navine AI Video:  35%|###5      | 1225/3500 [04:55<10:24,  3.64it/s, loss=0.4008]
Fine-tuning Navine AI Video:  35%|###5      | 1225/3500 [04:55<10:24,  3.64it/s, loss=0.5276]
Fine-tuning Navine AI Video:  35%|###5      | 1226/3500 [04:55<09:06,  4.16it/s, loss=0.5276]
Fine-tuning Navine AI Video:  35%|###5      | 1226/3500 [04:55<09:06,  4.16it/s, loss=0.3154]
Fine-tuning Navine AI Video:  35%|###5      | 1227/3500 [04:55<07:47,  4.86it/s, loss=0.3154]
Fine-tuning Navine AI Video:  35%|###5      | 1227/3500 [04:55<07:47,  4.86it/s, loss=0.3968]
Fine-tuning Navine AI Video:  35%|###5      | 1228/3500 [04:55<06:56,  5.46it/s, loss=0.3968]
Fine-tuning Navine AI Video:  35%|###5      | 1228/3500 [04:55<06:56,  5.46it/s, loss=0.3097]
Fine-tuning Navine AI Video:  35%|###5      | 1229/3500 [04:55<06:15,  6.05it/s, loss=0.3097]
Fine-tuning Navine AI Video:  35%|###5      | 1229/3500 [04:55<06:15,  6.05it/s, loss=0.5594]
Fine-tuning Navine AI Video:  35%|###5      | 1230/3500 [04:56<06:51,  5.52it/s, loss=0.5594]
Fine-tuning Navine AI Video:  35%|###5      | 1230/3500 [04:56<06:51,  5.52it/s, loss=0.3220]
Fine-tuning Navine AI Video:  35%|###5      | 1231/3500 [04:56<06:46,  5.58it/s, loss=0.3220]
Fine-tuning Navine AI Video:  35%|###5      | 1231/3500 [04:56<06:46,  5.58it/s, loss=0.3502]
Fine-tuning Navine AI Video:  35%|###5      | 1232/3500 [04:56<09:10,  4.12it/s, loss=0.3502]
Fine-tuning Navine AI Video:  35%|###5      | 1232/3500 [04:56<09:10,  4.12it/s, loss=0.4091]
Fine-tuning Navine AI Video:  35%|###5      | 1233/3500 [04:56<09:34,  3.94it/s, loss=0.4091]
Fine-tuning Navine AI Video:  35%|###5      | 1233/3500 [04:56<09:34,  3.94it/s, loss=0.1445]
Fine-tuning Navine AI Video:  35%|###5      | 1234/3500 [04:57<08:16,  4.56it/s, loss=0.1445]
Fine-tuning Navine AI Video:  35%|###5      | 1234/3500 [04:57<08:16,  4.56it/s, loss=0.3583]
Fine-tuning Navine AI Video:  35%|###5      | 1235/3500 [04:57<07:39,  4.93it/s, loss=0.3583]
Fine-tuning Navine AI Video:  35%|###5      | 1235/3500 [04:57<07:39,  4.93it/s, loss=0.3208]
Fine-tuning Navine AI Video:  35%|###5      | 1236/3500 [04:57<06:49,  5.53it/s, loss=0.3208]
Fine-tuning Navine AI Video:  35%|###5      | 1236/3500 [04:57<06:49,  5.53it/s, loss=0.3979]
Fine-tuning Navine AI Video:  35%|###5      | 1237/3500 [04:57<07:53,  4.78it/s, loss=0.3979]
Fine-tuning Navine AI Video:  35%|###5      | 1237/3500 [04:57<07:53,  4.78it/s, loss=0.1007]
Fine-tuning Navine AI Video:  35%|###5      | 1238/3500 [04:57<08:13,  4.58it/s, loss=0.1007]
Fine-tuning Navine AI Video:  35%|###5      | 1238/3500 [04:57<08:13,  4.58it/s, loss=0.3684]
Fine-tuning Navine AI Video:  35%|###5      | 1239/3500 [04:58<08:35,  4.39it/s, loss=0.3684]
Fine-tuning Navine AI Video:  35%|###5      | 1239/3500 [04:58<08:35,  4.39it/s, loss=0.3334]
Fine-tuning Navine AI Video:  35%|###5      | 1240/3500 [04:58<07:24,  5.08it/s, loss=0.3334]
Fine-tuning Navine AI Video:  35%|###5      | 1240/3500 [04:58<07:24,  5.08it/s, loss=0.5362]
Fine-tuning Navine AI Video:  35%|###5      | 1241/3500 [04:58<06:35,  5.72it/s, loss=0.5362]
Fine-tuning Navine AI Video:  35%|###5      | 1241/3500 [04:58<06:35,  5.72it/s, loss=0.2127]
Fine-tuning Navine AI Video:  35%|###5      | 1242/3500 [04:58<07:42,  4.88it/s, loss=0.2127]
Fine-tuning Navine AI Video:  35%|###5      | 1242/3500 [04:58<07:42,  4.88it/s, loss=0.1169]
Fine-tuning Navine AI Video:  36%|###5      | 1243/3500 [04:58<06:54,  5.45it/s, loss=0.1169]
Fine-tuning Navine AI Video:  36%|###5      | 1243/3500 [04:58<06:54,  5.45it/s, loss=0.2847]
Fine-tuning Navine AI Video:  36%|###5      | 1244/3500 [04:58<06:27,  5.82it/s, loss=0.2847]
Fine-tuning Navine AI Video:  36%|###5      | 1244/3500 [04:58<06:27,  5.82it/s, loss=0.4080]
Fine-tuning Navine AI Video:  36%|###5      | 1245/3500 [04:59<07:35,  4.95it/s, loss=0.4080]
Fine-tuning Navine AI Video:  36%|###5      | 1245/3500 [04:59<07:35,  4.95it/s, loss=0.3000]
Fine-tuning Navine AI Video:  36%|###5      | 1246/3500 [04:59<07:43,  4.86it/s, loss=0.3000]
Fine-tuning Navine AI Video:  36%|###5      | 1246/3500 [04:59<07:43,  4.86it/s, loss=0.1207]
Fine-tuning Navine AI Video:  36%|###5      | 1247/3500 [04:59<08:31,  4.40it/s, loss=0.1207]
Fine-tuning Navine AI Video:  36%|###5      | 1247/3500 [04:59<08:31,  4.40it/s, loss=0.2996]
Fine-tuning Navine AI Video:  36%|###5      | 1248/3500 [04:59<08:18,  4.52it/s, loss=0.2996]
Fine-tuning Navine AI Video:  36%|###5      | 1248/3500 [04:59<08:18,  4.52it/s, loss=0.1164]
Fine-tuning Navine AI Video:  36%|###5      | 1249/3500 [04:59<07:27,  5.03it/s, loss=0.1164]
Fine-tuning Navine AI Video:  36%|###5      | 1249/3500 [04:59<07:27,  5.03it/s, loss=0.2986]
Fine-tuning Navine AI Video:  36%|###5      | 1250/3500 [05:00<06:56,  5.40it/s, loss=0.2986]
Fine-tuning Navine AI Video:  36%|###5      | 1250/3500 [05:00<06:56,  5.40it/s, loss=0.3153]
Fine-tuning Navine AI Video:  36%|###5      | 1251/3500 [05:00<06:30,  5.75it/s, loss=0.3153]
Fine-tuning Navine AI Video:  36%|###5      | 1251/3500 [05:00<06:30,  5.75it/s, loss=0.3286]
Fine-tuning Navine AI Video:  36%|###5      | 1252/3500 [05:00<06:05,  6.15it/s, loss=0.3286]
Fine-tuning Navine AI Video:  36%|###5      | 1252/3500 [05:00<06:05,  6.15it/s, loss=0.1741]
Fine-tuning Navine AI Video:  36%|###5      | 1253/3500 [05:00<09:06,  4.11it/s, loss=0.1741]
Fine-tuning Navine AI Video:  36%|###5      | 1253/3500 [05:00<09:06,  4.11it/s, loss=0.3647]
Fine-tuning Navine AI Video:  36%|###5      | 1254/3500 [05:01<08:35,  4.36it/s, loss=0.3647]
Fine-tuning Navine AI Video:  36%|###5      | 1254/3500 [05:01<08:35,  4.36it/s, loss=0.5988]
Fine-tuning Navine AI Video:  36%|###5      | 1255/3500 [05:01<07:49,  4.78it/s, loss=0.5988]
Fine-tuning Navine AI Video:  36%|###5      | 1255/3500 [05:01<07:49,  4.78it/s, loss=0.5500]
Fine-tuning Navine AI Video:  36%|###5      | 1256/3500 [05:02<18:19,  2.04it/s, loss=0.5500]
Fine-tuning Navine AI Video:  36%|###5      | 1256/3500 [05:02<18:19,  2.04it/s, loss=0.4426]
Fine-tuning Navine AI Video:  36%|###5      | 1257/3500 [05:02<14:31,  2.57it/s, loss=0.4426]
Fine-tuning Navine AI Video:  36%|###5      | 1257/3500 [05:02<14:31,  2.57it/s, loss=0.3189]
Fine-tuning Navine AI Video:  36%|###5      | 1258/3500 [05:03<20:13,  1.85it/s, loss=0.3189]
Fine-tuning Navine AI Video:  36%|###5      | 1258/3500 [05:03<20:13,  1.85it/s, loss=0.3850]
Fine-tuning Navine AI Video:  36%|###5      | 1259/3500 [05:03<16:35,  2.25it/s, loss=0.3850]
Fine-tuning Navine AI Video:  36%|###5      | 1259/3500 [05:03<16:35,  2.25it/s, loss=0.3295]
Fine-tuning Navine AI Video:  36%|###6      | 1260/3500 [05:03<14:40,  2.55it/s, loss=0.3295]
Fine-tuning Navine AI Video:  36%|###6      | 1260/3500 [05:03<14:40,  2.55it/s, loss=0.1140]
Fine-tuning Navine AI Video:  36%|###6      | 1261/3500 [05:04<13:38,  2.73it/s, loss=0.1140]
Fine-tuning Navine AI Video:  36%|###6      | 1261/3500 [05:04<13:38,  2.73it/s, loss=0.2947]
Fine-tuning Navine AI Video:  36%|###6      | 1262/3500 [05:04<12:47,  2.91it/s, loss=0.2947]
Fine-tuning Navine AI Video:  36%|###6      | 1262/3500 [05:04<12:47,  2.91it/s, loss=0.3735]
Fine-tuning Navine AI Video:  36%|###6      | 1263/3500 [05:04<11:59,  3.11it/s, loss=0.3735]
Fine-tuning Navine AI Video:  36%|###6      | 1263/3500 [05:04<11:59,  3.11it/s, loss=0.1263]
Fine-tuning Navine AI Video:  36%|###6      | 1264/3500 [05:05<12:28,  2.99it/s, loss=0.1263]
Fine-tuning Navine AI Video:  36%|###6      | 1264/3500 [05:05<12:28,  2.99it/s, loss=0.3628]
Fine-tuning Navine AI Video:  36%|###6      | 1265/3500 [05:05<09:51,  3.78it/s, loss=0.3628]
Fine-tuning Navine AI Video:  36%|###6      | 1265/3500 [05:05<09:51,  3.78it/s, loss=0.3961]
Fine-tuning Navine AI Video:  36%|###6      | 1266/3500 [05:05<08:26,  4.41it/s, loss=0.3961]
Fine-tuning Navine AI Video:  36%|###6      | 1266/3500 [05:05<08:26,  4.41it/s, loss=0.2865]
Fine-tuning Navine AI Video:  36%|###6      | 1267/3500 [05:05<10:35,  3.51it/s, loss=0.2865]
Fine-tuning Navine AI Video:  36%|###6      | 1267/3500 [05:05<10:35,  3.51it/s, loss=0.3483]
Fine-tuning Navine AI Video:  36%|###6      | 1268/3500 [05:05<08:44,  4.26it/s, loss=0.3483]
Fine-tuning Navine AI Video:  36%|###6      | 1268/3500 [05:05<08:44,  4.26it/s, loss=0.3813]
Fine-tuning Navine AI Video:  36%|###6      | 1269/3500 [05:06<10:38,  3.49it/s, loss=0.3813]
Fine-tuning Navine AI Video:  36%|###6      | 1269/3500 [05:06<10:38,  3.49it/s, loss=0.4221]
Fine-tuning Navine AI Video:  36%|###6      | 1270/3500 [05:06<10:02,  3.70it/s, loss=0.4221]
Fine-tuning Navine AI Video:  36%|###6      | 1270/3500 [05:06<10:02,  3.70it/s, loss=0.1160]
Fine-tuning Navine AI Video:  36%|###6      | 1271/3500 [05:06<09:47,  3.79it/s, loss=0.1160]
Fine-tuning Navine AI Video:  36%|###6      | 1271/3500 [05:06<09:47,  3.79it/s, loss=0.3584]
Fine-tuning Navine AI Video:  36%|###6      | 1272/3500 [05:06<08:32,  4.35it/s, loss=0.3584]
Fine-tuning Navine AI Video:  36%|###6      | 1272/3500 [05:06<08:32,  4.35it/s, loss=0.3109]
Fine-tuning Navine AI Video:  36%|###6      | 1273/3500 [05:07<07:36,  4.88it/s, loss=0.3109]
Fine-tuning Navine AI Video:  36%|###6      | 1273/3500 [05:07<07:36,  4.88it/s, loss=0.1877]
Fine-tuning Navine AI Video:  36%|###6      | 1274/3500 [05:07<06:43,  5.52it/s, loss=0.1877]
Fine-tuning Navine AI Video:  36%|###6      | 1274/3500 [05:07<06:43,  5.52it/s, loss=0.3353]
Fine-tuning Navine AI Video:  36%|###6      | 1275/3500 [05:07<06:16,  5.90it/s, loss=0.3353]
Fine-tuning Navine AI Video:  36%|###6      | 1275/3500 [05:07<06:16,  5.90it/s, loss=0.3103]
Fine-tuning Navine AI Video:  36%|###6      | 1276/3500 [05:07<05:58,  6.20it/s, loss=0.3103]
Fine-tuning Navine AI Video:  36%|###6      | 1276/3500 [05:07<05:58,  6.20it/s, loss=0.1714]
Fine-tuning Navine AI Video:  36%|###6      | 1277/3500 [05:07<07:14,  5.12it/s, loss=0.1714]
Fine-tuning Navine AI Video:  36%|###6      | 1277/3500 [05:07<07:14,  5.12it/s, loss=0.1125]
Fine-tuning Navine AI Video:  37%|###6      | 1278/3500 [05:07<06:31,  5.67it/s, loss=0.1125]
Fine-tuning Navine AI Video:  37%|###6      | 1278/3500 [05:07<06:31,  5.67it/s, loss=0.4425]
Fine-tuning Navine AI Video:  37%|###6      | 1279/3500 [05:08<06:06,  6.06it/s, loss=0.4425]
Fine-tuning Navine AI Video:  37%|###6      | 1279/3500 [05:08<06:06,  6.06it/s, loss=0.3303]
Fine-tuning Navine AI Video:  37%|###6      | 1280/3500 [05:08<08:11,  4.52it/s, loss=0.3303]
Fine-tuning Navine AI Video:  37%|###6      | 1280/3500 [05:08<08:11,  4.52it/s, loss=0.3898]
Fine-tuning Navine AI Video:  37%|###6      | 1281/3500 [05:08<07:24,  4.99it/s, loss=0.3898]
Fine-tuning Navine AI Video:  37%|###6      | 1281/3500 [05:08<07:24,  4.99it/s, loss=0.3374]
Fine-tuning Navine AI Video:  37%|###6      | 1282/3500 [05:09<14:52,  2.49it/s, loss=0.3374]
Fine-tuning Navine AI Video:  37%|###6      | 1282/3500 [05:09<14:52,  2.49it/s, loss=0.4351]
Fine-tuning Navine AI Video:  37%|###6      | 1283/3500 [05:09<13:34,  2.72it/s, loss=0.4351]
Fine-tuning Navine AI Video:  37%|###6      | 1283/3500 [05:09<13:34,  2.72it/s, loss=0.1144]
Fine-tuning Navine AI Video:  37%|###6      | 1284/3500 [05:09<11:21,  3.25it/s, loss=0.1144]
Fine-tuning Navine AI Video:  37%|###6      | 1284/3500 [05:09<11:21,  3.25it/s, loss=0.3600]
Fine-tuning Navine AI Video:  37%|###6      | 1285/3500 [05:09<09:19,  3.96it/s, loss=0.3600]
Fine-tuning Navine AI Video:  37%|###6      | 1285/3500 [05:10<09:19,  3.96it/s, loss=0.3436]
Fine-tuning Navine AI Video:  37%|###6      | 1286/3500 [05:10<07:52,  4.68it/s, loss=0.3436]
Fine-tuning Navine AI Video:  37%|###6      | 1286/3500 [05:10<07:52,  4.68it/s, loss=0.3749]
Fine-tuning Navine AI Video:  37%|###6      | 1287/3500 [05:10<07:15,  5.08it/s, loss=0.3749]
Fine-tuning Navine AI Video:  37%|###6      | 1287/3500 [05:10<07:15,  5.08it/s, loss=0.3282]
Fine-tuning Navine AI Video:  37%|###6      | 1288/3500 [05:10<08:55,  4.13it/s, loss=0.3282]
Fine-tuning Navine AI Video:  37%|###6      | 1288/3500 [05:10<08:55,  4.13it/s, loss=0.3857]
Fine-tuning Navine AI Video:  37%|###6      | 1289/3500 [05:11<13:56,  2.64it/s, loss=0.3857]
Fine-tuning Navine AI Video:  37%|###6      | 1289/3500 [05:11<13:56,  2.64it/s, loss=0.3976]
Fine-tuning Navine AI Video:  37%|###6      | 1290/3500 [05:11<11:20,  3.25it/s, loss=0.3976]
Fine-tuning Navine AI Video:  37%|###6      | 1290/3500 [05:11<11:20,  3.25it/s, loss=0.2255]
Fine-tuning Navine AI Video:  37%|###6      | 1291/3500 [05:11<09:24,  3.91it/s, loss=0.2255]
Fine-tuning Navine AI Video:  37%|###6      | 1291/3500 [05:11<09:24,  3.91it/s, loss=0.4334]
Fine-tuning Navine AI Video:  37%|###6      | 1292/3500 [05:11<09:25,  3.90it/s, loss=0.4334]
Fine-tuning Navine AI Video:  37%|###6      | 1292/3500 [05:11<09:25,  3.90it/s, loss=0.4403]
Fine-tuning Navine AI Video:  37%|###6      | 1293/3500 [05:12<09:47,  3.76it/s, loss=0.4403]
Fine-tuning Navine AI Video:  37%|###6      | 1293/3500 [05:12<09:47,  3.76it/s, loss=0.3722]
Fine-tuning Navine AI Video:  37%|###6      | 1294/3500 [05:12<10:02,  3.66it/s, loss=0.3722]
Fine-tuning Navine AI Video:  37%|###6      | 1294/3500 [05:12<10:02,  3.66it/s, loss=0.4184]
Fine-tuning Navine AI Video:  37%|###7      | 1295/3500 [05:12<09:39,  3.81it/s, loss=0.4184]
Fine-tuning Navine AI Video:  37%|###7      | 1295/3500 [05:12<09:39,  3.81it/s, loss=0.1130]
Fine-tuning Navine AI Video:  37%|###7      | 1296/3500 [05:13<10:34,  3.47it/s, loss=0.1130]
Fine-tuning Navine AI Video:  37%|###7      | 1296/3500 [05:13<10:34,  3.47it/s, loss=0.3658]
Fine-tuning Navine AI Video:  37%|###7      | 1297/3500 [05:13<09:56,  3.69it/s, loss=0.3658]
Fine-tuning Navine AI Video:  37%|###7      | 1297/3500 [05:13<09:56,  3.69it/s, loss=0.3500]
Fine-tuning Navine AI Video:  37%|###7      | 1298/3500 [05:13<08:11,  4.48it/s, loss=0.3500]
Fine-tuning Navine AI Video:  37%|###7      | 1298/3500 [05:13<08:11,  4.48it/s, loss=0.4262]
Fine-tuning Navine AI Video:  37%|###7      | 1299/3500 [05:13<07:13,  5.07it/s, loss=0.4262]
Fine-tuning Navine AI Video:  37%|###7      | 1299/3500 [05:13<07:13,  5.07it/s, loss=0.5389]
Fine-tuning Navine AI Video:  37%|###7      | 1300/3500 [05:13<08:20,  4.39it/s, loss=0.5389]
Fine-tuning Navine AI Video:  37%|###7      | 1300/3500 [05:13<08:20,  4.39it/s, loss=0.4352]
Fine-tuning Navine AI Video:  37%|###7      | 1301/3500 [05:13<07:21,  4.98it/s, loss=0.4352]
Fine-tuning Navine AI Video:  37%|###7      | 1301/3500 [05:13<07:21,  4.98it/s, loss=0.4036]
Fine-tuning Navine AI Video:  37%|###7      | 1302/3500 [05:14<06:21,  5.76it/s, loss=0.4036]
Fine-tuning Navine AI Video:  37%|###7      | 1302/3500 [05:14<06:21,  5.76it/s, loss=0.4286]
Fine-tuning Navine AI Video:  37%|###7      | 1303/3500 [05:14<11:42,  3.13it/s, loss=0.4286]
Fine-tuning Navine AI Video:  37%|###7      | 1303/3500 [05:14<11:42,  3.13it/s, loss=0.4039]
Fine-tuning Navine AI Video:  37%|###7      | 1304/3500 [05:14<09:32,  3.84it/s, loss=0.4039]
Fine-tuning Navine AI Video:  37%|###7      | 1304/3500 [05:14<09:32,  3.84it/s, loss=0.3629]
Fine-tuning Navine AI Video:  37%|###7      | 1305/3500 [05:15<10:43,  3.41it/s, loss=0.3629]
Fine-tuning Navine AI Video:  37%|###7      | 1305/3500 [05:15<10:43,  3.41it/s, loss=0.3745]
Fine-tuning Navine AI Video:  37%|###7      | 1306/3500 [05:15<08:39,  4.22it/s, loss=0.3745]
Fine-tuning Navine AI Video:  37%|###7      | 1306/3500 [05:15<08:39,  4.22it/s, loss=0.3466]
Fine-tuning Navine AI Video:  37%|###7      | 1307/3500 [05:15<07:37,  4.79it/s, loss=0.3466]
Fine-tuning Navine AI Video:  37%|###7      | 1307/3500 [05:15<07:37,  4.79it/s, loss=0.4719]
Fine-tuning Navine AI Video:  37%|###7      | 1308/3500 [05:15<06:30,  5.62it/s, loss=0.4719]
Fine-tuning Navine AI Video:  37%|###7      | 1308/3500 [05:15<06:30,  5.62it/s, loss=0.3538]
Fine-tuning Navine AI Video:  37%|###7      | 1309/3500 [05:15<05:55,  6.16it/s, loss=0.3538]
Fine-tuning Navine AI Video:  37%|###7      | 1309/3500 [05:15<05:55,  6.16it/s, loss=0.3462]
Fine-tuning Navine AI Video:  37%|###7      | 1310/3500 [05:15<05:38,  6.48it/s, loss=0.3462]
Fine-tuning Navine AI Video:  37%|###7      | 1310/3500 [05:15<05:38,  6.48it/s, loss=0.3023]
Fine-tuning Navine AI Video:  37%|###7      | 1311/3500 [05:15<05:19,  6.86it/s, loss=0.3023]
Fine-tuning Navine AI Video:  37%|###7      | 1311/3500 [05:15<05:19,  6.86it/s, loss=0.4058]
Fine-tuning Navine AI Video:  37%|###7      | 1312/3500 [05:16<05:12,  7.01it/s, loss=0.4058]
Fine-tuning Navine AI Video:  37%|###7      | 1312/3500 [05:16<05:12,  7.01it/s, loss=0.3596]
Fine-tuning Navine AI Video:  38%|###7      | 1313/3500 [05:16<04:50,  7.52it/s, loss=0.3596]
Fine-tuning Navine AI Video:  38%|###7      | 1313/3500 [05:16<04:50,  7.52it/s, loss=0.3953]
Fine-tuning Navine AI Video:  38%|###7      | 1314/3500 [05:16<06:13,  5.86it/s, loss=0.3953]
Fine-tuning Navine AI Video:  38%|###7      | 1314/3500 [05:16<06:13,  5.86it/s, loss=0.3754]
Fine-tuning Navine AI Video:  38%|###7      | 1315/3500 [05:16<05:42,  6.38it/s, loss=0.3754]
Fine-tuning Navine AI Video:  38%|###7      | 1315/3500 [05:16<05:42,  6.38it/s, loss=0.5360]
Fine-tuning Navine AI Video:  38%|###7      | 1316/3500 [05:16<05:20,  6.81it/s, loss=0.5360]
Fine-tuning Navine AI Video:  38%|###7      | 1316/3500 [05:16<05:20,  6.81it/s, loss=0.3746]
Fine-tuning Navine AI Video:  38%|###7      | 1317/3500 [05:16<04:57,  7.35it/s, loss=0.3746]
Fine-tuning Navine AI Video:  38%|###7      | 1317/3500 [05:16<04:57,  7.35it/s, loss=0.3776]
Fine-tuning Navine AI Video:  38%|###7      | 1318/3500 [05:17<07:06,  5.12it/s, loss=0.3776]
Fine-tuning Navine AI Video:  38%|###7      | 1318/3500 [05:17<07:06,  5.12it/s, loss=0.4388]
Fine-tuning Navine AI Video:  38%|###7      | 1319/3500 [05:17<06:55,  5.25it/s, loss=0.4388]
Fine-tuning Navine AI Video:  38%|###7      | 1319/3500 [05:17<06:55,  5.25it/s, loss=0.3878]
Fine-tuning Navine AI Video:  38%|###7      | 1320/3500 [05:17<06:10,  5.88it/s, loss=0.3878]
Fine-tuning Navine AI Video:  38%|###7      | 1320/3500 [05:17<06:10,  5.88it/s, loss=0.3319]
Fine-tuning Navine AI Video:  38%|###7      | 1321/3500 [05:17<06:44,  5.39it/s, loss=0.3319]
Fine-tuning Navine AI Video:  38%|###7      | 1321/3500 [05:17<06:44,  5.39it/s, loss=0.2995]
Fine-tuning Navine AI Video:  38%|###7      | 1322/3500 [05:17<07:50,  4.63it/s, loss=0.2995]
Fine-tuning Navine AI Video:  38%|###7      | 1322/3500 [05:17<07:50,  4.63it/s, loss=0.1157]
Fine-tuning Navine AI Video:  38%|###7      | 1323/3500 [05:18<07:00,  5.18it/s, loss=0.1157]
Fine-tuning Navine AI Video:  38%|###7      | 1323/3500 [05:18<07:00,  5.18it/s, loss=0.1791]
Fine-tuning Navine AI Video:  38%|###7      | 1324/3500 [05:18<07:26,  4.88it/s, loss=0.1791]
Fine-tuning Navine AI Video:  38%|###7      | 1324/3500 [05:18<07:26,  4.88it/s, loss=0.0915]
Fine-tuning Navine AI Video:  38%|###7      | 1325/3500 [05:18<08:18,  4.36it/s, loss=0.0915]
Fine-tuning Navine AI Video:  38%|###7      | 1325/3500 [05:18<08:18,  4.36it/s, loss=0.2973]
Fine-tuning Navine AI Video:  38%|###7      | 1326/3500 [05:18<08:55,  4.06it/s, loss=0.2973]
Fine-tuning Navine AI Video:  38%|###7      | 1326/3500 [05:18<08:55,  4.06it/s, loss=0.3705]
Fine-tuning Navine AI Video:  38%|###7      | 1327/3500 [05:19<08:58,  4.04it/s, loss=0.3705]
Fine-tuning Navine AI Video:  38%|###7      | 1327/3500 [05:19<08:58,  4.04it/s, loss=0.1032]
Fine-tuning Navine AI Video:  38%|###7      | 1328/3500 [05:19<07:27,  4.85it/s, loss=0.1032]
Fine-tuning Navine AI Video:  38%|###7      | 1328/3500 [05:19<07:27,  4.85it/s, loss=0.3886]
Fine-tuning Navine AI Video:  38%|###7      | 1329/3500 [05:19<07:23,  4.89it/s, loss=0.3886]
Fine-tuning Navine AI Video:  38%|###7      | 1329/3500 [05:19<07:23,  4.89it/s, loss=0.3557]
Fine-tuning Navine AI Video:  38%|###8      | 1330/3500 [05:19<07:44,  4.68it/s, loss=0.3557]
Fine-tuning Navine AI Video:  38%|###8      | 1330/3500 [05:19<07:44,  4.68it/s, loss=0.2906]
Fine-tuning Navine AI Video:  38%|###8      | 1331/3500 [05:19<06:54,  5.24it/s, loss=0.2906]
Fine-tuning Navine AI Video:  38%|###8      | 1331/3500 [05:19<06:54,  5.24it/s, loss=0.3327]
Fine-tuning Navine AI Video:  38%|###8      | 1332/3500 [05:19<06:19,  5.71it/s, loss=0.3327]
Fine-tuning Navine AI Video:  38%|###8      | 1332/3500 [05:19<06:19,  5.71it/s, loss=0.3007]
Fine-tuning Navine AI Video:  38%|###8      | 1333/3500 [05:20<05:45,  6.28it/s, loss=0.3007]
Fine-tuning Navine AI Video:  38%|###8      | 1333/3500 [05:20<05:45,  6.28it/s, loss=0.3597]
Fine-tuning Navine AI Video:  38%|###8      | 1334/3500 [05:20<06:48,  5.30it/s, loss=0.3597]
Fine-tuning Navine AI Video:  38%|###8      | 1334/3500 [05:20<06:48,  5.30it/s, loss=0.4031]
Fine-tuning Navine AI Video:  38%|###8      | 1335/3500 [05:20<05:54,  6.11it/s, loss=0.4031]
Fine-tuning Navine AI Video:  38%|###8      | 1335/3500 [05:20<05:54,  6.11it/s, loss=0.3286]
Fine-tuning Navine AI Video:  38%|###8      | 1336/3500 [05:20<05:36,  6.44it/s, loss=0.3286]
Fine-tuning Navine AI Video:  38%|###8      | 1336/3500 [05:20<05:36,  6.44it/s, loss=0.5130]
Fine-tuning Navine AI Video:  38%|###8      | 1337/3500 [05:20<06:16,  5.74it/s, loss=0.5130]
Fine-tuning Navine AI Video:  38%|###8      | 1337/3500 [05:20<06:16,  5.74it/s, loss=0.3385]
Fine-tuning Navine AI Video:  38%|###8      | 1338/3500 [05:20<06:14,  5.78it/s, loss=0.3385]
Fine-tuning Navine AI Video:  38%|###8      | 1338/3500 [05:20<06:14,  5.78it/s, loss=0.3822]
Fine-tuning Navine AI Video:  38%|###8      | 1339/3500 [05:21<05:28,  6.58it/s, loss=0.3822]
Fine-tuning Navine AI Video:  38%|###8      | 1339/3500 [05:21<05:28,  6.58it/s, loss=0.3639]
Fine-tuning Navine AI Video:  38%|###8      | 1340/3500 [05:21<05:29,  6.55it/s, loss=0.3639]
Fine-tuning Navine AI Video:  38%|###8      | 1340/3500 [05:21<05:29,  6.55it/s, loss=0.3216]
Fine-tuning Navine AI Video:  38%|###8      | 1341/3500 [05:21<05:24,  6.66it/s, loss=0.3216]
Fine-tuning Navine AI Video:  38%|###8      | 1341/3500 [05:21<05:24,  6.66it/s, loss=0.5260]
Fine-tuning Navine AI Video:  38%|###8      | 1342/3500 [05:21<06:43,  5.35it/s, loss=0.5260]
Fine-tuning Navine AI Video:  38%|###8      | 1342/3500 [05:21<06:43,  5.35it/s, loss=0.3720]
Fine-tuning Navine AI Video:  38%|###8      | 1343/3500 [05:22<12:16,  2.93it/s, loss=0.3720]
Fine-tuning Navine AI Video:  38%|###8      | 1343/3500 [05:22<12:16,  2.93it/s, loss=0.4004]
Fine-tuning Navine AI Video:  38%|###8      | 1344/3500 [05:22<09:54,  3.62it/s, loss=0.4004]
Fine-tuning Navine AI Video:  38%|###8      | 1344/3500 [05:22<09:54,  3.62it/s, loss=0.3439]
Fine-tuning Navine AI Video:  38%|###8      | 1345/3500 [05:22<09:50,  3.65it/s, loss=0.3439]
Fine-tuning Navine AI Video:  38%|###8      | 1345/3500 [05:22<09:50,  3.65it/s, loss=0.4166]
Fine-tuning Navine AI Video:  38%|###8      | 1346/3500 [05:22<08:15,  4.35it/s, loss=0.4166]
Fine-tuning Navine AI Video:  38%|###8      | 1346/3500 [05:22<08:15,  4.35it/s, loss=0.5723]
Fine-tuning Navine AI Video:  38%|###8      | 1347/3500 [05:23<07:17,  4.92it/s, loss=0.5723]
Fine-tuning Navine AI Video:  38%|###8      | 1347/3500 [05:23<07:17,  4.92it/s, loss=0.2851]
Fine-tuning Navine AI Video:  39%|###8      | 1348/3500 [05:23<07:41,  4.66it/s, loss=0.2851]
Fine-tuning Navine AI Video:  39%|###8      | 1348/3500 [05:23<07:41,  4.66it/s, loss=0.3332]
Fine-tuning Navine AI Video:  39%|###8      | 1349/3500 [05:24<14:22,  2.49it/s, loss=0.3332]
Fine-tuning Navine AI Video:  39%|###8      | 1349/3500 [05:24<14:22,  2.49it/s, loss=0.3861]
Fine-tuning Navine AI Video:  39%|###8      | 1350/3500 [05:24<13:11,  2.72it/s, loss=0.3861]
Fine-tuning Navine AI Video:  39%|###8      | 1350/3500 [05:24<13:11,  2.72it/s, loss=0.2388]
Fine-tuning Navine AI Video:  39%|###8      | 1351/3500 [05:24<12:32,  2.85it/s, loss=0.2388]
Fine-tuning Navine AI Video:  39%|###8      | 1351/3500 [05:24<12:32,  2.85it/s, loss=0.3846]
Fine-tuning Navine AI Video:  39%|###8      | 1352/3500 [05:25<12:41,  2.82it/s, loss=0.3846]
Fine-tuning Navine AI Video:  39%|###8      | 1352/3500 [05:25<12:41,  2.82it/s, loss=0.2924]
Fine-tuning Navine AI Video:  39%|###8      | 1353/3500 [05:25<11:56,  3.00it/s, loss=0.2924]
Fine-tuning Navine AI Video:  39%|###8      | 1353/3500 [05:25<11:56,  3.00it/s, loss=0.5117]
Fine-tuning Navine AI Video:  39%|###8      | 1354/3500 [05:25<10:02,  3.56it/s, loss=0.5117]
Fine-tuning Navine AI Video:  39%|###8      | 1354/3500 [05:25<10:02,  3.56it/s, loss=0.4176]
Fine-tuning Navine AI Video:  39%|###8      | 1355/3500 [05:25<11:57,  2.99it/s, loss=0.4176]
Fine-tuning Navine AI Video:  39%|###8      | 1355/3500 [05:25<11:57,  2.99it/s, loss=0.1138]
Fine-tuning Navine AI Video:  39%|###8      | 1356/3500 [05:26<09:53,  3.62it/s, loss=0.1138]
Fine-tuning Navine AI Video:  39%|###8      | 1356/3500 [05:26<09:53,  3.62it/s, loss=0.3552]
Fine-tuning Navine AI Video:  39%|###8      | 1357/3500 [05:26<08:24,  4.25it/s, loss=0.3552]
Fine-tuning Navine AI Video:  39%|###8      | 1357/3500 [05:26<08:24,  4.25it/s, loss=0.3137]
Fine-tuning Navine AI Video:  39%|###8      | 1358/3500 [05:26<07:27,  4.78it/s, loss=0.3137]
Fine-tuning Navine AI Video:  39%|###8      | 1358/3500 [05:26<07:27,  4.78it/s, loss=0.3901]
Fine-tuning Navine AI Video:  39%|###8      | 1359/3500 [05:26<06:39,  5.36it/s, loss=0.3901]
Fine-tuning Navine AI Video:  39%|###8      | 1359/3500 [05:26<06:39,  5.36it/s, loss=0.3036]
Fine-tuning Navine AI Video:  39%|###8      | 1360/3500 [05:26<06:28,  5.51it/s, loss=0.3036]
Fine-tuning Navine AI Video:  39%|###8      | 1360/3500 [05:26<06:28,  5.51it/s, loss=0.3057]
Fine-tuning Navine AI Video:  39%|###8      | 1361/3500 [05:27<13:28,  2.65it/s, loss=0.3057]
Fine-tuning Navine AI Video:  39%|###8      | 1361/3500 [05:27<13:28,  2.65it/s, loss=0.5739]
Fine-tuning Navine AI Video:  39%|###8      | 1362/3500 [05:27<11:53,  3.00it/s, loss=0.5739]
Fine-tuning Navine AI Video:  39%|###8      | 1362/3500 [05:27<11:53,  3.00it/s, loss=0.3357]
Fine-tuning Navine AI Video:  39%|###8      | 1363/3500 [05:27<09:56,  3.58it/s, loss=0.3357]
Fine-tuning Navine AI Video:  39%|###8      | 1363/3500 [05:27<09:56,  3.58it/s, loss=0.2685]
Fine-tuning Navine AI Video:  39%|###8      | 1364/3500 [05:28<08:40,  4.11it/s, loss=0.2685]
Fine-tuning Navine AI Video:  39%|###8      | 1364/3500 [05:28<08:40,  4.11it/s, loss=0.2850]
Fine-tuning Navine AI Video:  39%|###9      | 1365/3500 [05:28<07:30,  4.74it/s, loss=0.2850]
Fine-tuning Navine AI Video:  39%|###9      | 1365/3500 [05:28<07:30,  4.74it/s, loss=0.5084]
Fine-tuning Navine AI Video:  39%|###9      | 1366/3500 [05:28<08:07,  4.38it/s, loss=0.5084]
Fine-tuning Navine AI Video:  39%|###9      | 1366/3500 [05:28<08:07,  4.38it/s, loss=0.3157]
Fine-tuning Navine AI Video:  39%|###9      | 1367/3500 [05:28<07:04,  5.02it/s, loss=0.3157]
Fine-tuning Navine AI Video:  39%|###9      | 1367/3500 [05:28<07:04,  5.02it/s, loss=0.3305]
Fine-tuning Navine AI Video:  39%|###9      | 1368/3500 [05:28<06:14,  5.69it/s, loss=0.3305]
Fine-tuning Navine AI Video:  39%|###9      | 1368/3500 [05:28<06:14,  5.69it/s, loss=0.3680]
Fine-tuning Navine AI Video:  39%|###9      | 1369/3500 [05:28<06:14,  5.70it/s, loss=0.3680]
Fine-tuning Navine AI Video:  39%|###9      | 1369/3500 [05:28<06:14,  5.70it/s, loss=0.3069]
Fine-tuning Navine AI Video:  39%|###9      | 1370/3500 [05:29<05:44,  6.18it/s, loss=0.3069]
Fine-tuning Navine AI Video:  39%|###9      | 1370/3500 [05:29<05:44,  6.18it/s, loss=0.1742]
Fine-tuning Navine AI Video:  39%|###9      | 1371/3500 [05:29<05:29,  6.47it/s, loss=0.1742]
Fine-tuning Navine AI Video:  39%|###9      | 1371/3500 [05:29<05:29,  6.47it/s, loss=0.4895]
Fine-tuning Navine AI Video:  39%|###9      | 1372/3500 [05:29<08:12,  4.32it/s, loss=0.4895]
Fine-tuning Navine AI Video:  39%|###9      | 1372/3500 [05:29<08:12,  4.32it/s, loss=0.3500]
Fine-tuning Navine AI Video:  39%|###9      | 1373/3500 [05:29<07:07,  4.98it/s, loss=0.3500]
Fine-tuning Navine AI Video:  39%|###9      | 1373/3500 [05:29<07:07,  4.98it/s, loss=0.3556]
Fine-tuning Navine AI Video:  39%|###9      | 1374/3500 [05:29<06:18,  5.62it/s, loss=0.3556]
Fine-tuning Navine AI Video:  39%|###9      | 1374/3500 [05:29<06:18,  5.62it/s, loss=0.3121]
Fine-tuning Navine AI Video:  39%|###9      | 1375/3500 [05:29<06:03,  5.85it/s, loss=0.3121]
Fine-tuning Navine AI Video:  39%|###9      | 1375/3500 [05:29<06:03,  5.85it/s, loss=0.2878]
Fine-tuning Navine AI Video:  39%|###9      | 1376/3500 [05:30<06:59,  5.07it/s, loss=0.2878]
Fine-tuning Navine AI Video:  39%|###9      | 1376/3500 [05:30<06:59,  5.07it/s, loss=0.1149]
Fine-tuning Navine AI Video:  39%|###9      | 1377/3500 [05:30<06:23,  5.53it/s, loss=0.1149]
Fine-tuning Navine AI Video:  39%|###9      | 1377/3500 [05:30<06:23,  5.53it/s, loss=0.3056]
Fine-tuning Navine AI Video:  39%|###9      | 1378/3500 [05:30<06:14,  5.67it/s, loss=0.3056]
Fine-tuning Navine AI Video:  39%|###9      | 1378/3500 [05:30<06:14,  5.67it/s, loss=0.3311]
Fine-tuning Navine AI Video:  39%|###9      | 1379/3500 [05:30<05:42,  6.19it/s, loss=0.3311]
Fine-tuning Navine AI Video:  39%|###9      | 1379/3500 [05:30<05:42,  6.19it/s, loss=0.4345]
Fine-tuning Navine AI Video:  39%|###9      | 1380/3500 [05:31<13:05,  2.70it/s, loss=0.4345]
Fine-tuning Navine AI Video:  39%|###9      | 1380/3500 [05:31<13:05,  2.70it/s, loss=0.1014]
Fine-tuning Navine AI Video:  39%|###9      | 1381/3500 [05:31<10:32,  3.35it/s, loss=0.1014]
Fine-tuning Navine AI Video:  39%|###9      | 1381/3500 [05:31<10:32,  3.35it/s, loss=0.4432]
Fine-tuning Navine AI Video:  39%|###9      | 1382/3500 [05:31<08:45,  4.03it/s, loss=0.4432]
Fine-tuning Navine AI Video:  39%|###9      | 1382/3500 [05:31<08:45,  4.03it/s, loss=0.3533]
Fine-tuning Navine AI Video:  40%|###9      | 1383/3500 [05:31<08:02,  4.39it/s, loss=0.3533]
Fine-tuning Navine AI Video:  40%|###9      | 1383/3500 [05:31<08:02,  4.39it/s, loss=0.4402]
Fine-tuning Navine AI Video:  40%|###9      | 1384/3500 [05:32<08:25,  4.18it/s, loss=0.4402]
Fine-tuning Navine AI Video:  40%|###9      | 1384/3500 [05:32<08:25,  4.18it/s, loss=0.3956]
Fine-tuning Navine AI Video:  40%|###9      | 1385/3500 [05:32<07:19,  4.81it/s, loss=0.3956]
Fine-tuning Navine AI Video:  40%|###9      | 1385/3500 [05:32<07:19,  4.81it/s, loss=0.3333]
Fine-tuning Navine AI Video:  40%|###9      | 1386/3500 [05:32<06:45,  5.22it/s, loss=0.3333]
Fine-tuning Navine AI Video:  40%|###9      | 1386/3500 [05:32<06:45,  5.22it/s, loss=0.3213]
Fine-tuning Navine AI Video:  40%|###9      | 1387/3500 [05:32<05:52,  5.99it/s, loss=0.3213]
Fine-tuning Navine AI Video:  40%|###9      | 1387/3500 [05:32<05:52,  5.99it/s, loss=0.3995]
Fine-tuning Navine AI Video:  40%|###9      | 1388/3500 [05:32<05:12,  6.76it/s, loss=0.3995]
Fine-tuning Navine AI Video:  40%|###9      | 1388/3500 [05:32<05:12,  6.76it/s, loss=0.3751]
Fine-tuning Navine AI Video:  40%|###9      | 1389/3500 [05:32<04:46,  7.36it/s, loss=0.3751]
Fine-tuning Navine AI Video:  40%|###9      | 1389/3500 [05:32<04:46,  7.36it/s, loss=0.3542]
Fine-tuning Navine AI Video:  40%|###9      | 1390/3500 [05:33<06:41,  5.26it/s, loss=0.3542]
Fine-tuning Navine AI Video:  40%|###9      | 1390/3500 [05:33<06:41,  5.26it/s, loss=0.4100]
Fine-tuning Navine AI Video:  40%|###9      | 1391/3500 [05:33<08:34,  4.10it/s, loss=0.4100]
Fine-tuning Navine AI Video:  40%|###9      | 1391/3500 [05:33<08:34,  4.10it/s, loss=0.4009]
Fine-tuning Navine AI Video:  40%|###9      | 1392/3500 [05:34<12:37,  2.78it/s, loss=0.4009]
Fine-tuning Navine AI Video:  40%|###9      | 1392/3500 [05:34<12:37,  2.78it/s, loss=0.4006]
Fine-tuning Navine AI Video:  40%|###9      | 1393/3500 [05:34<10:15,  3.43it/s, loss=0.4006]
Fine-tuning Navine AI Video:  40%|###9      | 1393/3500 [05:34<10:15,  3.43it/s, loss=0.3096]
Fine-tuning Navine AI Video:  40%|###9      | 1394/3500 [05:34<10:11,  3.44it/s, loss=0.3096]
Fine-tuning Navine AI Video:  40%|###9      | 1394/3500 [05:34<10:11,  3.44it/s, loss=0.1427]
Fine-tuning Navine AI Video:  40%|###9      | 1395/3500 [05:34<09:41,  3.62it/s, loss=0.1427]
Fine-tuning Navine AI Video:  40%|###9      | 1395/3500 [05:34<09:41,  3.62it/s, loss=0.0984]
Fine-tuning Navine AI Video:  40%|###9      | 1396/3500 [05:35<09:29,  3.70it/s, loss=0.0984]
Fine-tuning Navine AI Video:  40%|###9      | 1396/3500 [05:35<09:29,  3.70it/s, loss=0.1182]
Fine-tuning Navine AI Video:  40%|###9      | 1397/3500 [05:35<08:49,  3.97it/s, loss=0.1182]
Fine-tuning Navine AI Video:  40%|###9      | 1397/3500 [05:35<08:49,  3.97it/s, loss=0.4255]
Fine-tuning Navine AI Video:  40%|###9      | 1398/3500 [05:35<07:32,  4.64it/s, loss=0.4255]
Fine-tuning Navine AI Video:  40%|###9      | 1398/3500 [05:35<07:32,  4.64it/s, loss=0.3483]
Fine-tuning Navine AI Video:  40%|###9      | 1399/3500 [05:35<07:27,  4.70it/s, loss=0.3483]
Fine-tuning Navine AI Video:  40%|###9      | 1399/3500 [05:35<07:27,  4.70it/s, loss=0.1144]
Fine-tuning Navine AI Video:  40%|####      | 1400/3500 [05:35<06:51,  5.11it/s, loss=0.1144]
Fine-tuning Navine AI Video:  40%|####      | 1400/3500 [05:35<06:51,  5.11it/s, loss=0.2811]
Fine-tuning Navine AI Video:  40%|####      | 1401/3500 [05:36<07:56,  4.41it/s, loss=0.2811]
Fine-tuning Navine AI Video:  40%|####      | 1401/3500 [05:36<07:56,  4.41it/s, loss=0.1142]
Fine-tuning Navine AI Video:  40%|####      | 1402/3500 [05:36<07:19,  4.77it/s, loss=0.1142]
Fine-tuning Navine AI Video:  40%|####      | 1402/3500 [05:36<07:19,  4.77it/s, loss=0.3221]
Fine-tuning Navine AI Video:  40%|####      | 1403/3500 [05:36<08:45,  3.99it/s, loss=0.3221]
Fine-tuning Navine AI Video:  40%|####      | 1403/3500 [05:36<08:45,  3.99it/s, loss=0.3720]
Fine-tuning Navine AI Video:  40%|####      | 1404/3500 [05:36<07:22,  4.74it/s, loss=0.3720]
Fine-tuning Navine AI Video:  40%|####      | 1404/3500 [05:36<07:22,  4.74it/s, loss=0.3870]
Fine-tuning Navine AI Video:  40%|####      | 1405/3500 [05:36<07:21,  4.75it/s, loss=0.3870]
Fine-tuning Navine AI Video:  40%|####      | 1405/3500 [05:36<07:21,  4.75it/s, loss=0.0911]
Fine-tuning Navine AI Video:  40%|####      | 1406/3500 [05:37<06:13,  5.60it/s, loss=0.0911]
Fine-tuning Navine AI Video:  40%|####      | 1406/3500 [05:37<06:13,  5.60it/s, loss=0.3777]
Fine-tuning Navine AI Video:  40%|####      | 1407/3500 [05:37<05:34,  6.26it/s, loss=0.3777]
Fine-tuning Navine AI Video:  40%|####      | 1407/3500 [05:37<05:34,  6.26it/s, loss=0.3710]
Fine-tuning Navine AI Video:  40%|####      | 1408/3500 [05:37<06:14,  5.59it/s, loss=0.3710]
Fine-tuning Navine AI Video:  40%|####      | 1408/3500 [05:37<06:14,  5.59it/s, loss=0.1156]
Fine-tuning Navine AI Video:  40%|####      | 1409/3500 [05:37<05:37,  6.19it/s, loss=0.1156]
Fine-tuning Navine AI Video:  40%|####      | 1409/3500 [05:37<05:37,  6.19it/s, loss=0.3869]
Fine-tuning Navine AI Video:  40%|####      | 1410/3500 [05:37<05:28,  6.36it/s, loss=0.3869]
Fine-tuning Navine AI Video:  40%|####      | 1410/3500 [05:37<05:28,  6.36it/s, loss=0.2912]
Fine-tuning Navine AI Video:  40%|####      | 1411/3500 [05:38<07:56,  4.39it/s, loss=0.2912]
Fine-tuning Navine AI Video:  40%|####      | 1411/3500 [05:38<07:56,  4.39it/s, loss=0.3643]
Fine-tuning Navine AI Video:  40%|####      | 1412/3500 [05:38<07:03,  4.93it/s, loss=0.3643]
Fine-tuning Navine AI Video:  40%|####      | 1412/3500 [05:38<07:03,  4.93it/s, loss=0.2996]
Fine-tuning Navine AI Video:  40%|####      | 1413/3500 [05:38<07:32,  4.62it/s, loss=0.2996]
Fine-tuning Navine AI Video:  40%|####      | 1413/3500 [05:38<07:32,  4.62it/s, loss=0.1157]
Fine-tuning Navine AI Video:  40%|####      | 1414/3500 [05:38<06:33,  5.29it/s, loss=0.1157]
Fine-tuning Navine AI Video:  40%|####      | 1414/3500 [05:38<06:33,  5.29it/s, loss=0.3734]
Fine-tuning Navine AI Video:  40%|####      | 1415/3500 [05:38<05:54,  5.88it/s, loss=0.3734]
Fine-tuning Navine AI Video:  40%|####      | 1415/3500 [05:38<05:54,  5.88it/s, loss=0.3800]
Fine-tuning Navine AI Video:  40%|####      | 1416/3500 [05:38<07:14,  4.79it/s, loss=0.3800]
Fine-tuning Navine AI Video:  40%|####      | 1416/3500 [05:38<07:14,  4.79it/s, loss=0.3842]
Fine-tuning Navine AI Video:  40%|####      | 1417/3500 [05:39<07:22,  4.71it/s, loss=0.3842]
Fine-tuning Navine AI Video:  40%|####      | 1417/3500 [05:39<07:22,  4.71it/s, loss=0.3330]
Fine-tuning Navine AI Video:  41%|####      | 1418/3500 [05:40<16:11,  2.14it/s, loss=0.3330]
Fine-tuning Navine AI Video:  41%|####      | 1418/3500 [05:40<16:11,  2.14it/s, loss=0.4541]
Fine-tuning Navine AI Video:  41%|####      | 1419/3500 [05:40<12:36,  2.75it/s, loss=0.4541]
Fine-tuning Navine AI Video:  41%|####      | 1419/3500 [05:40<12:36,  2.75it/s, loss=0.3352]
Fine-tuning Navine AI Video:  41%|####      | 1420/3500 [05:40<12:36,  2.75it/s, loss=0.4099]
Fine-tuning Navine AI Video:  41%|####      | 1421/3500 [05:40<08:33,  4.05it/s, loss=0.4099]
Fine-tuning Navine AI Video:  41%|####      | 1421/3500 [05:40<08:33,  4.05it/s, loss=0.3081]
Fine-tuning Navine AI Video:  41%|####      | 1422/3500 [05:40<07:31,  4.60it/s, loss=0.3081]
Fine-tuning Navine AI Video:  41%|####      | 1422/3500 [05:40<07:31,  4.60it/s, loss=0.2983]
Fine-tuning Navine AI Video:  41%|####      | 1423/3500 [05:40<07:39,  4.52it/s, loss=0.2983]
Fine-tuning Navine AI Video:  41%|####      | 1423/3500 [05:40<07:39,  4.52it/s, loss=0.1182]
Fine-tuning Navine AI Video:  41%|####      | 1424/3500 [05:41<06:31,  5.30it/s, loss=0.1182]
Fine-tuning Navine AI Video:  41%|####      | 1424/3500 [05:41<06:31,  5.30it/s, loss=0.3601]
Fine-tuning Navine AI Video:  41%|####      | 1425/3500 [05:41<07:51,  4.40it/s, loss=0.3601]
Fine-tuning Navine AI Video:  41%|####      | 1425/3500 [05:41<07:51,  4.40it/s, loss=0.4362]
Fine-tuning Navine AI Video:  41%|####      | 1426/3500 [05:41<06:45,  5.11it/s, loss=0.4362]
Fine-tuning Navine AI Video:  41%|####      | 1426/3500 [05:41<06:45,  5.11it/s, loss=0.2908]
Fine-tuning Navine AI Video:  41%|####      | 1427/3500 [05:41<07:06,  4.87it/s, loss=0.2908]
Fine-tuning Navine AI Video:  41%|####      | 1427/3500 [05:41<07:06,  4.87it/s, loss=0.1144]
Fine-tuning Navine AI Video:  41%|####      | 1428/3500 [05:41<07:18,  4.72it/s, loss=0.1144]
Fine-tuning Navine AI Video:  41%|####      | 1428/3500 [05:41<07:18,  4.72it/s, loss=0.1179]
Fine-tuning Navine AI Video:  41%|####      | 1429/3500 [05:42<07:20,  4.71it/s, loss=0.1179]
Fine-tuning Navine AI Video:  41%|####      | 1429/3500 [05:42<07:20,  4.71it/s, loss=0.1122]
Fine-tuning Navine AI Video:  41%|####      | 1430/3500 [05:42<06:26,  5.35it/s, loss=0.1122]
Fine-tuning Navine AI Video:  41%|####      | 1430/3500 [05:42<06:26,  5.35it/s, loss=0.2901]
Fine-tuning Navine AI Video:  41%|####      | 1431/3500 [05:42<05:55,  5.82it/s, loss=0.2901]
Fine-tuning Navine AI Video:  41%|####      | 1431/3500 [05:42<05:55,  5.82it/s, loss=0.6025]
Fine-tuning Navine AI Video:  41%|####      | 1432/3500 [05:42<05:27,  6.32it/s, loss=0.6025]
Fine-tuning Navine AI Video:  41%|####      | 1432/3500 [05:42<05:27,  6.32it/s, loss=0.3815]
Fine-tuning Navine AI Video:  41%|####      | 1433/3500 [05:43<11:58,  2.88it/s, loss=0.3815]
Fine-tuning Navine AI Video:  41%|####      | 1433/3500 [05:43<11:58,  2.88it/s, loss=0.4292]
Fine-tuning Navine AI Video:  41%|####      | 1434/3500 [05:43<09:44,  3.54it/s, loss=0.4292]
Fine-tuning Navine AI Video:  41%|####      | 1434/3500 [05:43<09:44,  3.54it/s, loss=0.3050]
Fine-tuning Navine AI Video:  41%|####1     | 1435/3500 [05:43<08:04,  4.26it/s, loss=0.3050]
Fine-tuning Navine AI Video:  41%|####1     | 1435/3500 [05:43<08:04,  4.26it/s, loss=0.2542]
Fine-tuning Navine AI Video:  41%|####1     | 1436/3500 [05:44<14:31,  2.37it/s, loss=0.2542]
Fine-tuning Navine AI Video:  41%|####1     | 1436/3500 [05:44<14:31,  2.37it/s, loss=0.3921]
Fine-tuning Navine AI Video:  41%|####1     | 1437/3500 [05:44<11:27,  3.00it/s, loss=0.3921]
Fine-tuning Navine AI Video:  41%|####1     | 1437/3500 [05:44<11:27,  3.00it/s, loss=0.3916]
Fine-tuning Navine AI Video:  41%|####1     | 1438/3500 [05:45<12:31,  2.75it/s, loss=0.3916]
Fine-tuning Navine AI Video:  41%|####1     | 1438/3500 [05:45<12:31,  2.75it/s, loss=0.4140]
Fine-tuning Navine AI Video:  41%|####1     | 1439/3500 [05:45<10:13,  3.36it/s, loss=0.4140]
Fine-tuning Navine AI Video:  41%|####1     | 1439/3500 [05:45<10:13,  3.36it/s, loss=0.2306]
Fine-tuning Navine AI Video:  41%|####1     | 1440/3500 [05:45<08:20,  4.12it/s, loss=0.2306]
Fine-tuning Navine AI Video:  41%|####1     | 1440/3500 [05:45<08:20,  4.12it/s, loss=0.5381]
Fine-tuning Navine AI Video:  41%|####1     | 1441/3500 [05:45<07:03,  4.86it/s, loss=0.5381]
Fine-tuning Navine AI Video:  41%|####1     | 1441/3500 [05:45<07:03,  4.86it/s, loss=0.3042]
Fine-tuning Navine AI Video:  41%|####1     | 1442/3500 [05:45<05:59,  5.72it/s, loss=0.3042]
Fine-tuning Navine AI Video:  41%|####1     | 1442/3500 [05:45<05:59,  5.72it/s, loss=0.3281]
Fine-tuning Navine AI Video:  41%|####1     | 1443/3500 [05:45<06:25,  5.34it/s, loss=0.3281]
Fine-tuning Navine AI Video:  41%|####1     | 1443/3500 [05:45<06:25,  5.34it/s, loss=0.1165]
Fine-tuning Navine AI Video:  41%|####1     | 1444/3500 [05:45<05:43,  5.98it/s, loss=0.1165]
Fine-tuning Navine AI Video:  41%|####1     | 1444/3500 [05:45<05:43,  5.98it/s, loss=0.1908]
Fine-tuning Navine AI Video:  41%|####1     | 1445/3500 [05:46<09:58,  3.43it/s, loss=0.1908]
Fine-tuning Navine AI Video:  41%|####1     | 1445/3500 [05:46<09:58,  3.43it/s, loss=0.3827]
Fine-tuning Navine AI Video:  41%|####1     | 1446/3500 [05:46<08:12,  4.17it/s, loss=0.3827]
Fine-tuning Navine AI Video:  41%|####1     | 1446/3500 [05:46<08:12,  4.17it/s, loss=0.3773]
Fine-tuning Navine AI Video:  41%|####1     | 1447/3500 [05:46<07:04,  4.84it/s, loss=0.3773]
Fine-tuning Navine AI Video:  41%|####1     | 1447/3500 [05:46<07:04,  4.84it/s, loss=0.3349]
Fine-tuning Navine AI Video:  41%|####1     | 1448/3500 [05:46<06:07,  5.58it/s, loss=0.3349]
Fine-tuning Navine AI Video:  41%|####1     | 1448/3500 [05:46<06:07,  5.58it/s, loss=0.4004]
Fine-tuning Navine AI Video:  41%|####1     | 1449/3500 [05:47<07:00,  4.88it/s, loss=0.4004]
Fine-tuning Navine AI Video:  41%|####1     | 1449/3500 [05:47<07:00,  4.88it/s, loss=0.3705]
Fine-tuning Navine AI Video:  41%|####1     | 1450/3500 [05:48<15:35,  2.19it/s, loss=0.3705]
Fine-tuning Navine AI Video:  41%|####1     | 1450/3500 [05:48<15:35,  2.19it/s, loss=0.4052]
Fine-tuning Navine AI Video:  41%|####1     | 1451/3500 [05:48<12:59,  2.63it/s, loss=0.4052]
Fine-tuning Navine AI Video:  41%|####1     | 1451/3500 [05:48<12:59,  2.63it/s, loss=0.1146]
Fine-tuning Navine AI Video:  41%|####1     | 1452/3500 [05:48<11:30,  2.97it/s, loss=0.1146]
Fine-tuning Navine AI Video:  41%|####1     | 1452/3500 [05:48<11:30,  2.97it/s, loss=0.2955]
Fine-tuning Navine AI Video:  42%|####1     | 1453/3500 [05:48<09:25,  3.62it/s, loss=0.2955]
Fine-tuning Navine AI Video:  42%|####1     | 1453/3500 [05:48<09:25,  3.62it/s, loss=0.3461]
Fine-tuning Navine AI Video:  42%|####1     | 1454/3500 [05:48<08:39,  3.94it/s, loss=0.3461]
Fine-tuning Navine AI Video:  42%|####1     | 1454/3500 [05:48<08:39,  3.94it/s, loss=0.1141]
Fine-tuning Navine AI Video:  42%|####1     | 1455/3500 [05:48<07:10,  4.75it/s, loss=0.1141]
Fine-tuning Navine AI Video:  42%|####1     | 1455/3500 [05:48<07:10,  4.75it/s, loss=0.3858]
Fine-tuning Navine AI Video:  42%|####1     | 1456/3500 [05:49<06:24,  5.32it/s, loss=0.3858]
Fine-tuning Navine AI Video:  42%|####1     | 1456/3500 [05:49<06:24,  5.32it/s, loss=0.3320]
Fine-tuning Navine AI Video:  42%|####1     | 1457/3500 [05:49<06:51,  4.97it/s, loss=0.3320]
Fine-tuning Navine AI Video:  42%|####1     | 1457/3500 [05:49<06:51,  4.97it/s, loss=0.1104]
Fine-tuning Navine AI Video:  42%|####1     | 1458/3500 [05:49<06:50,  4.98it/s, loss=0.1104]
Fine-tuning Navine AI Video:  42%|####1     | 1458/3500 [05:49<06:50,  4.98it/s, loss=0.5297]
Fine-tuning Navine AI Video:  42%|####1     | 1459/3500 [05:49<05:59,  5.67it/s, loss=0.5297]
Fine-tuning Navine AI Video:  42%|####1     | 1459/3500 [05:49<05:59,  5.67it/s, loss=0.4987]
Fine-tuning Navine AI Video:  42%|####1     | 1460/3500 [05:49<05:43,  5.93it/s, loss=0.4987]
Fine-tuning Navine AI Video:  42%|####1     | 1460/3500 [05:49<05:43,  5.93it/s, loss=0.2930]
Fine-tuning Navine AI Video:  42%|####1     | 1461/3500 [05:49<05:09,  6.59it/s, loss=0.2930]
Fine-tuning Navine AI Video:  42%|####1     | 1461/3500 [05:49<05:09,  6.59it/s, loss=0.3168]
Fine-tuning Navine AI Video:  42%|####1     | 1462/3500 [05:50<04:46,  7.12it/s, loss=0.3168]
Fine-tuning Navine AI Video:  42%|####1     | 1462/3500 [05:50<04:46,  7.12it/s, loss=0.4191]
Fine-tuning Navine AI Video:  42%|####1     | 1463/3500 [05:50<04:29,  7.55it/s, loss=0.4191]
Fine-tuning Navine AI Video:  42%|####1     | 1463/3500 [05:50<04:29,  7.55it/s, loss=0.4390]
Fine-tuning Navine AI Video:  42%|####1     | 1464/3500 [05:50<05:38,  6.02it/s, loss=0.4390]
Fine-tuning Navine AI Video:  42%|####1     | 1464/3500 [05:50<05:38,  6.02it/s, loss=0.1126]
Fine-tuning Navine AI Video:  42%|####1     | 1465/3500 [05:51<14:36,  2.32it/s, loss=0.1126]
Fine-tuning Navine AI Video:  42%|####1     | 1465/3500 [05:51<14:36,  2.32it/s, loss=0.4211]
Fine-tuning Navine AI Video:  42%|####1     | 1466/3500 [05:51<12:52,  2.63it/s, loss=0.4211]
Fine-tuning Navine AI Video:  42%|####1     | 1466/3500 [05:51<12:52,  2.63it/s, loss=0.2967]
Fine-tuning Navine AI Video:  42%|####1     | 1467/3500 [05:51<11:12,  3.03it/s, loss=0.2967]
Fine-tuning Navine AI Video:  42%|####1     | 1467/3500 [05:51<11:12,  3.03it/s, loss=0.3677]
Fine-tuning Navine AI Video:  42%|####1     | 1468/3500 [05:52<09:10,  3.69it/s, loss=0.3677]
Fine-tuning Navine AI Video:  42%|####1     | 1468/3500 [05:52<09:10,  3.69it/s, loss=0.3467]
Fine-tuning Navine AI Video:  42%|####1     | 1469/3500 [05:52<08:40,  3.90it/s, loss=0.3467]
Fine-tuning Navine AI Video:  42%|####1     | 1469/3500 [05:52<08:40,  3.90it/s, loss=0.3344]
Fine-tuning Navine AI Video:  42%|####2     | 1470/3500 [05:52<09:41,  3.49it/s, loss=0.3344]
Fine-tuning Navine AI Video:  42%|####2     | 1470/3500 [05:52<09:41,  3.49it/s, loss=0.4152]
Fine-tuning Navine AI Video:  42%|####2     | 1471/3500 [05:53<12:46,  2.65it/s, loss=0.4152]
Fine-tuning Navine AI Video:  42%|####2     | 1471/3500 [05:53<12:46,  2.65it/s, loss=0.4032]
Fine-tuning Navine AI Video:  42%|####2     | 1472/3500 [05:53<10:15,  3.29it/s, loss=0.4032]
Fine-tuning Navine AI Video:  42%|####2     | 1472/3500 [05:53<10:15,  3.29it/s, loss=0.5143]
Fine-tuning Navine AI Video:  42%|####2     | 1473/3500 [05:53<08:20,  4.05it/s, loss=0.5143]
Fine-tuning Navine AI Video:  42%|####2     | 1473/3500 [05:53<08:20,  4.05it/s, loss=0.3964]
Fine-tuning Navine AI Video:  42%|####2     | 1474/3500 [05:53<07:58,  4.23it/s, loss=0.3964]
Fine-tuning Navine AI Video:  42%|####2     | 1474/3500 [05:53<07:58,  4.23it/s, loss=0.4154]
Fine-tuning Navine AI Video:  42%|####2     | 1475/3500 [05:53<06:39,  5.07it/s, loss=0.4154]
Fine-tuning Navine AI Video:  42%|####2     | 1475/3500 [05:53<06:39,  5.07it/s, loss=0.3781]
Fine-tuning Navine AI Video:  42%|####2     | 1476/3500 [05:54<08:14,  4.10it/s, loss=0.3781]
Fine-tuning Navine AI Video:  42%|####2     | 1476/3500 [05:54<08:14,  4.10it/s, loss=0.3494]
Fine-tuning Navine AI Video:  42%|####2     | 1477/3500 [05:54<06:56,  4.86it/s, loss=0.3494]
Fine-tuning Navine AI Video:  42%|####2     | 1477/3500 [05:54<06:56,  4.86it/s, loss=0.3789]
Fine-tuning Navine AI Video:  42%|####2     | 1478/3500 [05:54<06:43,  5.01it/s, loss=0.3789]
Fine-tuning Navine AI Video:  42%|####2     | 1478/3500 [05:54<06:43,  5.01it/s, loss=0.4265]
Fine-tuning Navine AI Video:  42%|####2     | 1479/3500 [05:54<06:03,  5.56it/s, loss=0.4265]
Fine-tuning Navine AI Video:  42%|####2     | 1479/3500 [05:54<06:03,  5.56it/s, loss=0.3951]
Fine-tuning Navine AI Video:  42%|####2     | 1480/3500 [05:55<13:18,  2.53it/s, loss=0.3951]
Fine-tuning Navine AI Video:  42%|####2     | 1480/3500 [05:55<13:18,  2.53it/s, loss=0.4444]
Fine-tuning Navine AI Video:  42%|####2     | 1481/3500 [05:55<11:45,  2.86it/s, loss=0.4444]
Fine-tuning Navine AI Video:  42%|####2     | 1481/3500 [05:55<11:45,  2.86it/s, loss=0.3665]
Fine-tuning Navine AI Video:  42%|####2     | 1482/3500 [05:55<10:37,  3.16it/s, loss=0.3665]
Fine-tuning Navine AI Video:  42%|####2     | 1482/3500 [05:55<10:37,  3.16it/s, loss=0.1097]
Fine-tuning Navine AI Video:  42%|####2     | 1483/3500 [05:56<08:34,  3.92it/s, loss=0.1097]
Fine-tuning Navine AI Video:  42%|####2     | 1483/3500 [05:56<08:34,  3.92it/s, loss=0.3846]
Fine-tuning Navine AI Video:  42%|####2     | 1484/3500 [05:56<07:24,  4.53it/s, loss=0.3846]
Fine-tuning Navine AI Video:  42%|####2     | 1484/3500 [05:56<07:24,  4.53it/s, loss=0.6000]
Fine-tuning Navine AI Video:  42%|####2     | 1485/3500 [05:56<06:25,  5.23it/s, loss=0.6000]
Fine-tuning Navine AI Video:  42%|####2     | 1485/3500 [05:56<06:25,  5.23it/s, loss=0.3440]
Fine-tuning Navine AI Video:  42%|####2     | 1486/3500 [05:56<06:25,  5.23it/s, loss=0.4352]
Fine-tuning Navine AI Video:  42%|####2     | 1487/3500 [05:56<05:27,  6.15it/s, loss=0.4352]
Fine-tuning Navine AI Video:  42%|####2     | 1487/3500 [05:56<05:27,  6.15it/s, loss=0.3560]
Fine-tuning Navine AI Video:  43%|####2     | 1488/3500 [05:56<05:07,  6.54it/s, loss=0.3560]
Fine-tuning Navine AI Video:  43%|####2     | 1488/3500 [05:56<05:07,  6.54it/s, loss=0.3509]
Fine-tuning Navine AI Video:  43%|####2     | 1489/3500 [05:56<04:44,  7.07it/s, loss=0.3509]
Fine-tuning Navine AI Video:  43%|####2     | 1489/3500 [05:56<04:44,  7.07it/s, loss=0.4303]
Fine-tuning Navine AI Video:  43%|####2     | 1490/3500 [05:57<05:24,  6.19it/s, loss=0.4303]
Fine-tuning Navine AI Video:  43%|####2     | 1490/3500 [05:57<05:24,  6.19it/s, loss=0.1133]
Fine-tuning Navine AI Video:  43%|####2     | 1491/3500 [05:57<05:55,  5.65it/s, loss=0.1133]
Fine-tuning Navine AI Video:  43%|####2     | 1491/3500 [05:57<05:55,  5.65it/s, loss=0.1131]
Fine-tuning Navine AI Video:  43%|####2     | 1492/3500 [05:57<05:40,  5.90it/s, loss=0.1131]
Fine-tuning Navine AI Video:  43%|####2     | 1492/3500 [05:57<05:40,  5.90it/s, loss=0.3834]
Fine-tuning Navine AI Video:  43%|####2     | 1493/3500 [05:57<05:11,  6.44it/s, loss=0.3834]
Fine-tuning Navine AI Video:  43%|####2     | 1493/3500 [05:57<05:11,  6.44it/s, loss=0.3836]
Fine-tuning Navine AI Video:  43%|####2     | 1494/3500 [05:57<05:57,  5.62it/s, loss=0.3836]
Fine-tuning Navine AI Video:  43%|####2     | 1494/3500 [05:57<05:57,  5.62it/s, loss=0.1125]
Fine-tuning Navine AI Video:  43%|####2     | 1495/3500 [05:57<05:11,  6.43it/s, loss=0.1125]
Fine-tuning Navine AI Video:  43%|####2     | 1495/3500 [05:57<05:11,  6.43it/s, loss=0.3830]
Fine-tuning Navine AI Video:  43%|####2     | 1496/3500 [05:58<04:55,  6.79it/s, loss=0.3830]
Fine-tuning Navine AI Video:  43%|####2     | 1496/3500 [05:58<04:55,  6.79it/s, loss=0.2936]
Fine-tuning Navine AI Video:  43%|####2     | 1497/3500 [05:58<04:34,  7.31it/s, loss=0.2936]
Fine-tuning Navine AI Video:  43%|####2     | 1497/3500 [05:58<04:34,  7.31it/s, loss=0.3274]
Fine-tuning Navine AI Video:  43%|####2     | 1498/3500 [05:58<06:51,  4.86it/s, loss=0.3274]
Fine-tuning Navine AI Video:  43%|####2     | 1498/3500 [05:58<06:51,  4.86it/s, loss=0.3770]
Fine-tuning Navine AI Video:  43%|####2     | 1499/3500 [05:58<06:53,  4.83it/s, loss=0.3770]
Fine-tuning Navine AI Video:  43%|####2     | 1499/3500 [05:58<06:53,  4.83it/s, loss=0.1119]
Fine-tuning Navine AI Video:  43%|####2     | 1500/3500 [05:58<06:03,  5.50it/s, loss=0.1119]
Fine-tuning Navine AI Video:  43%|####2     | 1500/3500 [05:58<06:03,  5.50it/s, loss=0.4650]
Fine-tuning Navine AI Video:  43%|####2     | 1501/3500 [05:59<07:42,  4.32it/s, loss=0.4650]
Fine-tuning Navine AI Video:  43%|####2     | 1501/3500 [05:59<07:42,  4.32it/s, loss=0.3694]
Fine-tuning Navine AI Video:  43%|####2     | 1502/3500 [05:59<07:47,  4.28it/s, loss=0.3694]
Fine-tuning Navine AI Video:  43%|####2     | 1502/3500 [05:59<07:47,  4.28it/s, loss=0.4287]
Fine-tuning Navine AI Video:  43%|####2     | 1503/3500 [05:59<09:43,  3.42it/s, loss=0.4287]
Fine-tuning Navine AI Video:  43%|####2     | 1503/3500 [05:59<09:43,  3.42it/s, loss=0.3776]
Fine-tuning Navine AI Video:  43%|####2     | 1504/3500 [06:00<09:40,  3.44it/s, loss=0.3776]
Fine-tuning Navine AI Video:  43%|####2     | 1504/3500 [06:00<09:40,  3.44it/s, loss=0.1130]
Fine-tuning Navine AI Video:  43%|####3     | 1505/3500 [06:00<08:03,  4.13it/s, loss=0.1130]
Fine-tuning Navine AI Video:  43%|####3     | 1505/3500 [06:00<08:03,  4.13it/s, loss=0.5165]
Fine-tuning Navine AI Video:  43%|####3     | 1506/3500 [06:00<06:54,  4.82it/s, loss=0.5165]
Fine-tuning Navine AI Video:  43%|####3     | 1506/3500 [06:00<06:54,  4.82it/s, loss=0.3933]
Fine-tuning Navine AI Video:  43%|####3     | 1507/3500 [06:00<05:55,  5.61it/s, loss=0.3933]
Fine-tuning Navine AI Video:  43%|####3     | 1507/3500 [06:00<05:55,  5.61it/s, loss=0.3409]
Fine-tuning Navine AI Video:  43%|####3     | 1508/3500 [06:00<06:24,  5.18it/s, loss=0.3409]
Fine-tuning Navine AI Video:  43%|####3     | 1508/3500 [06:00<06:24,  5.18it/s, loss=0.1082]
Fine-tuning Navine AI Video:  43%|####3     | 1509/3500 [06:00<06:48,  4.87it/s, loss=0.1082]
Fine-tuning Navine AI Video:  43%|####3     | 1509/3500 [06:00<06:48,  4.87it/s, loss=0.3334]
Fine-tuning Navine AI Video:  43%|####3     | 1510/3500 [06:01<05:47,  5.72it/s, loss=0.3334]
Fine-tuning Navine AI Video:  43%|####3     | 1510/3500 [06:01<05:47,  5.72it/s, loss=0.3101]
Fine-tuning Navine AI Video:  43%|####3     | 1511/3500 [06:01<06:20,  5.22it/s, loss=0.3101]
Fine-tuning Navine AI Video:  43%|####3     | 1511/3500 [06:01<06:20,  5.22it/s, loss=0.1066]
Fine-tuning Navine AI Video:  43%|####3     | 1512/3500 [06:01<05:45,  5.75it/s, loss=0.1066]
Fine-tuning Navine AI Video:  43%|####3     | 1512/3500 [06:01<05:45,  5.75it/s, loss=0.3599]
Fine-tuning Navine AI Video:  43%|####3     | 1513/3500 [06:01<05:29,  6.02it/s, loss=0.3599]
Fine-tuning Navine AI Video:  43%|####3     | 1513/3500 [06:01<05:29,  6.02it/s, loss=0.1898]
Fine-tuning Navine AI Video:  43%|####3     | 1514/3500 [06:01<06:43,  4.93it/s, loss=0.1898]
Fine-tuning Navine AI Video:  43%|####3     | 1514/3500 [06:01<06:43,  4.93it/s, loss=0.4097]
Fine-tuning Navine AI Video:  43%|####3     | 1515/3500 [06:01<05:54,  5.60it/s, loss=0.4097]
Fine-tuning Navine AI Video:  43%|####3     | 1515/3500 [06:01<05:54,  5.60it/s, loss=0.3889]
Fine-tuning Navine AI Video:  43%|####3     | 1516/3500 [06:02<06:26,  5.13it/s, loss=0.3889]
Fine-tuning Navine AI Video:  43%|####3     | 1516/3500 [06:02<06:26,  5.13it/s, loss=0.3014]
Fine-tuning Navine AI Video:  43%|####3     | 1517/3500 [06:02<06:50,  4.83it/s, loss=0.3014]
Fine-tuning Navine AI Video:  43%|####3     | 1517/3500 [06:02<06:50,  4.83it/s, loss=0.5518]
Fine-tuning Navine AI Video:  43%|####3     | 1518/3500 [06:02<05:53,  5.61it/s, loss=0.5518]
Fine-tuning Navine AI Video:  43%|####3     | 1518/3500 [06:02<05:53,  5.61it/s, loss=0.4192]
Fine-tuning Navine AI Video:  43%|####3     | 1519/3500 [06:02<06:07,  5.38it/s, loss=0.4192]
Fine-tuning Navine AI Video:  43%|####3     | 1519/3500 [06:02<06:07,  5.38it/s, loss=0.3322]
Fine-tuning Navine AI Video:  43%|####3     | 1520/3500 [06:03<06:46,  4.87it/s, loss=0.3322]
Fine-tuning Navine AI Video:  43%|####3     | 1520/3500 [06:03<06:46,  4.87it/s, loss=0.3162]
Fine-tuning Navine AI Video:  43%|####3     | 1521/3500 [06:03<07:14,  4.56it/s, loss=0.3162]
Fine-tuning Navine AI Video:  43%|####3     | 1521/3500 [06:03<07:14,  4.56it/s, loss=0.2950]
Fine-tuning Navine AI Video:  43%|####3     | 1522/3500 [06:03<07:29,  4.40it/s, loss=0.2950]
Fine-tuning Navine AI Video:  43%|####3     | 1522/3500 [06:03<07:29,  4.40it/s, loss=0.1105]
Fine-tuning Navine AI Video:  44%|####3     | 1523/3500 [06:03<06:28,  5.09it/s, loss=0.1105]
Fine-tuning Navine AI Video:  44%|####3     | 1523/3500 [06:03<06:28,  5.09it/s, loss=0.3500]
Fine-tuning Navine AI Video:  44%|####3     | 1524/3500 [06:04<08:42,  3.78it/s, loss=0.3500]
Fine-tuning Navine AI Video:  44%|####3     | 1524/3500 [06:04<08:42,  3.78it/s, loss=0.4099]
Fine-tuning Navine AI Video:  44%|####3     | 1525/3500 [06:04<08:01,  4.10it/s, loss=0.4099]
Fine-tuning Navine AI Video:  44%|####3     | 1525/3500 [06:04<08:01,  4.10it/s, loss=0.1095]
Fine-tuning Navine AI Video:  44%|####3     | 1526/3500 [06:04<07:46,  4.23it/s, loss=0.1095]
Fine-tuning Navine AI Video:  44%|####3     | 1526/3500 [06:04<07:46,  4.23it/s, loss=0.3137]
Fine-tuning Navine AI Video:  44%|####3     | 1527/3500 [06:04<06:26,  5.10it/s, loss=0.3137]
Fine-tuning Navine AI Video:  44%|####3     | 1527/3500 [06:04<06:26,  5.10it/s, loss=0.3586]
Fine-tuning Navine AI Video:  44%|####3     | 1528/3500 [06:04<06:38,  4.94it/s, loss=0.3586]
Fine-tuning Navine AI Video:  44%|####3     | 1528/3500 [06:04<06:38,  4.94it/s, loss=0.3420]
Fine-tuning Navine AI Video:  44%|####3     | 1529/3500 [06:04<06:38,  4.94it/s, loss=0.3711]
Fine-tuning Navine AI Video:  44%|####3     | 1530/3500 [06:05<05:15,  6.24it/s, loss=0.3711]
Fine-tuning Navine AI Video:  44%|####3     | 1530/3500 [06:05<05:15,  6.24it/s, loss=0.3195]
Fine-tuning Navine AI Video:  44%|####3     | 1531/3500 [06:05<04:55,  6.67it/s, loss=0.3195]
Fine-tuning Navine AI Video:  44%|####3     | 1531/3500 [06:05<04:55,  6.67it/s, loss=0.3282]
Fine-tuning Navine AI Video:  44%|####3     | 1532/3500 [06:05<04:56,  6.64it/s, loss=0.3282]
Fine-tuning Navine AI Video:  44%|####3     | 1532/3500 [06:05<04:56,  6.64it/s, loss=0.3025]
Fine-tuning Navine AI Video:  44%|####3     | 1533/3500 [06:05<04:38,  7.05it/s, loss=0.3025]
Fine-tuning Navine AI Video:  44%|####3     | 1533/3500 [06:05<04:38,  7.05it/s, loss=0.3121]
Fine-tuning Navine AI Video:  44%|####3     | 1534/3500 [06:05<05:28,  5.99it/s, loss=0.3121]
Fine-tuning Navine AI Video:  44%|####3     | 1534/3500 [06:05<05:28,  5.99it/s, loss=0.3359]
Fine-tuning Navine AI Video:  44%|####3     | 1535/3500 [06:05<05:12,  6.28it/s, loss=0.3359]
Fine-tuning Navine AI Video:  44%|####3     | 1535/3500 [06:05<05:12,  6.28it/s, loss=0.2790]
Fine-tuning Navine AI Video:  44%|####3     | 1536/3500 [06:05<04:56,  6.63it/s, loss=0.2790]
Fine-tuning Navine AI Video:  44%|####3     | 1536/3500 [06:05<04:56,  6.63it/s, loss=0.2763]
Fine-tuning Navine AI Video:  44%|####3     | 1537/3500 [06:06<04:41,  6.97it/s, loss=0.2763]
Fine-tuning Navine AI Video:  44%|####3     | 1537/3500 [06:06<04:41,  6.97it/s, loss=0.3068]
Fine-tuning Navine AI Video:  44%|####3     | 1538/3500 [06:06<04:48,  6.80it/s, loss=0.3068]
Fine-tuning Navine AI Video:  44%|####3     | 1538/3500 [06:06<04:48,  6.80it/s, loss=0.5777]
Fine-tuning Navine AI Video:  44%|####3     | 1539/3500 [06:06<05:39,  5.77it/s, loss=0.5777]
Fine-tuning Navine AI Video:  44%|####3     | 1539/3500 [06:06<05:39,  5.77it/s, loss=0.1093]
Fine-tuning Navine AI Video:  44%|####4     | 1540/3500 [06:06<05:10,  6.31it/s, loss=0.1093]
Fine-tuning Navine AI Video:  44%|####4     | 1540/3500 [06:06<05:10,  6.31it/s, loss=0.3892]
Fine-tuning Navine AI Video:  44%|####4     | 1541/3500 [06:06<06:56,  4.70it/s, loss=0.3892]
Fine-tuning Navine AI Video:  44%|####4     | 1541/3500 [06:06<06:56,  4.70it/s, loss=0.3611]
Fine-tuning Navine AI Video:  44%|####4     | 1542/3500 [06:06<06:03,  5.38it/s, loss=0.3611]
Fine-tuning Navine AI Video:  44%|####4     | 1542/3500 [06:07<06:03,  5.38it/s, loss=0.3494]
Fine-tuning Navine AI Video:  44%|####4     | 1543/3500 [06:07<05:26,  6.00it/s, loss=0.3494]
Fine-tuning Navine AI Video:  44%|####4     | 1543/3500 [06:07<05:26,  6.00it/s, loss=0.3892]
Fine-tuning Navine AI Video:  44%|####4     | 1544/3500 [06:07<06:29,  5.03it/s, loss=0.3892]
Fine-tuning Navine AI Video:  44%|####4     | 1544/3500 [06:07<06:29,  5.03it/s, loss=0.3754]
Fine-tuning Navine AI Video:  44%|####4     | 1545/3500 [06:07<06:53,  4.73it/s, loss=0.3754]
Fine-tuning Navine AI Video:  44%|####4     | 1545/3500 [06:07<06:53,  4.73it/s, loss=0.2995]
Fine-tuning Navine AI Video:  44%|####4     | 1546/3500 [06:07<06:33,  4.96it/s, loss=0.2995]
Fine-tuning Navine AI Video:  44%|####4     | 1546/3500 [06:07<06:33,  4.96it/s, loss=0.2939]
Fine-tuning Navine AI Video:  44%|####4     | 1547/3500 [06:07<06:01,  5.41it/s, loss=0.2939]
Fine-tuning Navine AI Video:  44%|####4     | 1547/3500 [06:07<06:01,  5.41it/s, loss=0.5141]
Fine-tuning Navine AI Video:  44%|####4     | 1548/3500 [06:08<05:39,  5.75it/s, loss=0.5141]
Fine-tuning Navine AI Video:  44%|####4     | 1548/3500 [06:08<05:39,  5.75it/s, loss=0.3698]
Fine-tuning Navine AI Video:  44%|####4     | 1549/3500 [06:08<05:12,  6.24it/s, loss=0.3698]
Fine-tuning Navine AI Video:  44%|####4     | 1549/3500 [06:08<05:12,  6.24it/s, loss=0.3785]
Fine-tuning Navine AI Video:  44%|####4     | 1550/3500 [06:08<06:04,  5.34it/s, loss=0.3785]
Fine-tuning Navine AI Video:  44%|####4     | 1550/3500 [06:08<06:04,  5.34it/s, loss=0.2890]
Fine-tuning Navine AI Video:  44%|####4     | 1551/3500 [06:08<05:36,  5.79it/s, loss=0.2890]
Fine-tuning Navine AI Video:  44%|####4     | 1551/3500 [06:08<05:36,  5.79it/s, loss=0.4715]
Fine-tuning Navine AI Video:  44%|####4     | 1552/3500 [06:08<05:07,  6.33it/s, loss=0.4715]
Fine-tuning Navine AI Video:  44%|####4     | 1552/3500 [06:08<05:07,  6.33it/s, loss=0.3651]
Fine-tuning Navine AI Video:  44%|####4     | 1553/3500 [06:08<04:56,  6.57it/s, loss=0.3651]
Fine-tuning Navine AI Video:  44%|####4     | 1553/3500 [06:08<04:56,  6.57it/s, loss=0.3028]
Fine-tuning Navine AI Video:  44%|####4     | 1554/3500 [06:09<05:22,  6.03it/s, loss=0.3028]
Fine-tuning Navine AI Video:  44%|####4     | 1554/3500 [06:09<05:22,  6.03it/s, loss=0.3576]
Fine-tuning Navine AI Video:  44%|####4     | 1555/3500 [06:09<06:47,  4.77it/s, loss=0.3576]
Fine-tuning Navine AI Video:  44%|####4     | 1555/3500 [06:09<06:47,  4.77it/s, loss=0.3430]
Fine-tuning Navine AI Video:  44%|####4     | 1556/3500 [06:09<07:23,  4.39it/s, loss=0.3430]
Fine-tuning Navine AI Video:  44%|####4     | 1556/3500 [06:09<07:23,  4.39it/s, loss=0.3134]
Fine-tuning Navine AI Video:  44%|####4     | 1557/3500 [06:09<08:17,  3.91it/s, loss=0.3134]
Fine-tuning Navine AI Video:  44%|####4     | 1557/3500 [06:09<08:17,  3.91it/s, loss=0.3425]
Fine-tuning Navine AI Video:  45%|####4     | 1558/3500 [06:10<06:48,  4.75it/s, loss=0.3425]
Fine-tuning Navine AI Video:  45%|####4     | 1558/3500 [06:10<06:48,  4.75it/s, loss=0.3750]
Fine-tuning Navine AI Video:  45%|####4     | 1559/3500 [06:10<08:21,  3.87it/s, loss=0.3750]
Fine-tuning Navine AI Video:  45%|####4     | 1559/3500 [06:10<08:21,  3.87it/s, loss=0.3836]
Fine-tuning Navine AI Video:  45%|####4     | 1560/3500 [06:10<07:10,  4.51it/s, loss=0.3836]
Fine-tuning Navine AI Video:  45%|####4     | 1560/3500 [06:10<07:10,  4.51it/s, loss=0.2795]
Fine-tuning Navine AI Video:  45%|####4     | 1561/3500 [06:10<07:10,  4.51it/s, loss=0.2795]
Fine-tuning Navine AI Video:  45%|####4     | 1561/3500 [06:10<07:10,  4.51it/s, loss=0.1099]
Fine-tuning Navine AI Video:  45%|####4     | 1562/3500 [06:11<12:38,  2.56it/s, loss=0.1099]
Fine-tuning Navine AI Video:  45%|####4     | 1562/3500 [06:11<12:38,  2.56it/s, loss=0.4187]
Fine-tuning Navine AI Video:  45%|####4     | 1563/3500 [06:11<10:14,  3.15it/s, loss=0.4187]
Fine-tuning Navine AI Video:  45%|####4     | 1563/3500 [06:11<10:14,  3.15it/s, loss=0.6114]
Fine-tuning Navine AI Video:  45%|####4     | 1564/3500 [06:11<08:38,  3.73it/s, loss=0.6114]
Fine-tuning Navine AI Video:  45%|####4     | 1564/3500 [06:11<08:38,  3.73it/s, loss=0.5039]
Fine-tuning Navine AI Video:  45%|####4     | 1565/3500 [06:12<08:40,  3.71it/s, loss=0.5039]
Fine-tuning Navine AI Video:  45%|####4     | 1565/3500 [06:12<08:40,  3.71it/s, loss=0.3312]
Fine-tuning Navine AI Video:  45%|####4     | 1566/3500 [06:12<08:20,  3.86it/s, loss=0.3312]
Fine-tuning Navine AI Video:  45%|####4     | 1566/3500 [06:12<08:20,  3.86it/s, loss=0.1126]
Fine-tuning Navine AI Video:  45%|####4     | 1567/3500 [06:12<06:55,  4.65it/s, loss=0.1126]
Fine-tuning Navine AI Video:  45%|####4     | 1567/3500 [06:12<06:55,  4.65it/s, loss=0.3185]
Fine-tuning Navine AI Video:  45%|####4     | 1568/3500 [06:12<05:59,  5.38it/s, loss=0.3185]
Fine-tuning Navine AI Video:  45%|####4     | 1568/3500 [06:12<05:59,  5.38it/s, loss=0.3545]
Fine-tuning Navine AI Video:  45%|####4     | 1569/3500 [06:12<05:59,  5.38it/s, loss=0.3008]
Fine-tuning Navine AI Video:  45%|####4     | 1570/3500 [06:12<05:27,  5.89it/s, loss=0.3008]
Fine-tuning Navine AI Video:  45%|####4     | 1570/3500 [06:12<05:27,  5.89it/s, loss=0.1082]
Fine-tuning Navine AI Video:  45%|####4     | 1571/3500 [06:13<05:10,  6.21it/s, loss=0.1082]
Fine-tuning Navine AI Video:  45%|####4     | 1571/3500 [06:13<05:10,  6.21it/s, loss=0.3293]
Fine-tuning Navine AI Video:  45%|####4     | 1572/3500 [06:13<04:54,  6.54it/s, loss=0.3293]
Fine-tuning Navine AI Video:  45%|####4     | 1572/3500 [06:13<04:54,  6.54it/s, loss=0.2846]
Fine-tuning Navine AI Video:  45%|####4     | 1573/3500 [06:13<04:45,  6.75it/s, loss=0.2846]
Fine-tuning Navine AI Video:  45%|####4     | 1573/3500 [06:13<04:45,  6.75it/s, loss=0.5078]
Fine-tuning Navine AI Video:  45%|####4     | 1574/3500 [06:13<04:28,  7.18it/s, loss=0.5078]
Fine-tuning Navine AI Video:  45%|####4     | 1574/3500 [06:13<04:28,  7.18it/s, loss=0.3673]
Fine-tuning Navine AI Video:  45%|####5     | 1575/3500 [06:13<04:26,  7.21it/s, loss=0.3673]
Fine-tuning Navine AI Video:  45%|####5     | 1575/3500 [06:13<04:26,  7.21it/s, loss=0.2713]
Fine-tuning Navine AI Video:  45%|####5     | 1576/3500 [06:13<05:41,  5.64it/s, loss=0.2713]
Fine-tuning Navine AI Video:  45%|####5     | 1576/3500 [06:13<05:41,  5.64it/s, loss=0.3873]
Fine-tuning Navine AI Video:  45%|####5     | 1577/3500 [06:14<06:24,  5.00it/s, loss=0.3873]
Fine-tuning Navine AI Video:  45%|####5     | 1577/3500 [06:14<06:24,  5.00it/s, loss=0.2772]
Fine-tuning Navine AI Video:  45%|####5     | 1578/3500 [06:14<05:31,  5.81it/s, loss=0.2772]
Fine-tuning Navine AI Video:  45%|####5     | 1578/3500 [06:14<05:31,  5.81it/s, loss=0.3993]
Fine-tuning Navine AI Video:  45%|####5     | 1579/3500 [06:14<06:37,  4.84it/s, loss=0.3993]
Fine-tuning Navine AI Video:  45%|####5     | 1579/3500 [06:14<06:37,  4.84it/s, loss=0.4068]
Fine-tuning Navine AI Video:  45%|####5     | 1580/3500 [06:14<07:01,  4.55it/s, loss=0.4068]
Fine-tuning Navine AI Video:  45%|####5     | 1580/3500 [06:14<07:01,  4.55it/s, loss=0.3370]
Fine-tuning Navine AI Video:  45%|####5     | 1581/3500 [06:14<05:56,  5.39it/s, loss=0.3370]
Fine-tuning Navine AI Video:  45%|####5     | 1581/3500 [06:14<05:56,  5.39it/s, loss=0.3005]
Fine-tuning Navine AI Video:  45%|####5     | 1582/3500 [06:15<05:32,  5.77it/s, loss=0.3005]
Fine-tuning Navine AI Video:  45%|####5     | 1582/3500 [06:15<05:32,  5.77it/s, loss=0.4185]
Fine-tuning Navine AI Video:  45%|####5     | 1583/3500 [06:15<05:04,  6.30it/s, loss=0.4185]
Fine-tuning Navine AI Video:  45%|####5     | 1583/3500 [06:15<05:04,  6.30it/s, loss=0.3711]
Fine-tuning Navine AI Video:  45%|####5     | 1584/3500 [06:15<05:49,  5.48it/s, loss=0.3711]
Fine-tuning Navine AI Video:  45%|####5     | 1584/3500 [06:15<05:49,  5.48it/s, loss=0.3838]
Fine-tuning Navine AI Video:  45%|####5     | 1585/3500 [06:15<05:36,  5.70it/s, loss=0.3838]
Fine-tuning Navine AI Video:  45%|####5     | 1585/3500 [06:15<05:36,  5.70it/s, loss=0.2374]
Fine-tuning Navine AI Video:  45%|####5     | 1586/3500 [06:15<05:25,  5.88it/s, loss=0.2374]
Fine-tuning Navine AI Video:  45%|####5     | 1586/3500 [06:15<05:25,  5.88it/s, loss=0.2692]
Fine-tuning Navine AI Video:  45%|####5     | 1587/3500 [06:15<04:51,  6.56it/s, loss=0.2692]
Fine-tuning Navine AI Video:  45%|####5     | 1587/3500 [06:15<04:51,  6.56it/s, loss=0.3531]
Fine-tuning Navine AI Video:  45%|####5     | 1588/3500 [06:15<04:47,  6.65it/s, loss=0.3531]
Fine-tuning Navine AI Video:  45%|####5     | 1588/3500 [06:15<04:47,  6.65it/s, loss=0.3193]
Fine-tuning Navine AI Video:  45%|####5     | 1589/3500 [06:16<04:46,  6.67it/s, loss=0.3193]
Fine-tuning Navine AI Video:  45%|####5     | 1589/3500 [06:16<04:46,  6.67it/s, loss=0.3348]
Fine-tuning Navine AI Video:  45%|####5     | 1590/3500 [06:16<07:18,  4.35it/s, loss=0.3348]
Fine-tuning Navine AI Video:  45%|####5     | 1590/3500 [06:16<07:18,  4.35it/s, loss=0.3609]
Fine-tuning Navine AI Video:  45%|####5     | 1591/3500 [06:16<06:37,  4.80it/s, loss=0.3609]
Fine-tuning Navine AI Video:  45%|####5     | 1591/3500 [06:16<06:37,  4.80it/s, loss=0.3852]
Fine-tuning Navine AI Video:  45%|####5     | 1592/3500 [06:16<07:21,  4.33it/s, loss=0.3852]
Fine-tuning Navine AI Video:  45%|####5     | 1592/3500 [06:16<07:21,  4.33it/s, loss=0.3012]
Fine-tuning Navine AI Video:  46%|####5     | 1593/3500 [06:17<10:55,  2.91it/s, loss=0.3012]
Fine-tuning Navine AI Video:  46%|####5     | 1593/3500 [06:17<10:55,  2.91it/s, loss=0.3982]
Fine-tuning Navine AI Video:  46%|####5     | 1594/3500 [06:17<09:09,  3.47it/s, loss=0.3982]
Fine-tuning Navine AI Video:  46%|####5     | 1594/3500 [06:17<09:09,  3.47it/s, loss=0.3121]
Fine-tuning Navine AI Video:  46%|####5     | 1595/3500 [06:18<14:47,  2.15it/s, loss=0.3121]
Fine-tuning Navine AI Video:  46%|####5     | 1595/3500 [06:18<14:47,  2.15it/s, loss=0.4446]
Fine-tuning Navine AI Video:  46%|####5     | 1596/3500 [06:18<11:36,  2.74it/s, loss=0.4446]
Fine-tuning Navine AI Video:  46%|####5     | 1596/3500 [06:18<11:36,  2.74it/s, loss=0.4669]
Fine-tuning Navine AI Video:  46%|####5     | 1597/3500 [06:18<09:44,  3.26it/s, loss=0.4669]
Fine-tuning Navine AI Video:  46%|####5     | 1597/3500 [06:18<09:44,  3.26it/s, loss=0.3459]
Fine-tuning Navine AI Video:  46%|####5     | 1598/3500 [06:19<08:10,  3.87it/s, loss=0.3459]
Fine-tuning Navine AI Video:  46%|####5     | 1598/3500 [06:19<08:10,  3.87it/s, loss=0.5464]
Fine-tuning Navine AI Video:  46%|####5     | 1599/3500 [06:19<06:57,  4.56it/s, loss=0.5464]
Fine-tuning Navine AI Video:  46%|####5     | 1599/3500 [06:19<06:57,  4.56it/s, loss=0.1937]
Fine-tuning Navine AI Video:  46%|####5     | 1600/3500 [06:19<06:50,  4.63it/s, loss=0.1937]
Fine-tuning Navine AI Video:  46%|####5     | 1600/3500 [06:19<06:50,  4.63it/s, loss=0.1255]
Fine-tuning Navine AI Video:  46%|####5     | 1601/3500 [06:19<07:03,  4.48it/s, loss=0.1255]
Fine-tuning Navine AI Video:  46%|####5     | 1601/3500 [06:19<07:03,  4.48it/s, loss=0.5557]
Fine-tuning Navine AI Video:  46%|####5     | 1602/3500 [06:19<06:12,  5.10it/s, loss=0.5557]
Fine-tuning Navine AI Video:  46%|####5     | 1602/3500 [06:19<06:12,  5.10it/s, loss=0.3698]
Fine-tuning Navine AI Video:  46%|####5     | 1603/3500 [06:19<06:27,  4.89it/s, loss=0.3698]
Fine-tuning Navine AI Video:  46%|####5     | 1603/3500 [06:19<06:27,  4.89it/s, loss=0.1114]
Fine-tuning Navine AI Video:  46%|####5     | 1604/3500 [06:20<05:33,  5.69it/s, loss=0.1114]
Fine-tuning Navine AI Video:  46%|####5     | 1604/3500 [06:20<05:33,  5.69it/s, loss=0.4664]
Fine-tuning Navine AI Video:  46%|####5     | 1605/3500 [06:20<05:12,  6.06it/s, loss=0.4664]
Fine-tuning Navine AI Video:  46%|####5     | 1605/3500 [06:20<05:12,  6.06it/s, loss=0.2634]
Fine-tuning Navine AI Video:  46%|####5     | 1606/3500 [06:20<04:41,  6.73it/s, loss=0.2634]
Fine-tuning Navine AI Video:  46%|####5     | 1606/3500 [06:20<04:41,  6.73it/s, loss=0.3584]
Fine-tuning Navine AI Video:  46%|####5     | 1607/3500 [06:20<04:18,  7.32it/s, loss=0.3584]
Fine-tuning Navine AI Video:  46%|####5     | 1607/3500 [06:20<04:18,  7.32it/s, loss=0.4064]
Fine-tuning Navine AI Video:  46%|####5     | 1608/3500 [06:20<04:27,  7.09it/s, loss=0.4064]
Fine-tuning Navine AI Video:  46%|####5     | 1608/3500 [06:20<04:27,  7.09it/s, loss=0.5354]
Fine-tuning Navine AI Video:  46%|####5     | 1609/3500 [06:20<06:37,  4.76it/s, loss=0.5354]
Fine-tuning Navine AI Video:  46%|####5     | 1609/3500 [06:20<06:37,  4.76it/s, loss=0.3497]
Fine-tuning Navine AI Video:  46%|####6     | 1610/3500 [06:21<06:37,  4.76it/s, loss=0.3625]
Fine-tuning Navine AI Video:  46%|####6     | 1611/3500 [06:21<05:05,  6.19it/s, loss=0.3625]
Fine-tuning Navine AI Video:  46%|####6     | 1611/3500 [06:21<05:05,  6.19it/s, loss=0.4269]
Fine-tuning Navine AI Video:  46%|####6     | 1612/3500 [06:21<05:05,  6.19it/s, loss=0.3944]
Fine-tuning Navine AI Video:  46%|####6     | 1613/3500 [06:21<04:19,  7.26it/s, loss=0.3944]
Fine-tuning Navine AI Video:  46%|####6     | 1613/3500 [06:21<04:19,  7.26it/s, loss=0.3853]
Fine-tuning Navine AI Video:  46%|####6     | 1614/3500 [06:21<04:07,  7.62it/s, loss=0.3853]
Fine-tuning Navine AI Video:  46%|####6     | 1614/3500 [06:21<04:07,  7.62it/s, loss=0.3432]
Fine-tuning Navine AI Video:  46%|####6     | 1615/3500 [06:21<04:46,  6.57it/s, loss=0.3432]
Fine-tuning Navine AI Video:  46%|####6     | 1615/3500 [06:21<04:46,  6.57it/s, loss=0.1158]
Fine-tuning Navine AI Video:  46%|####6     | 1616/3500 [06:21<04:30,  6.96it/s, loss=0.1158]
Fine-tuning Navine AI Video:  46%|####6     | 1616/3500 [06:21<04:30,  6.96it/s, loss=0.1964]
Fine-tuning Navine AI Video:  46%|####6     | 1617/3500 [06:21<04:16,  7.35it/s, loss=0.1964]
Fine-tuning Navine AI Video:  46%|####6     | 1617/3500 [06:21<04:16,  7.35it/s, loss=0.3207]
Fine-tuning Navine AI Video:  46%|####6     | 1618/3500 [06:22<05:00,  6.26it/s, loss=0.3207]
Fine-tuning Navine AI Video:  46%|####6     | 1618/3500 [06:22<05:00,  6.26it/s, loss=0.1117]
Fine-tuning Navine AI Video:  46%|####6     | 1619/3500 [06:22<05:29,  5.72it/s, loss=0.1117]
Fine-tuning Navine AI Video:  46%|####6     | 1619/3500 [06:22<05:29,  5.72it/s, loss=0.1448]
Fine-tuning Navine AI Video:  46%|####6     | 1620/3500 [06:22<05:18,  5.90it/s, loss=0.1448]
Fine-tuning Navine AI Video:  46%|####6     | 1620/3500 [06:22<05:18,  5.90it/s, loss=0.3178]
Fine-tuning Navine AI Video:  46%|####6     | 1621/3500 [06:22<05:51,  5.35it/s, loss=0.3178]
Fine-tuning Navine AI Video:  46%|####6     | 1621/3500 [06:22<05:51,  5.35it/s, loss=0.2982]
Fine-tuning Navine AI Video:  46%|####6     | 1622/3500 [06:22<05:06,  6.12it/s, loss=0.2982]
Fine-tuning Navine AI Video:  46%|####6     | 1622/3500 [06:22<05:06,  6.12it/s, loss=0.3385]
Fine-tuning Navine AI Video:  46%|####6     | 1623/3500 [06:22<04:40,  6.70it/s, loss=0.3385]
Fine-tuning Navine AI Video:  46%|####6     | 1623/3500 [06:23<04:40,  6.70it/s, loss=0.3665]
Fine-tuning Navine AI Video:  46%|####6     | 1624/3500 [06:24<13:36,  2.30it/s, loss=0.3665]
Fine-tuning Navine AI Video:  46%|####6     | 1624/3500 [06:24<13:36,  2.30it/s, loss=0.4080]
Fine-tuning Navine AI Video:  46%|####6     | 1625/3500 [06:24<11:56,  2.62it/s, loss=0.4080]
Fine-tuning Navine AI Video:  46%|####6     | 1625/3500 [06:24<11:56,  2.62it/s, loss=0.3699]
Fine-tuning Navine AI Video:  46%|####6     | 1626/3500 [06:24<09:26,  3.31it/s, loss=0.3699]
Fine-tuning Navine AI Video:  46%|####6     | 1626/3500 [06:24<09:26,  3.31it/s, loss=0.3973]
Fine-tuning Navine AI Video:  46%|####6     | 1627/3500 [06:24<09:09,  3.41it/s, loss=0.3973]
Fine-tuning Navine AI Video:  46%|####6     | 1627/3500 [06:24<09:09,  3.41it/s, loss=0.3322]
Fine-tuning Navine AI Video:  47%|####6     | 1628/3500 [06:24<08:25,  3.70it/s, loss=0.3322]
Fine-tuning Navine AI Video:  47%|####6     | 1628/3500 [06:24<08:25,  3.70it/s, loss=0.3764]
Fine-tuning Navine AI Video:  47%|####6     | 1629/3500 [06:25<06:53,  4.52it/s, loss=0.3764]
Fine-tuning Navine AI Video:  47%|####6     | 1629/3500 [06:25<06:53,  4.52it/s, loss=0.3496]
Fine-tuning Navine AI Video:  47%|####6     | 1630/3500 [06:25<05:55,  5.26it/s, loss=0.3496]
Fine-tuning Navine AI Video:  47%|####6     | 1630/3500 [06:25<05:55,  5.26it/s, loss=0.3140]
Fine-tuning Navine AI Video:  47%|####6     | 1631/3500 [06:25<06:55,  4.50it/s, loss=0.3140]
Fine-tuning Navine AI Video:  47%|####6     | 1631/3500 [06:25<06:55,  4.50it/s, loss=0.3830]
Fine-tuning Navine AI Video:  47%|####6     | 1632/3500 [06:25<05:50,  5.33it/s, loss=0.3830]
Fine-tuning Navine AI Video:  47%|####6     | 1632/3500 [06:25<05:50,  5.33it/s, loss=0.4152]
Fine-tuning Navine AI Video:  47%|####6     | 1633/3500 [06:25<05:05,  6.12it/s, loss=0.4152]
Fine-tuning Navine AI Video:  47%|####6     | 1633/3500 [06:25<05:05,  6.12it/s, loss=0.4019]
Fine-tuning Navine AI Video:  47%|####6     | 1634/3500 [06:25<04:35,  6.78it/s, loss=0.4019]
Fine-tuning Navine AI Video:  47%|####6     | 1634/3500 [06:25<04:35,  6.78it/s, loss=0.3956]
Fine-tuning Navine AI Video:  47%|####6     | 1635/3500 [06:25<04:24,  7.06it/s, loss=0.3956]
Fine-tuning Navine AI Video:  47%|####6     | 1635/3500 [06:25<04:24,  7.06it/s, loss=0.3944]
Fine-tuning Navine AI Video:  47%|####6     | 1636/3500 [06:26<04:12,  7.39it/s, loss=0.3944]
Fine-tuning Navine AI Video:  47%|####6     | 1636/3500 [06:26<04:12,  7.39it/s, loss=0.3749]
Fine-tuning Navine AI Video:  47%|####6     | 1637/3500 [06:26<05:07,  6.05it/s, loss=0.3749]
Fine-tuning Navine AI Video:  47%|####6     | 1637/3500 [06:26<05:07,  6.05it/s, loss=0.3468]
Fine-tuning Navine AI Video:  47%|####6     | 1638/3500 [06:26<05:34,  5.57it/s, loss=0.3468]
Fine-tuning Navine AI Video:  47%|####6     | 1638/3500 [06:26<05:34,  5.57it/s, loss=0.1083]
Fine-tuning Navine AI Video:  47%|####6     | 1639/3500 [06:27<08:32,  3.63it/s, loss=0.1083]
Fine-tuning Navine AI Video:  47%|####6     | 1639/3500 [06:27<08:32,  3.63it/s, loss=0.3956]
Fine-tuning Navine AI Video:  47%|####6     | 1640/3500 [06:27<07:51,  3.94it/s, loss=0.3956]
Fine-tuning Navine AI Video:  47%|####6     | 1640/3500 [06:27<07:51,  3.94it/s, loss=0.1114]
Fine-tuning Navine AI Video:  47%|####6     | 1641/3500 [06:27<06:27,  4.80it/s, loss=0.1114]
Fine-tuning Navine AI Video:  47%|####6     | 1641/3500 [06:27<06:27,  4.80it/s, loss=0.4043]
Fine-tuning Navine AI Video:  47%|####6     | 1642/3500 [06:27<07:19,  4.23it/s, loss=0.4043]
Fine-tuning Navine AI Video:  47%|####6     | 1642/3500 [06:27<07:19,  4.23it/s, loss=0.3304]
Fine-tuning Navine AI Video:  47%|####6     | 1643/3500 [06:27<07:23,  4.19it/s, loss=0.3304]
Fine-tuning Navine AI Video:  47%|####6     | 1643/3500 [06:27<07:23,  4.19it/s, loss=0.1157]
Fine-tuning Navine AI Video:  47%|####6     | 1644/3500 [06:28<06:28,  4.78it/s, loss=0.1157]
Fine-tuning Navine AI Video:  47%|####6     | 1644/3500 [06:28<06:28,  4.78it/s, loss=0.2767]
Fine-tuning Navine AI Video:  47%|####6     | 1645/3500 [06:28<06:49,  4.53it/s, loss=0.2767]
Fine-tuning Navine AI Video:  47%|####6     | 1645/3500 [06:28<06:49,  4.53it/s, loss=0.2983]
Fine-tuning Navine AI Video:  47%|####7     | 1646/3500 [06:28<07:18,  4.22it/s, loss=0.2983]
Fine-tuning Navine AI Video:  47%|####7     | 1646/3500 [06:28<07:18,  4.22it/s, loss=0.4014]
Fine-tuning Navine AI Video:  47%|####7     | 1647/3500 [06:28<06:03,  5.10it/s, loss=0.4014]
Fine-tuning Navine AI Video:  47%|####7     | 1647/3500 [06:28<06:03,  5.10it/s, loss=0.3529]
Fine-tuning Navine AI Video:  47%|####7     | 1648/3500 [06:28<06:17,  4.91it/s, loss=0.3529]
Fine-tuning Navine AI Video:  47%|####7     | 1648/3500 [06:28<06:17,  4.91it/s, loss=0.2961]
Fine-tuning Navine AI Video:  47%|####7     | 1649/3500 [06:28<05:32,  5.56it/s, loss=0.2961]
Fine-tuning Navine AI Video:  47%|####7     | 1649/3500 [06:28<05:32,  5.56it/s, loss=0.3708]
Fine-tuning Navine AI Video:  47%|####7     | 1650/3500 [06:29<05:00,  6.15it/s, loss=0.3708]
Fine-tuning Navine AI Video:  47%|####7     | 1650/3500 [06:29<05:00,  6.15it/s, loss=0.3161]
Fine-tuning Navine AI Video:  47%|####7     | 1651/3500 [06:29<05:28,  5.62it/s, loss=0.3161]
Fine-tuning Navine AI Video:  47%|####7     | 1651/3500 [06:29<05:28,  5.62it/s, loss=0.1111]
Fine-tuning Navine AI Video:  47%|####7     | 1652/3500 [06:29<05:06,  6.02it/s, loss=0.1111]
Fine-tuning Navine AI Video:  47%|####7     | 1652/3500 [06:29<05:06,  6.02it/s, loss=0.3308]
Fine-tuning Navine AI Video:  47%|####7     | 1653/3500 [06:29<05:36,  5.50it/s, loss=0.3308]
Fine-tuning Navine AI Video:  47%|####7     | 1653/3500 [06:29<05:36,  5.50it/s, loss=0.1105]
Fine-tuning Navine AI Video:  47%|####7     | 1654/3500 [06:30<07:08,  4.31it/s, loss=0.1105]
Fine-tuning Navine AI Video:  47%|####7     | 1654/3500 [06:30<07:08,  4.31it/s, loss=0.4015]
Fine-tuning Navine AI Video:  47%|####7     | 1655/3500 [06:30<05:57,  5.17it/s, loss=0.4015]
Fine-tuning Navine AI Video:  47%|####7     | 1655/3500 [06:30<05:57,  5.17it/s, loss=0.4006]
Fine-tuning Navine AI Video:  47%|####7     | 1656/3500 [06:30<05:09,  5.96it/s, loss=0.4006]
Fine-tuning Navine AI Video:  47%|####7     | 1656/3500 [06:30<05:09,  5.96it/s, loss=0.3558]
Fine-tuning Navine AI Video:  47%|####7     | 1657/3500 [06:30<04:42,  6.52it/s, loss=0.3558]
Fine-tuning Navine AI Video:  47%|####7     | 1657/3500 [06:30<04:42,  6.52it/s, loss=0.1938]
Fine-tuning Navine AI Video:  47%|####7     | 1658/3500 [06:31<09:53,  3.10it/s, loss=0.1938]
Fine-tuning Navine AI Video:  47%|####7     | 1658/3500 [06:31<09:53,  3.10it/s, loss=0.3970]
Fine-tuning Navine AI Video:  47%|####7     | 1659/3500 [06:31<08:07,  3.78it/s, loss=0.3970]
Fine-tuning Navine AI Video:  47%|####7     | 1659/3500 [06:31<08:07,  3.78it/s, loss=0.5136]
Fine-tuning Navine AI Video:  47%|####7     | 1660/3500 [06:31<06:49,  4.49it/s, loss=0.5136]
Fine-tuning Navine AI Video:  47%|####7     | 1660/3500 [06:31<06:49,  4.49it/s, loss=0.1783]
Fine-tuning Navine AI Video:  47%|####7     | 1661/3500 [06:31<07:12,  4.26it/s, loss=0.1783]
Fine-tuning Navine AI Video:  47%|####7     | 1661/3500 [06:31<07:12,  4.26it/s, loss=0.3695]
Fine-tuning Navine AI Video:  47%|####7     | 1662/3500 [06:31<05:58,  5.12it/s, loss=0.3695]
Fine-tuning Navine AI Video:  47%|####7     | 1662/3500 [06:31<05:58,  5.12it/s, loss=0.4604]
Fine-tuning Navine AI Video:  48%|####7     | 1663/3500 [06:31<05:19,  5.75it/s, loss=0.4604]
Fine-tuning Navine AI Video:  48%|####7     | 1663/3500 [06:31<05:19,  5.75it/s, loss=0.3007]
Fine-tuning Navine AI Video:  48%|####7     | 1664/3500 [06:31<04:39,  6.58it/s, loss=0.3007]
Fine-tuning Navine AI Video:  48%|####7     | 1664/3500 [06:31<04:39,  6.58it/s, loss=0.3256]
Fine-tuning Navine AI Video:  48%|####7     | 1665/3500 [06:32<04:49,  6.34it/s, loss=0.3256]
Fine-tuning Navine AI Video:  48%|####7     | 1665/3500 [06:32<04:49,  6.34it/s, loss=0.4146]
Fine-tuning Navine AI Video:  48%|####7     | 1666/3500 [06:32<05:17,  5.77it/s, loss=0.4146]
Fine-tuning Navine AI Video:  48%|####7     | 1666/3500 [06:32<05:17,  5.77it/s, loss=0.3324]
Fine-tuning Navine AI Video:  48%|####7     | 1667/3500 [06:32<04:53,  6.24it/s, loss=0.3324]
Fine-tuning Navine AI Video:  48%|####7     | 1667/3500 [06:32<04:53,  6.24it/s, loss=0.2884]
Fine-tuning Navine AI Video:  48%|####7     | 1668/3500 [06:32<04:25,  6.89it/s, loss=0.2884]
Fine-tuning Navine AI Video:  48%|####7     | 1668/3500 [06:32<04:25,  6.89it/s, loss=0.3394]
Fine-tuning Navine AI Video:  48%|####7     | 1669/3500 [06:32<05:07,  5.96it/s, loss=0.3394]
Fine-tuning Navine AI Video:  48%|####7     | 1669/3500 [06:32<05:07,  5.96it/s, loss=0.2574]
Fine-tuning Navine AI Video:  48%|####7     | 1670/3500 [06:33<07:08,  4.27it/s, loss=0.2574]
Fine-tuning Navine AI Video:  48%|####7     | 1670/3500 [06:33<07:08,  4.27it/s, loss=0.3572]
Fine-tuning Navine AI Video:  48%|####7     | 1671/3500 [06:33<08:06,  3.76it/s, loss=0.3572]
Fine-tuning Navine AI Video:  48%|####7     | 1671/3500 [06:33<08:06,  3.76it/s, loss=0.4018]
Fine-tuning Navine AI Video:  48%|####7     | 1672/3500 [06:33<07:02,  4.33it/s, loss=0.4018]
Fine-tuning Navine AI Video:  48%|####7     | 1672/3500 [06:33<07:02,  4.33it/s, loss=0.2965]
Fine-tuning Navine AI Video:  48%|####7     | 1673/3500 [06:33<06:08,  4.96it/s, loss=0.2965]
Fine-tuning Navine AI Video:  48%|####7     | 1673/3500 [06:33<06:08,  4.96it/s, loss=0.3119]
Fine-tuning Navine AI Video:  48%|####7     | 1674/3500 [06:33<05:39,  5.39it/s, loss=0.3119]
Fine-tuning Navine AI Video:  48%|####7     | 1674/3500 [06:33<05:39,  5.39it/s, loss=0.3328]
Fine-tuning Navine AI Video:  48%|####7     | 1675/3500 [06:34<04:55,  6.18it/s, loss=0.3328]
Fine-tuning Navine AI Video:  48%|####7     | 1675/3500 [06:34<04:55,  6.18it/s, loss=0.3345]
Fine-tuning Navine AI Video:  48%|####7     | 1676/3500 [06:34<06:40,  4.56it/s, loss=0.3345]
Fine-tuning Navine AI Video:  48%|####7     | 1676/3500 [06:34<06:40,  4.56it/s, loss=0.3867]
Fine-tuning Navine AI Video:  48%|####7     | 1677/3500 [06:34<05:45,  5.27it/s, loss=0.3867]
Fine-tuning Navine AI Video:  48%|####7     | 1677/3500 [06:34<05:45,  5.27it/s, loss=0.3097]
Fine-tuning Navine AI Video:  48%|####7     | 1678/3500 [06:35<09:25,  3.22it/s, loss=0.3097]
Fine-tuning Navine AI Video:  48%|####7     | 1678/3500 [06:35<09:25,  3.22it/s, loss=0.3935]
Fine-tuning Navine AI Video:  48%|####7     | 1679/3500 [06:35<07:32,  4.02it/s, loss=0.3935]
Fine-tuning Navine AI Video:  48%|####7     | 1679/3500 [06:35<07:32,  4.02it/s, loss=0.3754]
Fine-tuning Navine AI Video:  48%|####8     | 1680/3500 [06:35<06:17,  4.82it/s, loss=0.3754]
Fine-tuning Navine AI Video:  48%|####8     | 1680/3500 [06:35<06:17,  4.82it/s, loss=0.4162]
Fine-tuning Navine AI Video:  48%|####8     | 1681/3500 [06:35<06:28,  4.68it/s, loss=0.4162]
Fine-tuning Navine AI Video:  48%|####8     | 1681/3500 [06:35<06:28,  4.68it/s, loss=0.3307]
Fine-tuning Navine AI Video:  48%|####8     | 1682/3500 [06:35<05:28,  5.54it/s, loss=0.3307]
Fine-tuning Navine AI Video:  48%|####8     | 1682/3500 [06:35<05:28,  5.54it/s, loss=0.3950]
Fine-tuning Navine AI Video:  48%|####8     | 1683/3500 [06:35<05:07,  5.91it/s, loss=0.3950]
Fine-tuning Navine AI Video:  48%|####8     | 1683/3500 [06:35<05:07,  5.91it/s, loss=0.6369]
Fine-tuning Navine AI Video:  48%|####8     | 1684/3500 [06:35<04:32,  6.67it/s, loss=0.6369]
Fine-tuning Navine AI Video:  48%|####8     | 1684/3500 [06:35<04:32,  6.67it/s, loss=0.4150]
Fine-tuning Navine AI Video:  48%|####8     | 1685/3500 [06:36<05:46,  5.24it/s, loss=0.4150]
Fine-tuning Navine AI Video:  48%|####8     | 1685/3500 [06:36<05:46,  5.24it/s, loss=0.3766]
Fine-tuning Navine AI Video:  48%|####8     | 1686/3500 [06:36<05:08,  5.89it/s, loss=0.3766]
Fine-tuning Navine AI Video:  48%|####8     | 1686/3500 [06:36<05:08,  5.89it/s, loss=0.3485]
Fine-tuning Navine AI Video:  48%|####8     | 1687/3500 [06:36<04:42,  6.43it/s, loss=0.3485]
Fine-tuning Navine AI Video:  48%|####8     | 1687/3500 [06:36<04:42,  6.43it/s, loss=0.3822]
Fine-tuning Navine AI Video:  48%|####8     | 1688/3500 [06:36<05:16,  5.72it/s, loss=0.3822]
Fine-tuning Navine AI Video:  48%|####8     | 1688/3500 [06:36<05:16,  5.72it/s, loss=0.1085]
Fine-tuning Navine AI Video:  48%|####8     | 1689/3500 [06:36<04:45,  6.35it/s, loss=0.1085]
Fine-tuning Navine AI Video:  48%|####8     | 1689/3500 [06:36<04:45,  6.35it/s, loss=0.3688]
Fine-tuning Navine AI Video:  48%|####8     | 1690/3500 [06:36<04:44,  6.35it/s, loss=0.3534]
Fine-tuning Navine AI Video:  48%|####8     | 1691/3500 [06:36<03:58,  7.58it/s, loss=0.3534]
Fine-tuning Navine AI Video:  48%|####8     | 1691/3500 [06:36<03:58,  7.58it/s, loss=0.3272]
Fine-tuning Navine AI Video:  48%|####8     | 1692/3500 [06:37<03:49,  7.87it/s, loss=0.3272]
Fine-tuning Navine AI Video:  48%|####8     | 1692/3500 [06:37<03:49,  7.87it/s, loss=0.4441]
Fine-tuning Navine AI Video:  48%|####8     | 1693/3500 [06:37<03:38,  8.28it/s, loss=0.4441]
Fine-tuning Navine AI Video:  48%|####8     | 1693/3500 [06:37<03:38,  8.28it/s, loss=0.3715]
Fine-tuning Navine AI Video:  48%|####8     | 1694/3500 [06:37<03:45,  8.01it/s, loss=0.3715]
Fine-tuning Navine AI Video:  48%|####8     | 1694/3500 [06:37<03:45,  8.01it/s, loss=0.5447]
Fine-tuning Navine AI Video:  48%|####8     | 1695/3500 [06:37<03:43,  8.09it/s, loss=0.5447]
Fine-tuning Navine AI Video:  48%|####8     | 1695/3500 [06:37<03:43,  8.09it/s, loss=0.4545]
Fine-tuning Navine AI Video:  48%|####8     | 1696/3500 [06:37<03:41,  8.13it/s, loss=0.4545]
Fine-tuning Navine AI Video:  48%|####8     | 1696/3500 [06:37<03:41,  8.13it/s, loss=0.3298]
Fine-tuning Navine AI Video:  48%|####8     | 1697/3500 [06:37<03:38,  8.26it/s, loss=0.3298]
Fine-tuning Navine AI Video:  48%|####8     | 1697/3500 [06:37<03:38,  8.26it/s, loss=0.3798]
Fine-tuning Navine AI Video:  49%|####8     | 1698/3500 [06:37<03:38,  8.26it/s, loss=0.3951]
Fine-tuning Navine AI Video:  49%|####8     | 1699/3500 [06:37<03:28,  8.64it/s, loss=0.3951]
Fine-tuning Navine AI Video:  49%|####8     | 1699/3500 [06:37<03:28,  8.64it/s, loss=0.3864]
Fine-tuning Navine AI Video:  49%|####8     | 1700/3500 [06:37<03:28,  8.64it/s, loss=0.3959]
Fine-tuning Navine AI Video:  49%|####8     | 1701/3500 [06:38<03:26,  8.73it/s, loss=0.3959]
Fine-tuning Navine AI Video:  49%|####8     | 1701/3500 [06:38<03:26,  8.73it/s, loss=0.2648]
Fine-tuning Navine AI Video:  49%|####8     | 1702/3500 [06:38<03:36,  8.29it/s, loss=0.2648]
Fine-tuning Navine AI Video:  49%|####8     | 1702/3500 [06:38<03:36,  8.29it/s, loss=0.5597]
Fine-tuning Navine AI Video:  49%|####8     | 1703/3500 [06:38<04:40,  6.40it/s, loss=0.5597]
Fine-tuning Navine AI Video:  49%|####8     | 1703/3500 [06:38<04:40,  6.40it/s, loss=0.1088]
Fine-tuning Navine AI Video:  49%|####8     | 1704/3500 [06:38<05:08,  5.82it/s, loss=0.1088]
Fine-tuning Navine AI Video:  49%|####8     | 1704/3500 [06:38<05:08,  5.82it/s, loss=0.1133]
Fine-tuning Navine AI Video:  49%|####8     | 1705/3500 [06:38<05:34,  5.37it/s, loss=0.1133]
Fine-tuning Navine AI Video:  49%|####8     | 1705/3500 [06:38<05:34,  5.37it/s, loss=0.3664]
Fine-tuning Navine AI Video:  49%|####8     | 1706/3500 [06:39<06:01,  4.97it/s, loss=0.3664]
Fine-tuning Navine AI Video:  49%|####8     | 1706/3500 [06:39<06:01,  4.97it/s, loss=0.1129]
Fine-tuning Navine AI Video:  49%|####8     | 1707/3500 [06:39<05:30,  5.43it/s, loss=0.1129]
Fine-tuning Navine AI Video:  49%|####8     | 1707/3500 [06:39<05:30,  5.43it/s, loss=0.4145]
Fine-tuning Navine AI Video:  49%|####8     | 1708/3500 [06:39<06:10,  4.84it/s, loss=0.4145]
Fine-tuning Navine AI Video:  49%|####8     | 1708/3500 [06:39<06:10,  4.84it/s, loss=0.1073]
Fine-tuning Navine AI Video:  49%|####8     | 1709/3500 [06:40<08:31,  3.50it/s, loss=0.1073]
Fine-tuning Navine AI Video:  49%|####8     | 1709/3500 [06:40<08:31,  3.50it/s, loss=0.3768]
Fine-tuning Navine AI Video:  49%|####8     | 1710/3500 [06:40<07:02,  4.24it/s, loss=0.3768]
Fine-tuning Navine AI Video:  49%|####8     | 1710/3500 [06:40<07:02,  4.24it/s, loss=0.2923]
Fine-tuning Navine AI Video:  49%|####8     | 1711/3500 [06:40<07:21,  4.05it/s, loss=0.2923]
Fine-tuning Navine AI Video:  49%|####8     | 1711/3500 [06:40<07:21,  4.05it/s, loss=0.1098]
Fine-tuning Navine AI Video:  49%|####8     | 1712/3500 [06:40<07:20,  4.06it/s, loss=0.1098]
Fine-tuning Navine AI Video:  49%|####8     | 1712/3500 [06:40<07:20,  4.06it/s, loss=0.2656]
Fine-tuning Navine AI Video:  49%|####8     | 1713/3500 [06:40<06:29,  4.59it/s, loss=0.2656]
Fine-tuning Navine AI Video:  49%|####8     | 1713/3500 [06:40<06:29,  4.59it/s, loss=0.3783]
Fine-tuning Navine AI Video:  49%|####8     | 1714/3500 [06:40<05:44,  5.18it/s, loss=0.3783]
Fine-tuning Navine AI Video:  49%|####8     | 1714/3500 [06:41<05:44,  5.18it/s, loss=0.3308]
Fine-tuning Navine AI Video:  49%|####9     | 1715/3500 [06:41<06:06,  4.87it/s, loss=0.3308]
Fine-tuning Navine AI Video:  49%|####9     | 1715/3500 [06:41<06:06,  4.87it/s, loss=0.1237]
Fine-tuning Navine AI Video:  49%|####9     | 1716/3500 [06:41<06:54,  4.30it/s, loss=0.1237]
Fine-tuning Navine AI Video:  49%|####9     | 1716/3500 [06:41<06:54,  4.30it/s, loss=0.3373]
Fine-tuning Navine AI Video:  49%|####9     | 1717/3500 [06:41<05:46,  5.14it/s, loss=0.3373]
Fine-tuning Navine AI Video:  49%|####9     | 1717/3500 [06:41<05:46,  5.14it/s, loss=0.4555]
Fine-tuning Navine AI Video:  49%|####9     | 1718/3500 [06:41<05:23,  5.51it/s, loss=0.4555]
Fine-tuning Navine AI Video:  49%|####9     | 1718/3500 [06:41<05:23,  5.51it/s, loss=0.4428]
Fine-tuning Navine AI Video:  49%|####9     | 1719/3500 [06:41<04:55,  6.02it/s, loss=0.4428]
Fine-tuning Navine AI Video:  49%|####9     | 1719/3500 [06:41<04:55,  6.02it/s, loss=0.5277]
Fine-tuning Navine AI Video:  49%|####9     | 1720/3500 [06:42<04:30,  6.58it/s, loss=0.5277]
Fine-tuning Navine AI Video:  49%|####9     | 1720/3500 [06:42<04:30,  6.58it/s, loss=0.5276]
Fine-tuning Navine AI Video:  49%|####9     | 1721/3500 [06:42<04:10,  7.11it/s, loss=0.5276]
Fine-tuning Navine AI Video:  49%|####9     | 1721/3500 [06:42<04:10,  7.11it/s, loss=0.3816]
Fine-tuning Navine AI Video:  49%|####9     | 1722/3500 [06:42<05:20,  5.54it/s, loss=0.3816]
Fine-tuning Navine AI Video:  49%|####9     | 1722/3500 [06:42<05:20,  5.54it/s, loss=0.3952]
Fine-tuning Navine AI Video:  49%|####9     | 1723/3500 [06:42<06:53,  4.30it/s, loss=0.3952]
Fine-tuning Navine AI Video:  49%|####9     | 1723/3500 [06:42<06:53,  4.30it/s, loss=0.4138]
Fine-tuning Navine AI Video:  49%|####9     | 1724/3500 [06:42<05:57,  4.97it/s, loss=0.4138]
Fine-tuning Navine AI Video:  49%|####9     | 1724/3500 [06:42<05:57,  4.97it/s, loss=0.3128]
Fine-tuning Navine AI Video:  49%|####9     | 1725/3500 [06:43<10:15,  2.88it/s, loss=0.3128]
Fine-tuning Navine AI Video:  49%|####9     | 1725/3500 [06:43<10:15,  2.88it/s, loss=0.3922]
Fine-tuning Navine AI Video:  49%|####9     | 1726/3500 [06:43<08:26,  3.50it/s, loss=0.3922]
Fine-tuning Navine AI Video:  49%|####9     | 1726/3500 [06:43<08:26,  3.50it/s, loss=0.5594]
Fine-tuning Navine AI Video:  49%|####9     | 1727/3500 [06:43<07:00,  4.21it/s, loss=0.5594]
Fine-tuning Navine AI Video:  49%|####9     | 1727/3500 [06:43<07:00,  4.21it/s, loss=0.3133]
Fine-tuning Navine AI Video:  49%|####9     | 1728/3500 [06:44<06:23,  4.62it/s, loss=0.3133]
Fine-tuning Navine AI Video:  49%|####9     | 1728/3500 [06:44<06:23,  4.62it/s, loss=0.3565]
Fine-tuning Navine AI Video:  49%|####9     | 1729/3500 [06:44<06:02,  4.89it/s, loss=0.3565]
Fine-tuning Navine AI Video:  49%|####9     | 1729/3500 [06:44<06:02,  4.89it/s, loss=0.4822]
Fine-tuning Navine AI Video:  49%|####9     | 1730/3500 [06:44<05:27,  5.41it/s, loss=0.4822]
Fine-tuning Navine AI Video:  49%|####9     | 1730/3500 [06:44<05:27,  5.41it/s, loss=0.5204]
Fine-tuning Navine AI Video:  49%|####9     | 1731/3500 [06:44<04:50,  6.09it/s, loss=0.5204]
Fine-tuning Navine AI Video:  49%|####9     | 1731/3500 [06:44<04:50,  6.09it/s, loss=0.4071]
Fine-tuning Navine AI Video:  49%|####9     | 1732/3500 [06:44<04:24,  6.68it/s, loss=0.4071]
Fine-tuning Navine AI Video:  49%|####9     | 1732/3500 [06:44<04:24,  6.68it/s, loss=0.3004]
Fine-tuning Navine AI Video:  50%|####9     | 1733/3500 [06:44<04:53,  6.02it/s, loss=0.3004]
Fine-tuning Navine AI Video:  50%|####9     | 1733/3500 [06:44<04:53,  6.02it/s, loss=0.1049]
Fine-tuning Navine AI Video:  50%|####9     | 1734/3500 [06:44<05:14,  5.62it/s, loss=0.1049]
Fine-tuning Navine AI Video:  50%|####9     | 1734/3500 [06:44<05:14,  5.62it/s, loss=0.1105]
Fine-tuning Navine AI Video:  50%|####9     | 1735/3500 [06:45<05:56,  4.95it/s, loss=0.1105]
Fine-tuning Navine AI Video:  50%|####9     | 1735/3500 [06:45<05:56,  4.95it/s, loss=0.4000]
Fine-tuning Navine AI Video:  50%|####9     | 1736/3500 [06:46<12:32,  2.34it/s, loss=0.4000]
Fine-tuning Navine AI Video:  50%|####9     | 1736/3500 [06:46<12:32,  2.34it/s, loss=0.4790]
Fine-tuning Navine AI Video:  50%|####9     | 1737/3500 [06:46<10:43,  2.74it/s, loss=0.4790]
Fine-tuning Navine AI Video:  50%|####9     | 1737/3500 [06:46<10:43,  2.74it/s, loss=0.3200]
Fine-tuning Navine AI Video:  50%|####9     | 1738/3500 [06:46<08:25,  3.49it/s, loss=0.3200]
Fine-tuning Navine AI Video:  50%|####9     | 1738/3500 [06:46<08:25,  3.49it/s, loss=0.3366]
Fine-tuning Navine AI Video:  50%|####9     | 1739/3500 [06:46<06:51,  4.28it/s, loss=0.3366]
Fine-tuning Navine AI Video:  50%|####9     | 1739/3500 [06:46<06:51,  4.28it/s, loss=0.3889]
Fine-tuning Navine AI Video:  50%|####9     | 1740/3500 [06:47<08:33,  3.43it/s, loss=0.3889]
Fine-tuning Navine AI Video:  50%|####9     | 1740/3500 [06:47<08:33,  3.43it/s, loss=0.4016]
Fine-tuning Navine AI Video:  50%|####9     | 1741/3500 [06:47<07:12,  4.06it/s, loss=0.4016]
Fine-tuning Navine AI Video:  50%|####9     | 1741/3500 [06:47<07:12,  4.06it/s, loss=0.4565]
Fine-tuning Navine AI Video:  50%|####9     | 1742/3500 [06:47<06:05,  4.81it/s, loss=0.4565]
Fine-tuning Navine AI Video:  50%|####9     | 1742/3500 [06:47<06:05,  4.81it/s, loss=0.3392]
Fine-tuning Navine AI Video:  50%|####9     | 1743/3500 [06:47<06:09,  4.75it/s, loss=0.3392]
Fine-tuning Navine AI Video:  50%|####9     | 1743/3500 [06:47<06:09,  4.75it/s, loss=0.1033]
Fine-tuning Navine AI Video:  50%|####9     | 1744/3500 [06:47<05:58,  4.89it/s, loss=0.1033]
Fine-tuning Navine AI Video:  50%|####9     | 1744/3500 [06:47<05:58,  4.89it/s, loss=0.1065]
Fine-tuning Navine AI Video:  50%|####9     | 1745/3500 [06:47<05:24,  5.40it/s, loss=0.1065]
Fine-tuning Navine AI Video:  50%|####9     | 1745/3500 [06:47<05:24,  5.40it/s, loss=0.3260]
Fine-tuning Navine AI Video:  50%|####9     | 1746/3500 [06:47<04:53,  5.97it/s, loss=0.3260]
Fine-tuning Navine AI Video:  50%|####9     | 1746/3500 [06:47<04:53,  5.97it/s, loss=0.4352]
Fine-tuning Navine AI Video:  50%|####9     | 1747/3500 [06:48<05:59,  4.87it/s, loss=0.4352]
Fine-tuning Navine AI Video:  50%|####9     | 1747/3500 [06:48<05:59,  4.87it/s, loss=0.4177]
Fine-tuning Navine AI Video:  50%|####9     | 1748/3500 [06:48<05:44,  5.09it/s, loss=0.4177]
Fine-tuning Navine AI Video:  50%|####9     | 1748/3500 [06:48<05:44,  5.09it/s, loss=0.5252]
Fine-tuning Navine AI Video:  50%|####9     | 1749/3500 [06:49<08:52,  3.29it/s, loss=0.5252]
Fine-tuning Navine AI Video:  50%|####9     | 1749/3500 [06:49<08:52,  3.29it/s, loss=0.3827]
Fine-tuning Navine AI Video:  50%|#####     | 1750/3500 [06:49<07:19,  3.98it/s, loss=0.3827]
Fine-tuning Navine AI Video:  50%|#####     | 1750/3500 [06:49<07:19,  3.98it/s, loss=0.3905]
Fine-tuning Navine AI Video:  50%|#####     | 1751/3500 [06:49<06:06,  4.77it/s, loss=0.3905]
Fine-tuning Navine AI Video:  50%|#####     | 1751/3500 [06:49<06:06,  4.77it/s, loss=0.4656]
Fine-tuning Navine AI Video:  50%|#####     | 1752/3500 [06:49<05:15,  5.55it/s, loss=0.4656]
Fine-tuning Navine AI Video:  50%|#####     | 1752/3500 [06:49<05:15,  5.55it/s, loss=0.3644]
Fine-tuning Navine AI Video:  50%|#####     | 1753/3500 [06:49<04:43,  6.15it/s, loss=0.3644]
Fine-tuning Navine AI Video:  50%|#####     | 1753/3500 [06:49<04:43,  6.15it/s, loss=0.3395]
Fine-tuning Navine AI Video:  50%|#####     | 1754/3500 [06:49<04:37,  6.30it/s, loss=0.3395]
Fine-tuning Navine AI Video:  50%|#####     | 1754/3500 [06:49<04:37,  6.30it/s, loss=0.4881]
Fine-tuning Navine AI Video:  50%|#####     | 1755/3500 [06:49<04:24,  6.60it/s, loss=0.4881]
Fine-tuning Navine AI Video:  50%|#####     | 1755/3500 [06:49<04:24,  6.60it/s, loss=0.3460]
Fine-tuning Navine AI Video:  50%|#####     | 1756/3500 [06:49<05:00,  5.80it/s, loss=0.3460]
Fine-tuning Navine AI Video:  50%|#####     | 1756/3500 [06:49<05:00,  5.80it/s, loss=0.3137]
Fine-tuning Navine AI Video:  50%|#####     | 1757/3500 [06:50<05:00,  5.80it/s, loss=0.3753]
Fine-tuning Navine AI Video:  50%|#####     | 1758/3500 [06:50<07:29,  3.87it/s, loss=0.3753]
Fine-tuning Navine AI Video:  50%|#####     | 1758/3500 [06:50<07:29,  3.87it/s, loss=0.3966]
Fine-tuning Navine AI Video:  50%|#####     | 1759/3500 [06:50<06:22,  4.55it/s, loss=0.3966]
Fine-tuning Navine AI Video:  50%|#####     | 1759/3500 [06:50<06:22,  4.55it/s, loss=0.4543]
Fine-tuning Navine AI Video:  50%|#####     | 1760/3500 [06:50<05:45,  5.03it/s, loss=0.4543]
Fine-tuning Navine AI Video:  50%|#####     | 1760/3500 [06:50<05:45,  5.03it/s, loss=0.4003]
Fine-tuning Navine AI Video:  50%|#####     | 1761/3500 [06:51<06:39,  4.36it/s, loss=0.4003]
Fine-tuning Navine AI Video:  50%|#####     | 1761/3500 [06:51<06:39,  4.36it/s, loss=0.4029]
Fine-tuning Navine AI Video:  50%|#####     | 1762/3500 [06:51<05:42,  5.07it/s, loss=0.4029]
Fine-tuning Navine AI Video:  50%|#####     | 1762/3500 [06:51<05:42,  5.07it/s, loss=0.4019]
Fine-tuning Navine AI Video:  50%|#####     | 1763/3500 [06:51<05:03,  5.72it/s, loss=0.4019]
Fine-tuning Navine AI Video:  50%|#####     | 1763/3500 [06:51<05:03,  5.72it/s, loss=0.4175]
Fine-tuning Navine AI Video:  50%|#####     | 1764/3500 [06:51<06:28,  4.47it/s, loss=0.4175]
Fine-tuning Navine AI Video:  50%|#####     | 1764/3500 [06:51<06:28,  4.47it/s, loss=0.4122]
Fine-tuning Navine AI Video:  50%|#####     | 1765/3500 [06:51<05:34,  5.18it/s, loss=0.4122]
Fine-tuning Navine AI Video:  50%|#####     | 1765/3500 [06:51<05:34,  5.18it/s, loss=0.3779]
Fine-tuning Navine AI Video:  50%|#####     | 1766/3500 [06:52<06:14,  4.63it/s, loss=0.3779]
Fine-tuning Navine AI Video:  50%|#####     | 1766/3500 [06:52<06:14,  4.63it/s, loss=0.2988]
Fine-tuning Navine AI Video:  50%|#####     | 1767/3500 [06:52<07:11,  4.01it/s, loss=0.2988]
Fine-tuning Navine AI Video:  50%|#####     | 1767/3500 [06:52<07:11,  4.01it/s, loss=0.3626]
Fine-tuning Navine AI Video:  51%|#####     | 1768/3500 [06:52<06:13,  4.63it/s, loss=0.3626]
Fine-tuning Navine AI Video:  51%|#####     | 1768/3500 [06:52<06:13,  4.63it/s, loss=0.2856]
Fine-tuning Navine AI Video:  51%|#####     | 1769/3500 [06:52<06:38,  4.34it/s, loss=0.2856]
Fine-tuning Navine AI Video:  51%|#####     | 1769/3500 [06:52<06:38,  4.34it/s, loss=0.3466]
Fine-tuning Navine AI Video:  51%|#####     | 1770/3500 [06:53<05:43,  5.03it/s, loss=0.3466]
Fine-tuning Navine AI Video:  51%|#####     | 1770/3500 [06:53<05:43,  5.03it/s, loss=0.3365]
Fine-tuning Navine AI Video:  51%|#####     | 1771/3500 [06:53<06:54,  4.17it/s, loss=0.3365]
Fine-tuning Navine AI Video:  51%|#####     | 1771/3500 [06:53<06:54,  4.17it/s, loss=0.3899]
Fine-tuning Navine AI Video:  51%|#####     | 1772/3500 [06:53<08:56,  3.22it/s, loss=0.3899]
Fine-tuning Navine AI Video:  51%|#####     | 1772/3500 [06:53<08:56,  3.22it/s, loss=0.3600]
Fine-tuning Navine AI Video:  51%|#####     | 1773/3500 [06:54<07:19,  3.93it/s, loss=0.3600]
Fine-tuning Navine AI Video:  51%|#####     | 1773/3500 [06:54<07:19,  3.93it/s, loss=0.3922]
Fine-tuning Navine AI Video:  51%|#####     | 1774/3500 [06:54<07:13,  3.98it/s, loss=0.3922]
Fine-tuning Navine AI Video:  51%|#####     | 1774/3500 [06:54<07:13,  3.98it/s, loss=0.1145]
Fine-tuning Navine AI Video:  51%|#####     | 1775/3500 [06:54<08:15,  3.48it/s, loss=0.1145]
Fine-tuning Navine AI Video:  51%|#####     | 1775/3500 [06:54<08:15,  3.48it/s, loss=0.3889]
Fine-tuning Navine AI Video:  51%|#####     | 1776/3500 [06:54<06:50,  4.20it/s, loss=0.3889]
Fine-tuning Navine AI Video:  51%|#####     | 1776/3500 [06:54<06:50,  4.20it/s, loss=0.3943]
Fine-tuning Navine AI Video:  51%|#####     | 1777/3500 [06:54<06:07,  4.69it/s, loss=0.3943]
Fine-tuning Navine AI Video:  51%|#####     | 1777/3500 [06:54<06:07,  4.69it/s, loss=0.2996]
Fine-tuning Navine AI Video:  51%|#####     | 1778/3500 [06:55<06:27,  4.44it/s, loss=0.2996]
Fine-tuning Navine AI Video:  51%|#####     | 1778/3500 [06:55<06:27,  4.44it/s, loss=0.4103]
Fine-tuning Navine AI Video:  51%|#####     | 1779/3500 [06:55<06:43,  4.27it/s, loss=0.4103]
Fine-tuning Navine AI Video:  51%|#####     | 1779/3500 [06:55<06:43,  4.27it/s, loss=0.3287]
Fine-tuning Navine AI Video:  51%|#####     | 1780/3500 [06:55<06:00,  4.77it/s, loss=0.3287]
Fine-tuning Navine AI Video:  51%|#####     | 1780/3500 [06:55<06:00,  4.77it/s, loss=0.2828]
Fine-tuning Navine AI Video:  51%|#####     | 1781/3500 [06:55<05:12,  5.50it/s, loss=0.2828]
Fine-tuning Navine AI Video:  51%|#####     | 1781/3500 [06:55<05:12,  5.50it/s, loss=0.2069]
Fine-tuning Navine AI Video:  51%|#####     | 1782/3500 [06:55<04:38,  6.17it/s, loss=0.2069]
Fine-tuning Navine AI Video:  51%|#####     | 1782/3500 [06:55<04:38,  6.17it/s, loss=0.3227]
Fine-tuning Navine AI Video:  51%|#####     | 1783/3500 [06:56<05:00,  5.72it/s, loss=0.3227]
Fine-tuning Navine AI Video:  51%|#####     | 1783/3500 [06:56<05:00,  5.72it/s, loss=0.5250]
Fine-tuning Navine AI Video:  51%|#####     | 1784/3500 [06:56<04:47,  5.97it/s, loss=0.5250]
Fine-tuning Navine AI Video:  51%|#####     | 1784/3500 [06:56<04:47,  5.97it/s, loss=0.3294]
Fine-tuning Navine AI Video:  51%|#####1    | 1785/3500 [06:56<04:25,  6.45it/s, loss=0.3294]
Fine-tuning Navine AI Video:  51%|#####1    | 1785/3500 [06:56<04:25,  6.45it/s, loss=0.3280]
Fine-tuning Navine AI Video:  51%|#####1    | 1786/3500 [06:56<04:08,  6.89it/s, loss=0.3280]
Fine-tuning Navine AI Video:  51%|#####1    | 1786/3500 [06:56<04:08,  6.89it/s, loss=0.3782]
Fine-tuning Navine AI Video:  51%|#####1    | 1787/3500 [06:56<04:31,  6.32it/s, loss=0.3782]
Fine-tuning Navine AI Video:  51%|#####1    | 1787/3500 [06:56<04:31,  6.32it/s, loss=0.3355]
Fine-tuning Navine AI Video:  51%|#####1    | 1788/3500 [06:56<04:58,  5.73it/s, loss=0.3355]
Fine-tuning Navine AI Video:  51%|#####1    | 1788/3500 [06:56<04:58,  5.73it/s, loss=0.3239]
Fine-tuning Navine AI Video:  51%|#####1    | 1789/3500 [06:57<05:15,  5.43it/s, loss=0.3239]
Fine-tuning Navine AI Video:  51%|#####1    | 1789/3500 [06:57<05:15,  5.43it/s, loss=0.1052]
Fine-tuning Navine AI Video:  51%|#####1    | 1790/3500 [06:57<04:41,  6.08it/s, loss=0.1052]
Fine-tuning Navine AI Video:  51%|#####1    | 1790/3500 [06:57<04:41,  6.08it/s, loss=0.4884]
Fine-tuning Navine AI Video:  51%|#####1    | 1791/3500 [06:57<04:17,  6.63it/s, loss=0.4884]
Fine-tuning Navine AI Video:  51%|#####1    | 1791/3500 [06:57<04:17,  6.63it/s, loss=0.3601]
Fine-tuning Navine AI Video:  51%|#####1    | 1792/3500 [06:57<04:08,  6.88it/s, loss=0.3601]
Fine-tuning Navine AI Video:  51%|#####1    | 1792/3500 [06:57<04:08,  6.88it/s, loss=0.3570]
Fine-tuning Navine AI Video:  51%|#####1    | 1793/3500 [06:57<03:59,  7.14it/s, loss=0.3570]
Fine-tuning Navine AI Video:  51%|#####1    | 1793/3500 [06:57<03:59,  7.14it/s, loss=0.5237]
Fine-tuning Navine AI Video:  51%|#####1    | 1794/3500 [06:57<03:48,  7.48it/s, loss=0.5237]
Fine-tuning Navine AI Video:  51%|#####1    | 1794/3500 [06:57<03:48,  7.48it/s, loss=0.4108]
Fine-tuning Navine AI Video:  51%|#####1    | 1795/3500 [06:57<03:42,  7.67it/s, loss=0.4108]
Fine-tuning Navine AI Video:  51%|#####1    | 1795/3500 [06:57<03:42,  7.67it/s, loss=0.3382]
Fine-tuning Navine AI Video:  51%|#####1    | 1796/3500 [06:57<03:48,  7.47it/s, loss=0.3382]
Fine-tuning Navine AI Video:  51%|#####1    | 1796/3500 [06:57<03:48,  7.47it/s, loss=0.5113]
Fine-tuning Navine AI Video:  51%|#####1    | 1797/3500 [06:58<03:41,  7.67it/s, loss=0.5113]
Fine-tuning Navine AI Video:  51%|#####1    | 1797/3500 [06:58<03:41,  7.67it/s, loss=0.3841]
Fine-tuning Navine AI Video:  51%|#####1    | 1798/3500 [06:58<05:39,  5.01it/s, loss=0.3841]
Fine-tuning Navine AI Video:  51%|#####1    | 1798/3500 [06:58<05:39,  5.01it/s, loss=0.3613]
Fine-tuning Navine AI Video:  51%|#####1    | 1799/3500 [06:58<06:09,  4.60it/s, loss=0.3613]
Fine-tuning Navine AI Video:  51%|#####1    | 1799/3500 [06:58<06:09,  4.60it/s, loss=0.3860]
Fine-tuning Navine AI Video:  51%|#####1    | 1800/3500 [06:58<05:13,  5.42it/s, loss=0.3860]
Fine-tuning Navine AI Video:  51%|#####1    | 1800/3500 [06:58<05:13,  5.42it/s, loss=0.3862]
Fine-tuning Navine AI Video:  51%|#####1    | 1801/3500 [06:58<05:29,  5.16it/s, loss=0.3862]
Fine-tuning Navine AI Video:  51%|#####1    | 1801/3500 [06:58<05:29,  5.16it/s, loss=0.5220]
Fine-tuning Navine AI Video:  51%|#####1    | 1802/3500 [06:59<05:04,  5.57it/s, loss=0.5220]
Fine-tuning Navine AI Video:  51%|#####1    | 1802/3500 [06:59<05:04,  5.57it/s, loss=0.3729]
Fine-tuning Navine AI Video:  52%|#####1    | 1803/3500 [06:59<07:01,  4.02it/s, loss=0.3729]
Fine-tuning Navine AI Video:  52%|#####1    | 1803/3500 [06:59<07:01,  4.02it/s, loss=0.3959]
Fine-tuning Navine AI Video:  52%|#####1    | 1804/3500 [06:59<06:00,  4.70it/s, loss=0.3959]
Fine-tuning Navine AI Video:  52%|#####1    | 1804/3500 [06:59<06:00,  4.70it/s, loss=0.5492]
Fine-tuning Navine AI Video:  52%|#####1    | 1805/3500 [06:59<05:18,  5.32it/s, loss=0.5492]
Fine-tuning Navine AI Video:  52%|#####1    | 1805/3500 [06:59<05:18,  5.32it/s, loss=0.3677]
Fine-tuning Navine AI Video:  52%|#####1    | 1806/3500 [06:59<04:38,  6.09it/s, loss=0.3677]
Fine-tuning Navine AI Video:  52%|#####1    | 1806/3500 [06:59<04:38,  6.09it/s, loss=0.3580]
Fine-tuning Navine AI Video:  52%|#####1    | 1807/3500 [06:59<04:06,  6.86it/s, loss=0.3580]
Fine-tuning Navine AI Video:  52%|#####1    | 1807/3500 [06:59<04:06,  6.86it/s, loss=0.4101]
Fine-tuning Navine AI Video:  52%|#####1    | 1808/3500 [07:00<03:51,  7.31it/s, loss=0.4101]
Fine-tuning Navine AI Video:  52%|#####1    | 1808/3500 [07:00<03:51,  7.31it/s, loss=0.3555]
Fine-tuning Navine AI Video:  52%|#####1    | 1809/3500 [07:00<05:34,  5.06it/s, loss=0.3555]
Fine-tuning Navine AI Video:  52%|#####1    | 1809/3500 [07:00<05:34,  5.06it/s, loss=0.3291]
Fine-tuning Navine AI Video:  52%|#####1    | 1810/3500 [07:00<05:49,  4.83it/s, loss=0.3291]
Fine-tuning Navine AI Video:  52%|#####1    | 1810/3500 [07:00<05:49,  4.83it/s, loss=0.1105]
Fine-tuning Navine AI Video:  52%|#####1    | 1811/3500 [07:00<05:23,  5.22it/s, loss=0.1105]
Fine-tuning Navine AI Video:  52%|#####1    | 1811/3500 [07:00<05:23,  5.22it/s, loss=0.3664]
Fine-tuning Navine AI Video:  52%|#####1    | 1812/3500 [07:01<05:32,  5.08it/s, loss=0.3664]
Fine-tuning Navine AI Video:  52%|#####1    | 1812/3500 [07:01<05:32,  5.08it/s, loss=0.1071]
Fine-tuning Navine AI Video:  52%|#####1    | 1813/3500 [07:01<05:12,  5.39it/s, loss=0.1071]
Fine-tuning Navine AI Video:  52%|#####1    | 1813/3500 [07:01<05:12,  5.39it/s, loss=0.2971]
Fine-tuning Navine AI Video:  52%|#####1    | 1814/3500 [07:01<04:53,  5.74it/s, loss=0.2971]
Fine-tuning Navine AI Video:  52%|#####1    | 1814/3500 [07:01<04:53,  5.74it/s, loss=0.5353]
Fine-tuning Navine AI Video:  52%|#####1    | 1815/3500 [07:01<05:06,  5.49it/s, loss=0.5353]
Fine-tuning Navine AI Video:  52%|#####1    | 1815/3500 [07:01<05:06,  5.49it/s, loss=0.5418]
Fine-tuning Navine AI Video:  52%|#####1    | 1816/3500 [07:01<04:32,  6.18it/s, loss=0.5418]
Fine-tuning Navine AI Video:  52%|#####1    | 1816/3500 [07:01<04:32,  6.18it/s, loss=0.4237]
Fine-tuning Navine AI Video:  52%|#####1    | 1817/3500 [07:01<04:22,  6.42it/s, loss=0.4237]
Fine-tuning Navine AI Video:  52%|#####1    | 1817/3500 [07:01<04:22,  6.42it/s, loss=0.5409]
Fine-tuning Navine AI Video:  52%|#####1    | 1818/3500 [07:02<04:56,  5.67it/s, loss=0.5409]
Fine-tuning Navine AI Video:  52%|#####1    | 1818/3500 [07:02<04:56,  5.67it/s, loss=0.3066]
Fine-tuning Navine AI Video:  52%|#####1    | 1819/3500 [07:02<04:20,  6.44it/s, loss=0.3066]
Fine-tuning Navine AI Video:  52%|#####1    | 1819/3500 [07:02<04:20,  6.44it/s, loss=0.3408]
Fine-tuning Navine AI Video:  52%|#####2    | 1820/3500 [07:02<04:00,  6.99it/s, loss=0.3408]
Fine-tuning Navine AI Video:  52%|#####2    | 1820/3500 [07:02<04:00,  6.99it/s, loss=0.3302]
Fine-tuning Navine AI Video:  52%|#####2    | 1821/3500 [07:02<03:53,  7.19it/s, loss=0.3302]
Fine-tuning Navine AI Video:  52%|#####2    | 1821/3500 [07:02<03:53,  7.19it/s, loss=0.3234]
Fine-tuning Navine AI Video:  52%|#####2    | 1822/3500 [07:02<04:51,  5.75it/s, loss=0.3234]
Fine-tuning Navine AI Video:  52%|#####2    | 1822/3500 [07:02<04:51,  5.75it/s, loss=0.3602]
Fine-tuning Navine AI Video:  52%|#####2    | 1823/3500 [07:02<05:38,  4.95it/s, loss=0.3602]
Fine-tuning Navine AI Video:  52%|#####2    | 1823/3500 [07:02<05:38,  4.95it/s, loss=0.3583]
Fine-tuning Navine AI Video:  52%|#####2    | 1824/3500 [07:03<04:48,  5.80it/s, loss=0.3583]
Fine-tuning Navine AI Video:  52%|#####2    | 1824/3500 [07:03<04:48,  5.80it/s, loss=0.3295]
Fine-tuning Navine AI Video:  52%|#####2    | 1825/3500 [07:03<04:16,  6.54it/s, loss=0.3295]
Fine-tuning Navine AI Video:  52%|#####2    | 1825/3500 [07:03<04:16,  6.54it/s, loss=0.3837]
Fine-tuning Navine AI Video:  52%|#####2    | 1826/3500 [07:03<04:16,  6.54it/s, loss=0.3733]
Fine-tuning Navine AI Video:  52%|#####2    | 1827/3500 [07:03<03:48,  7.31it/s, loss=0.3733]
Fine-tuning Navine AI Video:  52%|#####2    | 1827/3500 [07:03<03:48,  7.31it/s, loss=0.3566]
Fine-tuning Navine AI Video:  52%|#####2    | 1828/3500 [07:03<04:21,  6.39it/s, loss=0.3566]
Fine-tuning Navine AI Video:  52%|#####2    | 1828/3500 [07:03<04:21,  6.39it/s, loss=0.3327]
Fine-tuning Navine AI Video:  52%|#####2    | 1829/3500 [07:04<07:47,  3.58it/s, loss=0.3327]
Fine-tuning Navine AI Video:  52%|#####2    | 1829/3500 [07:04<07:47,  3.58it/s, loss=0.4008]
Fine-tuning Navine AI Video:  52%|#####2    | 1830/3500 [07:04<06:32,  4.26it/s, loss=0.4008]
Fine-tuning Navine AI Video:  52%|#####2    | 1830/3500 [07:04<06:32,  4.26it/s, loss=0.4026]
Fine-tuning Navine AI Video:  52%|#####2    | 1831/3500 [07:04<05:33,  5.00it/s, loss=0.4026]
Fine-tuning Navine AI Video:  52%|#####2    | 1831/3500 [07:04<05:33,  5.00it/s, loss=0.3484]
Fine-tuning Navine AI Video:  52%|#####2    | 1832/3500 [07:04<05:09,  5.38it/s, loss=0.3484]
Fine-tuning Navine AI Video:  52%|#####2    | 1832/3500 [07:04<05:09,  5.38it/s, loss=0.2956]
Fine-tuning Navine AI Video:  52%|#####2    | 1833/3500 [07:04<04:28,  6.20it/s, loss=0.2956]
Fine-tuning Navine AI Video:  52%|#####2    | 1833/3500 [07:04<04:28,  6.20it/s, loss=0.3936]
Fine-tuning Navine AI Video:  52%|#####2    | 1834/3500 [07:04<04:47,  5.79it/s, loss=0.3936]
Fine-tuning Navine AI Video:  52%|#####2    | 1834/3500 [07:04<04:47,  5.79it/s, loss=0.1060]
Fine-tuning Navine AI Video:  52%|#####2    | 1835/3500 [07:04<04:23,  6.33it/s, loss=0.1060]
Fine-tuning Navine AI Video:  52%|#####2    | 1835/3500 [07:04<04:23,  6.33it/s, loss=0.5224]
Fine-tuning Navine AI Video:  52%|#####2    | 1836/3500 [07:05<04:01,  6.88it/s, loss=0.5224]
Fine-tuning Navine AI Video:  52%|#####2    | 1836/3500 [07:05<04:01,  6.88it/s, loss=0.5096]
Fine-tuning Navine AI Video:  52%|#####2    | 1837/3500 [07:05<04:33,  6.08it/s, loss=0.5096]
Fine-tuning Navine AI Video:  52%|#####2    | 1837/3500 [07:05<04:33,  6.08it/s, loss=0.0962]
Fine-tuning Navine AI Video:  53%|#####2    | 1838/3500 [07:05<04:04,  6.79it/s, loss=0.0962]
Fine-tuning Navine AI Video:  53%|#####2    | 1838/3500 [07:05<04:04,  6.79it/s, loss=0.3456]
Fine-tuning Navine AI Video:  53%|#####2    | 1839/3500 [07:05<03:43,  7.45it/s, loss=0.3456]
Fine-tuning Navine AI Video:  53%|#####2    | 1839/3500 [07:05<03:43,  7.45it/s, loss=0.3723]
Fine-tuning Navine AI Video:  53%|#####2    | 1840/3500 [07:05<03:29,  7.93it/s, loss=0.3723]
Fine-tuning Navine AI Video:  53%|#####2    | 1840/3500 [07:05<03:29,  7.93it/s, loss=0.3502]
Fine-tuning Navine AI Video:  53%|#####2    | 1841/3500 [07:05<03:29,  7.92it/s, loss=0.3502]
Fine-tuning Navine AI Video:  53%|#####2    | 1841/3500 [07:05<03:29,  7.92it/s, loss=0.3255]
Fine-tuning Navine AI Video:  53%|#####2    | 1842/3500 [07:05<04:18,  6.42it/s, loss=0.3255]
Fine-tuning Navine AI Video:  53%|#####2    | 1842/3500 [07:05<04:18,  6.42it/s, loss=0.1061]
Fine-tuning Navine AI Video:  53%|#####2    | 1843/3500 [07:06<04:00,  6.88it/s, loss=0.1061]
Fine-tuning Navine AI Video:  53%|#####2    | 1843/3500 [07:06<04:00,  6.88it/s, loss=0.3211]
Fine-tuning Navine AI Video:  53%|#####2    | 1844/3500 [07:06<04:00,  6.88it/s, loss=0.3572]
Fine-tuning Navine AI Video:  53%|#####2    | 1845/3500 [07:06<03:34,  7.73it/s, loss=0.3572]
Fine-tuning Navine AI Video:  53%|#####2    | 1845/3500 [07:06<03:34,  7.73it/s, loss=0.3476]
Fine-tuning Navine AI Video:  53%|#####2    | 1846/3500 [07:06<03:34,  7.71it/s, loss=0.3476]
Fine-tuning Navine AI Video:  53%|#####2    | 1846/3500 [07:06<03:34,  7.71it/s, loss=0.2169]
Fine-tuning Navine AI Video:  53%|#####2    | 1847/3500 [07:06<03:34,  7.71it/s, loss=0.3468]
Fine-tuning Navine AI Video:  53%|#####2    | 1848/3500 [07:06<03:30,  7.86it/s, loss=0.3468]
Fine-tuning Navine AI Video:  53%|#####2    | 1848/3500 [07:06<03:30,  7.86it/s, loss=0.5275]
Fine-tuning Navine AI Video:  53%|#####2    | 1849/3500 [07:07<07:54,  3.48it/s, loss=0.5275]
Fine-tuning Navine AI Video:  53%|#####2    | 1849/3500 [07:07<07:54,  3.48it/s, loss=0.4331]
Fine-tuning Navine AI Video:  53%|#####2    | 1850/3500 [07:07<06:46,  4.06it/s, loss=0.4331]
Fine-tuning Navine AI Video:  53%|#####2    | 1850/3500 [07:07<06:46,  4.06it/s, loss=0.3278]
Fine-tuning Navine AI Video:  53%|#####2    | 1851/3500 [07:07<06:43,  4.09it/s, loss=0.3278]
Fine-tuning Navine AI Video:  53%|#####2    | 1851/3500 [07:07<06:43,  4.09it/s, loss=0.1124]
Fine-tuning Navine AI Video:  53%|#####2    | 1852/3500 [07:07<05:39,  4.86it/s, loss=0.1124]
Fine-tuning Navine AI Video:  53%|#####2    | 1852/3500 [07:07<05:39,  4.86it/s, loss=0.3940]
Fine-tuning Navine AI Video:  53%|#####2    | 1853/3500 [07:08<05:42,  4.81it/s, loss=0.3940]
Fine-tuning Navine AI Video:  53%|#####2    | 1853/3500 [07:08<05:42,  4.81it/s, loss=0.3068]
Fine-tuning Navine AI Video:  53%|#####2    | 1854/3500 [07:08<05:00,  5.48it/s, loss=0.3068]
Fine-tuning Navine AI Video:  53%|#####2    | 1854/3500 [07:08<05:00,  5.48it/s, loss=0.3467]
Fine-tuning Navine AI Video:  53%|#####3    | 1855/3500 [07:08<04:40,  5.86it/s, loss=0.3467]
Fine-tuning Navine AI Video:  53%|#####3    | 1855/3500 [07:08<04:40,  5.86it/s, loss=0.3126]
Fine-tuning Navine AI Video:  53%|#####3    | 1856/3500 [07:09<08:44,  3.13it/s, loss=0.3126]
Fine-tuning Navine AI Video:  53%|#####3    | 1856/3500 [07:09<08:44,  3.13it/s, loss=0.4004]
Fine-tuning Navine AI Video:  53%|#####3    | 1857/3500 [07:09<08:37,  3.18it/s, loss=0.4004]
Fine-tuning Navine AI Video:  53%|#####3    | 1857/3500 [07:09<08:37,  3.18it/s, loss=0.3605]
Fine-tuning Navine AI Video:  53%|#####3    | 1858/3500 [07:09<07:12,  3.80it/s, loss=0.3605]
Fine-tuning Navine AI Video:  53%|#####3    | 1858/3500 [07:09<07:12,  3.80it/s, loss=0.3115]
Fine-tuning Navine AI Video:  53%|#####3    | 1859/3500 [07:09<07:00,  3.91it/s, loss=0.3115]
Fine-tuning Navine AI Video:  53%|#####3    | 1859/3500 [07:09<07:00,  3.91it/s, loss=0.3521]
Fine-tuning Navine AI Video:  53%|#####3    | 1860/3500 [07:10<07:38,  3.58it/s, loss=0.3521]
Fine-tuning Navine AI Video:  53%|#####3    | 1860/3500 [07:10<07:38,  3.58it/s, loss=0.3839]
Fine-tuning Navine AI Video:  53%|#####3    | 1861/3500 [07:10<07:27,  3.67it/s, loss=0.3839]
Fine-tuning Navine AI Video:  53%|#####3    | 1861/3500 [07:10<07:27,  3.67it/s, loss=0.4261]
Fine-tuning Navine AI Video:  53%|#####3    | 1862/3500 [07:10<06:26,  4.24it/s, loss=0.4261]
Fine-tuning Navine AI Video:  53%|#####3    | 1862/3500 [07:10<06:26,  4.24it/s, loss=0.3119]
Fine-tuning Navine AI Video:  53%|#####3    | 1863/3500 [07:10<07:31,  3.62it/s, loss=0.3119]
Fine-tuning Navine AI Video:  53%|#####3    | 1863/3500 [07:10<07:31,  3.62it/s, loss=0.4120]
Fine-tuning Navine AI Video:  53%|#####3    | 1864/3500 [07:11<06:27,  4.22it/s, loss=0.4120]
Fine-tuning Navine AI Video:  53%|#####3    | 1864/3500 [07:11<06:27,  4.22it/s, loss=0.4076]
Fine-tuning Navine AI Video:  53%|#####3    | 1865/3500 [07:11<06:30,  4.19it/s, loss=0.4076]
Fine-tuning Navine AI Video:  53%|#####3    | 1865/3500 [07:11<06:30,  4.19it/s, loss=0.1058]
Fine-tuning Navine AI Video:  53%|#####3    | 1866/3500 [07:11<05:31,  4.93it/s, loss=0.1058]
Fine-tuning Navine AI Video:  53%|#####3    | 1866/3500 [07:11<05:31,  4.93it/s, loss=0.3645]
Fine-tuning Navine AI Video:  53%|#####3    | 1867/3500 [07:11<05:45,  4.73it/s, loss=0.3645]
Fine-tuning Navine AI Video:  53%|#####3    | 1867/3500 [07:11<05:45,  4.73it/s, loss=0.3302]
Fine-tuning Navine AI Video:  53%|#####3    | 1868/3500 [07:11<05:00,  5.44it/s, loss=0.3302]
Fine-tuning Navine AI Video:  53%|#####3    | 1868/3500 [07:11<05:00,  5.44it/s, loss=0.3642]
Fine-tuning Navine AI Video:  53%|#####3    | 1869/3500 [07:11<04:30,  6.04it/s, loss=0.3642]
Fine-tuning Navine AI Video:  53%|#####3    | 1869/3500 [07:11<04:30,  6.04it/s, loss=0.3820]
Fine-tuning Navine AI Video:  53%|#####3    | 1870/3500 [07:12<05:24,  5.03it/s, loss=0.3820]
Fine-tuning Navine AI Video:  53%|#####3    | 1870/3500 [07:12<05:24,  5.03it/s, loss=0.1160]
Fine-tuning Navine AI Video:  53%|#####3    | 1871/3500 [07:12<05:33,  4.88it/s, loss=0.1160]
Fine-tuning Navine AI Video:  53%|#####3    | 1871/3500 [07:12<05:33,  4.88it/s, loss=0.3305]
Fine-tuning Navine AI Video:  53%|#####3    | 1872/3500 [07:12<04:50,  5.61it/s, loss=0.3305]
Fine-tuning Navine AI Video:  53%|#####3    | 1872/3500 [07:12<04:50,  5.61it/s, loss=0.3769]
Fine-tuning Navine AI Video:  54%|#####3    | 1873/3500 [07:12<04:22,  6.20it/s, loss=0.3769]
Fine-tuning Navine AI Video:  54%|#####3    | 1873/3500 [07:12<04:22,  6.20it/s, loss=0.3623]
Fine-tuning Navine AI Video:  54%|#####3    | 1874/3500 [07:12<04:44,  5.72it/s, loss=0.3623]
Fine-tuning Navine AI Video:  54%|#####3    | 1874/3500 [07:12<04:44,  5.72it/s, loss=0.4222]
Fine-tuning Navine AI Video:  54%|#####3    | 1875/3500 [07:13<05:23,  5.03it/s, loss=0.4222]
Fine-tuning Navine AI Video:  54%|#####3    | 1875/3500 [07:13<05:23,  5.03it/s, loss=0.4392]
Fine-tuning Navine AI Video:  54%|#####3    | 1876/3500 [07:13<05:44,  4.72it/s, loss=0.4392]
Fine-tuning Navine AI Video:  54%|#####3    | 1876/3500 [07:13<05:44,  4.72it/s, loss=0.3506]
Fine-tuning Navine AI Video:  54%|#####3    | 1877/3500 [07:13<05:42,  4.74it/s, loss=0.3506]
Fine-tuning Navine AI Video:  54%|#####3    | 1877/3500 [07:13<05:42,  4.74it/s, loss=0.3298]
Fine-tuning Navine AI Video:  54%|#####3    | 1878/3500 [07:14<10:45,  2.51it/s, loss=0.3298]
Fine-tuning Navine AI Video:  54%|#####3    | 1878/3500 [07:14<10:45,  2.51it/s, loss=0.4409]
Fine-tuning Navine AI Video:  54%|#####3    | 1879/3500 [07:14<08:29,  3.18it/s, loss=0.4409]
Fine-tuning Navine AI Video:  54%|#####3    | 1879/3500 [07:14<08:29,  3.18it/s, loss=0.3926]
Fine-tuning Navine AI Video:  54%|#####3    | 1880/3500 [07:14<08:07,  3.32it/s, loss=0.3926]
Fine-tuning Navine AI Video:  54%|#####3    | 1880/3500 [07:14<08:07,  3.32it/s, loss=0.1074]
Fine-tuning Navine AI Video:  54%|#####3    | 1881/3500 [07:14<06:39,  4.05it/s, loss=0.1074]
Fine-tuning Navine AI Video:  54%|#####3    | 1881/3500 [07:14<06:39,  4.05it/s, loss=0.3160]
Fine-tuning Navine AI Video:  54%|#####3    | 1882/3500 [07:15<07:00,  3.85it/s, loss=0.3160]
Fine-tuning Navine AI Video:  54%|#####3    | 1882/3500 [07:15<07:00,  3.85it/s, loss=0.3021]
Fine-tuning Navine AI Video:  54%|#####3    | 1883/3500 [07:15<06:04,  4.44it/s, loss=0.3021]
Fine-tuning Navine AI Video:  54%|#####3    | 1883/3500 [07:15<06:04,  4.44it/s, loss=0.4172]
Fine-tuning Navine AI Video:  54%|#####3    | 1884/3500 [07:15<06:32,  4.12it/s, loss=0.4172]
Fine-tuning Navine AI Video:  54%|#####3    | 1884/3500 [07:15<06:32,  4.12it/s, loss=0.3949]
Fine-tuning Navine AI Video:  54%|#####3    | 1885/3500 [07:15<05:50,  4.61it/s, loss=0.3949]
Fine-tuning Navine AI Video:  54%|#####3    | 1885/3500 [07:15<05:50,  4.61it/s, loss=0.1811]
Fine-tuning Navine AI Video:  54%|#####3    | 1886/3500 [07:15<05:11,  5.19it/s, loss=0.1811]
Fine-tuning Navine AI Video:  54%|#####3    | 1886/3500 [07:15<05:11,  5.19it/s, loss=0.3567]
Fine-tuning Navine AI Video:  54%|#####3    | 1887/3500 [07:16<10:01,  2.68it/s, loss=0.3567]
Fine-tuning Navine AI Video:  54%|#####3    | 1887/3500 [07:16<10:01,  2.68it/s, loss=0.4286]
Fine-tuning Navine AI Video:  54%|#####3    | 1888/3500 [07:16<08:54,  3.02it/s, loss=0.4286]
Fine-tuning Navine AI Video:  54%|#####3    | 1888/3500 [07:16<08:54,  3.02it/s, loss=0.3297]
Fine-tuning Navine AI Video:  54%|#####3    | 1889/3500 [07:17<07:22,  3.64it/s, loss=0.3297]
Fine-tuning Navine AI Video:  54%|#####3    | 1889/3500 [07:17<07:22,  3.64it/s, loss=0.5305]
Fine-tuning Navine AI Video:  54%|#####4    | 1890/3500 [07:17<07:03,  3.80it/s, loss=0.5305]
Fine-tuning Navine AI Video:  54%|#####4    | 1890/3500 [07:17<07:03,  3.80it/s, loss=0.1057]
Fine-tuning Navine AI Video:  54%|#####4    | 1891/3500 [07:17<05:51,  4.58it/s, loss=0.1057]
Fine-tuning Navine AI Video:  54%|#####4    | 1891/3500 [07:17<05:51,  4.58it/s, loss=0.3270]
Fine-tuning Navine AI Video:  54%|#####4    | 1892/3500 [07:17<05:04,  5.28it/s, loss=0.3270]
Fine-tuning Navine AI Video:  54%|#####4    | 1892/3500 [07:17<05:04,  5.28it/s, loss=0.3142]
Fine-tuning Navine AI Video:  54%|#####4    | 1893/3500 [07:17<04:24,  6.09it/s, loss=0.3142]
Fine-tuning Navine AI Video:  54%|#####4    | 1893/3500 [07:17<04:24,  6.09it/s, loss=0.3904]
Fine-tuning Navine AI Video:  54%|#####4    | 1894/3500 [07:17<03:56,  6.78it/s, loss=0.3904]
Fine-tuning Navine AI Video:  54%|#####4    | 1894/3500 [07:17<03:56,  6.78it/s, loss=0.3573]
Fine-tuning Navine AI Video:  54%|#####4    | 1895/3500 [07:18<04:42,  5.69it/s, loss=0.3573]
Fine-tuning Navine AI Video:  54%|#####4    | 1895/3500 [07:18<04:42,  5.69it/s, loss=0.2834]
Fine-tuning Navine AI Video:  54%|#####4    | 1896/3500 [07:18<04:14,  6.30it/s, loss=0.2834]
Fine-tuning Navine AI Video:  54%|#####4    | 1896/3500 [07:18<04:14,  6.30it/s, loss=0.3988]
Fine-tuning Navine AI Video:  54%|#####4    | 1897/3500 [07:18<04:36,  5.80it/s, loss=0.3988]
Fine-tuning Navine AI Video:  54%|#####4    | 1897/3500 [07:18<04:36,  5.80it/s, loss=0.3142]
Fine-tuning Navine AI Video:  54%|#####4    | 1898/3500 [07:18<04:28,  5.98it/s, loss=0.3142]
Fine-tuning Navine AI Video:  54%|#####4    | 1898/3500 [07:18<04:28,  5.98it/s, loss=0.3318]
Fine-tuning Navine AI Video:  54%|#####4    | 1899/3500 [07:18<04:52,  5.48it/s, loss=0.3318]
Fine-tuning Navine AI Video:  54%|#####4    | 1899/3500 [07:18<04:52,  5.48it/s, loss=0.3382]
Fine-tuning Navine AI Video:  54%|#####4    | 1900/3500 [07:19<09:48,  2.72it/s, loss=0.3382]
Fine-tuning Navine AI Video:  54%|#####4    | 1900/3500 [07:19<09:48,  2.72it/s, loss=0.3843]
Fine-tuning Navine AI Video:  54%|#####4    | 1901/3500 [07:19<07:49,  3.41it/s, loss=0.3843]
Fine-tuning Navine AI Video:  54%|#####4    | 1901/3500 [07:19<07:49,  3.41it/s, loss=0.3043]
Fine-tuning Navine AI Video:  54%|#####4    | 1902/3500 [07:19<06:16,  4.25it/s, loss=0.3043]
Fine-tuning Navine AI Video:  54%|#####4    | 1902/3500 [07:19<06:16,  4.25it/s, loss=0.3311]
Fine-tuning Navine AI Video:  54%|#####4    | 1903/3500 [07:19<05:18,  5.01it/s, loss=0.3311]
Fine-tuning Navine AI Video:  54%|#####4    | 1903/3500 [07:19<05:18,  5.01it/s, loss=0.5103]
Fine-tuning Navine AI Video:  54%|#####4    | 1904/3500 [07:20<05:13,  5.09it/s, loss=0.5103]
Fine-tuning Navine AI Video:  54%|#####4    | 1904/3500 [07:20<05:13,  5.09it/s, loss=0.3858]
Fine-tuning Navine AI Video:  54%|#####4    | 1905/3500 [07:20<04:49,  5.51it/s, loss=0.3858]
Fine-tuning Navine AI Video:  54%|#####4    | 1905/3500 [07:20<04:49,  5.51it/s, loss=0.2847]
Fine-tuning Navine AI Video:  54%|#####4    | 1906/3500 [07:20<05:43,  4.64it/s, loss=0.2847]
Fine-tuning Navine AI Video:  54%|#####4    | 1906/3500 [07:20<05:43,  4.64it/s, loss=0.3567]
Fine-tuning Navine AI Video:  54%|#####4    | 1907/3500 [07:20<04:55,  5.40it/s, loss=0.3567]
Fine-tuning Navine AI Video:  54%|#####4    | 1907/3500 [07:20<04:55,  5.40it/s, loss=0.4486]
Fine-tuning Navine AI Video:  55%|#####4    | 1908/3500 [07:20<04:25,  5.99it/s, loss=0.4486]
Fine-tuning Navine AI Video:  55%|#####4    | 1908/3500 [07:20<04:25,  5.99it/s, loss=0.5589]
Fine-tuning Navine AI Video:  55%|#####4    | 1909/3500 [07:20<03:59,  6.64it/s, loss=0.5589]
Fine-tuning Navine AI Video:  55%|#####4    | 1909/3500 [07:20<03:59,  6.64it/s, loss=0.4899]
Fine-tuning Navine AI Video:  55%|#####4    | 1910/3500 [07:20<03:36,  7.34it/s, loss=0.4899]
Fine-tuning Navine AI Video:  55%|#####4    | 1910/3500 [07:20<03:36,  7.34it/s, loss=0.3247]
Fine-tuning Navine AI Video:  55%|#####4    | 1911/3500 [07:21<03:26,  7.71it/s, loss=0.3247]
Fine-tuning Navine AI Video:  55%|#####4    | 1911/3500 [07:21<03:26,  7.71it/s, loss=0.3621]
Fine-tuning Navine AI Video:  55%|#####4    | 1912/3500 [07:21<04:03,  6.51it/s, loss=0.3621]
Fine-tuning Navine AI Video:  55%|#####4    | 1912/3500 [07:21<04:03,  6.51it/s, loss=0.1162]
Fine-tuning Navine AI Video:  55%|#####4    | 1913/3500 [07:21<03:40,  7.20it/s, loss=0.1162]
Fine-tuning Navine AI Video:  55%|#####4    | 1913/3500 [07:21<03:40,  7.20it/s, loss=0.3041]
Fine-tuning Navine AI Video:  55%|#####4    | 1914/3500 [07:21<03:37,  7.29it/s, loss=0.3041]
Fine-tuning Navine AI Video:  55%|#####4    | 1914/3500 [07:21<03:37,  7.29it/s, loss=0.3347]
Fine-tuning Navine AI Video:  55%|#####4    | 1915/3500 [07:21<03:24,  7.76it/s, loss=0.3347]
Fine-tuning Navine AI Video:  55%|#####4    | 1915/3500 [07:21<03:24,  7.76it/s, loss=0.4104]
Fine-tuning Navine AI Video:  55%|#####4    | 1916/3500 [07:21<04:09,  6.36it/s, loss=0.4104]
Fine-tuning Navine AI Video:  55%|#####4    | 1916/3500 [07:21<04:09,  6.36it/s, loss=0.3044]
Fine-tuning Navine AI Video:  55%|#####4    | 1917/3500 [07:21<04:08,  6.37it/s, loss=0.3044]
Fine-tuning Navine AI Video:  55%|#####4    | 1917/3500 [07:21<04:08,  6.37it/s, loss=0.2709]
Fine-tuning Navine AI Video:  55%|#####4    | 1918/3500 [07:22<03:43,  7.08it/s, loss=0.2709]
Fine-tuning Navine AI Video:  55%|#####4    | 1918/3500 [07:22<03:43,  7.08it/s, loss=0.3996]
Fine-tuning Navine AI Video:  55%|#####4    | 1919/3500 [07:22<04:33,  5.77it/s, loss=0.3996]
Fine-tuning Navine AI Video:  55%|#####4    | 1919/3500 [07:22<04:33,  5.77it/s, loss=0.2977]
Fine-tuning Navine AI Video:  55%|#####4    | 1920/3500 [07:22<04:12,  6.26it/s, loss=0.2977]
Fine-tuning Navine AI Video:  55%|#####4    | 1920/3500 [07:22<04:12,  6.26it/s, loss=0.3311]
Fine-tuning Navine AI Video:  55%|#####4    | 1921/3500 [07:22<03:49,  6.89it/s, loss=0.3311]
Fine-tuning Navine AI Video:  55%|#####4    | 1921/3500 [07:22<03:49,  6.89it/s, loss=0.3173]
Fine-tuning Navine AI Video:  55%|#####4    | 1922/3500 [07:22<04:40,  5.63it/s, loss=0.3173]
Fine-tuning Navine AI Video:  55%|#####4    | 1922/3500 [07:22<04:40,  5.63it/s, loss=0.3645]
Fine-tuning Navine AI Video:  55%|#####4    | 1923/3500 [07:22<04:16,  6.14it/s, loss=0.3645]
Fine-tuning Navine AI Video:  55%|#####4    | 1923/3500 [07:22<04:16,  6.14it/s, loss=0.3337]
Fine-tuning Navine AI Video:  55%|#####4    | 1924/3500 [07:23<04:41,  5.59it/s, loss=0.3337]
Fine-tuning Navine AI Video:  55%|#####4    | 1924/3500 [07:23<04:41,  5.59it/s, loss=0.5326]
Fine-tuning Navine AI Video:  55%|#####5    | 1925/3500 [07:23<09:43,  2.70it/s, loss=0.5326]
Fine-tuning Navine AI Video:  55%|#####5    | 1925/3500 [07:23<09:43,  2.70it/s, loss=0.4284]
Fine-tuning Navine AI Video:  55%|#####5    | 1926/3500 [07:24<08:49,  2.97it/s, loss=0.4284]
Fine-tuning Navine AI Video:  55%|#####5    | 1926/3500 [07:24<08:49,  2.97it/s, loss=0.3052]
Fine-tuning Navine AI Video:  55%|#####5    | 1927/3500 [07:24<07:15,  3.61it/s, loss=0.3052]
Fine-tuning Navine AI Video:  55%|#####5    | 1927/3500 [07:24<07:15,  3.61it/s, loss=0.3749]
Fine-tuning Navine AI Video:  55%|#####5    | 1928/3500 [07:24<07:17,  3.59it/s, loss=0.3749]
Fine-tuning Navine AI Video:  55%|#####5    | 1928/3500 [07:24<07:17,  3.59it/s, loss=0.3424]
Fine-tuning Navine AI Video:  55%|#####5    | 1929/3500 [07:25<12:42,  2.06it/s, loss=0.3424]
Fine-tuning Navine AI Video:  55%|#####5    | 1929/3500 [07:25<12:42,  2.06it/s, loss=0.4275]
Fine-tuning Navine AI Video:  55%|#####5    | 1930/3500 [07:25<10:22,  2.52it/s, loss=0.4275]
Fine-tuning Navine AI Video:  55%|#####5    | 1930/3500 [07:25<10:22,  2.52it/s, loss=0.3277]
Fine-tuning Navine AI Video:  55%|#####5    | 1931/3500 [07:25<10:22,  2.52it/s, loss=0.4246]
Fine-tuning Navine AI Video:  55%|#####5    | 1932/3500 [07:26<06:53,  3.79it/s, loss=0.4246]
Fine-tuning Navine AI Video:  55%|#####5    | 1932/3500 [07:26<06:53,  3.79it/s, loss=0.3459]
Fine-tuning Navine AI Video:  55%|#####5    | 1933/3500 [07:26<07:03,  3.70it/s, loss=0.3459]
Fine-tuning Navine AI Video:  55%|#####5    | 1933/3500 [07:26<07:03,  3.70it/s, loss=0.3685]
Fine-tuning Navine AI Video:  55%|#####5    | 1934/3500 [07:26<06:02,  4.32it/s, loss=0.3685]
Fine-tuning Navine AI Video:  55%|#####5    | 1934/3500 [07:26<06:02,  4.32it/s, loss=0.3162]
Fine-tuning Navine AI Video:  55%|#####5    | 1935/3500 [07:26<06:05,  4.28it/s, loss=0.3162]
Fine-tuning Navine AI Video:  55%|#####5    | 1935/3500 [07:26<06:05,  4.28it/s, loss=0.1090]
Fine-tuning Navine AI Video:  55%|#####5    | 1936/3500 [07:26<05:14,  4.97it/s, loss=0.1090]
Fine-tuning Navine AI Video:  55%|#####5    | 1936/3500 [07:26<05:14,  4.97it/s, loss=0.5165]
Fine-tuning Navine AI Video:  55%|#####5    | 1937/3500 [07:26<04:34,  5.68it/s, loss=0.5165]
Fine-tuning Navine AI Video:  55%|#####5    | 1937/3500 [07:26<04:34,  5.68it/s, loss=0.3530]
Fine-tuning Navine AI Video:  55%|#####5    | 1938/3500 [07:27<04:49,  5.40it/s, loss=0.3530]
Fine-tuning Navine AI Video:  55%|#####5    | 1938/3500 [07:27<04:49,  5.40it/s, loss=0.1117]
Fine-tuning Navine AI Video:  55%|#####5    | 1939/3500 [07:27<04:23,  5.92it/s, loss=0.1117]
Fine-tuning Navine AI Video:  55%|#####5    | 1939/3500 [07:27<04:23,  5.92it/s, loss=0.4051]
Fine-tuning Navine AI Video:  55%|#####5    | 1940/3500 [07:27<04:12,  6.19it/s, loss=0.4051]
Fine-tuning Navine AI Video:  55%|#####5    | 1940/3500 [07:27<04:12,  6.19it/s, loss=0.3596]
Fine-tuning Navine AI Video:  55%|#####5    | 1941/3500 [07:27<03:58,  6.53it/s, loss=0.3596]
Fine-tuning Navine AI Video:  55%|#####5    | 1941/3500 [07:27<03:58,  6.53it/s, loss=0.3216]
Fine-tuning Navine AI Video:  55%|#####5    | 1942/3500 [07:27<04:10,  6.21it/s, loss=0.3216]
Fine-tuning Navine AI Video:  55%|#####5    | 1942/3500 [07:27<04:10,  6.21it/s, loss=0.2989]
Fine-tuning Navine AI Video:  56%|#####5    | 1943/3500 [07:27<04:13,  6.14it/s, loss=0.2989]
Fine-tuning Navine AI Video:  56%|#####5    | 1943/3500 [07:27<04:13,  6.14it/s, loss=0.3166]
Fine-tuning Navine AI Video:  56%|#####5    | 1944/3500 [07:28<04:00,  6.48it/s, loss=0.3166]
Fine-tuning Navine AI Video:  56%|#####5    | 1944/3500 [07:28<04:00,  6.48it/s, loss=0.4404]
Fine-tuning Navine AI Video:  56%|#####5    | 1945/3500 [07:28<03:40,  7.04it/s, loss=0.4404]
Fine-tuning Navine AI Video:  56%|#####5    | 1945/3500 [07:28<03:40,  7.04it/s, loss=0.3499]
Fine-tuning Navine AI Video:  56%|#####5    | 1946/3500 [07:28<03:40,  7.05it/s, loss=0.3499]
Fine-tuning Navine AI Video:  56%|#####5    | 1946/3500 [07:28<03:40,  7.05it/s, loss=0.2774]
Fine-tuning Navine AI Video:  56%|#####5    | 1947/3500 [07:28<04:11,  6.18it/s, loss=0.2774]
Fine-tuning Navine AI Video:  56%|#####5    | 1947/3500 [07:28<04:11,  6.18it/s, loss=0.5202]
Fine-tuning Navine AI Video:  56%|#####5    | 1948/3500 [07:28<03:44,  6.91it/s, loss=0.5202]
Fine-tuning Navine AI Video:  56%|#####5    | 1948/3500 [07:28<03:44,  6.91it/s, loss=0.3496]
Fine-tuning Navine AI Video:  56%|#####5    | 1949/3500 [07:28<03:23,  7.61it/s, loss=0.3496]
Fine-tuning Navine AI Video:  56%|#####5    | 1949/3500 [07:28<03:23,  7.61it/s, loss=0.3818]
Fine-tuning Navine AI Video:  56%|#####5    | 1950/3500 [07:28<03:57,  6.51it/s, loss=0.3818]
Fine-tuning Navine AI Video:  56%|#####5    | 1950/3500 [07:28<03:57,  6.51it/s, loss=0.1044]
Fine-tuning Navine AI Video:  56%|#####5    | 1951/3500 [07:29<04:38,  5.57it/s, loss=0.1044]
Fine-tuning Navine AI Video:  56%|#####5    | 1951/3500 [07:29<04:38,  5.57it/s, loss=0.3816]
Fine-tuning Navine AI Video:  56%|#####5    | 1952/3500 [07:29<05:48,  4.44it/s, loss=0.3816]
Fine-tuning Navine AI Video:  56%|#####5    | 1952/3500 [07:29<05:48,  4.44it/s, loss=0.3684]
Fine-tuning Navine AI Video:  56%|#####5    | 1953/3500 [07:29<05:00,  5.16it/s, loss=0.3684]
Fine-tuning Navine AI Video:  56%|#####5    | 1953/3500 [07:29<05:00,  5.16it/s, loss=0.5265]
Fine-tuning Navine AI Video:  56%|#####5    | 1954/3500 [07:29<05:06,  5.05it/s, loss=0.5265]
Fine-tuning Navine AI Video:  56%|#####5    | 1954/3500 [07:29<05:06,  5.05it/s, loss=0.1051]
Fine-tuning Navine AI Video:  56%|#####5    | 1955/3500 [07:29<04:41,  5.48it/s, loss=0.1051]
Fine-tuning Navine AI Video:  56%|#####5    | 1955/3500 [07:29<04:41,  5.48it/s, loss=0.4970]
Fine-tuning Navine AI Video:  56%|#####5    | 1956/3500 [07:30<04:49,  5.32it/s, loss=0.4970]
Fine-tuning Navine AI Video:  56%|#####5    | 1956/3500 [07:30<04:49,  5.32it/s, loss=0.1029]
Fine-tuning Navine AI Video:  56%|#####5    | 1957/3500 [07:30<04:49,  5.32it/s, loss=0.3292]
Fine-tuning Navine AI Video:  56%|#####5    | 1958/3500 [07:30<04:43,  5.44it/s, loss=0.3292]
Fine-tuning Navine AI Video:  56%|#####5    | 1958/3500 [07:30<04:43,  5.44it/s, loss=0.4406]
Fine-tuning Navine AI Video:  56%|#####5    | 1959/3500 [07:30<04:53,  5.25it/s, loss=0.4406]
Fine-tuning Navine AI Video:  56%|#####5    | 1959/3500 [07:30<04:53,  5.25it/s, loss=0.1061]
Fine-tuning Navine AI Video:  56%|#####6    | 1960/3500 [07:30<04:36,  5.58it/s, loss=0.1061]
Fine-tuning Navine AI Video:  56%|#####6    | 1960/3500 [07:30<04:36,  5.58it/s, loss=0.3687]
Fine-tuning Navine AI Video:  56%|#####6    | 1961/3500 [07:30<04:16,  6.01it/s, loss=0.3687]
Fine-tuning Navine AI Video:  56%|#####6    | 1961/3500 [07:30<04:16,  6.01it/s, loss=0.3171]
Fine-tuning Navine AI Video:  56%|#####6    | 1962/3500 [07:31<03:49,  6.70it/s, loss=0.3171]
Fine-tuning Navine AI Video:  56%|#####6    | 1962/3500 [07:31<03:49,  6.70it/s, loss=0.3880]
Fine-tuning Navine AI Video:  56%|#####6    | 1963/3500 [07:31<03:39,  6.99it/s, loss=0.3880]
Fine-tuning Navine AI Video:  56%|#####6    | 1963/3500 [07:31<03:39,  6.99it/s, loss=0.3029]
Fine-tuning Navine AI Video:  56%|#####6    | 1964/3500 [07:31<03:32,  7.24it/s, loss=0.3029]
Fine-tuning Navine AI Video:  56%|#####6    | 1964/3500 [07:31<03:32,  7.24it/s, loss=0.3844]
Fine-tuning Navine AI Video:  56%|#####6    | 1965/3500 [07:31<03:24,  7.51it/s, loss=0.3844]
Fine-tuning Navine AI Video:  56%|#####6    | 1965/3500 [07:31<03:24,  7.51it/s, loss=0.5493]
Fine-tuning Navine AI Video:  56%|#####6    | 1966/3500 [07:31<03:58,  6.43it/s, loss=0.5493]
Fine-tuning Navine AI Video:  56%|#####6    | 1966/3500 [07:31<03:58,  6.43it/s, loss=0.2523]
Fine-tuning Navine AI Video:  56%|#####6    | 1967/3500 [07:31<03:42,  6.88it/s, loss=0.2523]
Fine-tuning Navine AI Video:  56%|#####6    | 1967/3500 [07:31<03:42,  6.88it/s, loss=0.3476]
Fine-tuning Navine AI Video:  56%|#####6    | 1968/3500 [07:32<09:46,  2.61it/s, loss=0.3476]
Fine-tuning Navine AI Video:  56%|#####6    | 1968/3500 [07:32<09:46,  2.61it/s, loss=0.4751]
Fine-tuning Navine AI Video:  56%|#####6    | 1969/3500 [07:32<07:45,  3.29it/s, loss=0.4751]
Fine-tuning Navine AI Video:  56%|#####6    | 1969/3500 [07:32<07:45,  3.29it/s, loss=0.5910]
Fine-tuning Navine AI Video:  56%|#####6    | 1970/3500 [07:33<13:24,  1.90it/s, loss=0.5910]
Fine-tuning Navine AI Video:  56%|#####6    | 1970/3500 [07:33<13:24,  1.90it/s, loss=0.4331]
Fine-tuning Navine AI Video:  56%|#####6    | 1971/3500 [07:34<10:15,  2.48it/s, loss=0.4331]
Fine-tuning Navine AI Video:  56%|#####6    | 1971/3500 [07:34<10:15,  2.48it/s, loss=0.3189]
Fine-tuning Navine AI Video:  56%|#####6    | 1972/3500 [07:34<08:01,  3.17it/s, loss=0.3189]
Fine-tuning Navine AI Video:  56%|#####6    | 1972/3500 [07:34<08:01,  3.17it/s, loss=0.3667]
Fine-tuning Navine AI Video:  56%|#####6    | 1973/3500 [07:34<06:32,  3.89it/s, loss=0.3667]
Fine-tuning Navine AI Video:  56%|#####6    | 1973/3500 [07:34<06:32,  3.89it/s, loss=0.3219]
Fine-tuning Navine AI Video:  56%|#####6    | 1974/3500 [07:34<05:31,  4.61it/s, loss=0.3219]
Fine-tuning Navine AI Video:  56%|#####6    | 1974/3500 [07:34<05:31,  4.61it/s, loss=0.5087]
Fine-tuning Navine AI Video:  56%|#####6    | 1975/3500 [07:34<04:39,  5.46it/s, loss=0.5087]
Fine-tuning Navine AI Video:  56%|#####6    | 1975/3500 [07:34<04:39,  5.46it/s, loss=0.3941]
Fine-tuning Navine AI Video:  56%|#####6    | 1976/3500 [07:34<04:09,  6.12it/s, loss=0.3941]
Fine-tuning Navine AI Video:  56%|#####6    | 1976/3500 [07:34<04:09,  6.12it/s, loss=0.3795]
Fine-tuning Navine AI Video:  56%|#####6    | 1977/3500 [07:34<04:08,  6.12it/s, loss=0.3784]
Fine-tuning Navine AI Video:  57%|#####6    | 1978/3500 [07:34<03:55,  6.47it/s, loss=0.3784]
Fine-tuning Navine AI Video:  57%|#####6    | 1978/3500 [07:34<03:55,  6.47it/s, loss=0.5188]
Fine-tuning Navine AI Video:  57%|#####6    | 1979/3500 [07:35<03:42,  6.84it/s, loss=0.5188]
Fine-tuning Navine AI Video:  57%|#####6    | 1979/3500 [07:35<03:42,  6.84it/s, loss=0.3371]
Fine-tuning Navine AI Video:  57%|#####6    | 1980/3500 [07:35<05:22,  4.71it/s, loss=0.3371]
Fine-tuning Navine AI Video:  57%|#####6    | 1980/3500 [07:35<05:22,  4.71it/s, loss=0.3562]
Fine-tuning Navine AI Video:  57%|#####6    | 1981/3500 [07:35<04:56,  5.12it/s, loss=0.3562]
Fine-tuning Navine AI Video:  57%|#####6    | 1981/3500 [07:35<04:56,  5.12it/s, loss=0.5238]
Fine-tuning Navine AI Video:  57%|#####6    | 1982/3500 [07:35<04:21,  5.80it/s, loss=0.5238]
Fine-tuning Navine AI Video:  57%|#####6    | 1982/3500 [07:35<04:21,  5.80it/s, loss=0.4152]
Fine-tuning Navine AI Video:  57%|#####6    | 1983/3500 [07:35<04:03,  6.22it/s, loss=0.4152]
Fine-tuning Navine AI Video:  57%|#####6    | 1983/3500 [07:35<04:03,  6.22it/s, loss=0.3125]
Fine-tuning Navine AI Video:  57%|#####6    | 1984/3500 [07:36<04:22,  5.78it/s, loss=0.3125]
Fine-tuning Navine AI Video:  57%|#####6    | 1984/3500 [07:36<04:22,  5.78it/s, loss=0.1081]
Fine-tuning Navine AI Video:  57%|#####6    | 1985/3500 [07:36<04:06,  6.15it/s, loss=0.1081]
Fine-tuning Navine AI Video:  57%|#####6    | 1985/3500 [07:36<04:06,  6.15it/s, loss=0.3163]
Fine-tuning Navine AI Video:  57%|#####6    | 1986/3500 [07:36<07:12,  3.50it/s, loss=0.3163]
Fine-tuning Navine AI Video:  57%|#####6    | 1986/3500 [07:36<07:12,  3.50it/s, loss=0.3789]
Fine-tuning Navine AI Video:  57%|#####6    | 1987/3500 [07:36<06:07,  4.11it/s, loss=0.3789]
Fine-tuning Navine AI Video:  57%|#####6    | 1987/3500 [07:36<06:07,  4.11it/s, loss=0.3120]
Fine-tuning Navine AI Video:  57%|#####6    | 1988/3500 [07:37<06:11,  4.07it/s, loss=0.3120]
Fine-tuning Navine AI Video:  57%|#####6    | 1988/3500 [07:37<06:11,  4.07it/s, loss=0.3823]
Fine-tuning Navine AI Video:  57%|#####6    | 1989/3500 [07:37<05:27,  4.62it/s, loss=0.3823]
Fine-tuning Navine AI Video:  57%|#####6    | 1989/3500 [07:37<05:27,  4.62it/s, loss=0.3152]
Fine-tuning Navine AI Video:  57%|#####6    | 1990/3500 [07:37<04:55,  5.12it/s, loss=0.3152]
Fine-tuning Navine AI Video:  57%|#####6    | 1990/3500 [07:37<04:55,  5.12it/s, loss=0.3216]
Fine-tuning Navine AI Video:  57%|#####6    | 1991/3500 [07:38<11:08,  2.26it/s, loss=0.3216]
Fine-tuning Navine AI Video:  57%|#####6    | 1991/3500 [07:38<11:08,  2.26it/s, loss=0.4224]
Fine-tuning Navine AI Video:  57%|#####6    | 1992/3500 [07:38<08:36,  2.92it/s, loss=0.4224]
Fine-tuning Navine AI Video:  57%|#####6    | 1992/3500 [07:38<08:36,  2.92it/s, loss=0.3097]
Fine-tuning Navine AI Video:  57%|#####6    | 1993/3500 [07:38<06:57,  3.61it/s, loss=0.3097]
Fine-tuning Navine AI Video:  57%|#####6    | 1993/3500 [07:38<06:57,  3.61it/s, loss=0.3341]
Fine-tuning Navine AI Video:  57%|#####6    | 1994/3500 [07:38<05:56,  4.22it/s, loss=0.3341]
Fine-tuning Navine AI Video:  57%|#####6    | 1994/3500 [07:38<05:56,  4.22it/s, loss=0.3368]
Fine-tuning Navine AI Video:  57%|#####6    | 1995/3500 [07:39<05:45,  4.35it/s, loss=0.3368]
Fine-tuning Navine AI Video:  57%|#####6    | 1995/3500 [07:39<05:45,  4.35it/s, loss=0.2901]
Fine-tuning Navine AI Video:  57%|#####7    | 1996/3500 [07:39<04:55,  5.09it/s, loss=0.2901]
Fine-tuning Navine AI Video:  57%|#####7    | 1996/3500 [07:39<04:55,  5.09it/s, loss=0.3392]
Fine-tuning Navine AI Video:  57%|#####7    | 1997/3500 [07:39<04:20,  5.77it/s, loss=0.3392]
Fine-tuning Navine AI Video:  57%|#####7    | 1997/3500 [07:39<04:20,  5.77it/s, loss=0.3728]
Fine-tuning Navine AI Video:  57%|#####7    | 1998/3500 [07:39<03:57,  6.33it/s, loss=0.3728]
Fine-tuning Navine AI Video:  57%|#####7    | 1998/3500 [07:39<03:57,  6.33it/s, loss=0.2830]
Fine-tuning Navine AI Video:  57%|#####7    | 1999/3500 [07:39<03:49,  6.53it/s, loss=0.2830]
Fine-tuning Navine AI Video:  57%|#####7    | 1999/3500 [07:39<03:49,  6.53it/s, loss=0.5235]
Fine-tuning Navine AI Video:  57%|#####7    | 2000/3500 [07:39<03:26,  7.27it/s, loss=0.5235]
Fine-tuning Navine AI Video:  57%|#####7    | 2000/3500 [07:39<03:26,  7.27it/s, loss=0.3949]
Fine-tuning Navine AI Video:  57%|#####7    | 2001/3500 [07:39<04:02,  6.18it/s, loss=0.3949]
Fine-tuning Navine AI Video:  57%|#####7    | 2001/3500 [07:39<04:02,  6.18it/s, loss=0.3795]
Fine-tuning Navine AI Video:  57%|#####7    | 2002/3500 [07:40<04:48,  5.19it/s, loss=0.3795]
Fine-tuning Navine AI Video:  57%|#####7    | 2002/3500 [07:40<04:48,  5.19it/s, loss=0.3137]
Fine-tuning Navine AI Video:  57%|#####7    | 2003/3500 [07:40<04:27,  5.61it/s, loss=0.3137]
Fine-tuning Navine AI Video:  57%|#####7    | 2003/3500 [07:40<04:27,  5.61it/s, loss=0.6117]
Fine-tuning Navine AI Video:  57%|#####7    | 2004/3500 [07:40<03:52,  6.45it/s, loss=0.6117]
Fine-tuning Navine AI Video:  57%|#####7    | 2004/3500 [07:40<03:52,  6.45it/s, loss=0.3521]
Fine-tuning Navine AI Video:  57%|#####7    | 2005/3500 [07:40<03:42,  6.72it/s, loss=0.3521]
Fine-tuning Navine AI Video:  57%|#####7    | 2005/3500 [07:40<03:42,  6.72it/s, loss=0.2889]
Fine-tuning Navine AI Video:  57%|#####7    | 2006/3500 [07:40<03:29,  7.11it/s, loss=0.2889]
Fine-tuning Navine AI Video:  57%|#####7    | 2006/3500 [07:40<03:29,  7.11it/s, loss=0.3106]
Fine-tuning Navine AI Video:  57%|#####7    | 2007/3500 [07:40<04:50,  5.14it/s, loss=0.3106]
Fine-tuning Navine AI Video:  57%|#####7    | 2007/3500 [07:40<04:50,  5.14it/s, loss=0.3452]
Fine-tuning Navine AI Video:  57%|#####7    | 2008/3500 [07:41<05:03,  4.91it/s, loss=0.3452]
Fine-tuning Navine AI Video:  57%|#####7    | 2008/3500 [07:41<05:03,  4.91it/s, loss=0.3830]
Fine-tuning Navine AI Video:  57%|#####7    | 2009/3500 [07:41<04:22,  5.67it/s, loss=0.3830]
Fine-tuning Navine AI Video:  57%|#####7    | 2009/3500 [07:41<04:22,  5.67it/s, loss=0.4032]
Fine-tuning Navine AI Video:  57%|#####7    | 2010/3500 [07:41<04:51,  5.11it/s, loss=0.4032]
Fine-tuning Navine AI Video:  57%|#####7    | 2010/3500 [07:41<04:51,  5.11it/s, loss=0.2984]
Fine-tuning Navine AI Video:  57%|#####7    | 2011/3500 [07:41<05:02,  4.92it/s, loss=0.2984]
Fine-tuning Navine AI Video:  57%|#####7    | 2011/3500 [07:41<05:02,  4.92it/s, loss=0.1054]
Fine-tuning Navine AI Video:  57%|#####7    | 2012/3500 [07:41<04:24,  5.62it/s, loss=0.1054]
Fine-tuning Navine AI Video:  57%|#####7    | 2012/3500 [07:41<04:24,  5.62it/s, loss=0.3789]
Fine-tuning Navine AI Video:  58%|#####7    | 2013/3500 [07:42<05:09,  4.81it/s, loss=0.3789]
Fine-tuning Navine AI Video:  58%|#####7    | 2013/3500 [07:42<05:09,  4.81it/s, loss=0.3533]
Fine-tuning Navine AI Video:  58%|#####7    | 2014/3500 [07:42<04:21,  5.68it/s, loss=0.3533]
Fine-tuning Navine AI Video:  58%|#####7    | 2014/3500 [07:42<04:21,  5.68it/s, loss=0.3950]
Fine-tuning Navine AI Video:  58%|#####7    | 2015/3500 [07:42<04:01,  6.14it/s, loss=0.3950]
Fine-tuning Navine AI Video:  58%|#####7    | 2015/3500 [07:42<04:01,  6.14it/s, loss=0.3374]
Fine-tuning Navine AI Video:  58%|#####7    | 2016/3500 [07:42<04:50,  5.11it/s, loss=0.3374]
Fine-tuning Navine AI Video:  58%|#####7    | 2016/3500 [07:42<04:50,  5.11it/s, loss=0.1101]
Fine-tuning Navine AI Video:  58%|#####7    | 2017/3500 [07:42<05:39,  4.37it/s, loss=0.1101]
Fine-tuning Navine AI Video:  58%|#####7    | 2017/3500 [07:42<05:39,  4.37it/s, loss=0.2979]
Fine-tuning Navine AI Video:  58%|#####7    | 2018/3500 [07:43<04:51,  5.08it/s, loss=0.2979]
Fine-tuning Navine AI Video:  58%|#####7    | 2018/3500 [07:43<04:51,  5.08it/s, loss=0.3685]
Fine-tuning Navine AI Video:  58%|#####7    | 2019/3500 [07:43<05:08,  4.81it/s, loss=0.3685]
Fine-tuning Navine AI Video:  58%|#####7    | 2019/3500 [07:43<05:08,  4.81it/s, loss=0.2987]
Fine-tuning Navine AI Video:  58%|#####7    | 2020/3500 [07:43<05:55,  4.17it/s, loss=0.2987]
Fine-tuning Navine AI Video:  58%|#####7    | 2020/3500 [07:43<05:55,  4.17it/s, loss=0.3685]
Fine-tuning Navine AI Video:  58%|#####7    | 2021/3500 [07:43<05:16,  4.67it/s, loss=0.3685]
Fine-tuning Navine AI Video:  58%|#####7    | 2021/3500 [07:43<05:16,  4.67it/s, loss=0.3749]
Fine-tuning Navine AI Video:  58%|#####7    | 2022/3500 [07:44<07:56,  3.10it/s, loss=0.3749]
Fine-tuning Navine AI Video:  58%|#####7    | 2022/3500 [07:44<07:56,  3.10it/s, loss=0.3953]
Fine-tuning Navine AI Video:  58%|#####7    | 2023/3500 [07:44<06:32,  3.76it/s, loss=0.3953]
Fine-tuning Navine AI Video:  58%|#####7    | 2023/3500 [07:44<06:32,  3.76it/s, loss=0.3752]
Fine-tuning Navine AI Video:  58%|#####7    | 2024/3500 [07:44<05:30,  4.46it/s, loss=0.3752]
Fine-tuning Navine AI Video:  58%|#####7    | 2024/3500 [07:44<05:30,  4.46it/s, loss=0.3626]
Fine-tuning Navine AI Video:  58%|#####7    | 2025/3500 [07:44<05:01,  4.88it/s, loss=0.3626]
Fine-tuning Navine AI Video:  58%|#####7    | 2025/3500 [07:44<05:01,  4.88it/s, loss=0.3304]
Fine-tuning Navine AI Video:  58%|#####7    | 2026/3500 [07:44<04:23,  5.59it/s, loss=0.3304]
Fine-tuning Navine AI Video:  58%|#####7    | 2026/3500 [07:44<04:23,  5.59it/s, loss=0.1999]
Fine-tuning Navine AI Video:  58%|#####7    | 2027/3500 [07:45<03:59,  6.16it/s, loss=0.1999]
Fine-tuning Navine AI Video:  58%|#####7    | 2027/3500 [07:45<03:59,  6.16it/s, loss=0.2029]
Fine-tuning Navine AI Video:  58%|#####7    | 2028/3500 [07:45<03:49,  6.42it/s, loss=0.2029]
Fine-tuning Navine AI Video:  58%|#####7    | 2028/3500 [07:45<03:49,  6.42it/s, loss=0.5826]
Fine-tuning Navine AI Video:  58%|#####7    | 2029/3500 [07:45<04:20,  5.65it/s, loss=0.5826]
Fine-tuning Navine AI Video:  58%|#####7    | 2029/3500 [07:45<04:20,  5.65it/s, loss=0.1072]
Fine-tuning Navine AI Video:  58%|#####8    | 2030/3500 [07:45<04:38,  5.28it/s, loss=0.1072]
Fine-tuning Navine AI Video:  58%|#####8    | 2030/3500 [07:45<04:38,  5.28it/s, loss=0.3045]
Fine-tuning Navine AI Video:  58%|#####8    | 2031/3500 [07:45<04:14,  5.78it/s, loss=0.3045]
Fine-tuning Navine AI Video:  58%|#####8    | 2031/3500 [07:45<04:14,  5.78it/s, loss=0.5182]
Fine-tuning Navine AI Video:  58%|#####8    | 2032/3500 [07:45<04:30,  5.43it/s, loss=0.5182]
Fine-tuning Navine AI Video:  58%|#####8    | 2032/3500 [07:45<04:30,  5.43it/s, loss=0.0947]
Fine-tuning Navine AI Video:  58%|#####8    | 2033/3500 [07:46<04:01,  6.08it/s, loss=0.0947]
Fine-tuning Navine AI Video:  58%|#####8    | 2033/3500 [07:46<04:01,  6.08it/s, loss=0.3325]
Fine-tuning Navine AI Video:  58%|#####8    | 2034/3500 [07:46<04:47,  5.10it/s, loss=0.3325]
Fine-tuning Navine AI Video:  58%|#####8    | 2034/3500 [07:46<04:47,  5.10it/s, loss=0.1068]
Fine-tuning Navine AI Video:  58%|#####8    | 2035/3500 [07:46<05:12,  4.69it/s, loss=0.1068]
Fine-tuning Navine AI Video:  58%|#####8    | 2035/3500 [07:46<05:12,  4.69it/s, loss=0.2817]
Fine-tuning Navine AI Video:  58%|#####8    | 2036/3500 [07:46<04:50,  5.04it/s, loss=0.2817]
Fine-tuning Navine AI Video:  58%|#####8    | 2036/3500 [07:46<04:50,  5.04it/s, loss=0.3007]
Fine-tuning Navine AI Video:  58%|#####8    | 2037/3500 [07:46<04:09,  5.87it/s, loss=0.3007]
Fine-tuning Navine AI Video:  58%|#####8    | 2037/3500 [07:46<04:09,  5.87it/s, loss=0.3802]
Fine-tuning Navine AI Video:  58%|#####8    | 2038/3500 [07:47<04:32,  5.37it/s, loss=0.3802]
Fine-tuning Navine AI Video:  58%|#####8    | 2038/3500 [07:47<04:32,  5.37it/s, loss=0.2965]
Fine-tuning Navine AI Video:  58%|#####8    | 2039/3500 [07:47<04:07,  5.91it/s, loss=0.2965]
Fine-tuning Navine AI Video:  58%|#####8    | 2039/3500 [07:47<04:07,  5.91it/s, loss=0.3655]
Fine-tuning Navine AI Video:  58%|#####8    | 2040/3500 [07:47<03:37,  6.72it/s, loss=0.3655]
Fine-tuning Navine AI Video:  58%|#####8    | 2040/3500 [07:47<03:37,  6.72it/s, loss=0.3909]
Fine-tuning Navine AI Video:  58%|#####8    | 2041/3500 [07:47<03:26,  7.08it/s, loss=0.3909]
Fine-tuning Navine AI Video:  58%|#####8    | 2041/3500 [07:47<03:26,  7.08it/s, loss=0.3552]
Fine-tuning Navine AI Video:  58%|#####8    | 2042/3500 [07:47<03:08,  7.72it/s, loss=0.3552]
Fine-tuning Navine AI Video:  58%|#####8    | 2042/3500 [07:47<03:08,  7.72it/s, loss=0.3826]
Fine-tuning Navine AI Video:  58%|#####8    | 2043/3500 [07:47<03:01,  8.04it/s, loss=0.3826]
Fine-tuning Navine AI Video:  58%|#####8    | 2043/3500 [07:47<03:01,  8.04it/s, loss=0.3498]
Fine-tuning Navine AI Video:  58%|#####8    | 2044/3500 [07:47<03:08,  7.72it/s, loss=0.3498]
Fine-tuning Navine AI Video:  58%|#####8    | 2044/3500 [07:47<03:08,  7.72it/s, loss=0.2774]
Fine-tuning Navine AI Video:  58%|#####8    | 2045/3500 [07:48<09:03,  2.68it/s, loss=0.2774]
Fine-tuning Navine AI Video:  58%|#####8    | 2045/3500 [07:48<09:03,  2.68it/s, loss=0.4315]
Fine-tuning Navine AI Video:  58%|#####8    | 2046/3500 [07:49<08:23,  2.89it/s, loss=0.4315]
Fine-tuning Navine AI Video:  58%|#####8    | 2046/3500 [07:49<08:23,  2.89it/s, loss=0.3839]
Fine-tuning Navine AI Video:  58%|#####8    | 2047/3500 [07:49<06:46,  3.57it/s, loss=0.3839]
Fine-tuning Navine AI Video:  58%|#####8    | 2047/3500 [07:49<06:46,  3.57it/s, loss=0.3114]
Fine-tuning Navine AI Video:  59%|#####8    | 2048/3500 [07:49<05:33,  4.35it/s, loss=0.3114]
Fine-tuning Navine AI Video:  59%|#####8    | 2048/3500 [07:49<05:33,  4.35it/s, loss=0.3569]
Fine-tuning Navine AI Video:  59%|#####8    | 2049/3500 [07:50<11:31,  2.10it/s, loss=0.3569]
Fine-tuning Navine AI Video:  59%|#####8    | 2049/3500 [07:50<11:31,  2.10it/s, loss=0.4238]
Fine-tuning Navine AI Video:  59%|#####8    | 2050/3500 [07:50<09:55,  2.44it/s, loss=0.4238]
Fine-tuning Navine AI Video:  59%|#####8    | 2050/3500 [07:50<09:55,  2.44it/s, loss=0.3689]
Fine-tuning Navine AI Video:  59%|#####8    | 2051/3500 [07:50<07:51,  3.07it/s, loss=0.3689]
Fine-tuning Navine AI Video:  59%|#####8    | 2051/3500 [07:50<07:51,  3.07it/s, loss=0.3867]
Fine-tuning Navine AI Video:  59%|#####8    | 2052/3500 [07:50<06:21,  3.79it/s, loss=0.3867]
Fine-tuning Navine AI Video:  59%|#####8    | 2052/3500 [07:50<06:21,  3.79it/s, loss=0.3912]
Fine-tuning Navine AI Video:  59%|#####8    | 2053/3500 [07:50<05:24,  4.46it/s, loss=0.3912]
Fine-tuning Navine AI Video:  59%|#####8    | 2053/3500 [07:50<05:24,  4.46it/s, loss=0.3441]
Fine-tuning Navine AI Video:  59%|#####8    | 2054/3500 [07:51<05:47,  4.17it/s, loss=0.3441]
Fine-tuning Navine AI Video:  59%|#####8    | 2054/3500 [07:51<05:47,  4.17it/s, loss=0.3909]
Fine-tuning Navine AI Video:  59%|#####8    | 2055/3500 [07:51<05:00,  4.81it/s, loss=0.3909]
Fine-tuning Navine AI Video:  59%|#####8    | 2055/3500 [07:51<05:00,  4.81it/s, loss=0.2893]
Fine-tuning Navine AI Video:  59%|#####8    | 2056/3500 [07:51<04:23,  5.49it/s, loss=0.2893]
Fine-tuning Navine AI Video:  59%|#####8    | 2056/3500 [07:51<04:23,  5.49it/s, loss=0.3538]
Fine-tuning Navine AI Video:  59%|#####8    | 2057/3500 [07:51<05:18,  4.53it/s, loss=0.3538]
Fine-tuning Navine AI Video:  59%|#####8    | 2057/3500 [07:51<05:18,  4.53it/s, loss=0.2955]
Fine-tuning Navine AI Video:  59%|#####8    | 2058/3500 [07:51<04:45,  5.05it/s, loss=0.2955]
Fine-tuning Navine AI Video:  59%|#####8    | 2058/3500 [07:51<04:45,  5.05it/s, loss=0.1960]
Fine-tuning Navine AI Video:  59%|#####8    | 2059/3500 [07:52<04:13,  5.70it/s, loss=0.1960]
Fine-tuning Navine AI Video:  59%|#####8    | 2059/3500 [07:52<04:13,  5.70it/s, loss=0.5198]
Fine-tuning Navine AI Video:  59%|#####8    | 2060/3500 [07:52<04:44,  5.07it/s, loss=0.5198]
Fine-tuning Navine AI Video:  59%|#####8    | 2060/3500 [07:52<04:44,  5.07it/s, loss=0.2941]
Fine-tuning Navine AI Video:  59%|#####8    | 2061/3500 [07:52<04:13,  5.67it/s, loss=0.2941]
Fine-tuning Navine AI Video:  59%|#####8    | 2061/3500 [07:52<04:13,  5.67it/s, loss=0.3480]
Fine-tuning Navine AI Video:  59%|#####8    | 2062/3500 [07:52<03:49,  6.27it/s, loss=0.3480]
Fine-tuning Navine AI Video:  59%|#####8    | 2062/3500 [07:52<03:49,  6.27it/s, loss=0.4163]
Fine-tuning Navine AI Video:  59%|#####8    | 2063/3500 [07:53<06:06,  3.93it/s, loss=0.4163]
Fine-tuning Navine AI Video:  59%|#####8    | 2063/3500 [07:53<06:06,  3.93it/s, loss=0.3878]
Fine-tuning Navine AI Video:  59%|#####8    | 2064/3500 [07:53<05:02,  4.74it/s, loss=0.3878]
Fine-tuning Navine AI Video:  59%|#####8    | 2064/3500 [07:53<05:02,  4.74it/s, loss=0.3930]
Fine-tuning Navine AI Video:  59%|#####8    | 2065/3500 [07:53<04:21,  5.49it/s, loss=0.3930]
Fine-tuning Navine AI Video:  59%|#####8    | 2065/3500 [07:53<04:21,  5.49it/s, loss=0.3867]
Fine-tuning Navine AI Video:  59%|#####9    | 2066/3500 [07:53<06:13,  3.84it/s, loss=0.3867]
Fine-tuning Navine AI Video:  59%|#####9    | 2066/3500 [07:53<06:13,  3.84it/s, loss=0.3871]
Fine-tuning Navine AI Video:  59%|#####9    | 2067/3500 [07:53<05:13,  4.58it/s, loss=0.3871]
Fine-tuning Navine AI Video:  59%|#####9    | 2067/3500 [07:53<05:13,  4.58it/s, loss=0.4541]
Fine-tuning Navine AI Video:  59%|#####9    | 2068/3500 [07:54<05:25,  4.40it/s, loss=0.4541]
Fine-tuning Navine AI Video:  59%|#####9    | 2068/3500 [07:54<05:25,  4.40it/s, loss=0.2859]
Fine-tuning Navine AI Video:  59%|#####9    | 2069/3500 [07:54<05:21,  4.45it/s, loss=0.2859]
Fine-tuning Navine AI Video:  59%|#####9    | 2069/3500 [07:54<05:21,  4.45it/s, loss=0.3165]
Fine-tuning Navine AI Video:  59%|#####9    | 2070/3500 [07:54<04:38,  5.14it/s, loss=0.3165]
Fine-tuning Navine AI Video:  59%|#####9    | 2070/3500 [07:54<04:38,  5.14it/s, loss=0.3063]
Fine-tuning Navine AI Video:  59%|#####9    | 2071/3500 [07:54<04:02,  5.90it/s, loss=0.3063]
Fine-tuning Navine AI Video:  59%|#####9    | 2071/3500 [07:54<04:02,  5.90it/s, loss=0.3589]
Fine-tuning Navine AI Video:  59%|#####9    | 2072/3500 [07:54<04:58,  4.78it/s, loss=0.3589]
Fine-tuning Navine AI Video:  59%|#####9    | 2072/3500 [07:54<04:58,  4.78it/s, loss=0.3884]
Fine-tuning Navine AI Video:  59%|#####9    | 2073/3500 [07:55<09:22,  2.54it/s, loss=0.3884]
Fine-tuning Navine AI Video:  59%|#####9    | 2073/3500 [07:55<09:22,  2.54it/s, loss=0.4162]
Fine-tuning Navine AI Video:  59%|#####9    | 2074/3500 [07:55<09:04,  2.62it/s, loss=0.4162]
Fine-tuning Navine AI Video:  59%|#####9    | 2074/3500 [07:55<09:04,  2.62it/s, loss=0.3915]
Fine-tuning Navine AI Video:  59%|#####9    | 2075/3500 [07:56<07:10,  3.31it/s, loss=0.3915]
Fine-tuning Navine AI Video:  59%|#####9    | 2075/3500 [07:56<07:10,  3.31it/s, loss=0.3634]
Fine-tuning Navine AI Video:  59%|#####9    | 2076/3500 [07:56<05:51,  4.05it/s, loss=0.3634]
Fine-tuning Navine AI Video:  59%|#####9    | 2076/3500 [07:56<05:51,  4.05it/s, loss=0.3750]
Fine-tuning Navine AI Video:  59%|#####9    | 2077/3500 [07:56<05:41,  4.17it/s, loss=0.3750]
Fine-tuning Navine AI Video:  59%|#####9    | 2077/3500 [07:56<05:41,  4.17it/s, loss=0.4236]
Fine-tuning Navine AI Video:  59%|#####9    | 2078/3500 [07:56<04:53,  4.84it/s, loss=0.4236]
Fine-tuning Navine AI Video:  59%|#####9    | 2078/3500 [07:56<04:53,  4.84it/s, loss=0.3728]
Fine-tuning Navine AI Video:  59%|#####9    | 2079/3500 [07:56<04:13,  5.61it/s, loss=0.3728]
Fine-tuning Navine AI Video:  59%|#####9    | 2079/3500 [07:56<04:13,  5.61it/s, loss=0.3354]
Fine-tuning Navine AI Video:  59%|#####9    | 2080/3500 [07:56<04:49,  4.90it/s, loss=0.3354]
Fine-tuning Navine AI Video:  59%|#####9    | 2080/3500 [07:56<04:49,  4.90it/s, loss=0.1080]
Fine-tuning Navine AI Video:  59%|#####9    | 2081/3500 [07:57<05:00,  4.73it/s, loss=0.1080]
Fine-tuning Navine AI Video:  59%|#####9    | 2081/3500 [07:57<05:00,  4.73it/s, loss=0.3274]
Fine-tuning Navine AI Video:  59%|#####9    | 2082/3500 [07:57<05:16,  4.48it/s, loss=0.3274]
Fine-tuning Navine AI Video:  59%|#####9    | 2082/3500 [07:57<05:16,  4.48it/s, loss=0.1075]
Fine-tuning Navine AI Video:  60%|#####9    | 2083/3500 [07:57<04:49,  4.89it/s, loss=0.1075]
Fine-tuning Navine AI Video:  60%|#####9    | 2083/3500 [07:57<04:49,  4.89it/s, loss=0.3377]
Fine-tuning Navine AI Video:  60%|#####9    | 2084/3500 [07:57<04:18,  5.47it/s, loss=0.3377]
Fine-tuning Navine AI Video:  60%|#####9    | 2084/3500 [07:57<04:18,  5.47it/s, loss=0.5496]
Fine-tuning Navine AI Video:  60%|#####9    | 2085/3500 [07:57<04:07,  5.71it/s, loss=0.5496]
Fine-tuning Navine AI Video:  60%|#####9    | 2085/3500 [07:57<04:07,  5.71it/s, loss=0.2915]
Fine-tuning Navine AI Video:  60%|#####9    | 2086/3500 [07:58<03:47,  6.22it/s, loss=0.2915]
Fine-tuning Navine AI Video:  60%|#####9    | 2086/3500 [07:58<03:47,  6.22it/s, loss=0.3146]
Fine-tuning Navine AI Video:  60%|#####9    | 2087/3500 [07:58<03:28,  6.78it/s, loss=0.3146]
Fine-tuning Navine AI Video:  60%|#####9    | 2087/3500 [07:58<03:28,  6.78it/s, loss=0.3255]
Fine-tuning Navine AI Video:  60%|#####9    | 2088/3500 [07:58<03:16,  7.18it/s, loss=0.3255]
Fine-tuning Navine AI Video:  60%|#####9    | 2088/3500 [07:58<03:16,  7.18it/s, loss=0.4251]
Fine-tuning Navine AI Video:  60%|#####9    | 2089/3500 [07:58<03:31,  6.67it/s, loss=0.4251]
Fine-tuning Navine AI Video:  60%|#####9    | 2089/3500 [07:58<03:31,  6.67it/s, loss=0.2003]
Fine-tuning Navine AI Video:  60%|#####9    | 2090/3500 [07:58<03:41,  6.36it/s, loss=0.2003]
Fine-tuning Navine AI Video:  60%|#####9    | 2090/3500 [07:58<03:41,  6.36it/s, loss=0.3255]
Fine-tuning Navine AI Video:  60%|#####9    | 2091/3500 [07:58<04:51,  4.83it/s, loss=0.3255]
Fine-tuning Navine AI Video:  60%|#####9    | 2091/3500 [07:58<04:51,  4.83it/s, loss=0.3303]
Fine-tuning Navine AI Video:  60%|#####9    | 2092/3500 [07:59<04:14,  5.52it/s, loss=0.3303]
Fine-tuning Navine AI Video:  60%|#####9    | 2092/3500 [07:59<04:14,  5.52it/s, loss=0.3579]
Fine-tuning Navine AI Video:  60%|#####9    | 2093/3500 [07:59<05:51,  4.00it/s, loss=0.3579]
Fine-tuning Navine AI Video:  60%|#####9    | 2093/3500 [07:59<05:51,  4.00it/s, loss=0.4052]
Fine-tuning Navine AI Video:  60%|#####9    | 2094/3500 [07:59<05:05,  4.61it/s, loss=0.4052]
Fine-tuning Navine AI Video:  60%|#####9    | 2094/3500 [07:59<05:05,  4.61it/s, loss=0.5676]
Fine-tuning Navine AI Video:  60%|#####9    | 2095/3500 [07:59<04:28,  5.24it/s, loss=0.5676]
Fine-tuning Navine AI Video:  60%|#####9    | 2095/3500 [07:59<04:28,  5.24it/s, loss=0.3685]
Fine-tuning Navine AI Video:  60%|#####9    | 2096/3500 [07:59<03:57,  5.91it/s, loss=0.3685]
Fine-tuning Navine AI Video:  60%|#####9    | 2096/3500 [07:59<03:57,  5.91it/s, loss=0.4193]
Fine-tuning Navine AI Video:  60%|#####9    | 2097/3500 [07:59<03:32,  6.61it/s, loss=0.4193]
Fine-tuning Navine AI Video:  60%|#####9    | 2097/3500 [07:59<03:32,  6.61it/s, loss=0.3520]
Fine-tuning Navine AI Video:  60%|#####9    | 2098/3500 [08:00<04:07,  5.66it/s, loss=0.3520]
Fine-tuning Navine AI Video:  60%|#####9    | 2098/3500 [08:00<04:07,  5.66it/s, loss=0.1033]
Fine-tuning Navine AI Video:  60%|#####9    | 2099/3500 [08:00<03:46,  6.19it/s, loss=0.1033]
Fine-tuning Navine AI Video:  60%|#####9    | 2099/3500 [08:00<03:46,  6.19it/s, loss=0.4072]
Fine-tuning Navine AI Video:  60%|######    | 2100/3500 [08:00<03:39,  6.38it/s, loss=0.4072]
Fine-tuning Navine AI Video:  60%|######    | 2100/3500 [08:00<03:39,  6.38it/s, loss=0.2915]
Fine-tuning Navine AI Video:  60%|######    | 2101/3500 [08:00<03:34,  6.51it/s, loss=0.2915]
Fine-tuning Navine AI Video:  60%|######    | 2101/3500 [08:00<03:34,  6.51it/s, loss=0.2940]
Fine-tuning Navine AI Video:  60%|######    | 2102/3500 [08:00<03:21,  6.92it/s, loss=0.2940]
Fine-tuning Navine AI Video:  60%|######    | 2102/3500 [08:00<03:21,  6.92it/s, loss=0.3892]
Fine-tuning Navine AI Video:  60%|######    | 2103/3500 [08:00<03:10,  7.34it/s, loss=0.3892]
Fine-tuning Navine AI Video:  60%|######    | 2103/3500 [08:00<03:10,  7.34it/s, loss=0.3837]
Fine-tuning Navine AI Video:  60%|######    | 2104/3500 [08:01<03:51,  6.04it/s, loss=0.3837]
Fine-tuning Navine AI Video:  60%|######    | 2104/3500 [08:01<03:51,  6.04it/s, loss=0.3297]
Fine-tuning Navine AI Video:  60%|######    | 2105/3500 [08:01<04:25,  5.26it/s, loss=0.3297]
Fine-tuning Navine AI Video:  60%|######    | 2105/3500 [08:01<04:25,  5.26it/s, loss=0.3047]
Fine-tuning Navine AI Video:  60%|######    | 2106/3500 [08:01<03:58,  5.83it/s, loss=0.3047]
Fine-tuning Navine AI Video:  60%|######    | 2106/3500 [08:01<03:58,  5.83it/s, loss=0.3915]
Fine-tuning Navine AI Video:  60%|######    | 2107/3500 [08:01<03:36,  6.43it/s, loss=0.3915]
Fine-tuning Navine AI Video:  60%|######    | 2107/3500 [08:01<03:36,  6.43it/s, loss=0.3863]
Fine-tuning Navine AI Video:  60%|######    | 2108/3500 [08:01<04:01,  5.76it/s, loss=0.3863]
Fine-tuning Navine AI Video:  60%|######    | 2108/3500 [08:01<04:01,  5.76it/s, loss=0.3817]
Fine-tuning Navine AI Video:  60%|######    | 2109/3500 [08:02<04:36,  5.03it/s, loss=0.3817]
Fine-tuning Navine AI Video:  60%|######    | 2109/3500 [08:02<04:36,  5.03it/s, loss=0.3320]
Fine-tuning Navine AI Video:  60%|######    | 2110/3500 [08:02<05:19,  4.35it/s, loss=0.3320]
Fine-tuning Navine AI Video:  60%|######    | 2110/3500 [08:02<05:19,  4.35it/s, loss=0.1450]
Fine-tuning Navine AI Video:  60%|######    | 2111/3500 [08:02<05:20,  4.33it/s, loss=0.1450]
Fine-tuning Navine AI Video:  60%|######    | 2111/3500 [08:02<05:20,  4.33it/s, loss=0.1031]
Fine-tuning Navine AI Video:  60%|######    | 2112/3500 [08:02<05:16,  4.39it/s, loss=0.1031]
Fine-tuning Navine AI Video:  60%|######    | 2112/3500 [08:02<05:16,  4.39it/s, loss=0.3321]
Fine-tuning Navine AI Video:  60%|######    | 2113/3500 [08:03<05:09,  4.48it/s, loss=0.3321]
Fine-tuning Navine AI Video:  60%|######    | 2113/3500 [08:03<05:09,  4.48it/s, loss=0.3800]
Fine-tuning Navine AI Video:  60%|######    | 2114/3500 [08:03<04:32,  5.09it/s, loss=0.3800]
Fine-tuning Navine AI Video:  60%|######    | 2114/3500 [08:03<04:32,  5.09it/s, loss=0.5178]
Fine-tuning Navine AI Video:  60%|######    | 2115/3500 [08:03<04:11,  5.52it/s, loss=0.5178]
Fine-tuning Navine AI Video:  60%|######    | 2115/3500 [08:03<04:11,  5.52it/s, loss=0.4066]
Fine-tuning Navine AI Video:  60%|######    | 2116/3500 [08:03<03:49,  6.03it/s, loss=0.4066]
Fine-tuning Navine AI Video:  60%|######    | 2116/3500 [08:03<03:49,  6.03it/s, loss=0.3144]
Fine-tuning Navine AI Video:  60%|######    | 2117/3500 [08:03<03:44,  6.16it/s, loss=0.3144]
Fine-tuning Navine AI Video:  60%|######    | 2117/3500 [08:03<03:44,  6.16it/s, loss=0.2165]
Fine-tuning Navine AI Video:  61%|######    | 2118/3500 [08:03<03:21,  6.85it/s, loss=0.2165]
Fine-tuning Navine AI Video:  61%|######    | 2118/3500 [08:03<03:21,  6.85it/s, loss=0.3399]
Fine-tuning Navine AI Video:  61%|######    | 2119/3500 [08:03<03:11,  7.20it/s, loss=0.3399]
Fine-tuning Navine AI Video:  61%|######    | 2119/3500 [08:03<03:11,  7.20it/s, loss=0.3122]
Fine-tuning Navine AI Video:  61%|######    | 2120/3500 [08:04<03:43,  6.18it/s, loss=0.3122]
Fine-tuning Navine AI Video:  61%|######    | 2120/3500 [08:04<03:43,  6.18it/s, loss=0.3436]
Fine-tuning Navine AI Video:  61%|######    | 2121/3500 [08:04<03:27,  6.64it/s, loss=0.3436]
Fine-tuning Navine AI Video:  61%|######    | 2121/3500 [08:04<03:27,  6.64it/s, loss=0.3449]
Fine-tuning Navine AI Video:  61%|######    | 2122/3500 [08:04<03:51,  5.96it/s, loss=0.3449]
Fine-tuning Navine AI Video:  61%|######    | 2122/3500 [08:04<03:51,  5.96it/s, loss=0.3264]
Fine-tuning Navine AI Video:  61%|######    | 2123/3500 [08:04<06:08,  3.74it/s, loss=0.3264]
Fine-tuning Navine AI Video:  61%|######    | 2123/3500 [08:04<06:08,  3.74it/s, loss=0.3658]
Fine-tuning Navine AI Video:  61%|######    | 2124/3500 [08:04<05:10,  4.44it/s, loss=0.3658]
Fine-tuning Navine AI Video:  61%|######    | 2124/3500 [08:04<05:10,  4.44it/s, loss=0.3645]
Fine-tuning Navine AI Video:  61%|######    | 2125/3500 [08:05<04:21,  5.25it/s, loss=0.3645]
Fine-tuning Navine AI Video:  61%|######    | 2125/3500 [08:05<04:21,  5.25it/s, loss=0.4562]
Fine-tuning Navine AI Video:  61%|######    | 2126/3500 [08:05<04:49,  4.75it/s, loss=0.4562]
Fine-tuning Navine AI Video:  61%|######    | 2126/3500 [08:05<04:49,  4.75it/s, loss=0.1072]
Fine-tuning Navine AI Video:  61%|######    | 2127/3500 [08:05<05:18,  4.31it/s, loss=0.1072]
Fine-tuning Navine AI Video:  61%|######    | 2127/3500 [08:05<05:18,  4.31it/s, loss=0.1160]
Fine-tuning Navine AI Video:  61%|######    | 2128/3500 [08:05<04:29,  5.09it/s, loss=0.1160]
Fine-tuning Navine AI Video:  61%|######    | 2128/3500 [08:05<04:29,  5.09it/s, loss=0.3550]
Fine-tuning Navine AI Video:  61%|######    | 2129/3500 [08:06<09:45,  2.34it/s, loss=0.3550]
Fine-tuning Navine AI Video:  61%|######    | 2129/3500 [08:06<09:45,  2.34it/s, loss=0.4764]
Fine-tuning Navine AI Video:  61%|######    | 2130/3500 [08:06<08:14,  2.77it/s, loss=0.4764]
Fine-tuning Navine AI Video:  61%|######    | 2130/3500 [08:06<08:14,  2.77it/s, loss=0.5106]
Fine-tuning Navine AI Video:  61%|######    | 2131/3500 [08:07<06:38,  3.44it/s, loss=0.5106]
Fine-tuning Navine AI Video:  61%|######    | 2131/3500 [08:07<06:38,  3.44it/s, loss=0.3150]
Fine-tuning Navine AI Video:  61%|######    | 2132/3500 [08:07<06:41,  3.41it/s, loss=0.3150]
Fine-tuning Navine AI Video:  61%|######    | 2132/3500 [08:07<06:41,  3.41it/s, loss=0.1000]
Fine-tuning Navine AI Video:  61%|######    | 2133/3500 [08:07<05:32,  4.11it/s, loss=0.1000]
Fine-tuning Navine AI Video:  61%|######    | 2133/3500 [08:07<05:32,  4.11it/s, loss=0.4276]
Fine-tuning Navine AI Video:  61%|######    | 2134/3500 [08:07<04:50,  4.70it/s, loss=0.4276]
Fine-tuning Navine AI Video:  61%|######    | 2134/3500 [08:07<04:50,  4.70it/s, loss=0.1792]
Fine-tuning Navine AI Video:  61%|######1   | 2135/3500 [08:07<05:18,  4.29it/s, loss=0.1792]
Fine-tuning Navine AI Video:  61%|######1   | 2135/3500 [08:07<05:18,  4.29it/s, loss=0.3875]
Fine-tuning Navine AI Video:  61%|######1   | 2136/3500 [08:07<04:25,  5.14it/s, loss=0.3875]
Fine-tuning Navine AI Video:  61%|######1   | 2136/3500 [08:07<04:25,  5.14it/s, loss=0.3921]
Fine-tuning Navine AI Video:  61%|######1   | 2137/3500 [08:08<03:54,  5.80it/s, loss=0.3921]
Fine-tuning Navine AI Video:  61%|######1   | 2137/3500 [08:08<03:54,  5.80it/s, loss=0.3430]
Fine-tuning Navine AI Video:  61%|######1   | 2138/3500 [08:08<05:03,  4.48it/s, loss=0.3430]
Fine-tuning Navine AI Video:  61%|######1   | 2138/3500 [08:08<05:03,  4.48it/s, loss=0.4136]
Fine-tuning Navine AI Video:  61%|######1   | 2139/3500 [08:08<05:13,  4.33it/s, loss=0.4136]
Fine-tuning Navine AI Video:  61%|######1   | 2139/3500 [08:08<05:13,  4.33it/s, loss=0.3711]
Fine-tuning Navine AI Video:  61%|######1   | 2140/3500 [08:08<05:01,  4.51it/s, loss=0.3711]
Fine-tuning Navine AI Video:  61%|######1   | 2140/3500 [08:08<05:01,  4.51it/s, loss=0.3268]
Fine-tuning Navine AI Video:  61%|######1   | 2141/3500 [08:09<06:00,  3.77it/s, loss=0.3268]
Fine-tuning Navine AI Video:  61%|######1   | 2141/3500 [08:09<06:00,  3.77it/s, loss=0.3675]
Fine-tuning Navine AI Video:  61%|######1   | 2142/3500 [08:09<06:29,  3.48it/s, loss=0.3675]
Fine-tuning Navine AI Video:  61%|######1   | 2142/3500 [08:09<06:29,  3.48it/s, loss=0.3460]
Fine-tuning Navine AI Video:  61%|######1   | 2143/3500 [08:10<07:31,  3.00it/s, loss=0.3460]
Fine-tuning Navine AI Video:  61%|######1   | 2143/3500 [08:10<07:31,  3.00it/s, loss=0.3628]
Fine-tuning Navine AI Video:  61%|######1   | 2144/3500 [08:10<06:47,  3.33it/s, loss=0.3628]
Fine-tuning Navine AI Video:  61%|######1   | 2144/3500 [08:10<06:47,  3.33it/s, loss=0.1045]
Fine-tuning Navine AI Video:  61%|######1   | 2145/3500 [08:10<05:38,  4.01it/s, loss=0.1045]
Fine-tuning Navine AI Video:  61%|######1   | 2145/3500 [08:10<05:38,  4.01it/s, loss=0.4459]
Fine-tuning Navine AI Video:  61%|######1   | 2146/3500 [08:10<04:52,  4.62it/s, loss=0.4459]
Fine-tuning Navine AI Video:  61%|######1   | 2146/3500 [08:10<04:52,  4.62it/s, loss=0.3444]
Fine-tuning Navine AI Video:  61%|######1   | 2147/3500 [08:10<04:55,  4.57it/s, loss=0.3444]
Fine-tuning Navine AI Video:  61%|######1   | 2147/3500 [08:10<04:55,  4.57it/s, loss=0.3573]
Fine-tuning Navine AI Video:  61%|######1   | 2148/3500 [08:11<05:38,  3.99it/s, loss=0.3573]
Fine-tuning Navine AI Video:  61%|######1   | 2148/3500 [08:11<05:38,  3.99it/s, loss=0.3940]
Fine-tuning Navine AI Video:  61%|######1   | 2149/3500 [08:11<05:04,  4.44it/s, loss=0.3940]
Fine-tuning Navine AI Video:  61%|######1   | 2149/3500 [08:11<05:04,  4.44it/s, loss=0.2762]
Fine-tuning Navine AI Video:  61%|######1   | 2150/3500 [08:14<25:24,  1.13s/it, loss=0.2762]
Fine-tuning Navine AI Video:  61%|######1   | 2150/3500 [08:14<25:24,  1.13s/it, loss=0.4015]
Fine-tuning Navine AI Video:  61%|######1   | 2151/3500 [08:16<29:37,  1.32s/it, loss=0.4015]
Fine-tuning Navine AI Video:  61%|######1   | 2151/3500 [08:16<29:37,  1.32s/it, loss=0.1755]
Fine-tuning Navine AI Video:  61%|######1   | 2152/3500 [08:18<35:21,  1.57s/it, loss=0.1755]
Fine-tuning Navine AI Video:  61%|######1   | 2152/3500 [08:18<35:21,  1.57s/it, loss=0.1165]
Fine-tuning Navine AI Video:  62%|######1   | 2153/3500 [08:19<31:14,  1.39s/it, loss=0.1165]
Fine-tuning Navine AI Video:  62%|######1   | 2153/3500 [08:19<31:14,  1.39s/it, loss=0.3041]
Fine-tuning Navine AI Video:  62%|######1   | 2154/3500 [08:20<28:55,  1.29s/it, loss=0.3041]
Fine-tuning Navine AI Video:  62%|######1   | 2154/3500 [08:20<28:55,  1.29s/it, loss=0.1037]
Fine-tuning Navine AI Video:  62%|######1   | 2155/3500 [08:21<25:34,  1.14s/it, loss=0.1037]
Fine-tuning Navine AI Video:  62%|######1   | 2155/3500 [08:21<25:34,  1.14s/it, loss=0.3111]
Fine-tuning Navine AI Video:  62%|######1   | 2156/3500 [08:21<18:48,  1.19it/s, loss=0.3111]
Fine-tuning Navine AI Video:  62%|######1   | 2156/3500 [08:21<18:48,  1.19it/s, loss=0.3376]
Fine-tuning Navine AI Video:  62%|######1   | 2157/3500 [08:21<15:09,  1.48it/s, loss=0.3376]
Fine-tuning Navine AI Video:  62%|######1   | 2157/3500 [08:21<15:09,  1.48it/s, loss=0.3682]
Fine-tuning Navine AI Video:  62%|######1   | 2158/3500 [08:21<12:44,  1.76it/s, loss=0.3682]
Fine-tuning Navine AI Video:  62%|######1   | 2158/3500 [08:21<12:44,  1.76it/s, loss=0.3848]
Fine-tuning Navine AI Video:  62%|######1   | 2159/3500 [08:22<09:44,  2.29it/s, loss=0.3848]
Fine-tuning Navine AI Video:  62%|######1   | 2159/3500 [08:22<09:44,  2.29it/s, loss=0.3595]
Fine-tuning Navine AI Video:  62%|######1   | 2160/3500 [08:23<14:20,  1.56it/s, loss=0.3595]
Fine-tuning Navine AI Video:  62%|######1   | 2160/3500 [08:23<14:20,  1.56it/s, loss=0.4263]
Fine-tuning Navine AI Video:  62%|######1   | 2161/3500 [08:23<10:47,  2.07it/s, loss=0.4263]
Fine-tuning Navine AI Video:  62%|######1   | 2161/3500 [08:23<10:47,  2.07it/s, loss=0.4310]
Fine-tuning Navine AI Video:  62%|######1   | 2162/3500 [08:23<08:18,  2.69it/s, loss=0.4310]
Fine-tuning Navine AI Video:  62%|######1   | 2162/3500 [08:23<08:18,  2.69it/s, loss=0.3310]
Fine-tuning Navine AI Video:  62%|######1   | 2163/3500 [08:23<06:36,  3.37it/s, loss=0.3310]
Fine-tuning Navine AI Video:  62%|######1   | 2163/3500 [08:23<06:36,  3.37it/s, loss=0.3028]
Fine-tuning Navine AI Video:  62%|######1   | 2164/3500 [08:23<05:26,  4.09it/s, loss=0.3028]
Fine-tuning Navine AI Video:  62%|######1   | 2164/3500 [08:23<05:26,  4.09it/s, loss=0.3130]
Fine-tuning Navine AI Video:  62%|######1   | 2165/3500 [08:23<04:37,  4.81it/s, loss=0.3130]
Fine-tuning Navine AI Video:  62%|######1   | 2165/3500 [08:23<04:37,  4.81it/s, loss=0.2775]
Fine-tuning Navine AI Video:  62%|######1   | 2166/3500 [08:23<04:04,  5.46it/s, loss=0.2775]
Fine-tuning Navine AI Video:  62%|######1   | 2166/3500 [08:23<04:04,  5.46it/s, loss=0.2246]
Fine-tuning Navine AI Video:  62%|######1   | 2167/3500 [08:24<04:27,  4.97it/s, loss=0.2246]
Fine-tuning Navine AI Video:  62%|######1   | 2167/3500 [08:24<04:27,  4.97it/s, loss=0.1131]
Fine-tuning Navine AI Video:  62%|######1   | 2168/3500 [08:24<04:04,  5.45it/s, loss=0.1131]
Fine-tuning Navine AI Video:  62%|######1   | 2168/3500 [08:24<04:04,  5.45it/s, loss=0.3996]
Fine-tuning Navine AI Video:  62%|######1   | 2169/3500 [08:24<03:32,  6.25it/s, loss=0.3996]
Fine-tuning Navine AI Video:  62%|######1   | 2169/3500 [08:24<03:32,  6.25it/s, loss=0.3911]
Fine-tuning Navine AI Video:  62%|######2   | 2170/3500 [08:24<03:21,  6.61it/s, loss=0.3911]
Fine-tuning Navine AI Video:  62%|######2   | 2170/3500 [08:24<03:21,  6.61it/s, loss=0.3124]
Fine-tuning Navine AI Video:  62%|######2   | 2171/3500 [08:24<03:11,  6.92it/s, loss=0.3124]
Fine-tuning Navine AI Video:  62%|######2   | 2171/3500 [08:24<03:11,  6.92it/s, loss=0.2002]
Fine-tuning Navine AI Video:  62%|######2   | 2172/3500 [08:24<03:08,  7.06it/s, loss=0.2002]
Fine-tuning Navine AI Video:  62%|######2   | 2172/3500 [08:24<03:08,  7.06it/s, loss=0.2910]
Fine-tuning Navine AI Video:  62%|######2   | 2173/3500 [08:24<03:00,  7.37it/s, loss=0.2910]
Fine-tuning Navine AI Video:  62%|######2   | 2173/3500 [08:24<03:00,  7.37it/s, loss=0.3238]
Fine-tuning Navine AI Video:  62%|######2   | 2174/3500 [08:25<03:10,  6.95it/s, loss=0.3238]
Fine-tuning Navine AI Video:  62%|######2   | 2174/3500 [08:25<03:10,  6.95it/s, loss=0.3447]
Fine-tuning Navine AI Video:  62%|######2   | 2175/3500 [08:25<03:11,  6.91it/s, loss=0.3447]
Fine-tuning Navine AI Video:  62%|######2   | 2175/3500 [08:25<03:11,  6.91it/s, loss=0.3185]
Fine-tuning Navine AI Video:  62%|######2   | 2176/3500 [08:25<04:24,  5.01it/s, loss=0.3185]
Fine-tuning Navine AI Video:  62%|######2   | 2176/3500 [08:25<04:24,  5.01it/s, loss=0.4338]
Fine-tuning Navine AI Video:  62%|######2   | 2177/3500 [08:25<04:36,  4.79it/s, loss=0.4338]
Fine-tuning Navine AI Video:  62%|######2   | 2177/3500 [08:25<04:36,  4.79it/s, loss=0.3456]
Fine-tuning Navine AI Video:  62%|######2   | 2178/3500 [08:25<04:04,  5.40it/s, loss=0.3456]
Fine-tuning Navine AI Video:  62%|######2   | 2178/3500 [08:25<04:04,  5.40it/s, loss=0.3573]
Fine-tuning Navine AI Video:  62%|######2   | 2179/3500 [08:26<03:43,  5.92it/s, loss=0.3573]
Fine-tuning Navine AI Video:  62%|######2   | 2179/3500 [08:26<03:43,  5.92it/s, loss=0.1587]
Fine-tuning Navine AI Video:  62%|######2   | 2180/3500 [08:26<03:19,  6.61it/s, loss=0.1587]
Fine-tuning Navine AI Video:  62%|######2   | 2180/3500 [08:26<03:19,  6.61it/s, loss=0.3532]
Fine-tuning Navine AI Video:  62%|######2   | 2181/3500 [08:26<03:11,  6.88it/s, loss=0.3532]
Fine-tuning Navine AI Video:  62%|######2   | 2181/3500 [08:26<03:11,  6.88it/s, loss=0.2872]
Fine-tuning Navine AI Video:  62%|######2   | 2182/3500 [08:27<07:45,  2.83it/s, loss=0.2872]
Fine-tuning Navine AI Video:  62%|######2   | 2182/3500 [08:27<07:45,  2.83it/s, loss=0.4274]
Fine-tuning Navine AI Video:  62%|######2   | 2183/3500 [08:27<06:10,  3.56it/s, loss=0.4274]
Fine-tuning Navine AI Video:  62%|######2   | 2183/3500 [08:27<06:10,  3.56it/s, loss=0.3035]
Fine-tuning Navine AI Video:  62%|######2   | 2184/3500 [08:27<06:38,  3.31it/s, loss=0.3035]
Fine-tuning Navine AI Video:  62%|######2   | 2184/3500 [08:27<06:38,  3.31it/s, loss=0.4334]
Fine-tuning Navine AI Video:  62%|######2   | 2185/3500 [08:27<05:27,  4.02it/s, loss=0.4334]
Fine-tuning Navine AI Video:  62%|######2   | 2185/3500 [08:27<05:27,  4.02it/s, loss=0.3389]
Fine-tuning Navine AI Video:  62%|######2   | 2186/3500 [08:27<04:45,  4.61it/s, loss=0.3389]
Fine-tuning Navine AI Video:  62%|######2   | 2186/3500 [08:27<04:45,  4.61it/s, loss=0.3101]
Fine-tuning Navine AI Video:  62%|######2   | 2187/3500 [08:28<04:09,  5.25it/s, loss=0.3101]
Fine-tuning Navine AI Video:  62%|######2   | 2187/3500 [08:28<04:09,  5.25it/s, loss=0.3144]
Fine-tuning Navine AI Video:  63%|######2   | 2188/3500 [08:28<03:39,  5.97it/s, loss=0.3144]
Fine-tuning Navine AI Video:  63%|######2   | 2188/3500 [08:28<03:39,  5.97it/s, loss=0.3820]
Fine-tuning Navine AI Video:  63%|######2   | 2189/3500 [08:28<04:04,  5.37it/s, loss=0.3820]
Fine-tuning Navine AI Video:  63%|######2   | 2189/3500 [08:28<04:04,  5.37it/s, loss=0.3026]
Fine-tuning Navine AI Video:  63%|######2   | 2190/3500 [08:28<03:33,  6.14it/s, loss=0.3026]
Fine-tuning Navine AI Video:  63%|######2   | 2190/3500 [08:28<03:33,  6.14it/s, loss=0.3845]
Fine-tuning Navine AI Video:  63%|######2   | 2191/3500 [08:28<05:23,  4.05it/s, loss=0.3845]
Fine-tuning Navine AI Video:  63%|######2   | 2191/3500 [08:28<05:23,  4.05it/s, loss=0.3544]
Fine-tuning Navine AI Video:  63%|######2   | 2192/3500 [08:29<05:13,  4.18it/s, loss=0.3544]
Fine-tuning Navine AI Video:  63%|######2   | 2192/3500 [08:29<05:13,  4.18it/s, loss=0.1014]
Fine-tuning Navine AI Video:  63%|######2   | 2193/3500 [08:29<04:20,  5.02it/s, loss=0.1014]
Fine-tuning Navine AI Video:  63%|######2   | 2193/3500 [08:29<04:20,  5.02it/s, loss=0.4164]
Fine-tuning Navine AI Video:  63%|######2   | 2194/3500 [08:29<03:59,  5.45it/s, loss=0.4164]
Fine-tuning Navine AI Video:  63%|######2   | 2194/3500 [08:29<03:59,  5.45it/s, loss=0.4430]
Fine-tuning Navine AI Video:  63%|######2   | 2195/3500 [08:29<03:29,  6.23it/s, loss=0.4430]
Fine-tuning Navine AI Video:  63%|######2   | 2195/3500 [08:29<03:29,  6.23it/s, loss=0.4286]
Fine-tuning Navine AI Video:  63%|######2   | 2196/3500 [08:29<03:46,  5.76it/s, loss=0.4286]
Fine-tuning Navine AI Video:  63%|######2   | 2196/3500 [08:29<03:46,  5.76it/s, loss=0.3474]
Fine-tuning Navine AI Video:  63%|######2   | 2197/3500 [08:30<04:36,  4.71it/s, loss=0.3474]
Fine-tuning Navine AI Video:  63%|######2   | 2197/3500 [08:30<04:36,  4.71it/s, loss=0.3923]
Fine-tuning Navine AI Video:  63%|######2   | 2198/3500 [08:30<03:53,  5.58it/s, loss=0.3923]
Fine-tuning Navine AI Video:  63%|######2   | 2198/3500 [08:30<03:53,  5.58it/s, loss=0.3811]
Fine-tuning Navine AI Video:  63%|######2   | 2199/3500 [08:30<03:58,  5.44it/s, loss=0.3811]
Fine-tuning Navine AI Video:  63%|######2   | 2199/3500 [08:30<03:58,  5.44it/s, loss=0.5976]
Fine-tuning Navine AI Video:  63%|######2   | 2200/3500 [08:30<03:48,  5.68it/s, loss=0.5976]
Fine-tuning Navine AI Video:  63%|######2   | 2200/3500 [08:30<03:48,  5.68it/s, loss=0.4878]
Fine-tuning Navine AI Video:  63%|######2   | 2201/3500 [08:30<03:58,  5.45it/s, loss=0.4878]
Fine-tuning Navine AI Video:  63%|######2   | 2201/3500 [08:30<03:58,  5.45it/s, loss=0.3967]
Fine-tuning Navine AI Video:  63%|######2   | 2202/3500 [08:30<03:34,  6.05it/s, loss=0.3967]
Fine-tuning Navine AI Video:  63%|######2   | 2202/3500 [08:30<03:34,  6.05it/s, loss=0.3049]
Fine-tuning Navine AI Video:  63%|######2   | 2203/3500 [08:30<03:50,  5.63it/s, loss=0.3049]
Fine-tuning Navine AI Video:  63%|######2   | 2203/3500 [08:30<03:50,  5.63it/s, loss=0.3297]
Fine-tuning Navine AI Video:  63%|######2   | 2204/3500 [08:31<04:09,  5.20it/s, loss=0.3297]
Fine-tuning Navine AI Video:  63%|######2   | 2204/3500 [08:31<04:09,  5.20it/s, loss=0.1106]
Fine-tuning Navine AI Video:  63%|######3   | 2205/3500 [08:32<10:01,  2.15it/s, loss=0.1106]
Fine-tuning Navine AI Video:  63%|######3   | 2205/3500 [08:32<10:01,  2.15it/s, loss=0.4222]
Fine-tuning Navine AI Video:  63%|######3   | 2206/3500 [08:32<07:44,  2.79it/s, loss=0.4222]
Fine-tuning Navine AI Video:  63%|######3   | 2206/3500 [08:32<07:44,  2.79it/s, loss=0.3472]
Fine-tuning Navine AI Video:  63%|######3   | 2207/3500 [08:32<06:12,  3.47it/s, loss=0.3472]
Fine-tuning Navine AI Video:  63%|######3   | 2207/3500 [08:32<06:12,  3.47it/s, loss=0.2558]
Fine-tuning Navine AI Video:  63%|######3   | 2208/3500 [08:32<05:09,  4.18it/s, loss=0.2558]
Fine-tuning Navine AI Video:  63%|######3   | 2208/3500 [08:32<05:09,  4.18it/s, loss=0.5137]
Fine-tuning Navine AI Video:  63%|######3   | 2209/3500 [08:32<05:06,  4.22it/s, loss=0.5137]
Fine-tuning Navine AI Video:  63%|######3   | 2209/3500 [08:32<05:06,  4.22it/s, loss=0.1139]
Fine-tuning Navine AI Video:  63%|######3   | 2210/3500 [08:33<05:07,  4.20it/s, loss=0.1139]
Fine-tuning Navine AI Video:  63%|######3   | 2210/3500 [08:33<05:07,  4.20it/s, loss=0.1148]
Fine-tuning Navine AI Video:  63%|######3   | 2211/3500 [08:33<04:25,  4.86it/s, loss=0.1148]
Fine-tuning Navine AI Video:  63%|######3   | 2211/3500 [08:33<04:25,  4.86it/s, loss=0.5529]
Fine-tuning Navine AI Video:  63%|######3   | 2212/3500 [08:33<03:59,  5.38it/s, loss=0.5529]
Fine-tuning Navine AI Video:  63%|######3   | 2212/3500 [08:33<03:59,  5.38it/s, loss=0.3886]
Fine-tuning Navine AI Video:  63%|######3   | 2213/3500 [08:33<03:32,  6.05it/s, loss=0.3886]
Fine-tuning Navine AI Video:  63%|######3   | 2213/3500 [08:33<03:32,  6.05it/s, loss=0.3591]
Fine-tuning Navine AI Video:  63%|######3   | 2214/3500 [08:33<04:03,  5.28it/s, loss=0.3591]
Fine-tuning Navine AI Video:  63%|######3   | 2214/3500 [08:33<04:03,  5.28it/s, loss=0.3674]
Fine-tuning Navine AI Video:  63%|######3   | 2215/3500 [08:33<03:40,  5.82it/s, loss=0.3674]
Fine-tuning Navine AI Video:  63%|######3   | 2215/3500 [08:33<03:40,  5.82it/s, loss=0.5358]
Fine-tuning Navine AI Video:  63%|######3   | 2216/3500 [08:34<04:03,  5.28it/s, loss=0.5358]
Fine-tuning Navine AI Video:  63%|######3   | 2216/3500 [08:34<04:03,  5.28it/s, loss=0.4231]
Fine-tuning Navine AI Video:  63%|######3   | 2217/3500 [08:34<03:40,  5.82it/s, loss=0.4231]
Fine-tuning Navine AI Video:  63%|######3   | 2217/3500 [08:34<03:40,  5.82it/s, loss=0.3652]
Fine-tuning Navine AI Video:  63%|######3   | 2218/3500 [08:34<03:17,  6.48it/s, loss=0.3652]
Fine-tuning Navine AI Video:  63%|######3   | 2218/3500 [08:34<03:17,  6.48it/s, loss=0.4296]
Fine-tuning Navine AI Video:  63%|######3   | 2219/3500 [08:34<03:10,  6.72it/s, loss=0.4296]
Fine-tuning Navine AI Video:  63%|######3   | 2219/3500 [08:34<03:10,  6.72it/s, loss=0.3527]
Fine-tuning Navine AI Video:  63%|######3   | 2220/3500 [08:34<03:06,  6.87it/s, loss=0.3527]
Fine-tuning Navine AI Video:  63%|######3   | 2220/3500 [08:34<03:06,  6.87it/s, loss=0.3133]
Fine-tuning Navine AI Video:  63%|######3   | 2221/3500 [08:34<03:29,  6.12it/s, loss=0.3133]
Fine-tuning Navine AI Video:  63%|######3   | 2221/3500 [08:34<03:29,  6.12it/s, loss=0.3295]
Fine-tuning Navine AI Video:  63%|######3   | 2222/3500 [08:34<03:13,  6.61it/s, loss=0.3295]
Fine-tuning Navine AI Video:  63%|######3   | 2222/3500 [08:34<03:13,  6.61it/s, loss=0.3343]
Fine-tuning Navine AI Video:  64%|######3   | 2223/3500 [08:35<03:02,  6.99it/s, loss=0.3343]
Fine-tuning Navine AI Video:  64%|######3   | 2223/3500 [08:35<03:02,  6.99it/s, loss=0.3682]
Fine-tuning Navine AI Video:  64%|######3   | 2224/3500 [08:35<07:08,  2.98it/s, loss=0.3682]
Fine-tuning Navine AI Video:  64%|######3   | 2224/3500 [08:35<07:08,  2.98it/s, loss=0.4268]
Fine-tuning Navine AI Video:  64%|######3   | 2225/3500 [08:36<05:39,  3.76it/s, loss=0.4268]
Fine-tuning Navine AI Video:  64%|######3   | 2225/3500 [08:36<05:39,  3.76it/s, loss=0.4013]
Fine-tuning Navine AI Video:  64%|######3   | 2226/3500 [08:36<04:42,  4.51it/s, loss=0.4013]
Fine-tuning Navine AI Video:  64%|######3   | 2226/3500 [08:36<04:42,  4.51it/s, loss=0.5893]
Fine-tuning Navine AI Video:  64%|######3   | 2227/3500 [08:36<04:04,  5.20it/s, loss=0.5893]
Fine-tuning Navine AI Video:  64%|######3   | 2227/3500 [08:36<04:04,  5.20it/s, loss=0.3668]
Fine-tuning Navine AI Video:  64%|######3   | 2228/3500 [08:37<10:01,  2.12it/s, loss=0.3668]
Fine-tuning Navine AI Video:  64%|######3   | 2228/3500 [08:37<10:01,  2.12it/s, loss=0.4219]
Fine-tuning Navine AI Video:  64%|######3   | 2229/3500 [08:37<07:42,  2.75it/s, loss=0.4219]
Fine-tuning Navine AI Video:  64%|######3   | 2229/3500 [08:37<07:42,  2.75it/s, loss=0.3971]
Fine-tuning Navine AI Video:  64%|######3   | 2230/3500 [08:37<06:20,  3.34it/s, loss=0.3971]
Fine-tuning Navine AI Video:  64%|######3   | 2230/3500 [08:37<06:20,  3.34it/s, loss=0.1766]
Fine-tuning Navine AI Video:  64%|######3   | 2231/3500 [08:37<06:00,  3.52it/s, loss=0.1766]
Fine-tuning Navine AI Video:  64%|######3   | 2231/3500 [08:37<06:00,  3.52it/s, loss=0.2974]
Fine-tuning Navine AI Video:  64%|######3   | 2232/3500 [08:38<05:00,  4.22it/s, loss=0.2974]
Fine-tuning Navine AI Video:  64%|######3   | 2232/3500 [08:38<05:00,  4.22it/s, loss=0.3815]
Fine-tuning Navine AI Video:  64%|######3   | 2233/3500 [08:38<05:09,  4.09it/s, loss=0.3815]
Fine-tuning Navine AI Video:  64%|######3   | 2233/3500 [08:38<05:09,  4.09it/s, loss=0.1061]
Fine-tuning Navine AI Video:  64%|######3   | 2234/3500 [08:38<04:24,  4.79it/s, loss=0.1061]
Fine-tuning Navine AI Video:  64%|######3   | 2234/3500 [08:38<04:24,  4.79it/s, loss=0.3398]
Fine-tuning Navine AI Video:  64%|######3   | 2235/3500 [08:38<04:00,  5.26it/s, loss=0.3398]
Fine-tuning Navine AI Video:  64%|######3   | 2235/3500 [08:38<04:00,  5.26it/s, loss=0.4692]
Fine-tuning Navine AI Video:  64%|######3   | 2236/3500 [08:38<03:32,  5.94it/s, loss=0.4692]
Fine-tuning Navine AI Video:  64%|######3   | 2236/3500 [08:38<03:32,  5.94it/s, loss=0.3891]
Fine-tuning Navine AI Video:  64%|######3   | 2237/3500 [08:38<03:18,  6.36it/s, loss=0.3891]
Fine-tuning Navine AI Video:  64%|######3   | 2237/3500 [08:38<03:18,  6.36it/s, loss=0.2755]
Fine-tuning Navine AI Video:  64%|######3   | 2238/3500 [08:38<02:56,  7.13it/s, loss=0.2755]
Fine-tuning Navine AI Video:  64%|######3   | 2238/3500 [08:38<02:56,  7.13it/s, loss=0.3296]
Fine-tuning Navine AI Video:  64%|######3   | 2239/3500 [08:39<02:50,  7.40it/s, loss=0.3296]
Fine-tuning Navine AI Video:  64%|######3   | 2239/3500 [08:39<02:50,  7.40it/s, loss=0.2755]
Fine-tuning Navine AI Video:  64%|######4   | 2240/3500 [08:39<03:12,  6.54it/s, loss=0.2755]
Fine-tuning Navine AI Video:  64%|######4   | 2240/3500 [08:39<03:12,  6.54it/s, loss=0.1057]
Fine-tuning Navine AI Video:  64%|######4   | 2241/3500 [08:39<02:59,  7.00it/s, loss=0.1057]
Fine-tuning Navine AI Video:  64%|######4   | 2241/3500 [08:39<02:59,  7.00it/s, loss=0.3770]
Fine-tuning Navine AI Video:  64%|######4   | 2242/3500 [08:39<03:03,  6.86it/s, loss=0.3770]
Fine-tuning Navine AI Video:  64%|######4   | 2242/3500 [08:39<03:03,  6.86it/s, loss=0.3311]
Fine-tuning Navine AI Video:  64%|######4   | 2243/3500 [08:39<03:33,  5.89it/s, loss=0.3311]
Fine-tuning Navine AI Video:  64%|######4   | 2243/3500 [08:39<03:33,  5.89it/s, loss=0.3284]
Fine-tuning Navine AI Video:  64%|######4   | 2244/3500 [08:39<03:22,  6.20it/s, loss=0.3284]
Fine-tuning Navine AI Video:  64%|######4   | 2244/3500 [08:39<03:22,  6.20it/s, loss=0.2980]
Fine-tuning Navine AI Video:  64%|######4   | 2245/3500 [08:39<03:06,  6.74it/s, loss=0.2980]
Fine-tuning Navine AI Video:  64%|######4   | 2245/3500 [08:39<03:06,  6.74it/s, loss=0.3551]
Fine-tuning Navine AI Video:  64%|######4   | 2246/3500 [08:40<02:56,  7.09it/s, loss=0.3551]
Fine-tuning Navine AI Video:  64%|######4   | 2246/3500 [08:40<02:56,  7.09it/s, loss=0.3544]
Fine-tuning Navine AI Video:  64%|######4   | 2247/3500 [08:40<03:00,  6.96it/s, loss=0.3544]
Fine-tuning Navine AI Video:  64%|######4   | 2247/3500 [08:40<03:00,  6.96it/s, loss=0.2702]
Fine-tuning Navine AI Video:  64%|######4   | 2248/3500 [08:40<02:51,  7.31it/s, loss=0.2702]
Fine-tuning Navine AI Video:  64%|######4   | 2248/3500 [08:40<02:51,  7.31it/s, loss=0.3814]
Fine-tuning Navine AI Video:  64%|######4   | 2249/3500 [08:40<02:42,  7.70it/s, loss=0.3814]
Fine-tuning Navine AI Video:  64%|######4   | 2249/3500 [08:40<02:42,  7.70it/s, loss=0.4154]
Fine-tuning Navine AI Video:  64%|######4   | 2250/3500 [08:40<02:47,  7.47it/s, loss=0.4154]
Fine-tuning Navine AI Video:  64%|######4   | 2250/3500 [08:40<02:47,  7.47it/s, loss=0.3200]
Fine-tuning Navine AI Video:  64%|######4   | 2251/3500 [08:40<03:45,  5.55it/s, loss=0.3200]
Fine-tuning Navine AI Video:  64%|######4   | 2251/3500 [08:40<03:45,  5.55it/s, loss=0.1082]
Fine-tuning Navine AI Video:  64%|######4   | 2252/3500 [08:41<03:22,  6.15it/s, loss=0.1082]
Fine-tuning Navine AI Video:  64%|######4   | 2252/3500 [08:41<03:22,  6.15it/s, loss=0.3791]
Fine-tuning Navine AI Video:  64%|######4   | 2253/3500 [08:41<03:06,  6.67it/s, loss=0.3791]
Fine-tuning Navine AI Video:  64%|######4   | 2253/3500 [08:41<03:06,  6.67it/s, loss=0.4323]
Fine-tuning Navine AI Video:  64%|######4   | 2254/3500 [08:41<02:59,  6.93it/s, loss=0.4323]
Fine-tuning Navine AI Video:  64%|######4   | 2254/3500 [08:41<02:59,  6.93it/s, loss=0.4153]
Fine-tuning Navine AI Video:  64%|######4   | 2255/3500 [08:41<02:44,  7.58it/s, loss=0.4153]
Fine-tuning Navine AI Video:  64%|######4   | 2255/3500 [08:41<02:44,  7.58it/s, loss=0.4388]
Fine-tuning Navine AI Video:  64%|######4   | 2256/3500 [08:41<03:37,  5.73it/s, loss=0.4388]
Fine-tuning Navine AI Video:  64%|######4   | 2256/3500 [08:41<03:37,  5.73it/s, loss=0.3911]
Fine-tuning Navine AI Video:  64%|######4   | 2257/3500 [08:41<03:14,  6.39it/s, loss=0.3911]
Fine-tuning Navine AI Video:  64%|######4   | 2257/3500 [08:41<03:14,  6.39it/s, loss=0.3391]
Fine-tuning Navine AI Video:  65%|######4   | 2258/3500 [08:42<05:35,  3.70it/s, loss=0.3391]
Fine-tuning Navine AI Video:  65%|######4   | 2258/3500 [08:42<05:35,  3.70it/s, loss=0.3814]
Fine-tuning Navine AI Video:  65%|######4   | 2259/3500 [08:42<04:38,  4.46it/s, loss=0.3814]
Fine-tuning Navine AI Video:  65%|######4   | 2259/3500 [08:42<04:38,  4.46it/s, loss=0.3925]
Fine-tuning Navine AI Video:  65%|######4   | 2260/3500 [08:42<03:59,  5.18it/s, loss=0.3925]
Fine-tuning Navine AI Video:  65%|######4   | 2260/3500 [08:42<03:59,  5.18it/s, loss=0.4189]
Fine-tuning Navine AI Video:  65%|######4   | 2261/3500 [08:42<03:43,  5.55it/s, loss=0.4189]
Fine-tuning Navine AI Video:  65%|######4   | 2261/3500 [08:42<03:43,  5.55it/s, loss=0.5738]
Fine-tuning Navine AI Video:  65%|######4   | 2262/3500 [08:42<03:18,  6.24it/s, loss=0.5738]
Fine-tuning Navine AI Video:  65%|######4   | 2262/3500 [08:42<03:18,  6.24it/s, loss=0.5751]
Fine-tuning Navine AI Video:  65%|######4   | 2263/3500 [08:42<03:02,  6.77it/s, loss=0.5751]
Fine-tuning Navine AI Video:  65%|######4   | 2263/3500 [08:42<03:02,  6.77it/s, loss=0.3229]
Fine-tuning Navine AI Video:  65%|######4   | 2264/3500 [08:43<08:20,  2.47it/s, loss=0.3229]
Fine-tuning Navine AI Video:  65%|######4   | 2264/3500 [08:43<08:20,  2.47it/s, loss=0.3623]
Fine-tuning Navine AI Video:  65%|######4   | 2265/3500 [08:44<08:40,  2.37it/s, loss=0.3623]
Fine-tuning Navine AI Video:  65%|######4   | 2265/3500 [08:44<08:40,  2.37it/s, loss=0.1028]
Fine-tuning Navine AI Video:  65%|######4   | 2266/3500 [08:44<08:04,  2.55it/s, loss=0.1028]
Fine-tuning Navine AI Video:  65%|######4   | 2266/3500 [08:44<08:04,  2.55it/s, loss=0.4340]
Fine-tuning Navine AI Video:  65%|######4   | 2267/3500 [08:44<06:54,  2.98it/s, loss=0.4340]
Fine-tuning Navine AI Video:  65%|######4   | 2267/3500 [08:44<06:54,  2.98it/s, loss=0.2939]
Fine-tuning Navine AI Video:  65%|######4   | 2268/3500 [08:45<05:33,  3.69it/s, loss=0.2939]
Fine-tuning Navine AI Video:  65%|######4   | 2268/3500 [08:45<05:33,  3.69it/s, loss=0.3454]
Fine-tuning Navine AI Video:  65%|######4   | 2269/3500 [08:45<04:59,  4.10it/s, loss=0.3454]
Fine-tuning Navine AI Video:  65%|######4   | 2269/3500 [08:45<04:59,  4.10it/s, loss=0.2718]
Fine-tuning Navine AI Video:  65%|######4   | 2270/3500 [08:45<04:15,  4.82it/s, loss=0.2718]
Fine-tuning Navine AI Video:  65%|######4   | 2270/3500 [08:45<04:15,  4.82it/s, loss=0.3795]
Fine-tuning Navine AI Video:  65%|######4   | 2271/3500 [08:45<03:49,  5.35it/s, loss=0.3795]
Fine-tuning Navine AI Video:  65%|######4   | 2271/3500 [08:45<03:49,  5.35it/s, loss=0.3352]
Fine-tuning Navine AI Video:  65%|######4   | 2272/3500 [08:45<03:29,  5.86it/s, loss=0.3352]
Fine-tuning Navine AI Video:  65%|######4   | 2272/3500 [08:45<03:29,  5.86it/s, loss=0.2559]
Fine-tuning Navine AI Video:  65%|######4   | 2273/3500 [08:45<03:11,  6.41it/s, loss=0.2559]
Fine-tuning Navine AI Video:  65%|######4   | 2273/3500 [08:45<03:11,  6.41it/s, loss=0.2863]
Fine-tuning Navine AI Video:  65%|######4   | 2274/3500 [08:46<06:33,  3.12it/s, loss=0.2863]
Fine-tuning Navine AI Video:  65%|######4   | 2274/3500 [08:46<06:33,  3.12it/s, loss=0.4116]
Fine-tuning Navine AI Video:  65%|######5   | 2275/3500 [08:46<05:27,  3.74it/s, loss=0.4116]
Fine-tuning Navine AI Video:  65%|######5   | 2275/3500 [08:46<05:27,  3.74it/s, loss=0.5498]
Fine-tuning Navine AI Video:  65%|######5   | 2276/3500 [08:46<04:27,  4.57it/s, loss=0.5498]
Fine-tuning Navine AI Video:  65%|######5   | 2276/3500 [08:46<04:27,  4.57it/s, loss=0.3942]
Fine-tuning Navine AI Video:  65%|######5   | 2277/3500 [08:46<04:02,  5.04it/s, loss=0.3942]
Fine-tuning Navine AI Video:  65%|######5   | 2277/3500 [08:46<04:02,  5.04it/s, loss=0.2992]
Fine-tuning Navine AI Video:  65%|######5   | 2278/3500 [08:47<07:24,  2.75it/s, loss=0.2992]
Fine-tuning Navine AI Video:  65%|######5   | 2278/3500 [08:47<07:24,  2.75it/s, loss=0.3587]
Fine-tuning Navine AI Video:  65%|######5   | 2279/3500 [08:48<08:51,  2.30it/s, loss=0.3587]
Fine-tuning Navine AI Video:  65%|######5   | 2279/3500 [08:48<08:51,  2.30it/s, loss=0.3412]
Fine-tuning Navine AI Video:  65%|######5   | 2280/3500 [08:48<08:24,  2.42it/s, loss=0.3412]
Fine-tuning Navine AI Video:  65%|######5   | 2280/3500 [08:48<08:24,  2.42it/s, loss=0.4450]
Fine-tuning Navine AI Video:  65%|######5   | 2281/3500 [08:48<08:12,  2.48it/s, loss=0.4450]
Fine-tuning Navine AI Video:  65%|######5   | 2281/3500 [08:48<08:12,  2.48it/s, loss=0.3601]
Fine-tuning Navine AI Video:  65%|######5   | 2282/3500 [08:49<08:11,  2.48it/s, loss=0.3554]
Fine-tuning Navine AI Video:  65%|######5   | 2283/3500 [08:49<05:41,  3.57it/s, loss=0.3554]
Fine-tuning Navine AI Video:  65%|######5   | 2283/3500 [08:49<05:41,  3.57it/s, loss=0.4856]
Fine-tuning Navine AI Video:  65%|######5   | 2284/3500 [08:49<04:52,  4.15it/s, loss=0.4856]
Fine-tuning Navine AI Video:  65%|######5   | 2284/3500 [08:49<04:52,  4.15it/s, loss=0.2979]
Fine-tuning Navine AI Video:  65%|######5   | 2285/3500 [08:49<04:08,  4.89it/s, loss=0.2979]
Fine-tuning Navine AI Video:  65%|######5   | 2285/3500 [08:49<04:08,  4.89it/s, loss=0.3826]
Fine-tuning Navine AI Video:  65%|######5   | 2286/3500 [08:49<03:41,  5.49it/s, loss=0.3826]
Fine-tuning Navine AI Video:  65%|######5   | 2286/3500 [08:49<03:41,  5.49it/s, loss=0.3930]
Fine-tuning Navine AI Video:  65%|######5   | 2287/3500 [08:49<03:26,  5.88it/s, loss=0.3930]
Fine-tuning Navine AI Video:  65%|######5   | 2287/3500 [08:49<03:26,  5.88it/s, loss=0.4154]
Fine-tuning Navine AI Video:  65%|######5   | 2288/3500 [08:49<03:10,  6.35it/s, loss=0.4154]
Fine-tuning Navine AI Video:  65%|######5   | 2288/3500 [08:49<03:10,  6.35it/s, loss=0.3123]
Fine-tuning Navine AI Video:  65%|######5   | 2289/3500 [08:49<02:52,  7.04it/s, loss=0.3123]
Fine-tuning Navine AI Video:  65%|######5   | 2289/3500 [08:49<02:52,  7.04it/s, loss=0.3539]
Fine-tuning Navine AI Video:  65%|######5   | 2290/3500 [08:50<02:41,  7.47it/s, loss=0.3539]
Fine-tuning Navine AI Video:  65%|######5   | 2290/3500 [08:50<02:41,  7.47it/s, loss=0.3870]
Fine-tuning Navine AI Video:  65%|######5   | 2291/3500 [08:50<05:25,  3.72it/s, loss=0.3870]
Fine-tuning Navine AI Video:  65%|######5   | 2291/3500 [08:50<05:25,  3.72it/s, loss=0.3810]
Fine-tuning Navine AI Video:  65%|######5   | 2292/3500 [08:50<05:09,  3.90it/s, loss=0.3810]
Fine-tuning Navine AI Video:  65%|######5   | 2292/3500 [08:50<05:09,  3.90it/s, loss=0.3122]
Fine-tuning Navine AI Video:  66%|######5   | 2293/3500 [08:51<07:05,  2.84it/s, loss=0.3122]
Fine-tuning Navine AI Video:  66%|######5   | 2293/3500 [08:51<07:05,  2.84it/s, loss=0.3800]
Fine-tuning Navine AI Video:  66%|######5   | 2294/3500 [08:51<05:41,  3.53it/s, loss=0.3800]
Fine-tuning Navine AI Video:  66%|######5   | 2294/3500 [08:51<05:41,  3.53it/s, loss=0.3101]
Fine-tuning Navine AI Video:  66%|######5   | 2295/3500 [08:51<05:40,  3.53it/s, loss=0.3212]
Fine-tuning Navine AI Video:  66%|######5   | 2296/3500 [08:51<04:05,  4.90it/s, loss=0.3212]
Fine-tuning Navine AI Video:  66%|######5   | 2296/3500 [08:51<04:05,  4.90it/s, loss=0.3791]
Fine-tuning Navine AI Video:  66%|######5   | 2297/3500 [08:51<04:05,  4.90it/s, loss=0.3791]
Fine-tuning Navine AI Video:  66%|######5   | 2297/3500 [08:51<04:05,  4.90it/s, loss=0.1040]
Fine-tuning Navine AI Video:  66%|######5   | 2298/3500 [08:52<04:05,  4.90it/s, loss=0.3709]
Fine-tuning Navine AI Video:  66%|######5   | 2299/3500 [08:52<03:55,  5.10it/s, loss=0.3709]
Fine-tuning Navine AI Video:  66%|######5   | 2299/3500 [08:52<03:55,  5.10it/s, loss=0.1301]
Fine-tuning Navine AI Video:  66%|######5   | 2300/3500 [08:52<03:43,  5.38it/s, loss=0.1301]
Fine-tuning Navine AI Video:  66%|######5   | 2300/3500 [08:52<03:43,  5.38it/s, loss=0.5472]
Fine-tuning Navine AI Video:  66%|######5   | 2301/3500 [08:52<04:20,  4.60it/s, loss=0.5472]
Fine-tuning Navine AI Video:  66%|######5   | 2301/3500 [08:52<04:20,  4.60it/s, loss=0.3712]
Fine-tuning Navine AI Video:  66%|######5   | 2302/3500 [08:52<04:03,  4.92it/s, loss=0.3712]
Fine-tuning Navine AI Video:  66%|######5   | 2302/3500 [08:52<04:03,  4.92it/s, loss=0.3143]
Fine-tuning Navine AI Video:  66%|######5   | 2303/3500 [08:53<03:45,  5.31it/s, loss=0.3143]
Fine-tuning Navine AI Video:  66%|######5   | 2303/3500 [08:53<03:45,  5.31it/s, loss=0.3765]
Fine-tuning Navine AI Video:  66%|######5   | 2304/3500 [08:53<04:13,  4.72it/s, loss=0.3765]
Fine-tuning Navine AI Video:  66%|######5   | 2304/3500 [08:53<04:13,  4.72it/s, loss=0.2899]
Fine-tuning Navine AI Video:  66%|######5   | 2305/3500 [08:53<03:35,  5.55it/s, loss=0.2899]
Fine-tuning Navine AI Video:  66%|######5   | 2305/3500 [08:53<03:35,  5.55it/s, loss=0.3984]
Fine-tuning Navine AI Video:  66%|######5   | 2306/3500 [08:53<03:18,  6.01it/s, loss=0.3984]
Fine-tuning Navine AI Video:  66%|######5   | 2306/3500 [08:53<03:18,  6.01it/s, loss=0.4725]
Fine-tuning Navine AI Video:  66%|######5   | 2307/3500 [08:53<03:03,  6.49it/s, loss=0.4725]
Fine-tuning Navine AI Video:  66%|######5   | 2307/3500 [08:53<03:03,  6.49it/s, loss=0.2005]
Fine-tuning Navine AI Video:  66%|######5   | 2308/3500 [08:53<02:59,  6.65it/s, loss=0.2005]
Fine-tuning Navine AI Video:  66%|######5   | 2308/3500 [08:53<02:59,  6.65it/s, loss=0.1644]
Fine-tuning Navine AI Video:  66%|######5   | 2309/3500 [08:54<02:48,  7.08it/s, loss=0.1644]
Fine-tuning Navine AI Video:  66%|######5   | 2309/3500 [08:54<02:48,  7.08it/s, loss=0.3514]
Fine-tuning Navine AI Video:  66%|######6   | 2310/3500 [08:54<02:52,  6.91it/s, loss=0.3514]
Fine-tuning Navine AI Video:  66%|######6   | 2310/3500 [08:54<02:52,  6.91it/s, loss=0.1743]
Fine-tuning Navine AI Video:  66%|######6   | 2311/3500 [08:54<02:52,  6.91it/s, loss=0.3685]
Fine-tuning Navine AI Video:  66%|######6   | 2312/3500 [08:54<02:31,  7.82it/s, loss=0.3685]
Fine-tuning Navine AI Video:  66%|######6   | 2312/3500 [08:54<02:31,  7.82it/s, loss=0.2991]
Fine-tuning Navine AI Video:  66%|######6   | 2313/3500 [08:54<02:30,  7.90it/s, loss=0.2991]
Fine-tuning Navine AI Video:  66%|######6   | 2313/3500 [08:54<02:30,  7.90it/s, loss=0.3232]
Fine-tuning Navine AI Video:  66%|######6   | 2314/3500 [08:54<02:40,  7.38it/s, loss=0.3232]
Fine-tuning Navine AI Video:  66%|######6   | 2314/3500 [08:54<02:40,  7.38it/s, loss=0.4838]
Fine-tuning Navine AI Video:  66%|######6   | 2315/3500 [08:54<02:43,  7.27it/s, loss=0.4838]
Fine-tuning Navine AI Video:  66%|######6   | 2315/3500 [08:54<02:43,  7.27it/s, loss=0.3027]
Fine-tuning Navine AI Video:  66%|######6   | 2316/3500 [08:54<02:44,  7.21it/s, loss=0.3027]
Fine-tuning Navine AI Video:  66%|######6   | 2316/3500 [08:54<02:44,  7.21it/s, loss=0.2947]
Fine-tuning Navine AI Video:  66%|######6   | 2317/3500 [08:55<03:09,  6.26it/s, loss=0.2947]
Fine-tuning Navine AI Video:  66%|######6   | 2317/3500 [08:55<03:09,  6.26it/s, loss=0.1281]
Fine-tuning Navine AI Video:  66%|######6   | 2318/3500 [08:55<03:35,  5.49it/s, loss=0.1281]
Fine-tuning Navine AI Video:  66%|######6   | 2318/3500 [08:55<03:35,  5.49it/s, loss=0.3584]
Fine-tuning Navine AI Video:  66%|######6   | 2319/3500 [08:55<04:00,  4.92it/s, loss=0.3584]
Fine-tuning Navine AI Video:  66%|######6   | 2319/3500 [08:55<04:00,  4.92it/s, loss=0.1113]
Fine-tuning Navine AI Video:  66%|######6   | 2320/3500 [08:55<03:33,  5.53it/s, loss=0.1113]
Fine-tuning Navine AI Video:  66%|######6   | 2320/3500 [08:55<03:33,  5.53it/s, loss=0.3673]
Fine-tuning Navine AI Video:  66%|######6   | 2321/3500 [08:55<03:14,  6.07it/s, loss=0.3673]
Fine-tuning Navine AI Video:  66%|######6   | 2321/3500 [08:55<03:14,  6.07it/s, loss=0.5875]
Fine-tuning Navine AI Video:  66%|######6   | 2322/3500 [08:56<02:57,  6.62it/s, loss=0.5875]
Fine-tuning Navine AI Video:  66%|######6   | 2322/3500 [08:56<02:57,  6.62it/s, loss=0.3209]
Fine-tuning Navine AI Video:  66%|######6   | 2323/3500 [08:56<02:54,  6.74it/s, loss=0.3209]
Fine-tuning Navine AI Video:  66%|######6   | 2323/3500 [08:56<02:54,  6.74it/s, loss=0.1662]
Fine-tuning Navine AI Video:  66%|######6   | 2324/3500 [08:56<02:58,  6.60it/s, loss=0.1662]
Fine-tuning Navine AI Video:  66%|######6   | 2324/3500 [08:56<02:58,  6.60it/s, loss=0.3152]
Fine-tuning Navine AI Video:  66%|######6   | 2325/3500 [08:56<02:57,  6.62it/s, loss=0.3152]
Fine-tuning Navine AI Video:  66%|######6   | 2325/3500 [08:56<02:57,  6.62it/s, loss=0.3097]
Fine-tuning Navine AI Video:  66%|######6   | 2326/3500 [08:56<02:42,  7.23it/s, loss=0.3097]
Fine-tuning Navine AI Video:  66%|######6   | 2326/3500 [08:56<02:42,  7.23it/s, loss=0.3320]
Fine-tuning Navine AI Video:  66%|######6   | 2327/3500 [08:56<02:30,  7.79it/s, loss=0.3320]
Fine-tuning Navine AI Video:  66%|######6   | 2327/3500 [08:56<02:30,  7.79it/s, loss=0.3668]
Fine-tuning Navine AI Video:  67%|######6   | 2328/3500 [08:56<02:29,  7.85it/s, loss=0.3668]
Fine-tuning Navine AI Video:  67%|######6   | 2328/3500 [08:56<02:29,  7.85it/s, loss=0.2992]
Fine-tuning Navine AI Video:  67%|######6   | 2329/3500 [08:57<03:09,  6.19it/s, loss=0.2992]
Fine-tuning Navine AI Video:  67%|######6   | 2329/3500 [08:57<03:09,  6.19it/s, loss=0.1089]
Fine-tuning Navine AI Video:  67%|######6   | 2330/3500 [08:57<02:59,  6.51it/s, loss=0.1089]
Fine-tuning Navine AI Video:  67%|######6   | 2330/3500 [08:57<02:59,  6.51it/s, loss=0.5512]
Fine-tuning Navine AI Video:  67%|######6   | 2331/3500 [08:57<03:50,  5.08it/s, loss=0.5512]
Fine-tuning Navine AI Video:  67%|######6   | 2331/3500 [08:57<03:50,  5.08it/s, loss=0.3725]
Fine-tuning Navine AI Video:  67%|######6   | 2332/3500 [08:57<03:25,  5.69it/s, loss=0.3725]
Fine-tuning Navine AI Video:  67%|######6   | 2332/3500 [08:57<03:25,  5.69it/s, loss=0.4152]
Fine-tuning Navine AI Video:  67%|######6   | 2333/3500 [08:57<03:10,  6.12it/s, loss=0.4152]
Fine-tuning Navine AI Video:  67%|######6   | 2333/3500 [08:57<03:10,  6.12it/s, loss=0.2878]
Fine-tuning Navine AI Video:  67%|######6   | 2334/3500 [08:57<02:50,  6.83it/s, loss=0.2878]
Fine-tuning Navine AI Video:  67%|######6   | 2334/3500 [08:57<02:50,  6.83it/s, loss=0.4327]
Fine-tuning Navine AI Video:  67%|######6   | 2335/3500 [08:57<02:38,  7.36it/s, loss=0.4327]
Fine-tuning Navine AI Video:  67%|######6   | 2335/3500 [08:57<02:38,  7.36it/s, loss=0.3589]
Fine-tuning Navine AI Video:  67%|######6   | 2336/3500 [08:58<02:33,  7.61it/s, loss=0.3589]
Fine-tuning Navine AI Video:  67%|######6   | 2336/3500 [08:58<02:33,  7.61it/s, loss=0.2165]
Fine-tuning Navine AI Video:  67%|######6   | 2337/3500 [08:58<03:05,  6.28it/s, loss=0.2165]
Fine-tuning Navine AI Video:  67%|######6   | 2337/3500 [08:58<03:05,  6.28it/s, loss=0.1282]
Fine-tuning Navine AI Video:  67%|######6   | 2338/3500 [08:58<03:50,  5.04it/s, loss=0.1282]
Fine-tuning Navine AI Video:  67%|######6   | 2338/3500 [08:58<03:50,  5.04it/s, loss=0.2944]
Fine-tuning Navine AI Video:  67%|######6   | 2339/3500 [08:58<03:19,  5.82it/s, loss=0.2944]
Fine-tuning Navine AI Video:  67%|######6   | 2339/3500 [08:58<03:19,  5.82it/s, loss=0.3602]
Fine-tuning Navine AI Video:  67%|######6   | 2340/3500 [08:58<03:09,  6.11it/s, loss=0.3602]
Fine-tuning Navine AI Video:  67%|######6   | 2340/3500 [08:58<03:09,  6.11it/s, loss=0.2750]
Fine-tuning Navine AI Video:  67%|######6   | 2341/3500 [08:58<02:55,  6.59it/s, loss=0.2750]
Fine-tuning Navine AI Video:  67%|######6   | 2341/3500 [08:58<02:55,  6.59it/s, loss=0.3945]
Fine-tuning Navine AI Video:  67%|######6   | 2342/3500 [08:59<02:46,  6.97it/s, loss=0.3945]
Fine-tuning Navine AI Video:  67%|######6   | 2342/3500 [08:59<02:46,  6.97it/s, loss=0.3235]
Fine-tuning Navine AI Video:  67%|######6   | 2343/3500 [08:59<02:48,  6.87it/s, loss=0.3235]
Fine-tuning Navine AI Video:  67%|######6   | 2343/3500 [08:59<02:48,  6.87it/s, loss=0.3945]
Fine-tuning Navine AI Video:  67%|######6   | 2344/3500 [08:59<02:41,  7.17it/s, loss=0.3945]
Fine-tuning Navine AI Video:  67%|######6   | 2344/3500 [08:59<02:41,  7.17it/s, loss=0.3944]
Fine-tuning Navine AI Video:  67%|######7   | 2345/3500 [08:59<02:39,  7.26it/s, loss=0.3944]
Fine-tuning Navine AI Video:  67%|######7   | 2345/3500 [08:59<02:39,  7.26it/s, loss=0.4042]
Fine-tuning Navine AI Video:  67%|######7   | 2346/3500 [08:59<02:29,  7.70it/s, loss=0.4042]
Fine-tuning Navine AI Video:  67%|######7   | 2346/3500 [08:59<02:29,  7.70it/s, loss=0.3723]
Fine-tuning Navine AI Video:  67%|######7   | 2347/3500 [08:59<02:36,  7.36it/s, loss=0.3723]
Fine-tuning Navine AI Video:  67%|######7   | 2347/3500 [08:59<02:36,  7.36it/s, loss=0.2837]
Fine-tuning Navine AI Video:  67%|######7   | 2348/3500 [08:59<02:31,  7.62it/s, loss=0.2837]
Fine-tuning Navine AI Video:  67%|######7   | 2348/3500 [08:59<02:31,  7.62it/s, loss=0.3369]
Fine-tuning Navine AI Video:  67%|######7   | 2349/3500 [09:00<02:24,  7.98it/s, loss=0.3369]
Fine-tuning Navine AI Video:  67%|######7   | 2349/3500 [09:00<02:24,  7.98it/s, loss=0.4228]
Fine-tuning Navine AI Video:  67%|######7   | 2350/3500 [09:00<03:07,  6.12it/s, loss=0.4228]
Fine-tuning Navine AI Video:  67%|######7   | 2350/3500 [09:00<03:07,  6.12it/s, loss=0.2965]
Fine-tuning Navine AI Video:  67%|######7   | 2351/3500 [09:00<02:55,  6.54it/s, loss=0.2965]
Fine-tuning Navine AI Video:  67%|######7   | 2351/3500 [09:00<02:55,  6.54it/s, loss=0.3281]
Fine-tuning Navine AI Video:  67%|######7   | 2352/3500 [09:01<05:35,  3.42it/s, loss=0.3281]
Fine-tuning Navine AI Video:  67%|######7   | 2352/3500 [09:01<05:35,  3.42it/s, loss=0.3921]
Fine-tuning Navine AI Video:  67%|######7   | 2353/3500 [09:01<05:20,  3.58it/s, loss=0.3921]
Fine-tuning Navine AI Video:  67%|######7   | 2353/3500 [09:01<05:20,  3.58it/s, loss=0.2937]
Fine-tuning Navine AI Video:  67%|######7   | 2354/3500 [09:01<04:43,  4.04it/s, loss=0.2937]
Fine-tuning Navine AI Video:  67%|######7   | 2354/3500 [09:01<04:43,  4.04it/s, loss=0.3362]
Fine-tuning Navine AI Video:  67%|######7   | 2355/3500 [09:01<04:05,  4.66it/s, loss=0.3362]
Fine-tuning Navine AI Video:  67%|######7   | 2355/3500 [09:01<04:05,  4.66it/s, loss=0.2952]
Fine-tuning Navine AI Video:  67%|######7   | 2356/3500 [09:01<03:37,  5.25it/s, loss=0.2952]
Fine-tuning Navine AI Video:  67%|######7   | 2356/3500 [09:01<03:37,  5.25it/s, loss=0.3210]
Fine-tuning Navine AI Video:  67%|######7   | 2357/3500 [09:01<03:17,  5.80it/s, loss=0.3210]
Fine-tuning Navine AI Video:  67%|######7   | 2357/3500 [09:01<03:17,  5.80it/s, loss=0.3693]
Fine-tuning Navine AI Video:  67%|######7   | 2358/3500 [09:01<03:00,  6.33it/s, loss=0.3693]
Fine-tuning Navine AI Video:  67%|######7   | 2358/3500 [09:01<03:00,  6.33it/s, loss=0.4001]
Fine-tuning Navine AI Video:  67%|######7   | 2359/3500 [09:02<02:48,  6.77it/s, loss=0.4001]
Fine-tuning Navine AI Video:  67%|######7   | 2359/3500 [09:02<02:48,  6.77it/s, loss=0.3714]
Fine-tuning Navine AI Video:  67%|######7   | 2360/3500 [09:02<03:47,  5.00it/s, loss=0.3714]
Fine-tuning Navine AI Video:  67%|######7   | 2360/3500 [09:02<03:47,  5.00it/s, loss=0.3852]
Fine-tuning Navine AI Video:  67%|######7   | 2361/3500 [09:02<03:18,  5.74it/s, loss=0.3852]
Fine-tuning Navine AI Video:  67%|######7   | 2361/3500 [09:02<03:18,  5.74it/s, loss=0.3537]
Fine-tuning Navine AI Video:  67%|######7   | 2362/3500 [09:02<04:01,  4.71it/s, loss=0.3537]
Fine-tuning Navine AI Video:  67%|######7   | 2362/3500 [09:02<04:01,  4.71it/s, loss=0.2902]
Fine-tuning Navine AI Video:  68%|######7   | 2363/3500 [09:03<04:48,  3.94it/s, loss=0.2902]
Fine-tuning Navine AI Video:  68%|######7   | 2363/3500 [09:03<04:48,  3.94it/s, loss=0.4351]
Fine-tuning Navine AI Video:  68%|######7   | 2364/3500 [09:03<04:32,  4.18it/s, loss=0.4351]
Fine-tuning Navine AI Video:  68%|######7   | 2364/3500 [09:03<04:32,  4.18it/s, loss=0.1088]
Fine-tuning Navine AI Video:  68%|######7   | 2365/3500 [09:03<04:12,  4.49it/s, loss=0.1088]
Fine-tuning Navine AI Video:  68%|######7   | 2365/3500 [09:03<04:12,  4.49it/s, loss=0.3455]
Fine-tuning Navine AI Video:  68%|######7   | 2366/3500 [09:03<03:38,  5.19it/s, loss=0.3455]
Fine-tuning Navine AI Video:  68%|######7   | 2366/3500 [09:03<03:38,  5.19it/s, loss=0.3681]
Fine-tuning Navine AI Video:  68%|######7   | 2367/3500 [09:03<03:14,  5.83it/s, loss=0.3681]
Fine-tuning Navine AI Video:  68%|######7   | 2367/3500 [09:03<03:14,  5.83it/s, loss=0.3692]
Fine-tuning Navine AI Video:  68%|######7   | 2368/3500 [09:03<03:05,  6.11it/s, loss=0.3692]
Fine-tuning Navine AI Video:  68%|######7   | 2368/3500 [09:03<03:05,  6.11it/s, loss=0.3050]
Fine-tuning Navine AI Video:  68%|######7   | 2369/3500 [09:04<06:24,  2.94it/s, loss=0.3050]
Fine-tuning Navine AI Video:  68%|######7   | 2369/3500 [09:04<06:24,  2.94it/s, loss=0.3736]
Fine-tuning Navine AI Video:  68%|######7   | 2370/3500 [09:05<06:55,  2.72it/s, loss=0.3736]
Fine-tuning Navine AI Video:  68%|######7   | 2370/3500 [09:05<06:55,  2.72it/s, loss=0.3036]
Fine-tuning Navine AI Video:  68%|######7   | 2371/3500 [09:05<05:32,  3.39it/s, loss=0.3036]
Fine-tuning Navine AI Video:  68%|######7   | 2371/3500 [09:05<05:32,  3.39it/s, loss=0.3761]
Fine-tuning Navine AI Video:  68%|######7   | 2372/3500 [09:05<04:42,  3.99it/s, loss=0.3761]
Fine-tuning Navine AI Video:  68%|######7   | 2372/3500 [09:05<04:42,  3.99it/s, loss=0.5442]
Fine-tuning Navine AI Video:  68%|######7   | 2373/3500 [09:05<04:05,  4.59it/s, loss=0.5442]
Fine-tuning Navine AI Video:  68%|######7   | 2373/3500 [09:05<04:05,  4.59it/s, loss=0.1807]
Fine-tuning Navine AI Video:  68%|######7   | 2374/3500 [09:05<03:35,  5.22it/s, loss=0.1807]
Fine-tuning Navine AI Video:  68%|######7   | 2374/3500 [09:05<03:35,  5.22it/s, loss=0.2996]
Fine-tuning Navine AI Video:  68%|######7   | 2375/3500 [09:06<04:24,  4.25it/s, loss=0.2996]
Fine-tuning Navine AI Video:  68%|######7   | 2375/3500 [09:06<04:24,  4.25it/s, loss=0.3824]
Fine-tuning Navine AI Video:  68%|######7   | 2376/3500 [09:06<04:20,  4.31it/s, loss=0.3824]
Fine-tuning Navine AI Video:  68%|######7   | 2376/3500 [09:06<04:20,  4.31it/s, loss=0.3385]
Fine-tuning Navine AI Video:  68%|######7   | 2377/3500 [09:06<04:17,  4.36it/s, loss=0.3385]
Fine-tuning Navine AI Video:  68%|######7   | 2377/3500 [09:06<04:17,  4.36it/s, loss=0.1030]
Fine-tuning Navine AI Video:  68%|######7   | 2378/3500 [09:06<03:52,  4.83it/s, loss=0.1030]
Fine-tuning Navine AI Video:  68%|######7   | 2378/3500 [09:06<03:52,  4.83it/s, loss=0.1852]
Fine-tuning Navine AI Video:  68%|######7   | 2379/3500 [09:06<03:29,  5.35it/s, loss=0.1852]
Fine-tuning Navine AI Video:  68%|######7   | 2379/3500 [09:06<03:29,  5.35it/s, loss=0.4931]
Fine-tuning Navine AI Video:  68%|######8   | 2380/3500 [09:07<04:23,  4.25it/s, loss=0.4931]
Fine-tuning Navine AI Video:  68%|######8   | 2380/3500 [09:07<04:23,  4.25it/s, loss=0.4137]
Fine-tuning Navine AI Video:  68%|######8   | 2381/3500 [09:07<03:47,  4.92it/s, loss=0.4137]
Fine-tuning Navine AI Video:  68%|######8   | 2381/3500 [09:07<03:47,  4.92it/s, loss=0.3532]
Fine-tuning Navine AI Video:  68%|######8   | 2382/3500 [09:07<04:26,  4.19it/s, loss=0.3532]
Fine-tuning Navine AI Video:  68%|######8   | 2382/3500 [09:07<04:26,  4.19it/s, loss=0.3760]
Fine-tuning Navine AI Video:  68%|######8   | 2383/3500 [09:07<03:58,  4.68it/s, loss=0.3760]
Fine-tuning Navine AI Video:  68%|######8   | 2383/3500 [09:07<03:58,  4.68it/s, loss=0.3379]
Fine-tuning Navine AI Video:  68%|######8   | 2384/3500 [09:07<03:22,  5.52it/s, loss=0.3379]
Fine-tuning Navine AI Video:  68%|######8   | 2384/3500 [09:07<03:22,  5.52it/s, loss=0.3841]
Fine-tuning Navine AI Video:  68%|######8   | 2385/3500 [09:08<03:43,  4.98it/s, loss=0.3841]
Fine-tuning Navine AI Video:  68%|######8   | 2385/3500 [09:08<03:43,  4.98it/s, loss=0.4277]
Fine-tuning Navine AI Video:  68%|######8   | 2386/3500 [09:08<05:21,  3.46it/s, loss=0.4277]
Fine-tuning Navine AI Video:  68%|######8   | 2386/3500 [09:08<05:21,  3.46it/s, loss=0.4071]
Fine-tuning Navine AI Video:  68%|######8   | 2387/3500 [09:09<06:38,  2.79it/s, loss=0.4071]
Fine-tuning Navine AI Video:  68%|######8   | 2387/3500 [09:09<06:38,  2.79it/s, loss=0.3728]
Fine-tuning Navine AI Video:  68%|######8   | 2388/3500 [09:09<05:24,  3.42it/s, loss=0.3728]
Fine-tuning Navine AI Video:  68%|######8   | 2388/3500 [09:09<05:24,  3.42it/s, loss=0.6120]
Fine-tuning Navine AI Video:  68%|######8   | 2389/3500 [09:09<04:29,  4.12it/s, loss=0.6120]
Fine-tuning Navine AI Video:  68%|######8   | 2389/3500 [09:09<04:29,  4.12it/s, loss=0.1557]
Fine-tuning Navine AI Video:  68%|######8   | 2390/3500 [09:09<03:50,  4.81it/s, loss=0.1557]
Fine-tuning Navine AI Video:  68%|######8   | 2390/3500 [09:09<03:50,  4.81it/s, loss=0.3973]
Fine-tuning Navine AI Video:  68%|######8   | 2391/3500 [09:09<03:24,  5.43it/s, loss=0.3973]
Fine-tuning Navine AI Video:  68%|######8   | 2391/3500 [09:09<03:24,  5.43it/s, loss=0.3824]
Fine-tuning Navine AI Video:  68%|######8   | 2392/3500 [09:10<07:44,  2.38it/s, loss=0.3824]
Fine-tuning Navine AI Video:  68%|######8   | 2392/3500 [09:10<07:44,  2.38it/s, loss=0.3763]
Fine-tuning Navine AI Video:  68%|######8   | 2393/3500 [09:10<06:03,  3.04it/s, loss=0.3763]
Fine-tuning Navine AI Video:  68%|######8   | 2393/3500 [09:10<06:03,  3.04it/s, loss=0.3108]
Fine-tuning Navine AI Video:  68%|######8   | 2394/3500 [09:10<04:48,  3.84it/s, loss=0.3108]
Fine-tuning Navine AI Video:  68%|######8   | 2394/3500 [09:10<04:48,  3.84it/s, loss=0.3690]
Fine-tuning Navine AI Video:  68%|######8   | 2395/3500 [09:10<04:28,  4.12it/s, loss=0.3690]
Fine-tuning Navine AI Video:  68%|######8   | 2395/3500 [09:10<04:28,  4.12it/s, loss=0.2729]
Fine-tuning Navine AI Video:  68%|######8   | 2396/3500 [09:11<03:43,  4.94it/s, loss=0.2729]
Fine-tuning Navine AI Video:  68%|######8   | 2396/3500 [09:11<03:43,  4.94it/s, loss=0.3598]
Fine-tuning Navine AI Video:  68%|######8   | 2397/3500 [09:11<03:22,  5.45it/s, loss=0.3598]
Fine-tuning Navine AI Video:  68%|######8   | 2397/3500 [09:11<03:22,  5.45it/s, loss=0.6095]
Fine-tuning Navine AI Video:  69%|######8   | 2398/3500 [09:11<03:53,  4.71it/s, loss=0.6095]
Fine-tuning Navine AI Video:  69%|######8   | 2398/3500 [09:11<03:53,  4.71it/s, loss=0.2891]
Fine-tuning Navine AI Video:  69%|######8   | 2399/3500 [09:11<03:17,  5.58it/s, loss=0.2891]
Fine-tuning Navine AI Video:  69%|######8   | 2399/3500 [09:11<03:17,  5.58it/s, loss=0.3737]
Fine-tuning Navine AI Video:  69%|######8   | 2400/3500 [09:11<03:25,  5.34it/s, loss=0.3737]
Fine-tuning Navine AI Video:  69%|######8   | 2400/3500 [09:11<03:25,  5.34it/s, loss=0.1057]
Fine-tuning Navine AI Video:  69%|######8   | 2401/3500 [09:12<03:29,  5.24it/s, loss=0.1057]
Fine-tuning Navine AI Video:  69%|######8   | 2401/3500 [09:12<03:29,  5.24it/s, loss=0.3721]
Fine-tuning Navine AI Video:  69%|######8   | 2402/3500 [09:12<03:05,  5.91it/s, loss=0.3721]
Fine-tuning Navine AI Video:  69%|######8   | 2402/3500 [09:12<03:05,  5.91it/s, loss=0.3838]
Fine-tuning Navine AI Video:  69%|######8   | 2403/3500 [09:12<02:53,  6.31it/s, loss=0.3838]
Fine-tuning Navine AI Video:  69%|######8   | 2403/3500 [09:12<02:53,  6.31it/s, loss=0.3474]
Fine-tuning Navine AI Video:  69%|######8   | 2404/3500 [09:12<04:20,  4.20it/s, loss=0.3474]
Fine-tuning Navine AI Video:  69%|######8   | 2404/3500 [09:12<04:20,  4.20it/s, loss=0.4262]
Fine-tuning Navine AI Video:  69%|######8   | 2405/3500 [09:12<03:42,  4.93it/s, loss=0.4262]
Fine-tuning Navine AI Video:  69%|######8   | 2405/3500 [09:12<03:42,  4.93it/s, loss=0.3208]
Fine-tuning Navine AI Video:  69%|######8   | 2406/3500 [09:12<03:15,  5.59it/s, loss=0.3208]
Fine-tuning Navine AI Video:  69%|######8   | 2406/3500 [09:12<03:15,  5.59it/s, loss=0.2713]
Fine-tuning Navine AI Video:  69%|######8   | 2407/3500 [09:13<03:34,  5.09it/s, loss=0.2713]
Fine-tuning Navine AI Video:  69%|######8   | 2407/3500 [09:13<03:34,  5.09it/s, loss=0.1002]
Fine-tuning Navine AI Video:  69%|######8   | 2408/3500 [09:13<03:12,  5.66it/s, loss=0.1002]
Fine-tuning Navine AI Video:  69%|######8   | 2408/3500 [09:13<03:12,  5.66it/s, loss=0.3987]
Fine-tuning Navine AI Video:  69%|######8   | 2409/3500 [09:13<03:46,  4.81it/s, loss=0.3987]
Fine-tuning Navine AI Video:  69%|######8   | 2409/3500 [09:13<03:46,  4.81it/s, loss=0.1073]
Fine-tuning Navine AI Video:  69%|######8   | 2410/3500 [09:13<03:17,  5.52it/s, loss=0.1073]
Fine-tuning Navine AI Video:  69%|######8   | 2410/3500 [09:13<03:17,  5.52it/s, loss=0.5331]
Fine-tuning Navine AI Video:  69%|######8   | 2411/3500 [09:13<02:52,  6.30it/s, loss=0.5331]
Fine-tuning Navine AI Video:  69%|######8   | 2411/3500 [09:13<02:52,  6.30it/s, loss=0.3860]
Fine-tuning Navine AI Video:  69%|######8   | 2412/3500 [09:14<03:06,  5.84it/s, loss=0.3860]
Fine-tuning Navine AI Video:  69%|######8   | 2412/3500 [09:14<03:06,  5.84it/s, loss=0.1025]
Fine-tuning Navine AI Video:  69%|######8   | 2413/3500 [09:14<05:51,  3.10it/s, loss=0.1025]
Fine-tuning Navine AI Video:  69%|######8   | 2413/3500 [09:14<05:51,  3.10it/s, loss=0.3780]
Fine-tuning Navine AI Video:  69%|######8   | 2414/3500 [09:14<04:54,  3.69it/s, loss=0.3780]
Fine-tuning Navine AI Video:  69%|######8   | 2414/3500 [09:14<04:54,  3.69it/s, loss=0.2836]
Fine-tuning Navine AI Video:  69%|######9   | 2415/3500 [09:14<04:16,  4.24it/s, loss=0.2836]
Fine-tuning Navine AI Video:  69%|######9   | 2415/3500 [09:14<04:16,  4.24it/s, loss=0.3287]
Fine-tuning Navine AI Video:  69%|######9   | 2416/3500 [09:15<04:16,  4.22it/s, loss=0.3287]
Fine-tuning Navine AI Video:  69%|######9   | 2416/3500 [09:15<04:16,  4.22it/s, loss=0.2924]
Fine-tuning Navine AI Video:  69%|######9   | 2417/3500 [09:15<04:12,  4.29it/s, loss=0.2924]
Fine-tuning Navine AI Video:  69%|######9   | 2417/3500 [09:15<04:12,  4.29it/s, loss=0.5254]
Fine-tuning Navine AI Video:  69%|######9   | 2418/3500 [09:15<03:36,  5.00it/s, loss=0.5254]
Fine-tuning Navine AI Video:  69%|######9   | 2418/3500 [09:15<03:36,  5.00it/s, loss=0.3800]
Fine-tuning Navine AI Video:  69%|######9   | 2419/3500 [09:15<03:30,  5.14it/s, loss=0.3800]
Fine-tuning Navine AI Video:  69%|######9   | 2419/3500 [09:15<03:30,  5.14it/s, loss=0.3581]
Fine-tuning Navine AI Video:  69%|######9   | 2420/3500 [09:16<03:54,  4.61it/s, loss=0.3581]
Fine-tuning Navine AI Video:  69%|######9   | 2420/3500 [09:16<03:54,  4.61it/s, loss=0.3596]
Fine-tuning Navine AI Video:  69%|######9   | 2421/3500 [09:16<03:19,  5.41it/s, loss=0.3596]
Fine-tuning Navine AI Video:  69%|######9   | 2421/3500 [09:16<03:19,  5.41it/s, loss=0.3444]
Fine-tuning Navine AI Video:  69%|######9   | 2422/3500 [09:16<02:59,  6.02it/s, loss=0.3444]
Fine-tuning Navine AI Video:  69%|######9   | 2422/3500 [09:16<02:59,  6.02it/s, loss=0.4048]
Fine-tuning Navine AI Video:  69%|######9   | 2423/3500 [09:16<04:03,  4.42it/s, loss=0.4048]
Fine-tuning Navine AI Video:  69%|######9   | 2423/3500 [09:16<04:03,  4.42it/s, loss=0.3458]
Fine-tuning Navine AI Video:  69%|######9   | 2424/3500 [09:16<04:31,  3.96it/s, loss=0.3458]
Fine-tuning Navine AI Video:  69%|######9   | 2424/3500 [09:16<04:31,  3.96it/s, loss=0.3706]
Fine-tuning Navine AI Video:  69%|######9   | 2425/3500 [09:17<03:54,  4.59it/s, loss=0.3706]
Fine-tuning Navine AI Video:  69%|######9   | 2425/3500 [09:17<03:54,  4.59it/s, loss=0.2219]
Fine-tuning Navine AI Video:  69%|######9   | 2426/3500 [09:17<03:27,  5.17it/s, loss=0.2219]
Fine-tuning Navine AI Video:  69%|######9   | 2426/3500 [09:17<03:27,  5.17it/s, loss=0.5801]
Fine-tuning Navine AI Video:  69%|######9   | 2427/3500 [09:17<03:43,  4.81it/s, loss=0.5801]
Fine-tuning Navine AI Video:  69%|######9   | 2427/3500 [09:17<03:43,  4.81it/s, loss=0.4263]
Fine-tuning Navine AI Video:  69%|######9   | 2428/3500 [09:17<03:15,  5.49it/s, loss=0.4263]
Fine-tuning Navine AI Video:  69%|######9   | 2428/3500 [09:17<03:15,  5.49it/s, loss=0.3765]
Fine-tuning Navine AI Video:  69%|######9   | 2429/3500 [09:17<02:50,  6.27it/s, loss=0.3765]
Fine-tuning Navine AI Video:  69%|######9   | 2429/3500 [09:17<02:50,  6.27it/s, loss=0.3729]
Fine-tuning Navine AI Video:  69%|######9   | 2430/3500 [09:17<02:32,  7.01it/s, loss=0.3729]
Fine-tuning Navine AI Video:  69%|######9   | 2430/3500 [09:17<02:32,  7.01it/s, loss=0.3675]
Fine-tuning Navine AI Video:  69%|######9   | 2431/3500 [09:18<03:00,  5.91it/s, loss=0.3675]
Fine-tuning Navine AI Video:  69%|######9   | 2431/3500 [09:18<03:00,  5.91it/s, loss=0.3538]
Fine-tuning Navine AI Video:  69%|######9   | 2432/3500 [09:18<02:53,  6.16it/s, loss=0.3538]
Fine-tuning Navine AI Video:  69%|######9   | 2432/3500 [09:18<02:53,  6.16it/s, loss=0.5290]
Fine-tuning Navine AI Video:  70%|######9   | 2433/3500 [09:18<03:33,  5.00it/s, loss=0.5290]
Fine-tuning Navine AI Video:  70%|######9   | 2433/3500 [09:18<03:33,  5.00it/s, loss=0.2891]
Fine-tuning Navine AI Video:  70%|######9   | 2434/3500 [09:18<03:14,  5.49it/s, loss=0.2891]
Fine-tuning Navine AI Video:  70%|######9   | 2434/3500 [09:18<03:14,  5.49it/s, loss=0.5262]
Fine-tuning Navine AI Video:  70%|######9   | 2435/3500 [09:18<02:54,  6.10it/s, loss=0.5262]
Fine-tuning Navine AI Video:  70%|######9   | 2435/3500 [09:18<02:54,  6.10it/s, loss=0.3584]
Fine-tuning Navine AI Video:  70%|######9   | 2436/3500 [09:18<02:42,  6.54it/s, loss=0.3584]
Fine-tuning Navine AI Video:  70%|######9   | 2436/3500 [09:18<02:42,  6.54it/s, loss=0.3386]
Fine-tuning Navine AI Video:  70%|######9   | 2437/3500 [09:18<02:32,  6.97it/s, loss=0.3386]
Fine-tuning Navine AI Video:  70%|######9   | 2437/3500 [09:18<02:32,  6.97it/s, loss=0.3627]
Fine-tuning Navine AI Video:  70%|######9   | 2438/3500 [09:19<03:15,  5.44it/s, loss=0.3627]
Fine-tuning Navine AI Video:  70%|######9   | 2438/3500 [09:19<03:15,  5.44it/s, loss=0.3573]
Fine-tuning Navine AI Video:  70%|######9   | 2439/3500 [09:19<03:33,  4.96it/s, loss=0.3573]
Fine-tuning Navine AI Video:  70%|######9   | 2439/3500 [09:19<03:33,  4.96it/s, loss=0.4281]
Fine-tuning Navine AI Video:  70%|######9   | 2440/3500 [09:19<03:16,  5.39it/s, loss=0.4281]
Fine-tuning Navine AI Video:  70%|######9   | 2440/3500 [09:19<03:16,  5.39it/s, loss=0.4264]
Fine-tuning Navine AI Video:  70%|######9   | 2441/3500 [09:19<03:24,  5.17it/s, loss=0.4264]
Fine-tuning Navine AI Video:  70%|######9   | 2441/3500 [09:19<03:24,  5.17it/s, loss=0.3512]
Fine-tuning Navine AI Video:  70%|######9   | 2442/3500 [09:20<04:21,  4.05it/s, loss=0.3512]
Fine-tuning Navine AI Video:  70%|######9   | 2442/3500 [09:20<04:21,  4.05it/s, loss=0.3841]
Fine-tuning Navine AI Video:  70%|######9   | 2443/3500 [09:21<07:10,  2.46it/s, loss=0.3841]
Fine-tuning Navine AI Video:  70%|######9   | 2443/3500 [09:21<07:10,  2.46it/s, loss=0.4123]
Fine-tuning Navine AI Video:  70%|######9   | 2444/3500 [09:21<05:40,  3.11it/s, loss=0.4123]
Fine-tuning Navine AI Video:  70%|######9   | 2444/3500 [09:21<05:40,  3.11it/s, loss=0.3889]
Fine-tuning Navine AI Video:  70%|######9   | 2445/3500 [09:21<04:57,  3.54it/s, loss=0.3889]
Fine-tuning Navine AI Video:  70%|######9   | 2445/3500 [09:21<04:57,  3.54it/s, loss=0.4269]
Fine-tuning Navine AI Video:  70%|######9   | 2446/3500 [09:21<04:12,  4.18it/s, loss=0.4269]
Fine-tuning Navine AI Video:  70%|######9   | 2446/3500 [09:21<04:12,  4.18it/s, loss=0.3585]
Fine-tuning Navine AI Video:  70%|######9   | 2447/3500 [09:21<04:08,  4.24it/s, loss=0.3585]
Fine-tuning Navine AI Video:  70%|######9   | 2447/3500 [09:21<04:08,  4.24it/s, loss=0.1044]
Fine-tuning Navine AI Video:  70%|######9   | 2448/3500 [09:21<04:08,  4.24it/s, loss=0.3890]
Fine-tuning Navine AI Video:  70%|######9   | 2449/3500 [09:22<04:04,  4.29it/s, loss=0.3890]
Fine-tuning Navine AI Video:  70%|######9   | 2449/3500 [09:22<04:04,  4.29it/s, loss=0.3808]
Fine-tuning Navine AI Video:  70%|#######   | 2450/3500 [09:22<03:32,  4.94it/s, loss=0.3808]
Fine-tuning Navine AI Video:  70%|#######   | 2450/3500 [09:22<03:32,  4.94it/s, loss=0.3646]
Fine-tuning Navine AI Video:  70%|#######   | 2451/3500 [09:23<06:11,  2.82it/s, loss=0.3646]
Fine-tuning Navine AI Video:  70%|#######   | 2451/3500 [09:23<06:11,  2.82it/s, loss=0.4264]
Fine-tuning Navine AI Video:  70%|#######   | 2452/3500 [09:23<05:02,  3.47it/s, loss=0.4264]
Fine-tuning Navine AI Video:  70%|#######   | 2452/3500 [09:23<05:02,  3.47it/s, loss=0.3817]
Fine-tuning Navine AI Video:  70%|#######   | 2453/3500 [09:23<04:14,  4.12it/s, loss=0.3817]
Fine-tuning Navine AI Video:  70%|#######   | 2453/3500 [09:23<04:14,  4.12it/s, loss=0.1813]
Fine-tuning Navine AI Video:  70%|#######   | 2454/3500 [09:23<04:28,  3.89it/s, loss=0.1813]
Fine-tuning Navine AI Video:  70%|#######   | 2454/3500 [09:23<04:28,  3.89it/s, loss=0.1071]
Fine-tuning Navine AI Video:  70%|#######   | 2455/3500 [09:24<06:04,  2.87it/s, loss=0.1071]
Fine-tuning Navine AI Video:  70%|#######   | 2455/3500 [09:24<06:04,  2.87it/s, loss=0.3900]
Fine-tuning Navine AI Video:  70%|#######   | 2456/3500 [09:24<04:49,  3.61it/s, loss=0.3900]
Fine-tuning Navine AI Video:  70%|#######   | 2456/3500 [09:24<04:49,  3.61it/s, loss=0.3766]
Fine-tuning Navine AI Video:  70%|#######   | 2457/3500 [09:24<04:21,  3.98it/s, loss=0.3766]
Fine-tuning Navine AI Video:  70%|#######   | 2457/3500 [09:24<04:21,  3.98it/s, loss=0.3011]
Fine-tuning Navine AI Video:  70%|#######   | 2458/3500 [09:24<04:10,  4.16it/s, loss=0.3011]
Fine-tuning Navine AI Video:  70%|#######   | 2458/3500 [09:24<04:10,  4.16it/s, loss=0.4440]
Fine-tuning Navine AI Video:  70%|#######   | 2459/3500 [09:24<03:43,  4.67it/s, loss=0.4440]
Fine-tuning Navine AI Video:  70%|#######   | 2459/3500 [09:24<03:43,  4.67it/s, loss=0.3312]
Fine-tuning Navine AI Video:  70%|#######   | 2460/3500 [09:24<03:10,  5.47it/s, loss=0.3312]
Fine-tuning Navine AI Video:  70%|#######   | 2460/3500 [09:24<03:10,  5.47it/s, loss=0.3686]
Fine-tuning Navine AI Video:  70%|#######   | 2461/3500 [09:25<02:57,  5.87it/s, loss=0.3686]
Fine-tuning Navine AI Video:  70%|#######   | 2461/3500 [09:25<02:57,  5.87it/s, loss=0.2701]
Fine-tuning Navine AI Video:  70%|#######   | 2462/3500 [09:25<02:40,  6.46it/s, loss=0.2701]
Fine-tuning Navine AI Video:  70%|#######   | 2462/3500 [09:25<02:40,  6.46it/s, loss=0.3828]
Fine-tuning Navine AI Video:  70%|#######   | 2463/3500 [09:25<03:10,  5.44it/s, loss=0.3828]
Fine-tuning Navine AI Video:  70%|#######   | 2463/3500 [09:25<03:10,  5.44it/s, loss=0.3608]
Fine-tuning Navine AI Video:  70%|#######   | 2464/3500 [09:26<07:30,  2.30it/s, loss=0.3608]
Fine-tuning Navine AI Video:  70%|#######   | 2464/3500 [09:26<07:30,  2.30it/s, loss=0.3640]
Fine-tuning Navine AI Video:  70%|#######   | 2465/3500 [09:26<05:52,  2.93it/s, loss=0.3640]
Fine-tuning Navine AI Video:  70%|#######   | 2465/3500 [09:26<05:52,  2.93it/s, loss=0.4267]
Fine-tuning Navine AI Video:  70%|#######   | 2466/3500 [09:26<04:40,  3.69it/s, loss=0.4267]
Fine-tuning Navine AI Video:  70%|#######   | 2466/3500 [09:26<04:40,  3.69it/s, loss=0.3605]
Fine-tuning Navine AI Video:  70%|#######   | 2467/3500 [09:26<03:54,  4.41it/s, loss=0.3605]
Fine-tuning Navine AI Video:  70%|#######   | 2467/3500 [09:26<03:54,  4.41it/s, loss=0.5380]
Fine-tuning Navine AI Video:  71%|#######   | 2468/3500 [09:26<03:16,  5.25it/s, loss=0.5380]
Fine-tuning Navine AI Video:  71%|#######   | 2468/3500 [09:26<03:16,  5.25it/s, loss=0.3735]
Fine-tuning Navine AI Video:  71%|#######   | 2469/3500 [09:27<02:56,  5.86it/s, loss=0.3735]
Fine-tuning Navine AI Video:  71%|#######   | 2469/3500 [09:27<02:56,  5.86it/s, loss=0.3679]
Fine-tuning Navine AI Video:  71%|#######   | 2470/3500 [09:27<02:35,  6.61it/s, loss=0.3679]
Fine-tuning Navine AI Video:  71%|#######   | 2470/3500 [09:27<02:35,  6.61it/s, loss=0.3592]
Fine-tuning Navine AI Video:  71%|#######   | 2471/3500 [09:27<02:55,  5.85it/s, loss=0.3592]
Fine-tuning Navine AI Video:  71%|#######   | 2471/3500 [09:27<02:55,  5.85it/s, loss=0.2513]
Fine-tuning Navine AI Video:  71%|#######   | 2472/3500 [09:27<02:34,  6.65it/s, loss=0.2513]
Fine-tuning Navine AI Video:  71%|#######   | 2472/3500 [09:27<02:34,  6.65it/s, loss=0.4293]
Fine-tuning Navine AI Video:  71%|#######   | 2473/3500 [09:27<02:59,  5.73it/s, loss=0.4293]
Fine-tuning Navine AI Video:  71%|#######   | 2473/3500 [09:27<02:59,  5.73it/s, loss=0.0988]
Fine-tuning Navine AI Video:  71%|#######   | 2474/3500 [09:27<02:51,  5.99it/s, loss=0.0988]
Fine-tuning Navine AI Video:  71%|#######   | 2474/3500 [09:27<02:51,  5.99it/s, loss=0.5832]
Fine-tuning Navine AI Video:  71%|#######   | 2475/3500 [09:28<04:09,  4.11it/s, loss=0.5832]
Fine-tuning Navine AI Video:  71%|#######   | 2475/3500 [09:28<04:09,  4.11it/s, loss=0.3938]
Fine-tuning Navine AI Video:  71%|#######   | 2476/3500 [09:28<05:47,  2.95it/s, loss=0.3938]
Fine-tuning Navine AI Video:  71%|#######   | 2476/3500 [09:28<05:47,  2.95it/s, loss=0.3744]
Fine-tuning Navine AI Video:  71%|#######   | 2477/3500 [09:28<04:40,  3.65it/s, loss=0.3744]
Fine-tuning Navine AI Video:  71%|#######   | 2477/3500 [09:28<04:40,  3.65it/s, loss=0.3578]
Fine-tuning Navine AI Video:  71%|#######   | 2478/3500 [09:29<04:03,  4.20it/s, loss=0.3578]
Fine-tuning Navine AI Video:  71%|#######   | 2478/3500 [09:29<04:03,  4.20it/s, loss=0.3519]
Fine-tuning Navine AI Video:  71%|#######   | 2479/3500 [09:29<03:29,  4.88it/s, loss=0.3519]
Fine-tuning Navine AI Video:  71%|#######   | 2479/3500 [09:29<03:29,  4.88it/s, loss=0.3783]
Fine-tuning Navine AI Video:  71%|#######   | 2480/3500 [09:29<03:09,  5.37it/s, loss=0.3783]
Fine-tuning Navine AI Video:  71%|#######   | 2480/3500 [09:29<03:09,  5.37it/s, loss=0.2746]
Fine-tuning Navine AI Video:  71%|#######   | 2481/3500 [09:29<02:51,  5.94it/s, loss=0.2746]
Fine-tuning Navine AI Video:  71%|#######   | 2481/3500 [09:29<02:51,  5.94it/s, loss=0.4113]
Fine-tuning Navine AI Video:  71%|#######   | 2482/3500 [09:29<02:40,  6.34it/s, loss=0.4113]
Fine-tuning Navine AI Video:  71%|#######   | 2482/3500 [09:29<02:40,  6.34it/s, loss=0.3230]
Fine-tuning Navine AI Video:  71%|#######   | 2483/3500 [09:29<02:31,  6.73it/s, loss=0.3230]
Fine-tuning Navine AI Video:  71%|#######   | 2483/3500 [09:29<02:31,  6.73it/s, loss=0.3143]
Fine-tuning Navine AI Video:  71%|#######   | 2484/3500 [09:29<03:01,  5.60it/s, loss=0.3143]
Fine-tuning Navine AI Video:  71%|#######   | 2484/3500 [09:29<03:01,  5.60it/s, loss=0.4172]
Fine-tuning Navine AI Video:  71%|#######1  | 2485/3500 [09:30<02:48,  6.02it/s, loss=0.4172]
Fine-tuning Navine AI Video:  71%|#######1  | 2485/3500 [09:30<02:48,  6.02it/s, loss=0.3754]
Fine-tuning Navine AI Video:  71%|#######1  | 2486/3500 [09:30<02:42,  6.23it/s, loss=0.3754]
Fine-tuning Navine AI Video:  71%|#######1  | 2486/3500 [09:30<02:42,  6.23it/s, loss=0.1903]
Fine-tuning Navine AI Video:  71%|#######1  | 2487/3500 [09:30<03:25,  4.93it/s, loss=0.1903]
Fine-tuning Navine AI Video:  71%|#######1  | 2487/3500 [09:30<03:25,  4.93it/s, loss=0.3659]
Fine-tuning Navine AI Video:  71%|#######1  | 2488/3500 [09:30<03:06,  5.41it/s, loss=0.3659]
Fine-tuning Navine AI Video:  71%|#######1  | 2488/3500 [09:30<03:06,  5.41it/s, loss=0.2802]
Fine-tuning Navine AI Video:  71%|#######1  | 2489/3500 [09:30<02:50,  5.94it/s, loss=0.2802]
Fine-tuning Navine AI Video:  71%|#######1  | 2489/3500 [09:30<02:50,  5.94it/s, loss=0.3668]
Fine-tuning Navine AI Video:  71%|#######1  | 2490/3500 [09:30<02:37,  6.43it/s, loss=0.3668]
Fine-tuning Navine AI Video:  71%|#######1  | 2490/3500 [09:30<02:37,  6.43it/s, loss=0.3907]
Fine-tuning Navine AI Video:  71%|#######1  | 2491/3500 [09:31<02:27,  6.84it/s, loss=0.3907]
Fine-tuning Navine AI Video:  71%|#######1  | 2491/3500 [09:31<02:27,  6.84it/s, loss=0.3482]
Fine-tuning Navine AI Video:  71%|#######1  | 2492/3500 [09:31<02:20,  7.16it/s, loss=0.3482]
Fine-tuning Navine AI Video:  71%|#######1  | 2492/3500 [09:31<02:20,  7.16it/s, loss=0.3543]
Fine-tuning Navine AI Video:  71%|#######1  | 2493/3500 [09:31<02:17,  7.32it/s, loss=0.3543]
Fine-tuning Navine AI Video:  71%|#######1  | 2493/3500 [09:31<02:17,  7.32it/s, loss=0.3221]
Fine-tuning Navine AI Video:  71%|#######1  | 2494/3500 [09:31<02:08,  7.83it/s, loss=0.3221]
Fine-tuning Navine AI Video:  71%|#######1  | 2494/3500 [09:31<02:08,  7.83it/s, loss=0.3747]
Fine-tuning Navine AI Video:  71%|#######1  | 2495/3500 [09:32<07:42,  2.17it/s, loss=0.3747]
Fine-tuning Navine AI Video:  71%|#######1  | 2495/3500 [09:32<07:42,  2.17it/s, loss=0.4221]
Fine-tuning Navine AI Video:  71%|#######1  | 2496/3500 [09:32<06:03,  2.76it/s, loss=0.4221]
Fine-tuning Navine AI Video:  71%|#######1  | 2496/3500 [09:32<06:03,  2.76it/s, loss=0.3589]
Fine-tuning Navine AI Video:  71%|#######1  | 2497/3500 [09:32<04:48,  3.48it/s, loss=0.3589]
Fine-tuning Navine AI Video:  71%|#######1  | 2497/3500 [09:32<04:48,  3.48it/s, loss=0.5098]
Fine-tuning Navine AI Video:  71%|#######1  | 2498/3500 [09:33<04:43,  3.54it/s, loss=0.5098]
Fine-tuning Navine AI Video:  71%|#######1  | 2498/3500 [09:33<04:43,  3.54it/s, loss=0.1260]
Fine-tuning Navine AI Video:  71%|#######1  | 2499/3500 [09:33<04:07,  4.04it/s, loss=0.1260]
Fine-tuning Navine AI Video:  71%|#######1  | 2499/3500 [09:33<04:07,  4.04it/s, loss=0.2887]
Fine-tuning Navine AI Video:  71%|#######1  | 2500/3500 [09:33<04:04,  4.10it/s, loss=0.2887]
Fine-tuning Navine AI Video:  71%|#######1  | 2500/3500 [09:33<04:04,  4.10it/s, loss=0.2932]
Fine-tuning Navine AI Video:  71%|#######1  | 2501/3500 [09:34<09:05,  1.83it/s, loss=0.2932]
Fine-tuning Navine AI Video:  71%|#######1  | 2501/3500 [09:34<09:05,  1.83it/s, loss=0.4228]
Fine-tuning Navine AI Video:  71%|#######1  | 2502/3500 [09:35<07:22,  2.26it/s, loss=0.4228]
Fine-tuning Navine AI Video:  71%|#######1  | 2502/3500 [09:35<07:22,  2.26it/s, loss=0.3319]
Fine-tuning Navine AI Video:  72%|#######1  | 2503/3500 [09:35<05:45,  2.89it/s, loss=0.3319]
Fine-tuning Navine AI Video:  72%|#######1  | 2503/3500 [09:35<05:45,  2.89it/s, loss=0.3953]
Fine-tuning Navine AI Video:  72%|#######1  | 2504/3500 [09:35<05:19,  3.12it/s, loss=0.3953]
Fine-tuning Navine AI Video:  72%|#######1  | 2504/3500 [09:35<05:19,  3.12it/s, loss=0.3629]
Fine-tuning Navine AI Video:  72%|#######1  | 2505/3500 [09:35<04:14,  3.91it/s, loss=0.3629]
Fine-tuning Navine AI Video:  72%|#######1  | 2505/3500 [09:35<04:14,  3.91it/s, loss=0.3872]
Fine-tuning Navine AI Video:  72%|#######1  | 2506/3500 [09:35<04:10,  3.96it/s, loss=0.3872]
Fine-tuning Navine AI Video:  72%|#######1  | 2506/3500 [09:35<04:10,  3.96it/s, loss=0.3273]
Fine-tuning Navine AI Video:  72%|#######1  | 2507/3500 [09:36<04:15,  3.89it/s, loss=0.3273]
Fine-tuning Navine AI Video:  72%|#######1  | 2507/3500 [09:36<04:15,  3.89it/s, loss=0.1032]
Fine-tuning Navine AI Video:  72%|#######1  | 2508/3500 [09:36<03:34,  4.62it/s, loss=0.1032]
Fine-tuning Navine AI Video:  72%|#######1  | 2508/3500 [09:36<03:34,  4.62it/s, loss=0.3865]
Fine-tuning Navine AI Video:  72%|#######1  | 2509/3500 [09:36<03:08,  5.25it/s, loss=0.3865]
Fine-tuning Navine AI Video:  72%|#######1  | 2509/3500 [09:36<03:08,  5.25it/s, loss=0.1706]
Fine-tuning Navine AI Video:  72%|#######1  | 2510/3500 [09:36<03:20,  4.94it/s, loss=0.1706]
Fine-tuning Navine AI Video:  72%|#######1  | 2510/3500 [09:36<03:20,  4.94it/s, loss=0.2879]
Fine-tuning Navine AI Video:  72%|#######1  | 2511/3500 [09:36<02:55,  5.64it/s, loss=0.2879]
Fine-tuning Navine AI Video:  72%|#######1  | 2511/3500 [09:36<02:55,  5.64it/s, loss=0.3251]
Fine-tuning Navine AI Video:  72%|#######1  | 2512/3500 [09:36<02:55,  5.64it/s, loss=0.3616]
Fine-tuning Navine AI Video:  72%|#######1  | 2513/3500 [09:37<04:54,  3.35it/s, loss=0.3616]
Fine-tuning Navine AI Video:  72%|#######1  | 2513/3500 [09:37<04:54,  3.35it/s, loss=0.4105]
Fine-tuning Navine AI Video:  72%|#######1  | 2514/3500 [09:37<04:33,  3.60it/s, loss=0.4105]
Fine-tuning Navine AI Video:  72%|#######1  | 2514/3500 [09:37<04:33,  3.60it/s, loss=0.1018]
Fine-tuning Navine AI Video:  72%|#######1  | 2515/3500 [09:37<03:51,  4.26it/s, loss=0.1018]
Fine-tuning Navine AI Video:  72%|#######1  | 2515/3500 [09:37<03:51,  4.26it/s, loss=0.4435]
Fine-tuning Navine AI Video:  72%|#######1  | 2516/3500 [09:38<03:21,  4.88it/s, loss=0.4435]
Fine-tuning Navine AI Video:  72%|#######1  | 2516/3500 [09:38<03:21,  4.88it/s, loss=0.3122]
Fine-tuning Navine AI Video:  72%|#######1  | 2517/3500 [09:38<02:57,  5.52it/s, loss=0.3122]
Fine-tuning Navine AI Video:  72%|#######1  | 2517/3500 [09:38<02:57,  5.52it/s, loss=0.3983]
Fine-tuning Navine AI Video:  72%|#######1  | 2518/3500 [09:38<02:48,  5.82it/s, loss=0.3983]
Fine-tuning Navine AI Video:  72%|#######1  | 2518/3500 [09:38<02:48,  5.82it/s, loss=0.4252]
Fine-tuning Navine AI Video:  72%|#######1  | 2519/3500 [09:38<03:06,  5.26it/s, loss=0.4252]
Fine-tuning Navine AI Video:  72%|#######1  | 2519/3500 [09:38<03:06,  5.26it/s, loss=0.0997]
Fine-tuning Navine AI Video:  72%|#######2  | 2520/3500 [09:38<02:52,  5.69it/s, loss=0.0997]
Fine-tuning Navine AI Video:  72%|#######2  | 2520/3500 [09:38<02:52,  5.69it/s, loss=0.3961]
Fine-tuning Navine AI Video:  72%|#######2  | 2521/3500 [09:38<02:52,  5.69it/s, loss=0.3513]
Fine-tuning Navine AI Video:  72%|#######2  | 2522/3500 [09:38<02:20,  6.97it/s, loss=0.3513]
Fine-tuning Navine AI Video:  72%|#######2  | 2522/3500 [09:38<02:20,  6.97it/s, loss=0.3330]
Fine-tuning Navine AI Video:  72%|#######2  | 2523/3500 [09:38<02:20,  6.97it/s, loss=0.3734]
Fine-tuning Navine AI Video:  72%|#######2  | 2524/3500 [09:39<02:11,  7.41it/s, loss=0.3734]
Fine-tuning Navine AI Video:  72%|#######2  | 2524/3500 [09:39<02:11,  7.41it/s, loss=0.1960]
Fine-tuning Navine AI Video:  72%|#######2  | 2525/3500 [09:39<02:33,  6.33it/s, loss=0.1960]
Fine-tuning Navine AI Video:  72%|#######2  | 2525/3500 [09:39<02:33,  6.33it/s, loss=0.2877]
Fine-tuning Navine AI Video:  72%|#######2  | 2526/3500 [09:39<02:25,  6.69it/s, loss=0.2877]
Fine-tuning Navine AI Video:  72%|#######2  | 2526/3500 [09:39<02:25,  6.69it/s, loss=0.3661]
Fine-tuning Navine AI Video:  72%|#######2  | 2527/3500 [09:39<02:45,  5.89it/s, loss=0.3661]
Fine-tuning Navine AI Video:  72%|#######2  | 2527/3500 [09:39<02:45,  5.89it/s, loss=0.1069]
Fine-tuning Navine AI Video:  72%|#######2  | 2528/3500 [09:39<02:32,  6.36it/s, loss=0.1069]
Fine-tuning Navine AI Video:  72%|#######2  | 2528/3500 [09:39<02:32,  6.36it/s, loss=0.5353]
Fine-tuning Navine AI Video:  72%|#######2  | 2529/3500 [09:40<06:59,  2.31it/s, loss=0.5353]
Fine-tuning Navine AI Video:  72%|#######2  | 2529/3500 [09:40<06:59,  2.31it/s, loss=0.4187]
Fine-tuning Navine AI Video:  72%|#######2  | 2530/3500 [09:41<06:17,  2.57it/s, loss=0.4187]
Fine-tuning Navine AI Video:  72%|#######2  | 2530/3500 [09:41<06:17,  2.57it/s, loss=0.1292]
Fine-tuning Navine AI Video:  72%|#######2  | 2531/3500 [09:42<08:31,  1.90it/s, loss=0.1292]
Fine-tuning Navine AI Video:  72%|#######2  | 2531/3500 [09:42<08:31,  1.90it/s, loss=0.4349]
Fine-tuning Navine AI Video:  72%|#######2  | 2532/3500 [09:42<07:07,  2.27it/s, loss=0.4349]
Fine-tuning Navine AI Video:  72%|#######2  | 2532/3500 [09:42<07:07,  2.27it/s, loss=0.1051]
Fine-tuning Navine AI Video:  72%|#######2  | 2533/3500 [09:42<05:37,  2.87it/s, loss=0.1051]
Fine-tuning Navine AI Video:  72%|#######2  | 2533/3500 [09:42<05:37,  2.87it/s, loss=0.3813]
Fine-tuning Navine AI Video:  72%|#######2  | 2534/3500 [09:42<05:16,  3.05it/s, loss=0.3813]
Fine-tuning Navine AI Video:  72%|#######2  | 2534/3500 [09:42<05:16,  3.05it/s, loss=0.3839]
Fine-tuning Navine AI Video:  72%|#######2  | 2535/3500 [09:42<04:22,  3.67it/s, loss=0.3839]
Fine-tuning Navine AI Video:  72%|#######2  | 2535/3500 [09:42<04:22,  3.67it/s, loss=0.2563]
Fine-tuning Navine AI Video:  72%|#######2  | 2536/3500 [09:43<04:07,  3.90it/s, loss=0.2563]
Fine-tuning Navine AI Video:  72%|#######2  | 2536/3500 [09:43<04:07,  3.90it/s, loss=0.3065]
Fine-tuning Navine AI Video:  72%|#######2  | 2537/3500 [09:43<03:30,  4.57it/s, loss=0.3065]
Fine-tuning Navine AI Video:  72%|#######2  | 2537/3500 [09:43<03:30,  4.57it/s, loss=0.2821]
Fine-tuning Navine AI Video:  73%|#######2  | 2538/3500 [09:43<03:04,  5.22it/s, loss=0.2821]
Fine-tuning Navine AI Video:  73%|#######2  | 2538/3500 [09:43<03:04,  5.22it/s, loss=0.3554]
Fine-tuning Navine AI Video:  73%|#######2  | 2539/3500 [09:43<03:22,  4.75it/s, loss=0.3554]
Fine-tuning Navine AI Video:  73%|#######2  | 2539/3500 [09:43<03:22,  4.75it/s, loss=0.0983]
Fine-tuning Navine AI Video:  73%|#######2  | 2540/3500 [09:43<02:56,  5.42it/s, loss=0.0983]
Fine-tuning Navine AI Video:  73%|#######2  | 2540/3500 [09:43<02:56,  5.42it/s, loss=0.3843]
Fine-tuning Navine AI Video:  73%|#######2  | 2541/3500 [09:43<02:40,  5.99it/s, loss=0.3843]
Fine-tuning Navine AI Video:  73%|#######2  | 2541/3500 [09:43<02:40,  5.99it/s, loss=0.3837]
Fine-tuning Navine AI Video:  73%|#######2  | 2542/3500 [09:44<03:19,  4.81it/s, loss=0.3837]
Fine-tuning Navine AI Video:  73%|#######2  | 2542/3500 [09:44<03:19,  4.81it/s, loss=0.3931]
Fine-tuning Navine AI Video:  73%|#######2  | 2543/3500 [09:44<03:30,  4.54it/s, loss=0.3931]
Fine-tuning Navine AI Video:  73%|#######2  | 2543/3500 [09:44<03:30,  4.54it/s, loss=0.3335]
Fine-tuning Navine AI Video:  73%|#######2  | 2544/3500 [09:44<04:14,  3.76it/s, loss=0.3335]
Fine-tuning Navine AI Video:  73%|#######2  | 2544/3500 [09:44<04:14,  3.76it/s, loss=0.3560]
Fine-tuning Navine AI Video:  73%|#######2  | 2545/3500 [09:44<03:27,  4.60it/s, loss=0.3560]
Fine-tuning Navine AI Video:  73%|#######2  | 2545/3500 [09:44<03:27,  4.60it/s, loss=0.3618]
Fine-tuning Navine AI Video:  73%|#######2  | 2546/3500 [09:45<03:02,  5.23it/s, loss=0.3618]
Fine-tuning Navine AI Video:  73%|#######2  | 2546/3500 [09:45<03:02,  5.23it/s, loss=0.2847]
Fine-tuning Navine AI Video:  73%|#######2  | 2547/3500 [09:45<04:56,  3.22it/s, loss=0.2847]
Fine-tuning Navine AI Video:  73%|#######2  | 2547/3500 [09:45<04:56,  3.22it/s, loss=0.4075]
Fine-tuning Navine AI Video:  73%|#######2  | 2548/3500 [09:45<04:00,  3.97it/s, loss=0.4075]
Fine-tuning Navine AI Video:  73%|#######2  | 2548/3500 [09:45<04:00,  3.97it/s, loss=0.3900]
Fine-tuning Navine AI Video:  73%|#######2  | 2549/3500 [09:45<03:24,  4.66it/s, loss=0.3900]
Fine-tuning Navine AI Video:  73%|#######2  | 2549/3500 [09:45<03:24,  4.66it/s, loss=0.4222]
Fine-tuning Navine AI Video:  73%|#######2  | 2550/3500 [09:46<03:04,  5.15it/s, loss=0.4222]
Fine-tuning Navine AI Video:  73%|#######2  | 2550/3500 [09:46<03:04,  5.15it/s, loss=0.5417]
Fine-tuning Navine AI Video:  73%|#######2  | 2551/3500 [09:46<03:12,  4.94it/s, loss=0.5417]
Fine-tuning Navine AI Video:  73%|#######2  | 2551/3500 [09:46<03:12,  4.94it/s, loss=0.2865]
Fine-tuning Navine AI Video:  73%|#######2  | 2552/3500 [09:46<02:55,  5.40it/s, loss=0.2865]
Fine-tuning Navine AI Video:  73%|#######2  | 2552/3500 [09:46<02:55,  5.40it/s, loss=0.5689]
Fine-tuning Navine AI Video:  73%|#######2  | 2553/3500 [09:46<04:38,  3.40it/s, loss=0.5689]
Fine-tuning Navine AI Video:  73%|#######2  | 2553/3500 [09:46<04:38,  3.40it/s, loss=0.3941]
Fine-tuning Navine AI Video:  73%|#######2  | 2554/3500 [09:47<03:56,  4.01it/s, loss=0.3941]
Fine-tuning Navine AI Video:  73%|#######2  | 2554/3500 [09:47<03:56,  4.01it/s, loss=0.2658]
Fine-tuning Navine AI Video:  73%|#######3  | 2555/3500 [09:47<04:22,  3.60it/s, loss=0.2658]
Fine-tuning Navine AI Video:  73%|#######3  | 2555/3500 [09:47<04:22,  3.60it/s, loss=0.3834]
Fine-tuning Navine AI Video:  73%|#######3  | 2556/3500 [09:47<04:22,  3.60it/s, loss=0.3834]
Fine-tuning Navine AI Video:  73%|#######3  | 2556/3500 [09:47<04:22,  3.60it/s, loss=0.3742]
Fine-tuning Navine AI Video:  73%|#######3  | 2557/3500 [09:47<03:36,  4.35it/s, loss=0.3742]
Fine-tuning Navine AI Video:  73%|#######3  | 2557/3500 [09:47<03:36,  4.35it/s, loss=0.3529]
Fine-tuning Navine AI Video:  73%|#######3  | 2558/3500 [09:47<03:01,  5.18it/s, loss=0.3529]
Fine-tuning Navine AI Video:  73%|#######3  | 2558/3500 [09:47<03:01,  5.18it/s, loss=0.4405]
Fine-tuning Navine AI Video:  73%|#######3  | 2559/3500 [09:48<02:41,  5.84it/s, loss=0.4405]
Fine-tuning Navine AI Video:  73%|#######3  | 2559/3500 [09:48<02:41,  5.84it/s, loss=0.3929]
Fine-tuning Navine AI Video:  73%|#######3  | 2560/3500 [09:48<02:32,  6.15it/s, loss=0.3929]
Fine-tuning Navine AI Video:  73%|#######3  | 2560/3500 [09:48<02:32,  6.15it/s, loss=0.3380]
Fine-tuning Navine AI Video:  73%|#######3  | 2561/3500 [09:48<02:20,  6.67it/s, loss=0.3380]
Fine-tuning Navine AI Video:  73%|#######3  | 2561/3500 [09:48<02:20,  6.67it/s, loss=0.3409]
Fine-tuning Navine AI Video:  73%|#######3  | 2562/3500 [09:48<02:12,  7.09it/s, loss=0.3409]
Fine-tuning Navine AI Video:  73%|#######3  | 2562/3500 [09:48<02:12,  7.09it/s, loss=0.3258]
Fine-tuning Navine AI Video:  73%|#######3  | 2563/3500 [09:49<06:41,  2.33it/s, loss=0.3258]
Fine-tuning Navine AI Video:  73%|#######3  | 2563/3500 [09:49<06:41,  2.33it/s, loss=0.4170]
Fine-tuning Navine AI Video:  73%|#######3  | 2564/3500 [09:49<05:10,  3.02it/s, loss=0.4170]
Fine-tuning Navine AI Video:  73%|#######3  | 2564/3500 [09:49<05:10,  3.02it/s, loss=0.3794]
Fine-tuning Navine AI Video:  73%|#######3  | 2565/3500 [09:49<04:35,  3.39it/s, loss=0.3794]
Fine-tuning Navine AI Video:  73%|#######3  | 2565/3500 [09:49<04:35,  3.39it/s, loss=0.1030]
Fine-tuning Navine AI Video:  73%|#######3  | 2566/3500 [09:49<03:47,  4.10it/s, loss=0.1030]
Fine-tuning Navine AI Video:  73%|#######3  | 2566/3500 [09:49<03:47,  4.10it/s, loss=0.4021]
Fine-tuning Navine AI Video:  73%|#######3  | 2567/3500 [09:50<03:09,  4.93it/s, loss=0.4021]
Fine-tuning Navine AI Video:  73%|#######3  | 2567/3500 [09:50<03:09,  4.93it/s, loss=0.4279]
Fine-tuning Navine AI Video:  73%|#######3  | 2568/3500 [09:50<03:13,  4.82it/s, loss=0.4279]
Fine-tuning Navine AI Video:  73%|#######3  | 2568/3500 [09:50<03:13,  4.82it/s, loss=0.1093]
Fine-tuning Navine AI Video:  73%|#######3  | 2569/3500 [09:50<02:56,  5.27it/s, loss=0.1093]
Fine-tuning Navine AI Video:  73%|#######3  | 2569/3500 [09:50<02:56,  5.27it/s, loss=0.3158]
Fine-tuning Navine AI Video:  73%|#######3  | 2570/3500 [09:51<04:55,  3.15it/s, loss=0.3158]
Fine-tuning Navine AI Video:  73%|#######3  | 2570/3500 [09:51<04:55,  3.15it/s, loss=0.3731]
Fine-tuning Navine AI Video:  73%|#######3  | 2571/3500 [09:51<04:06,  3.76it/s, loss=0.3731]
Fine-tuning Navine AI Video:  73%|#######3  | 2571/3500 [09:51<04:06,  3.76it/s, loss=0.3562]
Fine-tuning Navine AI Video:  73%|#######3  | 2572/3500 [09:51<03:26,  4.49it/s, loss=0.3562]
Fine-tuning Navine AI Video:  73%|#######3  | 2572/3500 [09:51<03:26,  4.49it/s, loss=0.3697]
Fine-tuning Navine AI Video:  74%|#######3  | 2573/3500 [09:51<04:35,  3.37it/s, loss=0.3697]
Fine-tuning Navine AI Video:  74%|#######3  | 2573/3500 [09:51<04:35,  3.37it/s, loss=0.4023]
Fine-tuning Navine AI Video:  74%|#######3  | 2574/3500 [09:52<04:14,  3.64it/s, loss=0.4023]
Fine-tuning Navine AI Video:  74%|#######3  | 2574/3500 [09:52<04:14,  3.64it/s, loss=0.3009]
Fine-tuning Navine AI Video:  74%|#######3  | 2575/3500 [09:52<03:31,  4.38it/s, loss=0.3009]
Fine-tuning Navine AI Video:  74%|#######3  | 2575/3500 [09:52<03:31,  4.38it/s, loss=0.3684]
Fine-tuning Navine AI Video:  74%|#######3  | 2576/3500 [09:52<03:10,  4.85it/s, loss=0.3684]
Fine-tuning Navine AI Video:  74%|#######3  | 2576/3500 [09:52<03:10,  4.85it/s, loss=0.3080]
Fine-tuning Navine AI Video:  74%|#######3  | 2577/3500 [09:52<02:49,  5.43it/s, loss=0.3080]
Fine-tuning Navine AI Video:  74%|#######3  | 2577/3500 [09:52<02:49,  5.43it/s, loss=0.1887]
Fine-tuning Navine AI Video:  74%|#######3  | 2578/3500 [09:52<02:29,  6.17it/s, loss=0.1887]
Fine-tuning Navine AI Video:  74%|#######3  | 2578/3500 [09:52<02:29,  6.17it/s, loss=0.4201]
Fine-tuning Navine AI Video:  74%|#######3  | 2579/3500 [09:52<02:12,  6.95it/s, loss=0.4201]
Fine-tuning Navine AI Video:  74%|#######3  | 2579/3500 [09:52<02:12,  6.95it/s, loss=0.3464]
Fine-tuning Navine AI Video:  74%|#######3  | 2580/3500 [09:52<02:07,  7.20it/s, loss=0.3464]
Fine-tuning Navine AI Video:  74%|#######3  | 2580/3500 [09:52<02:07,  7.20it/s, loss=0.5490]
Fine-tuning Navine AI Video:  74%|#######3  | 2581/3500 [09:52<02:02,  7.53it/s, loss=0.5490]
Fine-tuning Navine AI Video:  74%|#######3  | 2581/3500 [09:52<02:02,  7.53it/s, loss=0.1594]
Fine-tuning Navine AI Video:  74%|#######3  | 2582/3500 [09:53<01:58,  7.77it/s, loss=0.1594]
Fine-tuning Navine AI Video:  74%|#######3  | 2582/3500 [09:53<01:58,  7.77it/s, loss=0.3825]
Fine-tuning Navine AI Video:  74%|#######3  | 2583/3500 [09:53<02:33,  5.98it/s, loss=0.3825]
Fine-tuning Navine AI Video:  74%|#######3  | 2583/3500 [09:53<02:33,  5.98it/s, loss=0.3405]
Fine-tuning Navine AI Video:  74%|#######3  | 2584/3500 [09:53<02:19,  6.57it/s, loss=0.3405]
Fine-tuning Navine AI Video:  74%|#######3  | 2584/3500 [09:53<02:19,  6.57it/s, loss=0.3132]
Fine-tuning Navine AI Video:  74%|#######3  | 2585/3500 [09:53<02:06,  7.25it/s, loss=0.3132]
Fine-tuning Navine AI Video:  74%|#######3  | 2585/3500 [09:53<02:06,  7.25it/s, loss=0.4545]
Fine-tuning Navine AI Video:  74%|#######3  | 2586/3500 [09:53<02:04,  7.35it/s, loss=0.4545]
Fine-tuning Navine AI Video:  74%|#######3  | 2586/3500 [09:53<02:04,  7.35it/s, loss=0.2193]
Fine-tuning Navine AI Video:  74%|#######3  | 2587/3500 [09:53<02:35,  5.89it/s, loss=0.2193]
Fine-tuning Navine AI Video:  74%|#######3  | 2587/3500 [09:53<02:35,  5.89it/s, loss=0.0976]
Fine-tuning Navine AI Video:  74%|#######3  | 2588/3500 [09:54<03:10,  4.80it/s, loss=0.0976]
Fine-tuning Navine AI Video:  74%|#######3  | 2588/3500 [09:54<03:10,  4.80it/s, loss=0.3092]
Fine-tuning Navine AI Video:  74%|#######3  | 2589/3500 [09:54<02:46,  5.47it/s, loss=0.3092]
Fine-tuning Navine AI Video:  74%|#######3  | 2589/3500 [09:54<02:46,  5.47it/s, loss=0.2855]
Fine-tuning Navine AI Video:  74%|#######4  | 2590/3500 [09:54<02:27,  6.17it/s, loss=0.2855]
Fine-tuning Navine AI Video:  74%|#######4  | 2590/3500 [09:54<02:27,  6.17it/s, loss=0.3561]
Fine-tuning Navine AI Video:  74%|#######4  | 2591/3500 [09:54<02:17,  6.61it/s, loss=0.3561]
Fine-tuning Navine AI Video:  74%|#######4  | 2591/3500 [09:54<02:17,  6.61it/s, loss=0.4305]
Fine-tuning Navine AI Video:  74%|#######4  | 2592/3500 [09:54<02:10,  6.95it/s, loss=0.4305]
Fine-tuning Navine AI Video:  74%|#######4  | 2592/3500 [09:54<02:10,  6.95it/s, loss=0.4497]
Fine-tuning Navine AI Video:  74%|#######4  | 2593/3500 [09:54<02:02,  7.43it/s, loss=0.4497]
Fine-tuning Navine AI Video:  74%|#######4  | 2593/3500 [09:54<02:02,  7.43it/s, loss=0.3475]
Fine-tuning Navine AI Video:  74%|#######4  | 2594/3500 [09:54<02:00,  7.49it/s, loss=0.3475]
Fine-tuning Navine AI Video:  74%|#######4  | 2594/3500 [09:54<02:00,  7.49it/s, loss=0.1832]
Fine-tuning Navine AI Video:  74%|#######4  | 2595/3500 [09:55<02:38,  5.72it/s, loss=0.1832]
Fine-tuning Navine AI Video:  74%|#######4  | 2595/3500 [09:55<02:38,  5.72it/s, loss=0.1010]
Fine-tuning Navine AI Video:  74%|#######4  | 2596/3500 [09:55<02:21,  6.41it/s, loss=0.1010]
Fine-tuning Navine AI Video:  74%|#######4  | 2596/3500 [09:55<02:21,  6.41it/s, loss=0.3573]
Fine-tuning Navine AI Video:  74%|#######4  | 2597/3500 [09:55<02:35,  5.81it/s, loss=0.3573]
Fine-tuning Navine AI Video:  74%|#######4  | 2597/3500 [09:55<02:35,  5.81it/s, loss=0.1062]
Fine-tuning Navine AI Video:  74%|#######4  | 2598/3500 [09:55<02:45,  5.46it/s, loss=0.1062]
Fine-tuning Navine AI Video:  74%|#######4  | 2598/3500 [09:55<02:45,  5.46it/s, loss=0.1007]
Fine-tuning Navine AI Video:  74%|#######4  | 2599/3500 [09:55<02:29,  6.01it/s, loss=0.1007]
Fine-tuning Navine AI Video:  74%|#######4  | 2599/3500 [09:55<02:29,  6.01it/s, loss=0.3739]
Fine-tuning Navine AI Video:  74%|#######4  | 2600/3500 [09:55<02:12,  6.79it/s, loss=0.3739]
Fine-tuning Navine AI Video:  74%|#######4  | 2600/3500 [09:55<02:12,  6.79it/s, loss=0.3472]
Fine-tuning Navine AI Video:  74%|#######4  | 2601/3500 [09:56<02:27,  6.09it/s, loss=0.3472]
Fine-tuning Navine AI Video:  74%|#######4  | 2601/3500 [09:56<02:27,  6.09it/s, loss=0.4267]
Fine-tuning Navine AI Video:  74%|#######4  | 2602/3500 [09:56<02:19,  6.45it/s, loss=0.4267]
Fine-tuning Navine AI Video:  74%|#######4  | 2602/3500 [09:56<02:19,  6.45it/s, loss=0.3563]
Fine-tuning Navine AI Video:  74%|#######4  | 2603/3500 [09:56<02:10,  6.87it/s, loss=0.3563]
Fine-tuning Navine AI Video:  74%|#######4  | 2603/3500 [09:56<02:10,  6.87it/s, loss=0.3602]
Fine-tuning Navine AI Video:  74%|#######4  | 2604/3500 [09:57<05:06,  2.92it/s, loss=0.3602]
Fine-tuning Navine AI Video:  74%|#######4  | 2604/3500 [09:57<05:06,  2.92it/s, loss=0.4386]
Fine-tuning Navine AI Video:  74%|#######4  | 2605/3500 [09:57<05:06,  2.92it/s, loss=0.3780]
Fine-tuning Navine AI Video:  74%|#######4  | 2606/3500 [09:57<03:28,  4.30it/s, loss=0.3780]
Fine-tuning Navine AI Video:  74%|#######4  | 2606/3500 [09:57<03:28,  4.30it/s, loss=0.3779]
Fine-tuning Navine AI Video:  74%|#######4  | 2607/3500 [09:57<03:05,  4.81it/s, loss=0.3779]
Fine-tuning Navine AI Video:  74%|#######4  | 2607/3500 [09:57<03:05,  4.81it/s, loss=0.3118]
Fine-tuning Navine AI Video:  75%|#######4  | 2608/3500 [09:57<02:44,  5.43it/s, loss=0.3118]
Fine-tuning Navine AI Video:  75%|#######4  | 2608/3500 [09:57<02:44,  5.43it/s, loss=0.5229]
Fine-tuning Navine AI Video:  75%|#######4  | 2609/3500 [09:57<02:36,  5.71it/s, loss=0.5229]
Fine-tuning Navine AI Video:  75%|#######4  | 2609/3500 [09:57<02:36,  5.71it/s, loss=0.3207]
Fine-tuning Navine AI Video:  75%|#######4  | 2610/3500 [09:58<02:46,  5.35it/s, loss=0.3207]
Fine-tuning Navine AI Video:  75%|#######4  | 2610/3500 [09:58<02:46,  5.35it/s, loss=0.2903]
Fine-tuning Navine AI Video:  75%|#######4  | 2611/3500 [09:58<02:30,  5.89it/s, loss=0.2903]
Fine-tuning Navine AI Video:  75%|#######4  | 2611/3500 [09:58<02:30,  5.89it/s, loss=0.3104]
Fine-tuning Navine AI Video:  75%|#######4  | 2612/3500 [09:58<02:20,  6.32it/s, loss=0.3104]
Fine-tuning Navine AI Video:  75%|#######4  | 2612/3500 [09:58<02:20,  6.32it/s, loss=0.2784]
Fine-tuning Navine AI Video:  75%|#######4  | 2613/3500 [09:58<02:11,  6.76it/s, loss=0.2784]
Fine-tuning Navine AI Video:  75%|#######4  | 2613/3500 [09:58<02:11,  6.76it/s, loss=0.3216]
Fine-tuning Navine AI Video:  75%|#######4  | 2614/3500 [09:58<02:11,  6.76it/s, loss=0.3216]
Fine-tuning Navine AI Video:  75%|#######4  | 2614/3500 [09:58<02:11,  6.76it/s, loss=0.2824]
Fine-tuning Navine AI Video:  75%|#######4  | 2615/3500 [09:58<02:57,  4.98it/s, loss=0.2824]
Fine-tuning Navine AI Video:  75%|#######4  | 2615/3500 [09:58<02:57,  4.98it/s, loss=0.4158]
Fine-tuning Navine AI Video:  75%|#######4  | 2616/3500 [09:58<02:36,  5.66it/s, loss=0.4158]
Fine-tuning Navine AI Video:  75%|#######4  | 2616/3500 [09:58<02:36,  5.66it/s, loss=0.3342]
Fine-tuning Navine AI Video:  75%|#######4  | 2617/3500 [09:59<02:46,  5.31it/s, loss=0.3342]
Fine-tuning Navine AI Video:  75%|#######4  | 2617/3500 [09:59<02:46,  5.31it/s, loss=0.0955]
Fine-tuning Navine AI Video:  75%|#######4  | 2618/3500 [09:59<02:31,  5.82it/s, loss=0.0955]
Fine-tuning Navine AI Video:  75%|#######4  | 2618/3500 [09:59<02:31,  5.82it/s, loss=0.4898]
Fine-tuning Navine AI Video:  75%|#######4  | 2619/3500 [09:59<04:19,  3.39it/s, loss=0.4898]
Fine-tuning Navine AI Video:  75%|#######4  | 2619/3500 [09:59<04:19,  3.39it/s, loss=0.3880]
Fine-tuning Navine AI Video:  75%|#######4  | 2620/3500 [10:00<05:33,  2.64it/s, loss=0.3880]
Fine-tuning Navine AI Video:  75%|#######4  | 2620/3500 [10:00<05:33,  2.64it/s, loss=0.3691]
Fine-tuning Navine AI Video:  75%|#######4  | 2621/3500 [10:00<04:39,  3.14it/s, loss=0.3691]
Fine-tuning Navine AI Video:  75%|#######4  | 2621/3500 [10:00<04:39,  3.14it/s, loss=0.4983]
Fine-tuning Navine AI Video:  75%|#######4  | 2622/3500 [10:00<04:20,  3.37it/s, loss=0.4983]
Fine-tuning Navine AI Video:  75%|#######4  | 2622/3500 [10:00<04:20,  3.37it/s, loss=0.2845]
Fine-tuning Navine AI Video:  75%|#######4  | 2623/3500 [10:01<03:31,  4.14it/s, loss=0.2845]
Fine-tuning Navine AI Video:  75%|#######4  | 2623/3500 [10:01<03:31,  4.14it/s, loss=0.3807]
Fine-tuning Navine AI Video:  75%|#######4  | 2624/3500 [10:01<02:58,  4.90it/s, loss=0.3807]
Fine-tuning Navine AI Video:  75%|#######4  | 2624/3500 [10:01<02:58,  4.90it/s, loss=0.4038]
Fine-tuning Navine AI Video:  75%|#######5  | 2625/3500 [10:01<02:37,  5.55it/s, loss=0.4038]
Fine-tuning Navine AI Video:  75%|#######5  | 2625/3500 [10:01<02:37,  5.55it/s, loss=0.3703]
Fine-tuning Navine AI Video:  75%|#######5  | 2626/3500 [10:01<02:44,  5.31it/s, loss=0.3703]
Fine-tuning Navine AI Video:  75%|#######5  | 2626/3500 [10:01<02:44,  5.31it/s, loss=0.4141]
Fine-tuning Navine AI Video:  75%|#######5  | 2627/3500 [10:01<02:42,  5.36it/s, loss=0.4141]
Fine-tuning Navine AI Video:  75%|#######5  | 2627/3500 [10:01<02:42,  5.36it/s, loss=0.5162]
Fine-tuning Navine AI Video:  75%|#######5  | 2628/3500 [10:01<03:06,  4.68it/s, loss=0.5162]
Fine-tuning Navine AI Video:  75%|#######5  | 2628/3500 [10:01<03:06,  4.68it/s, loss=0.3585]
Fine-tuning Navine AI Video:  75%|#######5  | 2629/3500 [10:02<02:42,  5.35it/s, loss=0.3585]
Fine-tuning Navine AI Video:  75%|#######5  | 2629/3500 [10:02<02:42,  5.35it/s, loss=0.3550]
Fine-tuning Navine AI Video:  75%|#######5  | 2630/3500 [10:03<06:01,  2.41it/s, loss=0.3550]
Fine-tuning Navine AI Video:  75%|#######5  | 2630/3500 [10:03<06:01,  2.41it/s, loss=0.4343]
Fine-tuning Navine AI Video:  75%|#######5  | 2631/3500 [10:03<05:06,  2.84it/s, loss=0.4343]
Fine-tuning Navine AI Video:  75%|#######5  | 2631/3500 [10:03<05:06,  2.84it/s, loss=0.1031]
Fine-tuning Navine AI Video:  75%|#######5  | 2632/3500 [10:03<04:12,  3.44it/s, loss=0.1031]
Fine-tuning Navine AI Video:  75%|#######5  | 2632/3500 [10:03<04:12,  3.44it/s, loss=0.3338]
Fine-tuning Navine AI Video:  75%|#######5  | 2633/3500 [10:03<03:28,  4.17it/s, loss=0.3338]
Fine-tuning Navine AI Video:  75%|#######5  | 2633/3500 [10:03<03:28,  4.17it/s, loss=0.3520]
Fine-tuning Navine AI Video:  75%|#######5  | 2634/3500 [10:03<02:56,  4.91it/s, loss=0.3520]
Fine-tuning Navine AI Video:  75%|#######5  | 2634/3500 [10:03<02:56,  4.91it/s, loss=0.3513]
Fine-tuning Navine AI Video:  75%|#######5  | 2635/3500 [10:03<02:34,  5.60it/s, loss=0.3513]
Fine-tuning Navine AI Video:  75%|#######5  | 2635/3500 [10:03<02:34,  5.60it/s, loss=0.3874]
Fine-tuning Navine AI Video:  75%|#######5  | 2636/3500 [10:03<02:19,  6.21it/s, loss=0.3874]
Fine-tuning Navine AI Video:  75%|#######5  | 2636/3500 [10:03<02:19,  6.21it/s, loss=0.3459]
Fine-tuning Navine AI Video:  75%|#######5  | 2637/3500 [10:03<02:10,  6.64it/s, loss=0.3459]
Fine-tuning Navine AI Video:  75%|#######5  | 2637/3500 [10:03<02:10,  6.64it/s, loss=0.5467]
Fine-tuning Navine AI Video:  75%|#######5  | 2638/3500 [10:04<02:43,  5.26it/s, loss=0.5467]
Fine-tuning Navine AI Video:  75%|#######5  | 2638/3500 [10:04<02:43,  5.26it/s, loss=0.0971]
Fine-tuning Navine AI Video:  75%|#######5  | 2639/3500 [10:04<02:25,  5.93it/s, loss=0.0971]
Fine-tuning Navine AI Video:  75%|#######5  | 2639/3500 [10:04<02:25,  5.93it/s, loss=0.3429]
Fine-tuning Navine AI Video:  75%|#######5  | 2640/3500 [10:04<02:19,  6.16it/s, loss=0.3429]
Fine-tuning Navine AI Video:  75%|#######5  | 2640/3500 [10:04<02:19,  6.16it/s, loss=0.2691]
Fine-tuning Navine AI Video:  75%|#######5  | 2641/3500 [10:04<02:09,  6.61it/s, loss=0.2691]
Fine-tuning Navine AI Video:  75%|#######5  | 2641/3500 [10:04<02:09,  6.61it/s, loss=0.3425]
Fine-tuning Navine AI Video:  75%|#######5  | 2642/3500 [10:04<02:00,  7.12it/s, loss=0.3425]
Fine-tuning Navine AI Video:  75%|#######5  | 2642/3500 [10:04<02:00,  7.12it/s, loss=0.3624]
Fine-tuning Navine AI Video:  76%|#######5  | 2643/3500 [10:04<02:00,  7.14it/s, loss=0.3624]
Fine-tuning Navine AI Video:  76%|#######5  | 2643/3500 [10:04<02:00,  7.14it/s, loss=0.2000]
Fine-tuning Navine AI Video:  76%|#######5  | 2644/3500 [10:05<03:03,  4.67it/s, loss=0.2000]
Fine-tuning Navine AI Video:  76%|#######5  | 2644/3500 [10:05<03:03,  4.67it/s, loss=0.3811]
Fine-tuning Navine AI Video:  76%|#######5  | 2645/3500 [10:05<02:40,  5.34it/s, loss=0.3811]
Fine-tuning Navine AI Video:  76%|#######5  | 2645/3500 [10:05<02:40,  5.34it/s, loss=0.3332]
Fine-tuning Navine AI Video:  76%|#######5  | 2646/3500 [10:05<02:28,  5.75it/s, loss=0.3332]
Fine-tuning Navine AI Video:  76%|#######5  | 2646/3500 [10:05<02:28,  5.75it/s, loss=0.2926]
Fine-tuning Navine AI Video:  76%|#######5  | 2647/3500 [10:05<02:20,  6.05it/s, loss=0.2926]
Fine-tuning Navine AI Video:  76%|#######5  | 2647/3500 [10:05<02:20,  6.05it/s, loss=0.1779]
Fine-tuning Navine AI Video:  76%|#######5  | 2648/3500 [10:05<02:18,  6.14it/s, loss=0.1779]
Fine-tuning Navine AI Video:  76%|#######5  | 2648/3500 [10:05<02:18,  6.14it/s, loss=0.4191]
Fine-tuning Navine AI Video:  76%|#######5  | 2649/3500 [10:06<02:26,  5.82it/s, loss=0.4191]
Fine-tuning Navine AI Video:  76%|#######5  | 2649/3500 [10:06<02:26,  5.82it/s, loss=0.3378]
Fine-tuning Navine AI Video:  76%|#######5  | 2650/3500 [10:06<02:08,  6.59it/s, loss=0.3378]
Fine-tuning Navine AI Video:  76%|#######5  | 2650/3500 [10:06<02:08,  6.59it/s, loss=0.3493]
Fine-tuning Navine AI Video:  76%|#######5  | 2651/3500 [10:06<02:02,  6.94it/s, loss=0.3493]
Fine-tuning Navine AI Video:  76%|#######5  | 2651/3500 [10:06<02:02,  6.94it/s, loss=0.2857]
Fine-tuning Navine AI Video:  76%|#######5  | 2652/3500 [10:06<02:03,  6.87it/s, loss=0.2857]
Fine-tuning Navine AI Video:  76%|#######5  | 2652/3500 [10:06<02:03,  6.87it/s, loss=0.3133]
Fine-tuning Navine AI Video:  76%|#######5  | 2653/3500 [10:06<02:00,  7.01it/s, loss=0.3133]
Fine-tuning Navine AI Video:  76%|#######5  | 2653/3500 [10:06<02:00,  7.01it/s, loss=0.3128]
Fine-tuning Navine AI Video:  76%|#######5  | 2654/3500 [10:06<01:55,  7.30it/s, loss=0.3128]
Fine-tuning Navine AI Video:  76%|#######5  | 2654/3500 [10:06<01:55,  7.30it/s, loss=0.6308]
Fine-tuning Navine AI Video:  76%|#######5  | 2655/3500 [10:06<01:51,  7.57it/s, loss=0.6308]
Fine-tuning Navine AI Video:  76%|#######5  | 2655/3500 [10:06<01:51,  7.57it/s, loss=0.2840]
Fine-tuning Navine AI Video:  76%|#######5  | 2656/3500 [10:06<01:48,  7.78it/s, loss=0.2840]
Fine-tuning Navine AI Video:  76%|#######5  | 2656/3500 [10:06<01:48,  7.78it/s, loss=0.3112]
Fine-tuning Navine AI Video:  76%|#######5  | 2657/3500 [10:07<01:45,  7.97it/s, loss=0.3112]
Fine-tuning Navine AI Video:  76%|#######5  | 2657/3500 [10:07<01:45,  7.97it/s, loss=0.3637]
Fine-tuning Navine AI Video:  76%|#######5  | 2658/3500 [10:07<02:10,  6.45it/s, loss=0.3637]
Fine-tuning Navine AI Video:  76%|#######5  | 2658/3500 [10:07<02:10,  6.45it/s, loss=0.5363]
Fine-tuning Navine AI Video:  76%|#######5  | 2659/3500 [10:07<02:02,  6.87it/s, loss=0.5363]
Fine-tuning Navine AI Video:  76%|#######5  | 2659/3500 [10:07<02:02,  6.87it/s, loss=0.1629]
Fine-tuning Navine AI Video:  76%|#######6  | 2660/3500 [10:07<02:02,  6.84it/s, loss=0.1629]
Fine-tuning Navine AI Video:  76%|#######6  | 2660/3500 [10:07<02:02,  6.84it/s, loss=0.1655]
Fine-tuning Navine AI Video:  76%|#######6  | 2661/3500 [10:07<02:11,  6.36it/s, loss=0.1655]
Fine-tuning Navine AI Video:  76%|#######6  | 2661/3500 [10:07<02:11,  6.36it/s, loss=0.0989]
Fine-tuning Navine AI Video:  76%|#######6  | 2662/3500 [10:07<02:07,  6.59it/s, loss=0.0989]
Fine-tuning Navine AI Video:  76%|#######6  | 2662/3500 [10:07<02:07,  6.59it/s, loss=0.5999]
Fine-tuning Navine AI Video:  76%|#######6  | 2663/3500 [10:07<01:57,  7.10it/s, loss=0.5999]
Fine-tuning Navine AI Video:  76%|#######6  | 2663/3500 [10:07<01:57,  7.10it/s, loss=0.2709]
Fine-tuning Navine AI Video:  76%|#######6  | 2664/3500 [10:09<06:13,  2.24it/s, loss=0.2709]
Fine-tuning Navine AI Video:  76%|#######6  | 2664/3500 [10:09<06:13,  2.24it/s, loss=0.3898]
Fine-tuning Navine AI Video:  76%|#######6  | 2665/3500 [10:09<05:31,  2.52it/s, loss=0.3898]
Fine-tuning Navine AI Video:  76%|#######6  | 2665/3500 [10:09<05:31,  2.52it/s, loss=0.3704]
Fine-tuning Navine AI Video:  76%|#######6  | 2666/3500 [10:09<04:31,  3.07it/s, loss=0.3704]
Fine-tuning Navine AI Video:  76%|#######6  | 2666/3500 [10:09<04:31,  3.07it/s, loss=0.4349]
Fine-tuning Navine AI Video:  76%|#######6  | 2667/3500 [10:09<03:43,  3.73it/s, loss=0.4349]
Fine-tuning Navine AI Video:  76%|#######6  | 2667/3500 [10:09<03:43,  3.73it/s, loss=0.5167]
Fine-tuning Navine AI Video:  76%|#######6  | 2668/3500 [10:09<03:04,  4.51it/s, loss=0.5167]
Fine-tuning Navine AI Video:  76%|#######6  | 2668/3500 [10:09<03:04,  4.51it/s, loss=0.4307]
Fine-tuning Navine AI Video:  76%|#######6  | 2669/3500 [10:09<02:48,  4.94it/s, loss=0.4307]
Fine-tuning Navine AI Video:  76%|#######6  | 2669/3500 [10:09<02:48,  4.94it/s, loss=0.1791]
Fine-tuning Navine AI Video:  76%|#######6  | 2670/3500 [10:10<02:28,  5.57it/s, loss=0.1791]
Fine-tuning Navine AI Video:  76%|#######6  | 2670/3500 [10:10<02:28,  5.57it/s, loss=0.3169]
Fine-tuning Navine AI Video:  76%|#######6  | 2671/3500 [10:10<02:18,  6.00it/s, loss=0.3169]
Fine-tuning Navine AI Video:  76%|#######6  | 2671/3500 [10:10<02:18,  6.00it/s, loss=0.3727]
Fine-tuning Navine AI Video:  76%|#######6  | 2672/3500 [10:10<02:43,  5.07it/s, loss=0.3727]
Fine-tuning Navine AI Video:  76%|#######6  | 2672/3500 [10:10<02:43,  5.07it/s, loss=0.3315]
Fine-tuning Navine AI Video:  76%|#######6  | 2673/3500 [10:10<03:02,  4.53it/s, loss=0.3315]
Fine-tuning Navine AI Video:  76%|#######6  | 2673/3500 [10:10<03:02,  4.53it/s, loss=0.3350]
Fine-tuning Navine AI Video:  76%|#######6  | 2674/3500 [10:11<06:16,  2.19it/s, loss=0.3350]
Fine-tuning Navine AI Video:  76%|#######6  | 2674/3500 [10:11<06:16,  2.19it/s, loss=0.4246]
Fine-tuning Navine AI Video:  76%|#######6  | 2675/3500 [10:12<05:46,  2.38it/s, loss=0.4246]
Fine-tuning Navine AI Video:  76%|#######6  | 2675/3500 [10:12<05:46,  2.38it/s, loss=0.2902]
Fine-tuning Navine AI Video:  76%|#######6  | 2676/3500 [10:12<04:27,  3.08it/s, loss=0.2902]
Fine-tuning Navine AI Video:  76%|#######6  | 2676/3500 [10:12<04:27,  3.08it/s, loss=0.3619]
Fine-tuning Navine AI Video:  76%|#######6  | 2677/3500 [10:12<03:37,  3.78it/s, loss=0.3619]
Fine-tuning Navine AI Video:  76%|#######6  | 2677/3500 [10:12<03:37,  3.78it/s, loss=0.3528]
Fine-tuning Navine AI Video:  77%|#######6  | 2678/3500 [10:12<03:11,  4.28it/s, loss=0.3528]
Fine-tuning Navine AI Video:  77%|#######6  | 2678/3500 [10:12<03:11,  4.28it/s, loss=0.2730]
Fine-tuning Navine AI Video:  77%|#######6  | 2679/3500 [10:12<03:18,  4.14it/s, loss=0.2730]
Fine-tuning Navine AI Video:  77%|#######6  | 2679/3500 [10:12<03:18,  4.14it/s, loss=0.2872]
Fine-tuning Navine AI Video:  77%|#######6  | 2680/3500 [10:13<03:23,  4.02it/s, loss=0.2872]
Fine-tuning Navine AI Video:  77%|#######6  | 2680/3500 [10:13<03:23,  4.02it/s, loss=0.3201]
Fine-tuning Navine AI Video:  77%|#######6  | 2681/3500 [10:13<02:54,  4.70it/s, loss=0.3201]
Fine-tuning Navine AI Video:  77%|#######6  | 2681/3500 [10:13<02:54,  4.70it/s, loss=0.3054]
Fine-tuning Navine AI Video:  77%|#######6  | 2682/3500 [10:13<02:31,  5.39it/s, loss=0.3054]
Fine-tuning Navine AI Video:  77%|#######6  | 2682/3500 [10:13<02:31,  5.39it/s, loss=0.3578]
Fine-tuning Navine AI Video:  77%|#######6  | 2683/3500 [10:13<02:12,  6.17it/s, loss=0.3578]
Fine-tuning Navine AI Video:  77%|#######6  | 2683/3500 [10:13<02:12,  6.17it/s, loss=0.4144]
Fine-tuning Navine AI Video:  77%|#######6  | 2684/3500 [10:14<06:12,  2.19it/s, loss=0.4144]
Fine-tuning Navine AI Video:  77%|#######6  | 2684/3500 [10:14<06:12,  2.19it/s, loss=0.4477]
Fine-tuning Navine AI Video:  77%|#######6  | 2685/3500 [10:15<09:00,  1.51it/s, loss=0.4477]
Fine-tuning Navine AI Video:  77%|#######6  | 2685/3500 [10:15<09:00,  1.51it/s, loss=0.4176]
Fine-tuning Navine AI Video:  77%|#######6  | 2686/3500 [10:16<10:55,  1.24it/s, loss=0.4176]
Fine-tuning Navine AI Video:  77%|#######6  | 2686/3500 [10:16<10:55,  1.24it/s, loss=0.4167]
Fine-tuning Navine AI Video:  77%|#######6  | 2687/3500 [10:17<08:40,  1.56it/s, loss=0.4167]
Fine-tuning Navine AI Video:  77%|#######6  | 2687/3500 [10:17<08:40,  1.56it/s, loss=0.4036]
Fine-tuning Navine AI Video:  77%|#######6  | 2688/3500 [10:17<06:35,  2.05it/s, loss=0.4036]
Fine-tuning Navine AI Video:  77%|#######6  | 2688/3500 [10:17<06:35,  2.05it/s, loss=0.3936]
Fine-tuning Navine AI Video:  77%|#######6  | 2689/3500 [10:17<05:07,  2.64it/s, loss=0.3936]
Fine-tuning Navine AI Video:  77%|#######6  | 2689/3500 [10:17<05:07,  2.64it/s, loss=0.1829]
Fine-tuning Navine AI Video:  77%|#######6  | 2690/3500 [10:17<04:10,  3.23it/s, loss=0.1829]
Fine-tuning Navine AI Video:  77%|#######6  | 2690/3500 [10:17<04:10,  3.23it/s, loss=0.2699]
Fine-tuning Navine AI Video:  77%|#######6  | 2691/3500 [10:17<03:21,  4.01it/s, loss=0.2699]
Fine-tuning Navine AI Video:  77%|#######6  | 2691/3500 [10:17<03:21,  4.01it/s, loss=0.3538]
Fine-tuning Navine AI Video:  77%|#######6  | 2692/3500 [10:17<02:58,  4.53it/s, loss=0.3538]
Fine-tuning Navine AI Video:  77%|#######6  | 2692/3500 [10:17<02:58,  4.53it/s, loss=0.1574]
Fine-tuning Navine AI Video:  77%|#######6  | 2693/3500 [10:17<02:32,  5.30it/s, loss=0.1574]
Fine-tuning Navine AI Video:  77%|#######6  | 2693/3500 [10:17<02:32,  5.30it/s, loss=0.4219]
Fine-tuning Navine AI Video:  77%|#######6  | 2694/3500 [10:17<02:14,  5.97it/s, loss=0.4219]
Fine-tuning Navine AI Video:  77%|#######6  | 2694/3500 [10:17<02:14,  5.97it/s, loss=0.3477]
Fine-tuning Navine AI Video:  77%|#######7  | 2695/3500 [10:18<02:59,  4.49it/s, loss=0.3477]
Fine-tuning Navine AI Video:  77%|#######7  | 2695/3500 [10:18<02:59,  4.49it/s, loss=0.3988]
Fine-tuning Navine AI Video:  77%|#######7  | 2696/3500 [10:18<02:36,  5.12it/s, loss=0.3988]
Fine-tuning Navine AI Video:  77%|#######7  | 2696/3500 [10:18<02:36,  5.12it/s, loss=0.3736]
Fine-tuning Navine AI Video:  77%|#######7  | 2697/3500 [10:18<02:39,  5.03it/s, loss=0.3736]
Fine-tuning Navine AI Video:  77%|#######7  | 2697/3500 [10:18<02:39,  5.03it/s, loss=0.5633]
Fine-tuning Navine AI Video:  77%|#######7  | 2698/3500 [10:18<02:42,  4.94it/s, loss=0.5633]
Fine-tuning Navine AI Video:  77%|#######7  | 2698/3500 [10:18<02:42,  4.94it/s, loss=0.1005]
Fine-tuning Navine AI Video:  77%|#######7  | 2699/3500 [10:19<02:40,  5.00it/s, loss=0.1005]
Fine-tuning Navine AI Video:  77%|#######7  | 2699/3500 [10:19<02:40,  5.00it/s, loss=0.1030]
Fine-tuning Navine AI Video:  77%|#######7  | 2700/3500 [10:19<02:25,  5.48it/s, loss=0.1030]
Fine-tuning Navine AI Video:  77%|#######7  | 2700/3500 [10:19<02:25,  5.48it/s, loss=0.5037]
Fine-tuning Navine AI Video:  77%|#######7  | 2701/3500 [10:19<02:10,  6.13it/s, loss=0.5037]
Fine-tuning Navine AI Video:  77%|#######7  | 2701/3500 [10:19<02:10,  6.13it/s, loss=0.3562]
Fine-tuning Navine AI Video:  77%|#######7  | 2702/3500 [10:19<02:23,  5.56it/s, loss=0.3562]
Fine-tuning Navine AI Video:  77%|#######7  | 2702/3500 [10:19<02:23,  5.56it/s, loss=0.1079]
Fine-tuning Navine AI Video:  77%|#######7  | 2703/3500 [10:19<02:08,  6.20it/s, loss=0.1079]
Fine-tuning Navine AI Video:  77%|#######7  | 2703/3500 [10:19<02:08,  6.20it/s, loss=0.2900]
Fine-tuning Navine AI Video:  77%|#######7  | 2704/3500 [10:19<01:57,  6.78it/s, loss=0.2900]
Fine-tuning Navine AI Video:  77%|#######7  | 2704/3500 [10:19<01:57,  6.78it/s, loss=0.3181]
Fine-tuning Navine AI Video:  77%|#######7  | 2705/3500 [10:19<01:57,  6.78it/s, loss=0.3927]
Fine-tuning Navine AI Video:  77%|#######7  | 2706/3500 [10:20<02:08,  6.19it/s, loss=0.3927]
Fine-tuning Navine AI Video:  77%|#######7  | 2706/3500 [10:20<02:08,  6.19it/s, loss=0.1006]
Fine-tuning Navine AI Video:  77%|#######7  | 2707/3500 [10:20<03:00,  4.39it/s, loss=0.1006]
Fine-tuning Navine AI Video:  77%|#######7  | 2707/3500 [10:20<03:00,  4.39it/s, loss=0.4002]
Fine-tuning Navine AI Video:  77%|#######7  | 2708/3500 [10:20<02:39,  4.98it/s, loss=0.4002]
Fine-tuning Navine AI Video:  77%|#######7  | 2708/3500 [10:20<02:39,  4.98it/s, loss=0.3676]
Fine-tuning Navine AI Video:  77%|#######7  | 2709/3500 [10:20<02:21,  5.57it/s, loss=0.3676]
Fine-tuning Navine AI Video:  77%|#######7  | 2709/3500 [10:20<02:21,  5.57it/s, loss=0.3396]
Fine-tuning Navine AI Video:  77%|#######7  | 2710/3500 [10:20<02:14,  5.86it/s, loss=0.3396]
Fine-tuning Navine AI Video:  77%|#######7  | 2710/3500 [10:20<02:14,  5.86it/s, loss=0.4253]
Fine-tuning Navine AI Video:  77%|#######7  | 2711/3500 [10:21<02:45,  4.78it/s, loss=0.4253]
Fine-tuning Navine AI Video:  77%|#######7  | 2711/3500 [10:21<02:45,  4.78it/s, loss=0.3610]
Fine-tuning Navine AI Video:  77%|#######7  | 2712/3500 [10:21<02:31,  5.19it/s, loss=0.3610]
Fine-tuning Navine AI Video:  77%|#######7  | 2712/3500 [10:21<02:31,  5.19it/s, loss=0.3688]
Fine-tuning Navine AI Video:  78%|#######7  | 2713/3500 [10:21<02:46,  4.72it/s, loss=0.3688]
Fine-tuning Navine AI Video:  78%|#######7  | 2713/3500 [10:21<02:46,  4.72it/s, loss=0.3330]
Fine-tuning Navine AI Video:  78%|#######7  | 2714/3500 [10:22<03:23,  3.86it/s, loss=0.3330]
Fine-tuning Navine AI Video:  78%|#######7  | 2714/3500 [10:22<03:23,  3.86it/s, loss=0.3715]
Fine-tuning Navine AI Video:  78%|#######7  | 2715/3500 [10:22<03:23,  3.86it/s, loss=0.3596]
Fine-tuning Navine AI Video:  78%|#######7  | 2716/3500 [10:22<02:24,  5.41it/s, loss=0.3596]
Fine-tuning Navine AI Video:  78%|#######7  | 2716/3500 [10:22<02:24,  5.41it/s, loss=0.3893]
Fine-tuning Navine AI Video:  78%|#######7  | 2717/3500 [10:22<02:15,  5.79it/s, loss=0.3893]
Fine-tuning Navine AI Video:  78%|#######7  | 2717/3500 [10:22<02:15,  5.79it/s, loss=0.3212]
Fine-tuning Navine AI Video:  78%|#######7  | 2718/3500 [10:22<02:16,  5.73it/s, loss=0.3212]
Fine-tuning Navine AI Video:  78%|#######7  | 2718/3500 [10:22<02:16,  5.73it/s, loss=0.3473]
Fine-tuning Navine AI Video:  78%|#######7  | 2719/3500 [10:22<02:07,  6.11it/s, loss=0.3473]
Fine-tuning Navine AI Video:  78%|#######7  | 2719/3500 [10:22<02:07,  6.11it/s, loss=0.1739]
Fine-tuning Navine AI Video:  78%|#######7  | 2720/3500 [10:22<01:54,  6.81it/s, loss=0.1739]
Fine-tuning Navine AI Video:  78%|#######7  | 2720/3500 [10:22<01:54,  6.81it/s, loss=0.3155]
Fine-tuning Navine AI Video:  78%|#######7  | 2721/3500 [10:22<01:46,  7.30it/s, loss=0.3155]
Fine-tuning Navine AI Video:  78%|#######7  | 2721/3500 [10:22<01:46,  7.30it/s, loss=0.3723]
Fine-tuning Navine AI Video:  78%|#######7  | 2722/3500 [10:23<01:46,  7.30it/s, loss=0.3974]
Fine-tuning Navine AI Video:  78%|#######7  | 2723/3500 [10:23<01:37,  8.01it/s, loss=0.3974]
Fine-tuning Navine AI Video:  78%|#######7  | 2723/3500 [10:23<01:37,  8.01it/s, loss=0.1986]
Fine-tuning Navine AI Video:  78%|#######7  | 2724/3500 [10:23<01:35,  8.10it/s, loss=0.1986]
Fine-tuning Navine AI Video:  78%|#######7  | 2724/3500 [10:23<01:35,  8.10it/s, loss=0.3127]
Fine-tuning Navine AI Video:  78%|#######7  | 2725/3500 [10:23<01:38,  7.91it/s, loss=0.3127]
Fine-tuning Navine AI Video:  78%|#######7  | 2725/3500 [10:23<01:38,  7.91it/s, loss=0.2981]
Fine-tuning Navine AI Video:  78%|#######7  | 2726/3500 [10:23<01:42,  7.57it/s, loss=0.2981]
Fine-tuning Navine AI Video:  78%|#######7  | 2726/3500 [10:23<01:42,  7.57it/s, loss=0.3660]
Fine-tuning Navine AI Video:  78%|#######7  | 2727/3500 [10:23<01:58,  6.55it/s, loss=0.3660]
Fine-tuning Navine AI Video:  78%|#######7  | 2727/3500 [10:23<01:58,  6.55it/s, loss=0.0957]
Fine-tuning Navine AI Video:  78%|#######7  | 2728/3500 [10:24<04:08,  3.11it/s, loss=0.0957]
Fine-tuning Navine AI Video:  78%|#######7  | 2728/3500 [10:24<04:08,  3.11it/s, loss=0.2882]
Fine-tuning Navine AI Video:  78%|#######7  | 2729/3500 [10:25<06:17,  2.04it/s, loss=0.2882]
Fine-tuning Navine AI Video:  78%|#######7  | 2729/3500 [10:25<06:17,  2.04it/s, loss=0.3423]
Fine-tuning Navine AI Video:  78%|#######8  | 2730/3500 [10:25<06:00,  2.13it/s, loss=0.3423]
Fine-tuning Navine AI Video:  78%|#######8  | 2730/3500 [10:25<06:00,  2.13it/s, loss=0.3981]
Fine-tuning Navine AI Video:  78%|#######8  | 2731/3500 [10:25<04:46,  2.68it/s, loss=0.3981]
Fine-tuning Navine AI Video:  78%|#######8  | 2731/3500 [10:25<04:46,  2.68it/s, loss=0.3029]
Fine-tuning Navine AI Video:  78%|#######8  | 2732/3500 [10:26<04:35,  2.79it/s, loss=0.3029]
Fine-tuning Navine AI Video:  78%|#######8  | 2732/3500 [10:26<04:35,  2.79it/s, loss=0.1091]
Fine-tuning Navine AI Video:  78%|#######8  | 2733/3500 [10:26<03:56,  3.24it/s, loss=0.1091]
Fine-tuning Navine AI Video:  78%|#######8  | 2733/3500 [10:26<03:56,  3.24it/s, loss=0.5689]
Fine-tuning Navine AI Video:  78%|#######8  | 2734/3500 [10:26<03:12,  3.99it/s, loss=0.5689]
Fine-tuning Navine AI Video:  78%|#######8  | 2734/3500 [10:26<03:12,  3.99it/s, loss=0.3341]
Fine-tuning Navine AI Video:  78%|#######8  | 2735/3500 [10:26<03:07,  4.09it/s, loss=0.3341]
Fine-tuning Navine AI Video:  78%|#######8  | 2735/3500 [10:26<03:07,  4.09it/s, loss=0.3117]
Fine-tuning Navine AI Video:  78%|#######8  | 2736/3500 [10:26<02:34,  4.95it/s, loss=0.3117]
Fine-tuning Navine AI Video:  78%|#######8  | 2736/3500 [10:26<02:34,  4.95it/s, loss=0.3548]
Fine-tuning Navine AI Video:  78%|#######8  | 2737/3500 [10:27<02:16,  5.57it/s, loss=0.3548]
Fine-tuning Navine AI Video:  78%|#######8  | 2737/3500 [10:27<02:16,  5.57it/s, loss=0.3770]
Fine-tuning Navine AI Video:  78%|#######8  | 2738/3500 [10:27<02:31,  5.02it/s, loss=0.3770]
Fine-tuning Navine AI Video:  78%|#######8  | 2738/3500 [10:27<02:31,  5.02it/s, loss=0.3349]
Fine-tuning Navine AI Video:  78%|#######8  | 2739/3500 [10:27<02:14,  5.65it/s, loss=0.3349]
Fine-tuning Navine AI Video:  78%|#######8  | 2739/3500 [10:27<02:14,  5.65it/s, loss=0.3390]
Fine-tuning Navine AI Video:  78%|#######8  | 2740/3500 [10:27<02:05,  6.06it/s, loss=0.3390]
Fine-tuning Navine AI Video:  78%|#######8  | 2740/3500 [10:27<02:05,  6.06it/s, loss=0.2873]
Fine-tuning Navine AI Video:  78%|#######8  | 2741/3500 [10:27<01:58,  6.42it/s, loss=0.2873]
Fine-tuning Navine AI Video:  78%|#######8  | 2741/3500 [10:27<01:58,  6.42it/s, loss=0.3568]
Fine-tuning Navine AI Video:  78%|#######8  | 2742/3500 [10:27<02:14,  5.63it/s, loss=0.3568]
Fine-tuning Navine AI Video:  78%|#######8  | 2742/3500 [10:27<02:14,  5.63it/s, loss=0.1078]
Fine-tuning Navine AI Video:  78%|#######8  | 2743/3500 [10:28<02:59,  4.22it/s, loss=0.1078]
Fine-tuning Navine AI Video:  78%|#######8  | 2743/3500 [10:28<02:59,  4.22it/s, loss=0.3901]
Fine-tuning Navine AI Video:  78%|#######8  | 2744/3500 [10:28<02:57,  4.25it/s, loss=0.3901]
Fine-tuning Navine AI Video:  78%|#######8  | 2744/3500 [10:28<02:57,  4.25it/s, loss=0.3579]
Fine-tuning Navine AI Video:  78%|#######8  | 2745/3500 [10:28<02:55,  4.30it/s, loss=0.3579]
Fine-tuning Navine AI Video:  78%|#######8  | 2745/3500 [10:28<02:55,  4.30it/s, loss=0.3311]
Fine-tuning Navine AI Video:  78%|#######8  | 2746/3500 [10:28<02:38,  4.76it/s, loss=0.3311]
Fine-tuning Navine AI Video:  78%|#######8  | 2746/3500 [10:28<02:38,  4.76it/s, loss=0.3016]
Fine-tuning Navine AI Video:  78%|#######8  | 2747/3500 [10:29<02:38,  4.76it/s, loss=0.3659]
Fine-tuning Navine AI Video:  79%|#######8  | 2748/3500 [10:29<02:19,  5.39it/s, loss=0.3659]
Fine-tuning Navine AI Video:  79%|#######8  | 2748/3500 [10:29<02:19,  5.39it/s, loss=0.0971]
Fine-tuning Navine AI Video:  79%|#######8  | 2749/3500 [10:29<02:06,  5.94it/s, loss=0.0971]
Fine-tuning Navine AI Video:  79%|#######8  | 2749/3500 [10:29<02:06,  5.94it/s, loss=0.1635]
Fine-tuning Navine AI Video:  79%|#######8  | 2750/3500 [10:29<02:16,  5.47it/s, loss=0.1635]
Fine-tuning Navine AI Video:  79%|#######8  | 2750/3500 [10:29<02:16,  5.47it/s, loss=0.2910]
Fine-tuning Navine AI Video:  79%|#######8  | 2751/3500 [10:29<02:04,  5.99it/s, loss=0.2910]
Fine-tuning Navine AI Video:  79%|#######8  | 2751/3500 [10:29<02:04,  5.99it/s, loss=0.3936]
Fine-tuning Navine AI Video:  79%|#######8  | 2752/3500 [10:29<02:14,  5.54it/s, loss=0.3936]
Fine-tuning Navine AI Video:  79%|#######8  | 2752/3500 [10:29<02:14,  5.54it/s, loss=0.1087]
Fine-tuning Navine AI Video:  79%|#######8  | 2753/3500 [10:30<02:20,  5.34it/s, loss=0.1087]
Fine-tuning Navine AI Video:  79%|#######8  | 2753/3500 [10:30<02:20,  5.34it/s, loss=0.1210]
Fine-tuning Navine AI Video:  79%|#######8  | 2754/3500 [10:30<02:03,  6.03it/s, loss=0.1210]
Fine-tuning Navine AI Video:  79%|#######8  | 2754/3500 [10:30<02:03,  6.03it/s, loss=0.2577]
Fine-tuning Navine AI Video:  79%|#######8  | 2755/3500 [10:30<01:53,  6.58it/s, loss=0.2577]
Fine-tuning Navine AI Video:  79%|#######8  | 2755/3500 [10:30<01:53,  6.58it/s, loss=0.2989]
Fine-tuning Navine AI Video:  79%|#######8  | 2756/3500 [10:30<02:05,  5.93it/s, loss=0.2989]
Fine-tuning Navine AI Video:  79%|#######8  | 2756/3500 [10:30<02:05,  5.93it/s, loss=0.3137]
Fine-tuning Navine AI Video:  79%|#######8  | 2757/3500 [10:30<02:47,  4.44it/s, loss=0.3137]
Fine-tuning Navine AI Video:  79%|#######8  | 2757/3500 [10:30<02:47,  4.44it/s, loss=0.3514]
Fine-tuning Navine AI Video:  79%|#######8  | 2758/3500 [10:31<02:20,  5.29it/s, loss=0.3514]
Fine-tuning Navine AI Video:  79%|#######8  | 2758/3500 [10:31<02:20,  5.29it/s, loss=0.3700]
Fine-tuning Navine AI Video:  79%|#######8  | 2759/3500 [10:31<02:01,  6.08it/s, loss=0.3700]
Fine-tuning Navine AI Video:  79%|#######8  | 2759/3500 [10:31<02:01,  6.08it/s, loss=0.3754]
Fine-tuning Navine AI Video:  79%|#######8  | 2760/3500 [10:31<02:01,  6.08it/s, loss=0.3433]
Fine-tuning Navine AI Video:  79%|#######8  | 2761/3500 [10:31<01:57,  6.30it/s, loss=0.3433]
Fine-tuning Navine AI Video:  79%|#######8  | 2761/3500 [10:31<01:57,  6.30it/s, loss=0.4135]
Fine-tuning Navine AI Video:  79%|#######8  | 2762/3500 [10:32<04:14,  2.91it/s, loss=0.4135]
Fine-tuning Navine AI Video:  79%|#######8  | 2762/3500 [10:32<04:14,  2.91it/s, loss=0.4343]
Fine-tuning Navine AI Video:  79%|#######8  | 2763/3500 [10:32<03:49,  3.22it/s, loss=0.4343]
Fine-tuning Navine AI Video:  79%|#######8  | 2763/3500 [10:32<03:49,  3.22it/s, loss=0.1056]
Fine-tuning Navine AI Video:  79%|#######8  | 2764/3500 [10:32<03:28,  3.53it/s, loss=0.1056]
Fine-tuning Navine AI Video:  79%|#######8  | 2764/3500 [10:32<03:28,  3.53it/s, loss=0.1193]
Fine-tuning Navine AI Video:  79%|#######9  | 2765/3500 [10:32<02:51,  4.30it/s, loss=0.1193]
Fine-tuning Navine AI Video:  79%|#######9  | 2765/3500 [10:32<02:51,  4.30it/s, loss=0.3366]
Fine-tuning Navine AI Video:  79%|#######9  | 2766/3500 [10:32<02:31,  4.86it/s, loss=0.3366]
Fine-tuning Navine AI Video:  79%|#######9  | 2766/3500 [10:32<02:31,  4.86it/s, loss=0.3533]
Fine-tuning Navine AI Video:  79%|#######9  | 2767/3500 [10:33<02:16,  5.38it/s, loss=0.3533]
Fine-tuning Navine AI Video:  79%|#######9  | 2767/3500 [10:33<02:16,  5.38it/s, loss=0.5665]
Fine-tuning Navine AI Video:  79%|#######9  | 2768/3500 [10:33<02:01,  6.04it/s, loss=0.5665]
Fine-tuning Navine AI Video:  79%|#######9  | 2768/3500 [10:33<02:01,  6.04it/s, loss=0.3016]
Fine-tuning Navine AI Video:  79%|#######9  | 2769/3500 [10:33<02:14,  5.42it/s, loss=0.3016]
Fine-tuning Navine AI Video:  79%|#######9  | 2769/3500 [10:33<02:14,  5.42it/s, loss=0.1099]
Fine-tuning Navine AI Video:  79%|#######9  | 2770/3500 [10:33<02:00,  6.05it/s, loss=0.1099]
Fine-tuning Navine AI Video:  79%|#######9  | 2770/3500 [10:33<02:00,  6.05it/s, loss=0.3658]
Fine-tuning Navine AI Video:  79%|#######9  | 2771/3500 [10:33<02:08,  5.68it/s, loss=0.3658]
Fine-tuning Navine AI Video:  79%|#######9  | 2771/3500 [10:33<02:08,  5.68it/s, loss=0.3449]
Fine-tuning Navine AI Video:  79%|#######9  | 2772/3500 [10:33<02:08,  5.68it/s, loss=0.3621]
Fine-tuning Navine AI Video:  79%|#######9  | 2773/3500 [10:34<01:58,  6.13it/s, loss=0.3621]
Fine-tuning Navine AI Video:  79%|#######9  | 2773/3500 [10:34<01:58,  6.13it/s, loss=0.3857]
Fine-tuning Navine AI Video:  79%|#######9  | 2774/3500 [10:34<01:55,  6.29it/s, loss=0.3857]
Fine-tuning Navine AI Video:  79%|#######9  | 2774/3500 [10:34<01:55,  6.29it/s, loss=0.4901]
Fine-tuning Navine AI Video:  79%|#######9  | 2775/3500 [10:34<01:53,  6.39it/s, loss=0.4901]
Fine-tuning Navine AI Video:  79%|#######9  | 2775/3500 [10:34<01:53,  6.39it/s, loss=0.3156]
Fine-tuning Navine AI Video:  79%|#######9  | 2776/3500 [10:34<01:49,  6.62it/s, loss=0.3156]
Fine-tuning Navine AI Video:  79%|#######9  | 2776/3500 [10:34<01:49,  6.62it/s, loss=0.3220]
Fine-tuning Navine AI Video:  79%|#######9  | 2777/3500 [10:34<01:42,  7.06it/s, loss=0.3220]
Fine-tuning Navine AI Video:  79%|#######9  | 2777/3500 [10:34<01:42,  7.06it/s, loss=0.2937]
Fine-tuning Navine AI Video:  79%|#######9  | 2778/3500 [10:34<02:21,  5.11it/s, loss=0.2937]
Fine-tuning Navine AI Video:  79%|#######9  | 2778/3500 [10:34<02:21,  5.11it/s, loss=0.3872]
Fine-tuning Navine AI Video:  79%|#######9  | 2779/3500 [10:35<02:54,  4.14it/s, loss=0.3872]
Fine-tuning Navine AI Video:  79%|#######9  | 2779/3500 [10:35<02:54,  4.14it/s, loss=0.4089]
Fine-tuning Navine AI Video:  79%|#######9  | 2780/3500 [10:35<02:34,  4.65it/s, loss=0.4089]
Fine-tuning Navine AI Video:  79%|#######9  | 2780/3500 [10:35<02:34,  4.65it/s, loss=0.3385]
Fine-tuning Navine AI Video:  79%|#######9  | 2781/3500 [10:35<02:16,  5.27it/s, loss=0.3385]
Fine-tuning Navine AI Video:  79%|#######9  | 2781/3500 [10:35<02:16,  5.27it/s, loss=0.1849]
Fine-tuning Navine AI Video:  79%|#######9  | 2782/3500 [10:35<02:06,  5.68it/s, loss=0.1849]
Fine-tuning Navine AI Video:  79%|#######9  | 2782/3500 [10:35<02:06,  5.68it/s, loss=0.1867]
Fine-tuning Navine AI Video:  80%|#######9  | 2783/3500 [10:35<01:51,  6.42it/s, loss=0.1867]
Fine-tuning Navine AI Video:  80%|#######9  | 2783/3500 [10:35<01:51,  6.42it/s, loss=0.3523]
Fine-tuning Navine AI Video:  80%|#######9  | 2784/3500 [10:36<02:03,  5.82it/s, loss=0.3523]
Fine-tuning Navine AI Video:  80%|#######9  | 2784/3500 [10:36<02:03,  5.82it/s, loss=0.0981]
Fine-tuning Navine AI Video:  80%|#######9  | 2785/3500 [10:36<02:18,  5.16it/s, loss=0.0981]
Fine-tuning Navine AI Video:  80%|#######9  | 2785/3500 [10:36<02:18,  5.16it/s, loss=0.1049]
Fine-tuning Navine AI Video:  80%|#######9  | 2786/3500 [10:36<02:44,  4.35it/s, loss=0.1049]
Fine-tuning Navine AI Video:  80%|#######9  | 2786/3500 [10:36<02:44,  4.35it/s, loss=0.3364]
Fine-tuning Navine AI Video:  80%|#######9  | 2787/3500 [10:36<02:41,  4.41it/s, loss=0.3364]
Fine-tuning Navine AI Video:  80%|#######9  | 2787/3500 [10:36<02:41,  4.41it/s, loss=0.3268]
Fine-tuning Navine AI Video:  80%|#######9  | 2788/3500 [10:37<05:45,  2.06it/s, loss=0.3268]
Fine-tuning Navine AI Video:  80%|#######9  | 2788/3500 [10:37<05:45,  2.06it/s, loss=0.3998]
Fine-tuning Navine AI Video:  80%|#######9  | 2789/3500 [10:38<04:30,  2.63it/s, loss=0.3998]
Fine-tuning Navine AI Video:  80%|#######9  | 2789/3500 [10:38<04:30,  2.63it/s, loss=0.5194]
Fine-tuning Navine AI Video:  80%|#######9  | 2790/3500 [10:38<03:55,  3.01it/s, loss=0.5194]
Fine-tuning Navine AI Video:  80%|#######9  | 2790/3500 [10:38<03:55,  3.01it/s, loss=0.1153]
Fine-tuning Navine AI Video:  80%|#######9  | 2791/3500 [10:38<03:55,  3.01it/s, loss=0.3602]
Fine-tuning Navine AI Video:  80%|#######9  | 2792/3500 [10:38<02:37,  4.48it/s, loss=0.3602]
Fine-tuning Navine AI Video:  80%|#######9  | 2792/3500 [10:38<02:37,  4.48it/s, loss=0.4177]
Fine-tuning Navine AI Video:  80%|#######9  | 2793/3500 [10:38<02:23,  4.93it/s, loss=0.4177]
Fine-tuning Navine AI Video:  80%|#######9  | 2793/3500 [10:38<02:23,  4.93it/s, loss=0.2295]
Fine-tuning Navine AI Video:  80%|#######9  | 2794/3500 [10:38<02:05,  5.60it/s, loss=0.2295]
Fine-tuning Navine AI Video:  80%|#######9  | 2794/3500 [10:38<02:05,  5.60it/s, loss=0.5519]
Fine-tuning Navine AI Video:  80%|#######9  | 2795/3500 [10:38<01:50,  6.36it/s, loss=0.5519]
Fine-tuning Navine AI Video:  80%|#######9  | 2795/3500 [10:38<01:50,  6.36it/s, loss=0.3818]
Fine-tuning Navine AI Video:  80%|#######9  | 2796/3500 [10:39<02:03,  5.70it/s, loss=0.3818]
Fine-tuning Navine AI Video:  80%|#######9  | 2796/3500 [10:39<02:03,  5.70it/s, loss=0.3215]
Fine-tuning Navine AI Video:  80%|#######9  | 2797/3500 [10:39<01:53,  6.21it/s, loss=0.3215]
Fine-tuning Navine AI Video:  80%|#######9  | 2797/3500 [10:39<01:53,  6.21it/s, loss=0.3331]
Fine-tuning Navine AI Video:  80%|#######9  | 2798/3500 [10:39<02:19,  5.05it/s, loss=0.3331]
Fine-tuning Navine AI Video:  80%|#######9  | 2798/3500 [10:39<02:19,  5.05it/s, loss=0.1073]
Fine-tuning Navine AI Video:  80%|#######9  | 2799/3500 [10:39<02:03,  5.68it/s, loss=0.1073]
Fine-tuning Navine AI Video:  80%|#######9  | 2799/3500 [10:39<02:03,  5.68it/s, loss=0.5486]
Fine-tuning Navine AI Video:  80%|########  | 2800/3500 [10:39<02:10,  5.37it/s, loss=0.5486]
Fine-tuning Navine AI Video:  80%|########  | 2800/3500 [10:39<02:10,  5.37it/s, loss=0.1012]
Fine-tuning Navine AI Video:  80%|########  | 2801/3500 [10:39<02:09,  5.38it/s, loss=0.1012]
Fine-tuning Navine AI Video:  80%|########  | 2801/3500 [10:39<02:09,  5.38it/s, loss=0.3659]
Fine-tuning Navine AI Video:  80%|########  | 2802/3500 [10:40<01:52,  6.23it/s, loss=0.3659]
Fine-tuning Navine AI Video:  80%|########  | 2802/3500 [10:40<01:52,  6.23it/s, loss=0.3455]
Fine-tuning Navine AI Video:  80%|########  | 2803/3500 [10:40<01:56,  5.98it/s, loss=0.3455]
Fine-tuning Navine AI Video:  80%|########  | 2803/3500 [10:40<01:56,  5.98it/s, loss=0.3027]
Fine-tuning Navine AI Video:  80%|########  | 2804/3500 [10:40<01:50,  6.32it/s, loss=0.3027]
Fine-tuning Navine AI Video:  80%|########  | 2804/3500 [10:40<01:50,  6.32it/s, loss=0.2995]
Fine-tuning Navine AI Video:  80%|########  | 2805/3500 [10:40<01:53,  6.14it/s, loss=0.2995]
Fine-tuning Navine AI Video:  80%|########  | 2805/3500 [10:40<01:53,  6.14it/s, loss=0.3117]
Fine-tuning Navine AI Video:  80%|########  | 2806/3500 [10:40<02:27,  4.69it/s, loss=0.3117]
Fine-tuning Navine AI Video:  80%|########  | 2806/3500 [10:40<02:27,  4.69it/s, loss=0.3955]
Fine-tuning Navine AI Video:  80%|########  | 2807/3500 [10:41<02:06,  5.50it/s, loss=0.3955]
Fine-tuning Navine AI Video:  80%|########  | 2807/3500 [10:41<02:06,  5.50it/s, loss=0.3690]
Fine-tuning Navine AI Video:  80%|########  | 2808/3500 [10:41<02:07,  5.42it/s, loss=0.3690]
Fine-tuning Navine AI Video:  80%|########  | 2808/3500 [10:41<02:07,  5.42it/s, loss=0.3320]
Fine-tuning Navine AI Video:  80%|########  | 2809/3500 [10:41<01:52,  6.14it/s, loss=0.3320]
Fine-tuning Navine AI Video:  80%|########  | 2809/3500 [10:41<01:52,  6.14it/s, loss=0.5234]
Fine-tuning Navine AI Video:  80%|########  | 2810/3500 [10:41<02:25,  4.73it/s, loss=0.5234]
Fine-tuning Navine AI Video:  80%|########  | 2810/3500 [10:41<02:25,  4.73it/s, loss=0.3857]
Fine-tuning Navine AI Video:  80%|########  | 2811/3500 [10:41<02:35,  4.42it/s, loss=0.3857]
Fine-tuning Navine AI Video:  80%|########  | 2811/3500 [10:41<02:35,  4.42it/s, loss=0.3822]
Fine-tuning Navine AI Video:  80%|########  | 2812/3500 [10:42<02:09,  5.29it/s, loss=0.3822]
Fine-tuning Navine AI Video:  80%|########  | 2812/3500 [10:42<02:09,  5.29it/s, loss=0.4211]
Fine-tuning Navine AI Video:  80%|########  | 2813/3500 [10:42<01:55,  5.94it/s, loss=0.4211]
Fine-tuning Navine AI Video:  80%|########  | 2813/3500 [10:42<01:55,  5.94it/s, loss=0.3161]
Fine-tuning Navine AI Video:  80%|########  | 2814/3500 [10:42<03:18,  3.45it/s, loss=0.3161]
Fine-tuning Navine AI Video:  80%|########  | 2814/3500 [10:42<03:18,  3.45it/s, loss=0.4143]
Fine-tuning Navine AI Video:  80%|########  | 2815/3500 [10:42<02:43,  4.19it/s, loss=0.4143]
Fine-tuning Navine AI Video:  80%|########  | 2815/3500 [10:42<02:43,  4.19it/s, loss=0.2929]
Fine-tuning Navine AI Video:  80%|########  | 2816/3500 [10:43<02:38,  4.32it/s, loss=0.2929]
Fine-tuning Navine AI Video:  80%|########  | 2816/3500 [10:43<02:38,  4.32it/s, loss=0.1096]
Fine-tuning Navine AI Video:  80%|########  | 2817/3500 [10:43<02:31,  4.51it/s, loss=0.1096]
Fine-tuning Navine AI Video:  80%|########  | 2817/3500 [10:43<02:31,  4.51it/s, loss=0.0962]
Fine-tuning Navine AI Video:  81%|########  | 2818/3500 [10:43<02:26,  4.66it/s, loss=0.0962]
Fine-tuning Navine AI Video:  81%|########  | 2818/3500 [10:43<02:26,  4.66it/s, loss=0.0980]
Fine-tuning Navine AI Video:  81%|########  | 2819/3500 [10:44<04:24,  2.57it/s, loss=0.0980]
Fine-tuning Navine AI Video:  81%|########  | 2819/3500 [10:44<04:24,  2.57it/s, loss=0.4450]
Fine-tuning Navine AI Video:  81%|########  | 2820/3500 [10:44<04:48,  2.36it/s, loss=0.4450]
Fine-tuning Navine AI Video:  81%|########  | 2820/3500 [10:44<04:48,  2.36it/s, loss=0.3423]
Fine-tuning Navine AI Video:  81%|########  | 2821/3500 [10:45<06:02,  1.87it/s, loss=0.3423]
Fine-tuning Navine AI Video:  81%|########  | 2821/3500 [10:45<06:02,  1.87it/s, loss=0.4318]
Fine-tuning Navine AI Video:  81%|########  | 2822/3500 [10:45<04:55,  2.30it/s, loss=0.4318]
Fine-tuning Navine AI Video:  81%|########  | 2822/3500 [10:45<04:55,  2.30it/s, loss=0.3089]
Fine-tuning Navine AI Video:  81%|########  | 2823/3500 [10:45<03:50,  2.93it/s, loss=0.3089]
Fine-tuning Navine AI Video:  81%|########  | 2823/3500 [10:45<03:50,  2.93it/s, loss=0.3411]
Fine-tuning Navine AI Video:  81%|########  | 2824/3500 [10:46<03:37,  3.11it/s, loss=0.3411]
Fine-tuning Navine AI Video:  81%|########  | 2824/3500 [10:46<03:37,  3.11it/s, loss=0.3930]
Fine-tuning Navine AI Video:  81%|########  | 2825/3500 [10:46<02:56,  3.82it/s, loss=0.3930]
Fine-tuning Navine AI Video:  81%|########  | 2825/3500 [10:46<02:56,  3.82it/s, loss=0.5970]
Fine-tuning Navine AI Video:  81%|########  | 2826/3500 [10:46<02:27,  4.58it/s, loss=0.5970]
Fine-tuning Navine AI Video:  81%|########  | 2826/3500 [10:46<02:27,  4.58it/s, loss=0.2991]
Fine-tuning Navine AI Video:  81%|########  | 2827/3500 [10:46<02:03,  5.46it/s, loss=0.2991]
Fine-tuning Navine AI Video:  81%|########  | 2827/3500 [10:46<02:03,  5.46it/s, loss=0.3822]
Fine-tuning Navine AI Video:  81%|########  | 2828/3500 [10:46<01:46,  6.28it/s, loss=0.3822]
Fine-tuning Navine AI Video:  81%|########  | 2828/3500 [10:46<01:46,  6.28it/s, loss=0.3684]
Fine-tuning Navine AI Video:  81%|########  | 2829/3500 [10:46<01:39,  6.74it/s, loss=0.3684]
Fine-tuning Navine AI Video:  81%|########  | 2829/3500 [10:46<01:39,  6.74it/s, loss=0.3568]
Fine-tuning Navine AI Video:  81%|########  | 2830/3500 [10:46<01:39,  6.74it/s, loss=0.3568]
Fine-tuning Navine AI Video:  81%|########  | 2830/3500 [10:46<01:39,  6.74it/s, loss=0.2768]
Fine-tuning Navine AI Video:  81%|########  | 2831/3500 [10:46<01:30,  7.36it/s, loss=0.2768]
Fine-tuning Navine AI Video:  81%|########  | 2831/3500 [10:46<01:30,  7.36it/s, loss=0.3751]
Fine-tuning Navine AI Video:  81%|########  | 2832/3500 [10:47<01:34,  7.07it/s, loss=0.3751]
Fine-tuning Navine AI Video:  81%|########  | 2832/3500 [10:47<01:34,  7.07it/s, loss=0.3193]
Fine-tuning Navine AI Video:  81%|########  | 2833/3500 [10:47<01:31,  7.27it/s, loss=0.3193]
Fine-tuning Navine AI Video:  81%|########  | 2833/3500 [10:47<01:31,  7.27it/s, loss=0.3210]
Fine-tuning Navine AI Video:  81%|########  | 2834/3500 [10:47<01:26,  7.69it/s, loss=0.3210]
Fine-tuning Navine AI Video:  81%|########  | 2834/3500 [10:47<01:26,  7.69it/s, loss=0.3057]
Fine-tuning Navine AI Video:  81%|########1 | 2835/3500 [10:48<04:21,  2.55it/s, loss=0.3057]
Fine-tuning Navine AI Video:  81%|########1 | 2835/3500 [10:48<04:21,  2.55it/s, loss=0.4071]
Fine-tuning Navine AI Video:  81%|########1 | 2836/3500 [10:48<03:24,  3.25it/s, loss=0.4071]
Fine-tuning Navine AI Video:  81%|########1 | 2836/3500 [10:48<03:24,  3.25it/s, loss=0.2896]
Fine-tuning Navine AI Video:  81%|########1 | 2837/3500 [10:48<02:46,  3.99it/s, loss=0.2896]
Fine-tuning Navine AI Video:  81%|########1 | 2837/3500 [10:48<02:46,  3.99it/s, loss=0.2691]
Fine-tuning Navine AI Video:  81%|########1 | 2838/3500 [10:48<02:35,  4.25it/s, loss=0.2691]
Fine-tuning Navine AI Video:  81%|########1 | 2838/3500 [10:48<02:35,  4.25it/s, loss=0.0932]
Fine-tuning Navine AI Video:  81%|########1 | 2839/3500 [10:48<02:35,  4.25it/s, loss=0.4246]
Fine-tuning Navine AI Video:  81%|########1 | 2840/3500 [10:49<02:12,  4.98it/s, loss=0.4246]
Fine-tuning Navine AI Video:  81%|########1 | 2840/3500 [10:49<02:12,  4.98it/s, loss=0.1427]
Fine-tuning Navine AI Video:  81%|########1 | 2841/3500 [10:49<02:37,  4.17it/s, loss=0.1427]
Fine-tuning Navine AI Video:  81%|########1 | 2841/3500 [10:49<02:37,  4.17it/s, loss=0.3909]
Fine-tuning Navine AI Video:  81%|########1 | 2842/3500 [10:49<02:36,  4.20it/s, loss=0.3909]
Fine-tuning Navine AI Video:  81%|########1 | 2842/3500 [10:49<02:36,  4.20it/s, loss=0.3872]
Fine-tuning Navine AI Video:  81%|########1 | 2843/3500 [10:49<02:26,  4.47it/s, loss=0.3872]
Fine-tuning Navine AI Video:  81%|########1 | 2843/3500 [10:49<02:26,  4.47it/s, loss=0.2556]
Fine-tuning Navine AI Video:  81%|########1 | 2844/3500 [10:49<02:04,  5.27it/s, loss=0.2556]
Fine-tuning Navine AI Video:  81%|########1 | 2844/3500 [10:49<02:04,  5.27it/s, loss=0.3428]
Fine-tuning Navine AI Video:  81%|########1 | 2845/3500 [10:50<01:51,  5.89it/s, loss=0.3428]
Fine-tuning Navine AI Video:  81%|########1 | 2845/3500 [10:50<01:51,  5.89it/s, loss=0.3986]
Fine-tuning Navine AI Video:  81%|########1 | 2846/3500 [10:50<01:46,  6.15it/s, loss=0.3986]
Fine-tuning Navine AI Video:  81%|########1 | 2846/3500 [10:50<01:46,  6.15it/s, loss=0.4259]
Fine-tuning Navine AI Video:  81%|########1 | 2847/3500 [10:50<01:41,  6.44it/s, loss=0.4259]
Fine-tuning Navine AI Video:  81%|########1 | 2847/3500 [10:50<01:41,  6.44it/s, loss=0.1931]
Fine-tuning Navine AI Video:  81%|########1 | 2848/3500 [10:50<01:39,  6.57it/s, loss=0.1931]
Fine-tuning Navine AI Video:  81%|########1 | 2848/3500 [10:50<01:39,  6.57it/s, loss=0.5399]
Fine-tuning Navine AI Video:  81%|########1 | 2849/3500 [10:50<01:53,  5.72it/s, loss=0.5399]
Fine-tuning Navine AI Video:  81%|########1 | 2849/3500 [10:50<01:53,  5.72it/s, loss=0.1045]
Fine-tuning Navine AI Video:  81%|########1 | 2850/3500 [10:50<01:43,  6.26it/s, loss=0.1045]
Fine-tuning Navine AI Video:  81%|########1 | 2850/3500 [10:50<01:43,  6.26it/s, loss=0.4464]
Fine-tuning Navine AI Video:  81%|########1 | 2851/3500 [10:51<01:36,  6.75it/s, loss=0.4464]
Fine-tuning Navine AI Video:  81%|########1 | 2851/3500 [10:51<01:36,  6.75it/s, loss=0.4324]
Fine-tuning Navine AI Video:  81%|########1 | 2852/3500 [10:51<01:50,  5.84it/s, loss=0.4324]
Fine-tuning Navine AI Video:  81%|########1 | 2852/3500 [10:51<01:50,  5.84it/s, loss=0.2927]
Fine-tuning Navine AI Video:  82%|########1 | 2853/3500 [10:51<01:50,  5.86it/s, loss=0.2927]
Fine-tuning Navine AI Video:  82%|########1 | 2853/3500 [10:51<01:50,  5.86it/s, loss=0.3244]
Fine-tuning Navine AI Video:  82%|########1 | 2854/3500 [10:51<02:12,  4.88it/s, loss=0.3244]
Fine-tuning Navine AI Video:  82%|########1 | 2854/3500 [10:51<02:12,  4.88it/s, loss=0.1070]
Fine-tuning Navine AI Video:  82%|########1 | 2855/3500 [10:51<01:56,  5.54it/s, loss=0.1070]
Fine-tuning Navine AI Video:  82%|########1 | 2855/3500 [10:51<01:56,  5.54it/s, loss=0.3687]
Fine-tuning Navine AI Video:  82%|########1 | 2856/3500 [10:52<03:06,  3.45it/s, loss=0.3687]
Fine-tuning Navine AI Video:  82%|########1 | 2856/3500 [10:52<03:06,  3.45it/s, loss=0.3444]
Fine-tuning Navine AI Video:  82%|########1 | 2857/3500 [10:52<02:52,  3.73it/s, loss=0.3444]
Fine-tuning Navine AI Video:  82%|########1 | 2857/3500 [10:52<02:52,  3.73it/s, loss=0.3057]
Fine-tuning Navine AI Video:  82%|########1 | 2858/3500 [10:52<02:26,  4.38it/s, loss=0.3057]
Fine-tuning Navine AI Video:  82%|########1 | 2858/3500 [10:52<02:26,  4.38it/s, loss=0.2573]
Fine-tuning Navine AI Video:  82%|########1 | 2859/3500 [10:53<04:16,  2.49it/s, loss=0.2573]
Fine-tuning Navine AI Video:  82%|########1 | 2859/3500 [10:53<04:16,  2.49it/s, loss=0.4128]
Fine-tuning Navine AI Video:  82%|########1 | 2860/3500 [10:53<03:49,  2.78it/s, loss=0.4128]
Fine-tuning Navine AI Video:  82%|########1 | 2860/3500 [10:53<03:49,  2.78it/s, loss=0.3920]
Fine-tuning Navine AI Video:  82%|########1 | 2861/3500 [10:54<03:24,  3.12it/s, loss=0.3920]
Fine-tuning Navine AI Video:  82%|########1 | 2861/3500 [10:54<03:24,  3.12it/s, loss=0.1010]
Fine-tuning Navine AI Video:  82%|########1 | 2862/3500 [10:54<03:04,  3.45it/s, loss=0.1010]
Fine-tuning Navine AI Video:  82%|########1 | 2862/3500 [10:54<03:04,  3.45it/s, loss=0.3077]
Fine-tuning Navine AI Video:  82%|########1 | 2863/3500 [10:54<02:30,  4.23it/s, loss=0.3077]
Fine-tuning Navine AI Video:  82%|########1 | 2863/3500 [10:54<02:30,  4.23it/s, loss=0.3802]
Fine-tuning Navine AI Video:  82%|########1 | 2864/3500 [10:54<02:08,  4.95it/s, loss=0.3802]
Fine-tuning Navine AI Video:  82%|########1 | 2864/3500 [10:54<02:08,  4.95it/s, loss=0.3350]
Fine-tuning Navine AI Video:  82%|########1 | 2865/3500 [10:54<02:21,  4.50it/s, loss=0.3350]
Fine-tuning Navine AI Video:  82%|########1 | 2865/3500 [10:54<02:21,  4.50it/s, loss=0.3038]
Fine-tuning Navine AI Video:  82%|########1 | 2866/3500 [10:54<02:16,  4.65it/s, loss=0.3038]
Fine-tuning Navine AI Video:  82%|########1 | 2866/3500 [10:54<02:16,  4.65it/s, loss=0.2796]
Fine-tuning Navine AI Video:  82%|########1 | 2867/3500 [10:55<01:58,  5.35it/s, loss=0.2796]
Fine-tuning Navine AI Video:  82%|########1 | 2867/3500 [10:55<01:58,  5.35it/s, loss=0.3957]
Fine-tuning Navine AI Video:  82%|########1 | 2868/3500 [10:55<02:02,  5.14it/s, loss=0.3957]
Fine-tuning Navine AI Video:  82%|########1 | 2868/3500 [10:55<02:02,  5.14it/s, loss=0.3036]
Fine-tuning Navine AI Video:  82%|########1 | 2869/3500 [10:55<01:45,  5.96it/s, loss=0.3036]
Fine-tuning Navine AI Video:  82%|########1 | 2869/3500 [10:55<01:45,  5.96it/s, loss=0.3956]
Fine-tuning Navine AI Video:  82%|########2 | 2870/3500 [10:55<01:38,  6.37it/s, loss=0.3956]
Fine-tuning Navine AI Video:  82%|########2 | 2870/3500 [10:55<01:38,  6.37it/s, loss=0.3244]
Fine-tuning Navine AI Video:  82%|########2 | 2871/3500 [10:55<01:29,  7.01it/s, loss=0.3244]
Fine-tuning Navine AI Video:  82%|########2 | 2871/3500 [10:55<01:29,  7.01it/s, loss=0.3780]
Fine-tuning Navine AI Video:  82%|########2 | 2872/3500 [10:56<02:57,  3.53it/s, loss=0.3780]
Fine-tuning Navine AI Video:  82%|########2 | 2872/3500 [10:56<02:57,  3.53it/s, loss=0.3909]
Fine-tuning Navine AI Video:  82%|########2 | 2873/3500 [10:56<02:28,  4.21it/s, loss=0.3909]
Fine-tuning Navine AI Video:  82%|########2 | 2873/3500 [10:56<02:28,  4.21it/s, loss=0.3580]
Fine-tuning Navine AI Video:  82%|########2 | 2874/3500 [10:56<02:05,  5.01it/s, loss=0.3580]
Fine-tuning Navine AI Video:  82%|########2 | 2874/3500 [10:56<02:05,  5.01it/s, loss=0.3522]
Fine-tuning Navine AI Video:  82%|########2 | 2875/3500 [10:56<01:54,  5.44it/s, loss=0.3522]
Fine-tuning Navine AI Video:  82%|########2 | 2875/3500 [10:56<01:54,  5.44it/s, loss=0.5415]
Fine-tuning Navine AI Video:  82%|########2 | 2876/3500 [10:56<01:48,  5.76it/s, loss=0.5415]
Fine-tuning Navine AI Video:  82%|########2 | 2876/3500 [10:56<01:48,  5.76it/s, loss=0.3153]
Fine-tuning Navine AI Video:  82%|########2 | 2877/3500 [10:56<01:41,  6.11it/s, loss=0.3153]
Fine-tuning Navine AI Video:  82%|########2 | 2877/3500 [10:56<01:41,  6.11it/s, loss=0.2916]
Fine-tuning Navine AI Video:  82%|########2 | 2878/3500 [10:57<01:37,  6.35it/s, loss=0.2916]
Fine-tuning Navine AI Video:  82%|########2 | 2878/3500 [10:57<01:37,  6.35it/s, loss=0.4662]
Fine-tuning Navine AI Video:  82%|########2 | 2879/3500 [10:57<01:46,  5.81it/s, loss=0.4662]
Fine-tuning Navine AI Video:  82%|########2 | 2879/3500 [10:57<01:46,  5.81it/s, loss=0.3640]
Fine-tuning Navine AI Video:  82%|########2 | 2880/3500 [10:57<01:36,  6.45it/s, loss=0.3640]
Fine-tuning Navine AI Video:  82%|########2 | 2880/3500 [10:57<01:36,  6.45it/s, loss=0.3947]
Fine-tuning Navine AI Video:  82%|########2 | 2881/3500 [10:57<01:48,  5.72it/s, loss=0.3947]
Fine-tuning Navine AI Video:  82%|########2 | 2881/3500 [10:57<01:48,  5.72it/s, loss=0.2506]
Fine-tuning Navine AI Video:  82%|########2 | 2882/3500 [10:57<02:19,  4.43it/s, loss=0.2506]
Fine-tuning Navine AI Video:  82%|########2 | 2882/3500 [10:57<02:19,  4.43it/s, loss=0.3614]
Fine-tuning Navine AI Video:  82%|########2 | 2883/3500 [10:58<02:19,  4.43it/s, loss=0.3564]
Fine-tuning Navine AI Video:  82%|########2 | 2884/3500 [10:58<02:13,  4.63it/s, loss=0.3564]
Fine-tuning Navine AI Video:  82%|########2 | 2884/3500 [10:58<02:13,  4.63it/s, loss=0.3977]
Fine-tuning Navine AI Video:  82%|########2 | 2885/3500 [10:58<02:00,  5.09it/s, loss=0.3977]
Fine-tuning Navine AI Video:  82%|########2 | 2885/3500 [10:58<02:00,  5.09it/s, loss=0.5729]
Fine-tuning Navine AI Video:  82%|########2 | 2886/3500 [10:59<04:10,  2.46it/s, loss=0.5729]
Fine-tuning Navine AI Video:  82%|########2 | 2886/3500 [10:59<04:10,  2.46it/s, loss=0.4705]
Fine-tuning Navine AI Video:  82%|########2 | 2887/3500 [10:59<03:25,  2.98it/s, loss=0.4705]
Fine-tuning Navine AI Video:  82%|########2 | 2887/3500 [10:59<03:25,  2.98it/s, loss=0.2995]
Fine-tuning Navine AI Video:  83%|########2 | 2888/3500 [10:59<02:46,  3.68it/s, loss=0.2995]
Fine-tuning Navine AI Video:  83%|########2 | 2888/3500 [10:59<02:46,  3.68it/s, loss=0.3630]
Fine-tuning Navine AI Video:  83%|########2 | 2889/3500 [10:59<02:21,  4.31it/s, loss=0.3630]
Fine-tuning Navine AI Video:  83%|########2 | 2889/3500 [10:59<02:21,  4.31it/s, loss=0.5118]
Fine-tuning Navine AI Video:  83%|########2 | 2890/3500 [11:00<02:26,  4.17it/s, loss=0.5118]
Fine-tuning Navine AI Video:  83%|########2 | 2890/3500 [11:00<02:26,  4.17it/s, loss=0.3847]
Fine-tuning Navine AI Video:  83%|########2 | 2891/3500 [11:00<03:18,  3.07it/s, loss=0.3847]
Fine-tuning Navine AI Video:  83%|########2 | 2891/3500 [11:00<03:18,  3.07it/s, loss=0.3831]
Fine-tuning Navine AI Video:  83%|########2 | 2892/3500 [11:00<02:54,  3.48it/s, loss=0.3831]
Fine-tuning Navine AI Video:  83%|########2 | 2892/3500 [11:00<02:54,  3.48it/s, loss=0.5374]
Fine-tuning Navine AI Video:  83%|########2 | 2893/3500 [11:00<02:23,  4.24it/s, loss=0.5374]
Fine-tuning Navine AI Video:  83%|########2 | 2893/3500 [11:00<02:23,  4.24it/s, loss=0.3646]
Fine-tuning Navine AI Video:  83%|########2 | 2894/3500 [11:01<02:03,  4.92it/s, loss=0.3646]
Fine-tuning Navine AI Video:  83%|########2 | 2894/3500 [11:01<02:03,  4.92it/s, loss=0.3214]
Fine-tuning Navine AI Video:  83%|########2 | 2895/3500 [11:01<01:52,  5.38it/s, loss=0.3214]
Fine-tuning Navine AI Video:  83%|########2 | 2895/3500 [11:01<01:52,  5.38it/s, loss=0.5968]
Fine-tuning Navine AI Video:  83%|########2 | 2896/3500 [11:01<01:40,  5.98it/s, loss=0.5968]
Fine-tuning Navine AI Video:  83%|########2 | 2896/3500 [11:01<01:40,  5.98it/s, loss=0.4063]
Fine-tuning Navine AI Video:  83%|########2 | 2897/3500 [11:01<02:05,  4.81it/s, loss=0.4063]
Fine-tuning Navine AI Video:  83%|########2 | 2897/3500 [11:01<02:05,  4.81it/s, loss=0.1020]
Fine-tuning Navine AI Video:  83%|########2 | 2898/3500 [11:01<02:06,  4.74it/s, loss=0.1020]
Fine-tuning Navine AI Video:  83%|########2 | 2898/3500 [11:01<02:06,  4.74it/s, loss=0.4309]
Fine-tuning Navine AI Video:  83%|########2 | 2899/3500 [11:02<01:54,  5.24it/s, loss=0.4309]
Fine-tuning Navine AI Video:  83%|########2 | 2899/3500 [11:02<01:54,  5.24it/s, loss=0.2787]
Fine-tuning Navine AI Video:  83%|########2 | 2900/3500 [11:02<01:41,  5.90it/s, loss=0.2787]
Fine-tuning Navine AI Video:  83%|########2 | 2900/3500 [11:02<01:41,  5.90it/s, loss=0.4243]
Fine-tuning Navine AI Video:  83%|########2 | 2901/3500 [11:02<01:32,  6.46it/s, loss=0.4243]
Fine-tuning Navine AI Video:  83%|########2 | 2901/3500 [11:02<01:32,  6.46it/s, loss=0.3491]
Fine-tuning Navine AI Video:  83%|########2 | 2902/3500 [11:02<01:26,  6.91it/s, loss=0.3491]
Fine-tuning Navine AI Video:  83%|########2 | 2902/3500 [11:02<01:26,  6.91it/s, loss=0.3096]
Fine-tuning Navine AI Video:  83%|########2 | 2903/3500 [11:02<01:18,  7.60it/s, loss=0.3096]
Fine-tuning Navine AI Video:  83%|########2 | 2903/3500 [11:02<01:18,  7.60it/s, loss=0.3453]
Fine-tuning Navine AI Video:  83%|########2 | 2904/3500 [11:02<01:16,  7.76it/s, loss=0.3453]
Fine-tuning Navine AI Video:  83%|########2 | 2904/3500 [11:02<01:16,  7.76it/s, loss=0.3567]
Fine-tuning Navine AI Video:  83%|########2 | 2905/3500 [11:02<01:31,  6.49it/s, loss=0.3567]
Fine-tuning Navine AI Video:  83%|########2 | 2905/3500 [11:02<01:31,  6.49it/s, loss=0.1257]
Fine-tuning Navine AI Video:  83%|########3 | 2906/3500 [11:02<01:25,  6.96it/s, loss=0.1257]
Fine-tuning Navine AI Video:  83%|########3 | 2906/3500 [11:02<01:25,  6.96it/s, loss=0.4197]
Fine-tuning Navine AI Video:  83%|########3 | 2907/3500 [11:03<01:24,  6.99it/s, loss=0.4197]
Fine-tuning Navine AI Video:  83%|########3 | 2907/3500 [11:03<01:24,  6.99it/s, loss=0.3283]
Fine-tuning Navine AI Video:  83%|########3 | 2908/3500 [11:03<01:44,  5.67it/s, loss=0.3283]
Fine-tuning Navine AI Video:  83%|########3 | 2908/3500 [11:03<01:44,  5.67it/s, loss=0.1229]
Fine-tuning Navine AI Video:  83%|########3 | 2909/3500 [11:03<02:16,  4.33it/s, loss=0.1229]
Fine-tuning Navine AI Video:  83%|########3 | 2909/3500 [11:03<02:16,  4.33it/s, loss=0.3783]
Fine-tuning Navine AI Video:  83%|########3 | 2910/3500 [11:04<05:14,  1.88it/s, loss=0.3783]
Fine-tuning Navine AI Video:  83%|########3 | 2910/3500 [11:04<05:14,  1.88it/s, loss=0.4459]
Fine-tuning Navine AI Video:  83%|########3 | 2911/3500 [11:05<04:26,  2.21it/s, loss=0.4459]
Fine-tuning Navine AI Video:  83%|########3 | 2911/3500 [11:05<04:26,  2.21it/s, loss=0.3063]
Fine-tuning Navine AI Video:  83%|########3 | 2912/3500 [11:05<03:32,  2.77it/s, loss=0.3063]
Fine-tuning Navine AI Video:  83%|########3 | 2912/3500 [11:05<03:32,  2.77it/s, loss=0.3433]
Fine-tuning Navine AI Video:  83%|########3 | 2913/3500 [11:05<02:52,  3.39it/s, loss=0.3433]
Fine-tuning Navine AI Video:  83%|########3 | 2913/3500 [11:05<02:52,  3.39it/s, loss=0.5407]
Fine-tuning Navine AI Video:  83%|########3 | 2914/3500 [11:05<02:37,  3.73it/s, loss=0.5407]
Fine-tuning Navine AI Video:  83%|########3 | 2914/3500 [11:05<02:37,  3.73it/s, loss=0.0985]
Fine-tuning Navine AI Video:  83%|########3 | 2915/3500 [11:05<02:07,  4.57it/s, loss=0.0985]
Fine-tuning Navine AI Video:  83%|########3 | 2915/3500 [11:05<02:07,  4.57it/s, loss=0.3824]
Fine-tuning Navine AI Video:  83%|########3 | 2916/3500 [11:05<01:51,  5.23it/s, loss=0.3824]
Fine-tuning Navine AI Video:  83%|########3 | 2916/3500 [11:05<01:51,  5.23it/s, loss=0.3140]
Fine-tuning Navine AI Video:  83%|########3 | 2917/3500 [11:06<01:51,  5.23it/s, loss=0.3140]
Fine-tuning Navine AI Video:  83%|########3 | 2917/3500 [11:06<01:51,  5.23it/s, loss=0.4871]
Fine-tuning Navine AI Video:  83%|########3 | 2918/3500 [11:06<02:23,  4.05it/s, loss=0.4871]
Fine-tuning Navine AI Video:  83%|########3 | 2918/3500 [11:06<02:23,  4.05it/s, loss=0.3698]
Fine-tuning Navine AI Video:  83%|########3 | 2919/3500 [11:06<02:19,  4.17it/s, loss=0.3698]
Fine-tuning Navine AI Video:  83%|########3 | 2919/3500 [11:06<02:19,  4.17it/s, loss=0.0932]
Fine-tuning Navine AI Video:  83%|########3 | 2920/3500 [11:06<01:58,  4.90it/s, loss=0.0932]
Fine-tuning Navine AI Video:  83%|########3 | 2920/3500 [11:06<01:58,  4.90it/s, loss=0.3945]
Fine-tuning Navine AI Video:  83%|########3 | 2921/3500 [11:06<01:40,  5.75it/s, loss=0.3945]
Fine-tuning Navine AI Video:  83%|########3 | 2921/3500 [11:06<01:40,  5.75it/s, loss=0.3447]
Fine-tuning Navine AI Video:  83%|########3 | 2922/3500 [11:07<01:31,  6.35it/s, loss=0.3447]
Fine-tuning Navine AI Video:  83%|########3 | 2922/3500 [11:07<01:31,  6.35it/s, loss=0.3367]
Fine-tuning Navine AI Video:  84%|########3 | 2923/3500 [11:07<01:41,  5.69it/s, loss=0.3367]
Fine-tuning Navine AI Video:  84%|########3 | 2923/3500 [11:07<01:41,  5.69it/s, loss=0.3230]
Fine-tuning Navine AI Video:  84%|########3 | 2924/3500 [11:07<01:30,  6.39it/s, loss=0.3230]
Fine-tuning Navine AI Video:  84%|########3 | 2924/3500 [11:07<01:30,  6.39it/s, loss=0.3436]
Fine-tuning Navine AI Video:  84%|########3 | 2925/3500 [11:07<01:25,  6.74it/s, loss=0.3436]
Fine-tuning Navine AI Video:  84%|########3 | 2925/3500 [11:07<01:25,  6.74it/s, loss=0.3041]
Fine-tuning Navine AI Video:  84%|########3 | 2926/3500 [11:08<03:28,  2.75it/s, loss=0.3041]
Fine-tuning Navine AI Video:  84%|########3 | 2926/3500 [11:08<03:28,  2.75it/s, loss=0.3894]
Fine-tuning Navine AI Video:  84%|########3 | 2927/3500 [11:08<03:28,  2.75it/s, loss=0.3738]
Fine-tuning Navine AI Video:  84%|########3 | 2928/3500 [11:08<02:20,  4.06it/s, loss=0.3738]
Fine-tuning Navine AI Video:  84%|########3 | 2928/3500 [11:08<02:20,  4.06it/s, loss=0.3893]
Fine-tuning Navine AI Video:  84%|########3 | 2929/3500 [11:09<03:56,  2.41it/s, loss=0.3893]
Fine-tuning Navine AI Video:  84%|########3 | 2929/3500 [11:09<03:56,  2.41it/s, loss=0.4189]
Fine-tuning Navine AI Video:  84%|########3 | 2930/3500 [11:09<03:28,  2.73it/s, loss=0.4189]
Fine-tuning Navine AI Video:  84%|########3 | 2930/3500 [11:09<03:28,  2.73it/s, loss=0.1029]
Fine-tuning Navine AI Video:  84%|########3 | 2931/3500 [11:09<02:49,  3.36it/s, loss=0.1029]
Fine-tuning Navine AI Video:  84%|########3 | 2931/3500 [11:09<02:49,  3.36it/s, loss=0.3612]
Fine-tuning Navine AI Video:  84%|########3 | 2932/3500 [11:09<02:49,  3.36it/s, loss=0.4518]
Fine-tuning Navine AI Video:  84%|########3 | 2933/3500 [11:10<02:03,  4.59it/s, loss=0.4518]
Fine-tuning Navine AI Video:  84%|########3 | 2933/3500 [11:10<02:03,  4.59it/s, loss=0.2977]
Fine-tuning Navine AI Video:  84%|########3 | 2934/3500 [11:10<01:51,  5.08it/s, loss=0.2977]
Fine-tuning Navine AI Video:  84%|########3 | 2934/3500 [11:10<01:51,  5.08it/s, loss=0.5446]
Fine-tuning Navine AI Video:  84%|########3 | 2935/3500 [11:10<02:08,  4.39it/s, loss=0.5446]
Fine-tuning Navine AI Video:  84%|########3 | 2935/3500 [11:10<02:08,  4.39it/s, loss=0.4075]
Fine-tuning Navine AI Video:  84%|########3 | 2936/3500 [11:10<02:12,  4.26it/s, loss=0.4075]
Fine-tuning Navine AI Video:  84%|########3 | 2936/3500 [11:10<02:12,  4.26it/s, loss=0.3978]
Fine-tuning Navine AI Video:  84%|########3 | 2937/3500 [11:11<02:09,  4.35it/s, loss=0.3978]
Fine-tuning Navine AI Video:  84%|########3 | 2937/3500 [11:11<02:09,  4.35it/s, loss=0.0966]
Fine-tuning Navine AI Video:  84%|########3 | 2938/3500 [11:11<01:53,  4.95it/s, loss=0.0966]
Fine-tuning Navine AI Video:  84%|########3 | 2938/3500 [11:11<01:53,  4.95it/s, loss=0.1888]
Fine-tuning Navine AI Video:  84%|########3 | 2939/3500 [11:11<01:39,  5.62it/s, loss=0.1888]
Fine-tuning Navine AI Video:  84%|########3 | 2939/3500 [11:11<01:39,  5.62it/s, loss=0.3601]
Fine-tuning Navine AI Video:  84%|########4 | 2940/3500 [11:11<01:48,  5.18it/s, loss=0.3601]
Fine-tuning Navine AI Video:  84%|########4 | 2940/3500 [11:11<01:48,  5.18it/s, loss=0.0916]
Fine-tuning Navine AI Video:  84%|########4 | 2941/3500 [11:11<02:27,  3.79it/s, loss=0.0916]
Fine-tuning Navine AI Video:  84%|########4 | 2941/3500 [11:11<02:27,  3.79it/s, loss=0.3961]
Fine-tuning Navine AI Video:  84%|########4 | 2942/3500 [11:12<02:00,  4.63it/s, loss=0.3961]
Fine-tuning Navine AI Video:  84%|########4 | 2942/3500 [11:12<02:00,  4.63it/s, loss=0.3527]
Fine-tuning Navine AI Video:  84%|########4 | 2943/3500 [11:12<02:16,  4.07it/s, loss=0.3527]
Fine-tuning Navine AI Video:  84%|########4 | 2943/3500 [11:12<02:16,  4.07it/s, loss=0.3444]
Fine-tuning Navine AI Video:  84%|########4 | 2944/3500 [11:12<01:55,  4.81it/s, loss=0.3444]
Fine-tuning Navine AI Video:  84%|########4 | 2944/3500 [11:12<01:55,  4.81it/s, loss=0.5730]
Fine-tuning Navine AI Video:  84%|########4 | 2945/3500 [11:12<02:40,  3.47it/s, loss=0.5730]
Fine-tuning Navine AI Video:  84%|########4 | 2945/3500 [11:12<02:40,  3.47it/s, loss=0.3974]
Fine-tuning Navine AI Video:  84%|########4 | 2946/3500 [11:13<02:14,  4.12it/s, loss=0.3974]
Fine-tuning Navine AI Video:  84%|########4 | 2946/3500 [11:13<02:14,  4.12it/s, loss=0.3352]
Fine-tuning Navine AI Video:  84%|########4 | 2947/3500 [11:13<01:53,  4.87it/s, loss=0.3352]
Fine-tuning Navine AI Video:  84%|########4 | 2947/3500 [11:13<01:53,  4.87it/s, loss=0.3392]
Fine-tuning Navine AI Video:  84%|########4 | 2948/3500 [11:13<01:39,  5.53it/s, loss=0.3392]
Fine-tuning Navine AI Video:  84%|########4 | 2948/3500 [11:13<01:39,  5.53it/s, loss=0.3769]
Fine-tuning Navine AI Video:  84%|########4 | 2949/3500 [11:13<01:30,  6.06it/s, loss=0.3769]
Fine-tuning Navine AI Video:  84%|########4 | 2949/3500 [11:13<01:30,  6.06it/s, loss=0.3691]
Fine-tuning Navine AI Video:  84%|########4 | 2950/3500 [11:13<01:45,  5.24it/s, loss=0.3691]
Fine-tuning Navine AI Video:  84%|########4 | 2950/3500 [11:13<01:45,  5.24it/s, loss=0.2444]
Fine-tuning Navine AI Video:  84%|########4 | 2951/3500 [11:13<01:50,  4.96it/s, loss=0.2444]
Fine-tuning Navine AI Video:  84%|########4 | 2951/3500 [11:13<01:50,  4.96it/s, loss=0.0902]
Fine-tuning Navine AI Video:  84%|########4 | 2952/3500 [11:14<01:50,  4.96it/s, loss=0.4074]
Fine-tuning Navine AI Video:  84%|########4 | 2953/3500 [11:14<01:27,  6.28it/s, loss=0.4074]
Fine-tuning Navine AI Video:  84%|########4 | 2953/3500 [11:14<01:27,  6.28it/s, loss=0.3466]
Fine-tuning Navine AI Video:  84%|########4 | 2954/3500 [11:14<01:22,  6.62it/s, loss=0.3466]
Fine-tuning Navine AI Video:  84%|########4 | 2954/3500 [11:14<01:22,  6.62it/s, loss=0.3110]
Fine-tuning Navine AI Video:  84%|########4 | 2955/3500 [11:14<01:18,  6.92it/s, loss=0.3110]
Fine-tuning Navine AI Video:  84%|########4 | 2955/3500 [11:14<01:18,  6.92it/s, loss=0.3832]
Fine-tuning Navine AI Video:  84%|########4 | 2956/3500 [11:14<01:12,  7.52it/s, loss=0.3832]
Fine-tuning Navine AI Video:  84%|########4 | 2956/3500 [11:14<01:12,  7.52it/s, loss=0.3498]
Fine-tuning Navine AI Video:  84%|########4 | 2957/3500 [11:14<01:12,  7.45it/s, loss=0.3498]
Fine-tuning Navine AI Video:  84%|########4 | 2957/3500 [11:14<01:12,  7.45it/s, loss=0.3037]
Fine-tuning Navine AI Video:  85%|########4 | 2958/3500 [11:14<01:16,  7.11it/s, loss=0.3037]
Fine-tuning Navine AI Video:  85%|########4 | 2958/3500 [11:14<01:16,  7.11it/s, loss=0.5319]
Fine-tuning Navine AI Video:  85%|########4 | 2959/3500 [11:14<01:13,  7.35it/s, loss=0.5319]
Fine-tuning Navine AI Video:  85%|########4 | 2959/3500 [11:14<01:13,  7.35it/s, loss=0.3104]
Fine-tuning Navine AI Video:  85%|########4 | 2960/3500 [11:15<01:12,  7.43it/s, loss=0.3104]
Fine-tuning Navine AI Video:  85%|########4 | 2960/3500 [11:15<01:12,  7.43it/s, loss=0.3141]
Fine-tuning Navine AI Video:  85%|########4 | 2961/3500 [11:15<01:14,  7.27it/s, loss=0.3141]
Fine-tuning Navine AI Video:  85%|########4 | 2961/3500 [11:15<01:14,  7.27it/s, loss=0.5225]
Fine-tuning Navine AI Video:  85%|########4 | 2962/3500 [11:15<01:10,  7.60it/s, loss=0.5225]
Fine-tuning Navine AI Video:  85%|########4 | 2962/3500 [11:15<01:10,  7.60it/s, loss=0.3619]
Fine-tuning Navine AI Video:  85%|########4 | 2963/3500 [11:15<01:10,  7.60it/s, loss=0.3506]
Fine-tuning Navine AI Video:  85%|########4 | 2964/3500 [11:15<01:03,  8.49it/s, loss=0.3506]
Fine-tuning Navine AI Video:  85%|########4 | 2964/3500 [11:15<01:03,  8.49it/s, loss=0.3658]
Fine-tuning Navine AI Video:  85%|########4 | 2965/3500 [11:15<01:38,  5.45it/s, loss=0.3658]
Fine-tuning Navine AI Video:  85%|########4 | 2965/3500 [11:15<01:38,  5.45it/s, loss=0.3406]
Fine-tuning Navine AI Video:  85%|########4 | 2966/3500 [11:17<03:56,  2.26it/s, loss=0.3406]
Fine-tuning Navine AI Video:  85%|########4 | 2966/3500 [11:17<03:56,  2.26it/s, loss=0.4052]
Fine-tuning Navine AI Video:  85%|########4 | 2967/3500 [11:17<03:12,  2.77it/s, loss=0.4052]
Fine-tuning Navine AI Video:  85%|########4 | 2967/3500 [11:17<03:12,  2.77it/s, loss=0.3152]
Fine-tuning Navine AI Video:  85%|########4 | 2968/3500 [11:17<02:41,  3.30it/s, loss=0.3152]
Fine-tuning Navine AI Video:  85%|########4 | 2968/3500 [11:17<02:41,  3.30it/s, loss=0.3348]
Fine-tuning Navine AI Video:  85%|########4 | 2969/3500 [11:17<02:13,  3.98it/s, loss=0.3348]
Fine-tuning Navine AI Video:  85%|########4 | 2969/3500 [11:17<02:13,  3.98it/s, loss=0.4265]
Fine-tuning Navine AI Video:  85%|########4 | 2970/3500 [11:17<02:15,  3.91it/s, loss=0.4265]
Fine-tuning Navine AI Video:  85%|########4 | 2970/3500 [11:17<02:15,  3.91it/s, loss=0.2842]
Fine-tuning Navine AI Video:  85%|########4 | 2971/3500 [11:17<01:52,  4.71it/s, loss=0.2842]
Fine-tuning Navine AI Video:  85%|########4 | 2971/3500 [11:17<01:52,  4.71it/s, loss=0.3860]
Fine-tuning Navine AI Video:  85%|########4 | 2972/3500 [11:18<01:41,  5.19it/s, loss=0.3860]
Fine-tuning Navine AI Video:  85%|########4 | 2972/3500 [11:18<01:41,  5.19it/s, loss=0.2774]
Fine-tuning Navine AI Video:  85%|########4 | 2973/3500 [11:18<01:29,  5.88it/s, loss=0.2774]
Fine-tuning Navine AI Video:  85%|########4 | 2973/3500 [11:18<01:29,  5.88it/s, loss=0.3698]
Fine-tuning Navine AI Video:  85%|########4 | 2974/3500 [11:18<01:28,  5.97it/s, loss=0.3698]
Fine-tuning Navine AI Video:  85%|########4 | 2974/3500 [11:18<01:28,  5.97it/s, loss=0.2731]
Fine-tuning Navine AI Video:  85%|########5 | 2975/3500 [11:18<01:20,  6.54it/s, loss=0.2731]
Fine-tuning Navine AI Video:  85%|########5 | 2975/3500 [11:18<01:20,  6.54it/s, loss=0.3267]
Fine-tuning Navine AI Video:  85%|########5 | 2976/3500 [11:18<01:18,  6.68it/s, loss=0.3267]
Fine-tuning Navine AI Video:  85%|########5 | 2976/3500 [11:18<01:18,  6.68it/s, loss=0.5125]
Fine-tuning Navine AI Video:  85%|########5 | 2977/3500 [11:18<01:12,  7.24it/s, loss=0.5125]
Fine-tuning Navine AI Video:  85%|########5 | 2977/3500 [11:18<01:12,  7.24it/s, loss=0.3521]
Fine-tuning Navine AI Video:  85%|########5 | 2978/3500 [11:18<01:06,  7.83it/s, loss=0.3521]
Fine-tuning Navine AI Video:  85%|########5 | 2978/3500 [11:18<01:06,  7.83it/s, loss=0.3363]
Fine-tuning Navine AI Video:  85%|########5 | 2979/3500 [11:18<01:05,  7.93it/s, loss=0.3363]
Fine-tuning Navine AI Video:  85%|########5 | 2979/3500 [11:18<01:05,  7.93it/s, loss=0.4607]
Fine-tuning Navine AI Video:  85%|########5 | 2980/3500 [11:19<01:22,  6.33it/s, loss=0.4607]
Fine-tuning Navine AI Video:  85%|########5 | 2980/3500 [11:19<01:22,  6.33it/s, loss=0.1059]
Fine-tuning Navine AI Video:  85%|########5 | 2981/3500 [11:19<01:15,  6.88it/s, loss=0.1059]
Fine-tuning Navine AI Video:  85%|########5 | 2981/3500 [11:19<01:15,  6.88it/s, loss=0.3575]
Fine-tuning Navine AI Video:  85%|########5 | 2982/3500 [11:19<01:27,  5.93it/s, loss=0.3575]
Fine-tuning Navine AI Video:  85%|########5 | 2982/3500 [11:19<01:27,  5.93it/s, loss=0.1054]
Fine-tuning Navine AI Video:  85%|########5 | 2983/3500 [11:19<01:20,  6.39it/s, loss=0.1054]
Fine-tuning Navine AI Video:  85%|########5 | 2983/3500 [11:19<01:20,  6.39it/s, loss=0.3814]
Fine-tuning Navine AI Video:  85%|########5 | 2984/3500 [11:19<01:42,  5.03it/s, loss=0.3814]
Fine-tuning Navine AI Video:  85%|########5 | 2984/3500 [11:19<01:42,  5.03it/s, loss=0.3607]
Fine-tuning Navine AI Video:  85%|########5 | 2985/3500 [11:20<01:34,  5.45it/s, loss=0.3607]
Fine-tuning Navine AI Video:  85%|########5 | 2985/3500 [11:20<01:34,  5.45it/s, loss=0.1615]
Fine-tuning Navine AI Video:  85%|########5 | 2986/3500 [11:20<01:26,  5.91it/s, loss=0.1615]
Fine-tuning Navine AI Video:  85%|########5 | 2986/3500 [11:20<01:26,  5.91it/s, loss=0.1728]
Fine-tuning Navine AI Video:  85%|########5 | 2987/3500 [11:20<01:47,  4.76it/s, loss=0.1728]
Fine-tuning Navine AI Video:  85%|########5 | 2987/3500 [11:20<01:47,  4.76it/s, loss=0.0938]
Fine-tuning Navine AI Video:  85%|########5 | 2988/3500 [11:20<02:01,  4.21it/s, loss=0.0938]
Fine-tuning Navine AI Video:  85%|########5 | 2988/3500 [11:20<02:01,  4.21it/s, loss=0.0936]
Fine-tuning Navine AI Video:  85%|########5 | 2989/3500 [11:21<02:02,  4.18it/s, loss=0.0936]
Fine-tuning Navine AI Video:  85%|########5 | 2989/3500 [11:21<02:02,  4.18it/s, loss=0.2842]
Fine-tuning Navine AI Video:  85%|########5 | 2990/3500 [11:21<01:46,  4.80it/s, loss=0.2842]
Fine-tuning Navine AI Video:  85%|########5 | 2990/3500 [11:21<01:46,  4.80it/s, loss=0.3383]
Fine-tuning Navine AI Video:  85%|########5 | 2991/3500 [11:21<02:05,  4.05it/s, loss=0.3383]
Fine-tuning Navine AI Video:  85%|########5 | 2991/3500 [11:21<02:05,  4.05it/s, loss=0.4164]
Fine-tuning Navine AI Video:  85%|########5 | 2992/3500 [11:21<01:44,  4.84it/s, loss=0.4164]
Fine-tuning Navine AI Video:  85%|########5 | 2992/3500 [11:21<01:44,  4.84it/s, loss=0.5091]
Fine-tuning Navine AI Video:  86%|########5 | 2993/3500 [11:21<01:28,  5.71it/s, loss=0.5091]
Fine-tuning Navine AI Video:  86%|########5 | 2993/3500 [11:21<01:28,  5.71it/s, loss=0.3884]
Fine-tuning Navine AI Video:  86%|########5 | 2994/3500 [11:21<01:22,  6.14it/s, loss=0.3884]
Fine-tuning Navine AI Video:  86%|########5 | 2994/3500 [11:21<01:22,  6.14it/s, loss=0.5707]
Fine-tuning Navine AI Video:  86%|########5 | 2995/3500 [11:21<01:17,  6.50it/s, loss=0.5707]
Fine-tuning Navine AI Video:  86%|########5 | 2995/3500 [11:21<01:17,  6.50it/s, loss=0.5151]
Fine-tuning Navine AI Video:  86%|########5 | 2996/3500 [11:22<01:17,  6.50it/s, loss=0.2891]
Fine-tuning Navine AI Video:  86%|########5 | 2997/3500 [11:22<01:05,  7.66it/s, loss=0.2891]
Fine-tuning Navine AI Video:  86%|########5 | 2997/3500 [11:22<01:05,  7.66it/s, loss=0.3391]
Fine-tuning Navine AI Video:  86%|########5 | 2998/3500 [11:22<01:04,  7.74it/s, loss=0.3391]
Fine-tuning Navine AI Video:  86%|########5 | 2998/3500 [11:22<01:04,  7.74it/s, loss=0.3690]
Fine-tuning Navine AI Video:  86%|########5 | 2999/3500 [11:22<01:04,  7.73it/s, loss=0.3690]
Fine-tuning Navine AI Video:  86%|########5 | 2999/3500 [11:22<01:04,  7.73it/s, loss=0.3206]
Fine-tuning Navine AI Video:  86%|########5 | 3000/3500 [11:22<01:04,  7.73it/s, loss=0.3818]
Fine-tuning Navine AI Video:  86%|########5 | 3001/3500 [11:22<01:07,  7.45it/s, loss=0.3818]
Fine-tuning Navine AI Video:  86%|########5 | 3001/3500 [11:22<01:07,  7.45it/s, loss=0.3839]
Fine-tuning Navine AI Video:  86%|########5 | 3002/3500 [11:22<01:03,  7.90it/s, loss=0.3839]
Fine-tuning Navine AI Video:  86%|########5 | 3002/3500 [11:22<01:03,  7.90it/s, loss=0.3815]
Fine-tuning Navine AI Video:  86%|########5 | 3003/3500 [11:22<01:00,  8.24it/s, loss=0.3815]
Fine-tuning Navine AI Video:  86%|########5 | 3003/3500 [11:22<01:00,  8.24it/s, loss=0.3929]
Fine-tuning Navine AI Video:  86%|########5 | 3004/3500 [11:23<01:01,  8.00it/s, loss=0.3929]
Fine-tuning Navine AI Video:  86%|########5 | 3004/3500 [11:23<01:01,  8.00it/s, loss=0.5249]
Fine-tuning Navine AI Video:  86%|########5 | 3005/3500 [11:23<01:03,  7.80it/s, loss=0.5249]
Fine-tuning Navine AI Video:  86%|########5 | 3005/3500 [11:23<01:03,  7.80it/s, loss=0.3188]
Fine-tuning Navine AI Video:  86%|########5 | 3006/3500 [11:23<01:13,  6.73it/s, loss=0.3188]
Fine-tuning Navine AI Video:  86%|########5 | 3006/3500 [11:23<01:13,  6.73it/s, loss=0.0957]
Fine-tuning Navine AI Video:  86%|########5 | 3007/3500 [11:23<01:09,  7.14it/s, loss=0.0957]
Fine-tuning Navine AI Video:  86%|########5 | 3007/3500 [11:23<01:09,  7.14it/s, loss=0.3517]
Fine-tuning Navine AI Video:  86%|########5 | 3008/3500 [11:23<01:34,  5.20it/s, loss=0.3517]
Fine-tuning Navine AI Video:  86%|########5 | 3008/3500 [11:23<01:34,  5.20it/s, loss=0.3525]
Fine-tuning Navine AI Video:  86%|########5 | 3009/3500 [11:23<01:28,  5.55it/s, loss=0.3525]
Fine-tuning Navine AI Video:  86%|########5 | 3009/3500 [11:23<01:28,  5.55it/s, loss=0.3309]
Fine-tuning Navine AI Video:  86%|########6 | 3010/3500 [11:24<01:30,  5.43it/s, loss=0.3309]
Fine-tuning Navine AI Video:  86%|########6 | 3010/3500 [11:24<01:30,  5.43it/s, loss=0.1298]
Fine-tuning Navine AI Video:  86%|########6 | 3011/3500 [11:24<02:43,  3.00it/s, loss=0.1298]
Fine-tuning Navine AI Video:  86%|########6 | 3011/3500 [11:24<02:43,  3.00it/s, loss=0.3885]
Fine-tuning Navine AI Video:  86%|########6 | 3012/3500 [11:24<02:12,  3.68it/s, loss=0.3885]
Fine-tuning Navine AI Video:  86%|########6 | 3012/3500 [11:24<02:12,  3.68it/s, loss=0.3112]
Fine-tuning Navine AI Video:  86%|########6 | 3013/3500 [11:25<01:50,  4.39it/s, loss=0.3112]
Fine-tuning Navine AI Video:  86%|########6 | 3013/3500 [11:25<01:50,  4.39it/s, loss=0.3411]
Fine-tuning Navine AI Video:  86%|########6 | 3014/3500 [11:25<01:37,  4.97it/s, loss=0.3411]
Fine-tuning Navine AI Video:  86%|########6 | 3014/3500 [11:25<01:37,  4.97it/s, loss=0.3048]
Fine-tuning Navine AI Video:  86%|########6 | 3015/3500 [11:25<01:37,  4.97it/s, loss=0.3555]
Fine-tuning Navine AI Video:  86%|########6 | 3016/3500 [11:25<01:29,  5.44it/s, loss=0.3555]
Fine-tuning Navine AI Video:  86%|########6 | 3016/3500 [11:25<01:29,  5.44it/s, loss=0.3646]
Fine-tuning Navine AI Video:  86%|########6 | 3017/3500 [11:25<01:32,  5.23it/s, loss=0.3646]
Fine-tuning Navine AI Video:  86%|########6 | 3017/3500 [11:25<01:32,  5.23it/s, loss=0.2889]
Fine-tuning Navine AI Video:  86%|########6 | 3018/3500 [11:25<01:24,  5.67it/s, loss=0.2889]
Fine-tuning Navine AI Video:  86%|########6 | 3018/3500 [11:25<01:24,  5.67it/s, loss=0.3539]
Fine-tuning Navine AI Video:  86%|########6 | 3019/3500 [11:26<02:17,  3.49it/s, loss=0.3539]
Fine-tuning Navine AI Video:  86%|########6 | 3019/3500 [11:26<02:17,  3.49it/s, loss=0.3822]
Fine-tuning Navine AI Video:  86%|########6 | 3020/3500 [11:26<02:17,  3.49it/s, loss=0.3941]
Fine-tuning Navine AI Video:  86%|########6 | 3021/3500 [11:26<01:38,  4.88it/s, loss=0.3941]
Fine-tuning Navine AI Video:  86%|########6 | 3021/3500 [11:26<01:38,  4.88it/s, loss=0.3804]
Fine-tuning Navine AI Video:  86%|########6 | 3022/3500 [11:26<01:26,  5.50it/s, loss=0.3804]
Fine-tuning Navine AI Video:  86%|########6 | 3022/3500 [11:26<01:26,  5.50it/s, loss=0.3550]
Fine-tuning Navine AI Video:  86%|########6 | 3023/3500 [11:26<01:18,  6.04it/s, loss=0.3550]
Fine-tuning Navine AI Video:  86%|########6 | 3023/3500 [11:26<01:18,  6.04it/s, loss=0.3250]
Fine-tuning Navine AI Video:  86%|########6 | 3024/3500 [11:27<01:10,  6.71it/s, loss=0.3250]
Fine-tuning Navine AI Video:  86%|########6 | 3024/3500 [11:27<01:10,  6.71it/s, loss=0.4288]
Fine-tuning Navine AI Video:  86%|########6 | 3025/3500 [11:27<01:05,  7.25it/s, loss=0.4288]
Fine-tuning Navine AI Video:  86%|########6 | 3025/3500 [11:27<01:05,  7.25it/s, loss=0.3335]
Fine-tuning Navine AI Video:  86%|########6 | 3026/3500 [11:27<01:03,  7.45it/s, loss=0.3335]
Fine-tuning Navine AI Video:  86%|########6 | 3026/3500 [11:27<01:03,  7.45it/s, loss=0.3328]
Fine-tuning Navine AI Video:  86%|########6 | 3027/3500 [11:27<01:05,  7.28it/s, loss=0.3328]
Fine-tuning Navine AI Video:  86%|########6 | 3027/3500 [11:27<01:05,  7.28it/s, loss=0.3434]
Fine-tuning Navine AI Video:  87%|########6 | 3028/3500 [11:27<01:07,  7.03it/s, loss=0.3434]
Fine-tuning Navine AI Video:  87%|########6 | 3028/3500 [11:27<01:07,  7.03it/s, loss=0.3295]
Fine-tuning Navine AI Video:  87%|########6 | 3029/3500 [11:27<01:40,  4.68it/s, loss=0.3295]
Fine-tuning Navine AI Video:  87%|########6 | 3029/3500 [11:27<01:40,  4.68it/s, loss=0.4314]
Fine-tuning Navine AI Video:  87%|########6 | 3030/3500 [11:28<01:29,  5.27it/s, loss=0.4314]
Fine-tuning Navine AI Video:  87%|########6 | 3030/3500 [11:28<01:29,  5.27it/s, loss=0.3894]
Fine-tuning Navine AI Video:  87%|########6 | 3031/3500 [11:28<01:17,  6.08it/s, loss=0.3894]
Fine-tuning Navine AI Video:  87%|########6 | 3031/3500 [11:28<01:17,  6.08it/s, loss=0.3538]
Fine-tuning Navine AI Video:  87%|########6 | 3032/3500 [11:28<01:15,  6.22it/s, loss=0.3538]
Fine-tuning Navine AI Video:  87%|########6 | 3032/3500 [11:28<01:15,  6.22it/s, loss=0.2742]
Fine-tuning Navine AI Video:  87%|########6 | 3033/3500 [11:28<01:27,  5.31it/s, loss=0.2742]
Fine-tuning Navine AI Video:  87%|########6 | 3033/3500 [11:28<01:27,  5.31it/s, loss=0.1009]
Fine-tuning Navine AI Video:  87%|########6 | 3034/3500 [11:28<01:18,  5.91it/s, loss=0.1009]
Fine-tuning Navine AI Video:  87%|########6 | 3034/3500 [11:28<01:18,  5.91it/s, loss=0.3633]
Fine-tuning Navine AI Video:  87%|########6 | 3035/3500 [11:28<01:33,  4.99it/s, loss=0.3633]
Fine-tuning Navine AI Video:  87%|########6 | 3035/3500 [11:29<01:33,  4.99it/s, loss=0.3150]
Fine-tuning Navine AI Video:  87%|########6 | 3036/3500 [11:29<01:35,  4.88it/s, loss=0.3150]
Fine-tuning Navine AI Video:  87%|########6 | 3036/3500 [11:29<01:35,  4.88it/s, loss=0.3291]
Fine-tuning Navine AI Video:  87%|########6 | 3037/3500 [11:29<01:37,  4.74it/s, loss=0.3291]
Fine-tuning Navine AI Video:  87%|########6 | 3037/3500 [11:29<01:37,  4.74it/s, loss=0.3312]
Fine-tuning Navine AI Video:  87%|########6 | 3038/3500 [11:29<01:29,  5.18it/s, loss=0.3312]
Fine-tuning Navine AI Video:  87%|########6 | 3038/3500 [11:29<01:29,  5.18it/s, loss=0.5149]
Fine-tuning Navine AI Video:  87%|########6 | 3039/3500 [11:29<01:17,  5.98it/s, loss=0.5149]
Fine-tuning Navine AI Video:  87%|########6 | 3039/3500 [11:29<01:17,  5.98it/s, loss=0.3224]
Fine-tuning Navine AI Video:  87%|########6 | 3040/3500 [11:29<01:13,  6.28it/s, loss=0.3224]
Fine-tuning Navine AI Video:  87%|########6 | 3040/3500 [11:29<01:13,  6.28it/s, loss=0.5394]
Fine-tuning Navine AI Video:  87%|########6 | 3041/3500 [11:29<01:07,  6.75it/s, loss=0.5394]
Fine-tuning Navine AI Video:  87%|########6 | 3041/3500 [11:29<01:07,  6.75it/s, loss=0.3877]
Fine-tuning Navine AI Video:  87%|########6 | 3042/3500 [11:30<01:03,  7.25it/s, loss=0.3877]
Fine-tuning Navine AI Video:  87%|########6 | 3042/3500 [11:30<01:03,  7.25it/s, loss=0.5544]
Fine-tuning Navine AI Video:  87%|########6 | 3043/3500 [11:30<01:00,  7.61it/s, loss=0.5544]
Fine-tuning Navine AI Video:  87%|########6 | 3043/3500 [11:30<01:00,  7.61it/s, loss=0.3140]
Fine-tuning Navine AI Video:  87%|########6 | 3044/3500 [11:30<00:59,  7.61it/s, loss=0.4035]
Fine-tuning Navine AI Video:  87%|########7 | 3045/3500 [11:30<00:55,  8.16it/s, loss=0.4035]
Fine-tuning Navine AI Video:  87%|########7 | 3045/3500 [11:30<00:55,  8.16it/s, loss=0.5636]
Fine-tuning Navine AI Video:  87%|########7 | 3046/3500 [11:30<00:55,  8.22it/s, loss=0.5636]
Fine-tuning Navine AI Video:  87%|########7 | 3046/3500 [11:30<00:55,  8.22it/s, loss=0.4356]
Fine-tuning Navine AI Video:  87%|########7 | 3047/3500 [11:30<00:59,  7.66it/s, loss=0.4356]
Fine-tuning Navine AI Video:  87%|########7 | 3047/3500 [11:30<00:59,  7.66it/s, loss=0.4359]
Fine-tuning Navine AI Video:  87%|########7 | 3048/3500 [11:30<00:55,  8.18it/s, loss=0.4359]
Fine-tuning Navine AI Video:  87%|########7 | 3048/3500 [11:30<00:55,  8.18it/s, loss=0.4404]
Fine-tuning Navine AI Video:  87%|########7 | 3049/3500 [11:30<00:54,  8.22it/s, loss=0.4404]
Fine-tuning Navine AI Video:  87%|########7 | 3049/3500 [11:30<00:54,  8.22it/s, loss=0.3613]
Fine-tuning Navine AI Video:  87%|########7 | 3050/3500 [11:31<01:21,  5.50it/s, loss=0.3613]
Fine-tuning Navine AI Video:  87%|########7 | 3050/3500 [11:31<01:21,  5.50it/s, loss=0.4138]
Fine-tuning Navine AI Video:  87%|########7 | 3051/3500 [11:31<01:13,  6.10it/s, loss=0.4138]
Fine-tuning Navine AI Video:  87%|########7 | 3051/3500 [11:31<01:13,  6.10it/s, loss=0.4116]
Fine-tuning Navine AI Video:  87%|########7 | 3052/3500 [11:31<01:09,  6.48it/s, loss=0.4116]
Fine-tuning Navine AI Video:  87%|########7 | 3052/3500 [11:31<01:09,  6.48it/s, loss=0.2152]
Fine-tuning Navine AI Video:  87%|########7 | 3053/3500 [11:31<01:15,  5.96it/s, loss=0.2152]
Fine-tuning Navine AI Video:  87%|########7 | 3053/3500 [11:31<01:15,  5.96it/s, loss=0.5197]
Fine-tuning Navine AI Video:  87%|########7 | 3054/3500 [11:31<01:07,  6.58it/s, loss=0.5197]
Fine-tuning Navine AI Video:  87%|########7 | 3054/3500 [11:31<01:07,  6.58it/s, loss=0.3185]
Fine-tuning Navine AI Video:  87%|########7 | 3055/3500 [11:31<01:03,  6.98it/s, loss=0.3185]
Fine-tuning Navine AI Video:  87%|########7 | 3055/3500 [11:31<01:03,  6.98it/s, loss=0.3691]
Fine-tuning Navine AI Video:  87%|########7 | 3056/3500 [11:32<00:59,  7.50it/s, loss=0.3691]
Fine-tuning Navine AI Video:  87%|########7 | 3056/3500 [11:32<00:59,  7.50it/s, loss=0.3575]
Fine-tuning Navine AI Video:  87%|########7 | 3057/3500 [11:32<00:57,  7.69it/s, loss=0.3575]
Fine-tuning Navine AI Video:  87%|########7 | 3057/3500 [11:32<00:57,  7.69it/s, loss=0.3615]
Fine-tuning Navine AI Video:  87%|########7 | 3058/3500 [11:32<00:56,  7.81it/s, loss=0.3615]
Fine-tuning Navine AI Video:  87%|########7 | 3058/3500 [11:32<00:56,  7.81it/s, loss=0.2804]
Fine-tuning Navine AI Video:  87%|########7 | 3059/3500 [11:32<01:13,  5.97it/s, loss=0.2804]
Fine-tuning Navine AI Video:  87%|########7 | 3059/3500 [11:32<01:13,  5.97it/s, loss=0.3020]
Fine-tuning Navine AI Video:  87%|########7 | 3060/3500 [11:32<01:07,  6.49it/s, loss=0.3020]
Fine-tuning Navine AI Video:  87%|########7 | 3060/3500 [11:32<01:07,  6.49it/s, loss=0.3822]
Fine-tuning Navine AI Video:  87%|########7 | 3061/3500 [11:32<01:16,  5.70it/s, loss=0.3822]
Fine-tuning Navine AI Video:  87%|########7 | 3061/3500 [11:32<01:16,  5.70it/s, loss=0.0979]
Fine-tuning Navine AI Video:  87%|########7 | 3062/3500 [11:32<01:07,  6.50it/s, loss=0.0979]
Fine-tuning Navine AI Video:  87%|########7 | 3062/3500 [11:32<01:07,  6.50it/s, loss=0.3838]
Fine-tuning Navine AI Video:  88%|########7 | 3063/3500 [11:33<01:12,  6.00it/s, loss=0.3838]
Fine-tuning Navine AI Video:  88%|########7 | 3063/3500 [11:33<01:12,  6.00it/s, loss=0.0950]
Fine-tuning Navine AI Video:  88%|########7 | 3064/3500 [11:33<01:19,  5.48it/s, loss=0.0950]
Fine-tuning Navine AI Video:  88%|########7 | 3064/3500 [11:33<01:19,  5.48it/s, loss=0.2903]
Fine-tuning Navine AI Video:  88%|########7 | 3065/3500 [11:34<02:54,  2.49it/s, loss=0.2903]
Fine-tuning Navine AI Video:  88%|########7 | 3065/3500 [11:34<02:54,  2.49it/s, loss=0.4338]
Fine-tuning Navine AI Video:  88%|########7 | 3066/3500 [11:34<02:18,  3.12it/s, loss=0.4338]
Fine-tuning Navine AI Video:  88%|########7 | 3066/3500 [11:34<02:18,  3.12it/s, loss=0.3678]
Fine-tuning Navine AI Video:  88%|########7 | 3067/3500 [11:34<02:17,  3.14it/s, loss=0.3678]
Fine-tuning Navine AI Video:  88%|########7 | 3067/3500 [11:34<02:17,  3.14it/s, loss=0.1137]
Fine-tuning Navine AI Video:  88%|########7 | 3068/3500 [11:35<04:02,  1.78it/s, loss=0.1137]
Fine-tuning Navine AI Video:  88%|########7 | 3068/3500 [11:35<04:02,  1.78it/s, loss=0.4211]
Fine-tuning Navine AI Video:  88%|########7 | 3069/3500 [11:36<03:09,  2.28it/s, loss=0.4211]
Fine-tuning Navine AI Video:  88%|########7 | 3069/3500 [11:36<03:09,  2.28it/s, loss=0.3008]
Fine-tuning Navine AI Video:  88%|########7 | 3070/3500 [11:36<02:55,  2.45it/s, loss=0.3008]
Fine-tuning Navine AI Video:  88%|########7 | 3070/3500 [11:36<02:55,  2.45it/s, loss=0.4012]
Fine-tuning Navine AI Video:  88%|########7 | 3071/3500 [11:36<02:18,  3.10it/s, loss=0.4012]
Fine-tuning Navine AI Video:  88%|########7 | 3071/3500 [11:36<02:18,  3.10it/s, loss=0.3388]
Fine-tuning Navine AI Video:  88%|########7 | 3072/3500 [11:36<02:02,  3.51it/s, loss=0.3388]
Fine-tuning Navine AI Video:  88%|########7 | 3072/3500 [11:36<02:02,  3.51it/s, loss=0.4642]
Fine-tuning Navine AI Video:  88%|########7 | 3073/3500 [11:36<01:52,  3.78it/s, loss=0.4642]
Fine-tuning Navine AI Video:  88%|########7 | 3073/3500 [11:36<01:52,  3.78it/s, loss=0.1408]
Fine-tuning Navine AI Video:  88%|########7 | 3074/3500 [11:37<01:37,  4.38it/s, loss=0.1408]
Fine-tuning Navine AI Video:  88%|########7 | 3074/3500 [11:37<01:37,  4.38it/s, loss=0.3271]
Fine-tuning Navine AI Video:  88%|########7 | 3075/3500 [11:37<01:21,  5.24it/s, loss=0.3271]
Fine-tuning Navine AI Video:  88%|########7 | 3075/3500 [11:37<01:21,  5.24it/s, loss=0.3864]
Fine-tuning Navine AI Video:  88%|########7 | 3076/3500 [11:37<01:14,  5.66it/s, loss=0.3864]
Fine-tuning Navine AI Video:  88%|########7 | 3076/3500 [11:37<01:14,  5.66it/s, loss=0.2890]
Fine-tuning Navine AI Video:  88%|########7 | 3077/3500 [11:37<01:14,  5.66it/s, loss=0.3741]
Fine-tuning Navine AI Video:  88%|########7 | 3078/3500 [11:37<00:59,  7.06it/s, loss=0.3741]
Fine-tuning Navine AI Video:  88%|########7 | 3078/3500 [11:37<00:59,  7.06it/s, loss=0.3367]
Fine-tuning Navine AI Video:  88%|########7 | 3079/3500 [11:37<00:57,  7.34it/s, loss=0.3367]
Fine-tuning Navine AI Video:  88%|########7 | 3079/3500 [11:37<00:57,  7.34it/s, loss=0.3217]
Fine-tuning Navine AI Video:  88%|########8 | 3080/3500 [11:37<00:54,  7.74it/s, loss=0.3217]
Fine-tuning Navine AI Video:  88%|########8 | 3080/3500 [11:37<00:54,  7.74it/s, loss=0.3463]
Fine-tuning Navine AI Video:  88%|########8 | 3081/3500 [11:37<00:59,  7.03it/s, loss=0.3463]
Fine-tuning Navine AI Video:  88%|########8 | 3081/3500 [11:37<00:59,  7.03it/s, loss=0.5217]
Fine-tuning Navine AI Video:  88%|########8 | 3082/3500 [11:38<01:05,  6.41it/s, loss=0.5217]
Fine-tuning Navine AI Video:  88%|########8 | 3082/3500 [11:38<01:05,  6.41it/s, loss=0.0990]
Fine-tuning Navine AI Video:  88%|########8 | 3083/3500 [11:38<01:05,  6.41it/s, loss=0.3659]
Fine-tuning Navine AI Video:  88%|########8 | 3084/3500 [11:38<01:15,  5.52it/s, loss=0.3659]
Fine-tuning Navine AI Video:  88%|########8 | 3084/3500 [11:38<01:15,  5.52it/s, loss=0.4242]
Fine-tuning Navine AI Video:  88%|########8 | 3085/3500 [11:38<01:07,  6.14it/s, loss=0.4242]
Fine-tuning Navine AI Video:  88%|########8 | 3085/3500 [11:38<01:07,  6.14it/s, loss=0.3555]
Fine-tuning Navine AI Video:  88%|########8 | 3086/3500 [11:38<01:12,  5.74it/s, loss=0.3555]
Fine-tuning Navine AI Video:  88%|########8 | 3086/3500 [11:38<01:12,  5.74it/s, loss=0.0989]
Fine-tuning Navine AI Video:  88%|########8 | 3087/3500 [11:38<01:08,  6.02it/s, loss=0.0989]
Fine-tuning Navine AI Video:  88%|########8 | 3087/3500 [11:39<01:08,  6.02it/s, loss=0.3276]
Fine-tuning Navine AI Video:  88%|########8 | 3088/3500 [11:39<01:01,  6.65it/s, loss=0.3276]
Fine-tuning Navine AI Video:  88%|########8 | 3088/3500 [11:39<01:01,  6.65it/s, loss=0.3773]
Fine-tuning Navine AI Video:  88%|########8 | 3089/3500 [11:39<01:12,  5.71it/s, loss=0.3773]
Fine-tuning Navine AI Video:  88%|########8 | 3089/3500 [11:39<01:12,  5.71it/s, loss=0.2911]
Fine-tuning Navine AI Video:  88%|########8 | 3090/3500 [11:39<01:07,  6.11it/s, loss=0.2911]
Fine-tuning Navine AI Video:  88%|########8 | 3090/3500 [11:39<01:07,  6.11it/s, loss=0.3191]
Fine-tuning Navine AI Video:  88%|########8 | 3091/3500 [11:39<01:04,  6.37it/s, loss=0.3191]
Fine-tuning Navine AI Video:  88%|########8 | 3091/3500 [11:39<01:04,  6.37it/s, loss=0.3282]
Fine-tuning Navine AI Video:  88%|########8 | 3092/3500 [11:39<01:18,  5.17it/s, loss=0.3282]
Fine-tuning Navine AI Video:  88%|########8 | 3092/3500 [11:39<01:18,  5.17it/s, loss=0.3373]
Fine-tuning Navine AI Video:  88%|########8 | 3093/3500 [11:40<01:10,  5.79it/s, loss=0.3373]
Fine-tuning Navine AI Video:  88%|########8 | 3093/3500 [11:40<01:10,  5.79it/s, loss=0.3320]
Fine-tuning Navine AI Video:  88%|########8 | 3094/3500 [11:40<01:21,  5.01it/s, loss=0.3320]
Fine-tuning Navine AI Video:  88%|########8 | 3094/3500 [11:40<01:21,  5.01it/s, loss=0.1261]
Fine-tuning Navine AI Video:  88%|########8 | 3095/3500 [11:40<01:14,  5.42it/s, loss=0.1261]
Fine-tuning Navine AI Video:  88%|########8 | 3095/3500 [11:40<01:14,  5.42it/s, loss=0.3033]
Fine-tuning Navine AI Video:  88%|########8 | 3096/3500 [11:40<01:27,  4.61it/s, loss=0.3033]
Fine-tuning Navine AI Video:  88%|########8 | 3096/3500 [11:40<01:27,  4.61it/s, loss=0.1207]
Fine-tuning Navine AI Video:  88%|########8 | 3097/3500 [11:41<01:44,  3.86it/s, loss=0.1207]
Fine-tuning Navine AI Video:  88%|########8 | 3097/3500 [11:41<01:44,  3.86it/s, loss=0.3508]
Fine-tuning Navine AI Video:  89%|########8 | 3098/3500 [11:41<01:27,  4.60it/s, loss=0.3508]
Fine-tuning Navine AI Video:  89%|########8 | 3098/3500 [11:41<01:27,  4.60it/s, loss=0.5195]
Fine-tuning Navine AI Video:  89%|########8 | 3099/3500 [11:41<01:39,  4.04it/s, loss=0.5195]
Fine-tuning Navine AI Video:  89%|########8 | 3099/3500 [11:41<01:39,  4.04it/s, loss=0.2875]
Fine-tuning Navine AI Video:  89%|########8 | 3100/3500 [11:41<01:22,  4.84it/s, loss=0.2875]
Fine-tuning Navine AI Video:  89%|########8 | 3100/3500 [11:41<01:22,  4.84it/s, loss=0.3335]
Fine-tuning Navine AI Video:  89%|########8 | 3101/3500 [11:41<01:12,  5.50it/s, loss=0.3335]
Fine-tuning Navine AI Video:  89%|########8 | 3101/3500 [11:41<01:12,  5.50it/s, loss=0.3342]
Fine-tuning Navine AI Video:  89%|########8 | 3102/3500 [11:41<01:12,  5.50it/s, loss=0.3216]
Fine-tuning Navine AI Video:  89%|########8 | 3103/3500 [11:41<00:56,  6.98it/s, loss=0.3216]
Fine-tuning Navine AI Video:  89%|########8 | 3103/3500 [11:41<00:56,  6.98it/s, loss=0.3721]
Fine-tuning Navine AI Video:  89%|########8 | 3104/3500 [11:42<00:56,  6.95it/s, loss=0.3721]
Fine-tuning Navine AI Video:  89%|########8 | 3104/3500 [11:42<00:56,  6.95it/s, loss=0.3429]
Fine-tuning Navine AI Video:  89%|########8 | 3105/3500 [11:42<00:57,  6.92it/s, loss=0.3429]
Fine-tuning Navine AI Video:  89%|########8 | 3105/3500 [11:42<00:57,  6.92it/s, loss=0.2695]
Fine-tuning Navine AI Video:  89%|########8 | 3106/3500 [11:42<00:57,  6.83it/s, loss=0.2695]
Fine-tuning Navine AI Video:  89%|########8 | 3106/3500 [11:42<00:57,  6.83it/s, loss=0.3304]
Fine-tuning Navine AI Video:  89%|########8 | 3107/3500 [11:42<01:05,  6.02it/s, loss=0.3304]
Fine-tuning Navine AI Video:  89%|########8 | 3107/3500 [11:42<01:05,  6.02it/s, loss=0.0936]
Fine-tuning Navine AI Video:  89%|########8 | 3108/3500 [11:42<01:03,  6.21it/s, loss=0.0936]
Fine-tuning Navine AI Video:  89%|########8 | 3108/3500 [11:42<01:03,  6.21it/s, loss=0.3165]
Fine-tuning Navine AI Video:  89%|########8 | 3109/3500 [11:42<00:58,  6.71it/s, loss=0.3165]
Fine-tuning Navine AI Video:  89%|########8 | 3109/3500 [11:42<00:58,  6.71it/s, loss=0.2945]
Fine-tuning Navine AI Video:  89%|########8 | 3110/3500 [11:43<01:44,  3.72it/s, loss=0.2945]
Fine-tuning Navine AI Video:  89%|########8 | 3110/3500 [11:43<01:44,  3.72it/s, loss=0.4110]
Fine-tuning Navine AI Video:  89%|########8 | 3111/3500 [11:43<01:28,  4.40it/s, loss=0.4110]
Fine-tuning Navine AI Video:  89%|########8 | 3111/3500 [11:43<01:28,  4.40it/s, loss=0.3277]
Fine-tuning Navine AI Video:  89%|########8 | 3112/3500 [11:43<01:42,  3.80it/s, loss=0.3277]
Fine-tuning Navine AI Video:  89%|########8 | 3112/3500 [11:43<01:42,  3.80it/s, loss=0.3901]
Fine-tuning Navine AI Video:  89%|########8 | 3113/3500 [11:44<01:27,  4.43it/s, loss=0.3901]
Fine-tuning Navine AI Video:  89%|########8 | 3113/3500 [11:44<01:27,  4.43it/s, loss=0.4026]
Fine-tuning Navine AI Video:  89%|########8 | 3114/3500 [11:44<01:35,  4.03it/s, loss=0.4026]
Fine-tuning Navine AI Video:  89%|########8 | 3114/3500 [11:44<01:35,  4.03it/s, loss=0.3367]
Fine-tuning Navine AI Video:  89%|########9 | 3115/3500 [11:44<01:40,  3.85it/s, loss=0.3367]
Fine-tuning Navine AI Video:  89%|########9 | 3115/3500 [11:44<01:40,  3.85it/s, loss=0.3737]
Fine-tuning Navine AI Video:  89%|########9 | 3116/3500 [11:44<01:24,  4.57it/s, loss=0.3737]
Fine-tuning Navine AI Video:  89%|########9 | 3116/3500 [11:44<01:24,  4.57it/s, loss=0.3551]
Fine-tuning Navine AI Video:  89%|########9 | 3117/3500 [11:44<01:10,  5.41it/s, loss=0.3551]
Fine-tuning Navine AI Video:  89%|########9 | 3117/3500 [11:44<01:10,  5.41it/s, loss=0.3588]
Fine-tuning Navine AI Video:  89%|########9 | 3118/3500 [11:45<01:11,  5.33it/s, loss=0.3588]
Fine-tuning Navine AI Video:  89%|########9 | 3118/3500 [11:45<01:11,  5.33it/s, loss=0.0949]
Fine-tuning Navine AI Video:  89%|########9 | 3119/3500 [11:45<01:06,  5.69it/s, loss=0.0949]
Fine-tuning Navine AI Video:  89%|########9 | 3119/3500 [11:45<01:06,  5.69it/s, loss=0.3259]
Fine-tuning Navine AI Video:  89%|########9 | 3120/3500 [11:45<01:01,  6.14it/s, loss=0.3259]
Fine-tuning Navine AI Video:  89%|########9 | 3120/3500 [11:45<01:01,  6.14it/s, loss=0.3997]
Fine-tuning Navine AI Video:  89%|########9 | 3121/3500 [11:45<01:09,  5.48it/s, loss=0.3997]
Fine-tuning Navine AI Video:  89%|########9 | 3121/3500 [11:45<01:09,  5.48it/s, loss=0.2836]
Fine-tuning Navine AI Video:  89%|########9 | 3122/3500 [11:46<01:58,  3.20it/s, loss=0.2836]
Fine-tuning Navine AI Video:  89%|########9 | 3122/3500 [11:46<01:58,  3.20it/s, loss=0.4064]
Fine-tuning Navine AI Video:  89%|########9 | 3123/3500 [11:46<01:43,  3.65it/s, loss=0.4064]
Fine-tuning Navine AI Video:  89%|########9 | 3123/3500 [11:46<01:43,  3.65it/s, loss=0.5302]
Fine-tuning Navine AI Video:  89%|########9 | 3124/3500 [11:46<01:25,  4.39it/s, loss=0.5302]
Fine-tuning Navine AI Video:  89%|########9 | 3124/3500 [11:46<01:25,  4.39it/s, loss=0.3690]
Fine-tuning Navine AI Video:  89%|########9 | 3125/3500 [11:46<01:30,  4.12it/s, loss=0.3690]
Fine-tuning Navine AI Video:  89%|########9 | 3125/3500 [11:46<01:30,  4.12it/s, loss=0.3761]
Fine-tuning Navine AI Video:  89%|########9 | 3126/3500 [11:46<01:16,  4.90it/s, loss=0.3761]
Fine-tuning Navine AI Video:  89%|########9 | 3126/3500 [11:46<01:16,  4.90it/s, loss=0.2005]
Fine-tuning Navine AI Video:  89%|########9 | 3127/3500 [11:46<01:05,  5.72it/s, loss=0.2005]
Fine-tuning Navine AI Video:  89%|########9 | 3127/3500 [11:46<01:05,  5.72it/s, loss=0.3440]
Fine-tuning Navine AI Video:  89%|########9 | 3128/3500 [11:47<00:59,  6.28it/s, loss=0.3440]
Fine-tuning Navine AI Video:  89%|########9 | 3128/3500 [11:47<00:59,  6.28it/s, loss=0.4241]
Fine-tuning Navine AI Video:  89%|########9 | 3129/3500 [11:47<01:00,  6.14it/s, loss=0.4241]
Fine-tuning Navine AI Video:  89%|########9 | 3129/3500 [11:47<01:00,  6.14it/s, loss=0.5034]
Fine-tuning Navine AI Video:  89%|########9 | 3130/3500 [11:47<00:54,  6.82it/s, loss=0.5034]
Fine-tuning Navine AI Video:  89%|########9 | 3130/3500 [11:47<00:54,  6.82it/s, loss=0.4274]
Fine-tuning Navine AI Video:  89%|########9 | 3131/3500 [11:47<00:53,  6.93it/s, loss=0.4274]
Fine-tuning Navine AI Video:  89%|########9 | 3131/3500 [11:47<00:53,  6.93it/s, loss=0.5252]
Fine-tuning Navine AI Video:  89%|########9 | 3132/3500 [11:47<01:03,  5.80it/s, loss=0.5252]
Fine-tuning Navine AI Video:  89%|########9 | 3132/3500 [11:47<01:03,  5.80it/s, loss=0.2907]
Fine-tuning Navine AI Video:  90%|########9 | 3133/3500 [11:47<00:55,  6.60it/s, loss=0.2907]
Fine-tuning Navine AI Video:  90%|########9 | 3133/3500 [11:47<00:55,  6.60it/s, loss=0.3821]
Fine-tuning Navine AI Video:  90%|########9 | 3134/3500 [11:48<00:54,  6.70it/s, loss=0.3821]
Fine-tuning Navine AI Video:  90%|########9 | 3134/3500 [11:48<00:54,  6.70it/s, loss=0.2058]
Fine-tuning Navine AI Video:  90%|########9 | 3135/3500 [11:48<00:53,  6.87it/s, loss=0.2058]
Fine-tuning Navine AI Video:  90%|########9 | 3135/3500 [11:48<00:53,  6.87it/s, loss=0.4021]
Fine-tuning Navine AI Video:  90%|########9 | 3136/3500 [11:48<01:02,  5.81it/s, loss=0.4021]
Fine-tuning Navine AI Video:  90%|########9 | 3136/3500 [11:48<01:02,  5.81it/s, loss=0.3728]
Fine-tuning Navine AI Video:  90%|########9 | 3137/3500 [11:48<01:10,  5.16it/s, loss=0.3728]
Fine-tuning Navine AI Video:  90%|########9 | 3137/3500 [11:48<01:10,  5.16it/s, loss=0.5175]
Fine-tuning Navine AI Video:  90%|########9 | 3138/3500 [11:48<01:01,  5.87it/s, loss=0.5175]
Fine-tuning Navine AI Video:  90%|########9 | 3138/3500 [11:48<01:01,  5.87it/s, loss=0.3576]
Fine-tuning Navine AI Video:  90%|########9 | 3139/3500 [11:48<00:59,  6.08it/s, loss=0.3576]
Fine-tuning Navine AI Video:  90%|########9 | 3139/3500 [11:48<00:59,  6.08it/s, loss=0.2798]
Fine-tuning Navine AI Video:  90%|########9 | 3140/3500 [11:49<00:55,  6.46it/s, loss=0.2798]
Fine-tuning Navine AI Video:  90%|########9 | 3140/3500 [11:49<00:55,  6.46it/s, loss=0.3708]
Fine-tuning Navine AI Video:  90%|########9 | 3141/3500 [11:49<01:00,  5.92it/s, loss=0.3708]
Fine-tuning Navine AI Video:  90%|########9 | 3141/3500 [11:49<01:00,  5.92it/s, loss=0.4119]
Fine-tuning Navine AI Video:  90%|########9 | 3142/3500 [11:49<01:00,  5.92it/s, loss=0.3814]
Fine-tuning Navine AI Video:  90%|########9 | 3143/3500 [11:49<00:57,  6.18it/s, loss=0.3814]
Fine-tuning Navine AI Video:  90%|########9 | 3143/3500 [11:49<00:57,  6.18it/s, loss=0.3572]
Fine-tuning Navine AI Video:  90%|########9 | 3144/3500 [11:49<00:57,  6.18it/s, loss=0.3654]
Fine-tuning Navine AI Video:  90%|########9 | 3145/3500 [11:50<01:58,  2.98it/s, loss=0.3654]
Fine-tuning Navine AI Video:  90%|########9 | 3145/3500 [11:50<01:58,  2.98it/s, loss=0.3592]
Fine-tuning Navine AI Video:  90%|########9 | 3146/3500 [11:50<01:42,  3.47it/s, loss=0.3592]
Fine-tuning Navine AI Video:  90%|########9 | 3146/3500 [11:50<01:42,  3.47it/s, loss=0.3387]
Fine-tuning Navine AI Video:  90%|########9 | 3147/3500 [11:50<01:41,  3.47it/s, loss=0.3909]
Fine-tuning Navine AI Video:  90%|########9 | 3148/3500 [11:51<01:21,  4.34it/s, loss=0.3909]
Fine-tuning Navine AI Video:  90%|########9 | 3148/3500 [11:51<01:21,  4.34it/s, loss=0.5140]
Fine-tuning Navine AI Video:  90%|########9 | 3149/3500 [11:51<01:15,  4.68it/s, loss=0.5140]
Fine-tuning Navine AI Video:  90%|########9 | 3149/3500 [11:51<01:15,  4.68it/s, loss=0.1552]
Fine-tuning Navine AI Video:  90%|######### | 3150/3500 [11:51<01:06,  5.25it/s, loss=0.1552]
Fine-tuning Navine AI Video:  90%|######### | 3150/3500 [11:51<01:06,  5.25it/s, loss=0.3583]
Fine-tuning Navine AI Video:  90%|######### | 3151/3500 [11:52<02:36,  2.24it/s, loss=0.3583]
Fine-tuning Navine AI Video:  90%|######### | 3151/3500 [11:52<02:36,  2.24it/s, loss=0.3568]
Fine-tuning Navine AI Video:  90%|######### | 3152/3500 [11:52<02:18,  2.51it/s, loss=0.3568]
Fine-tuning Navine AI Video:  90%|######### | 3152/3500 [11:52<02:18,  2.51it/s, loss=0.2794]
Fine-tuning Navine AI Video:  90%|######### | 3153/3500 [11:53<02:07,  2.71it/s, loss=0.2794]
Fine-tuning Navine AI Video:  90%|######### | 3153/3500 [11:53<02:07,  2.71it/s, loss=0.1040]
Fine-tuning Navine AI Video:  90%|######### | 3154/3500 [11:53<01:45,  3.29it/s, loss=0.1040]
Fine-tuning Navine AI Video:  90%|######### | 3154/3500 [11:53<01:45,  3.29it/s, loss=0.4964]
Fine-tuning Navine AI Video:  90%|######### | 3155/3500 [11:53<01:30,  3.80it/s, loss=0.4964]
Fine-tuning Navine AI Video:  90%|######### | 3155/3500 [11:53<01:30,  3.80it/s, loss=0.1883]
Fine-tuning Navine AI Video:  90%|######### | 3156/3500 [11:53<01:20,  4.30it/s, loss=0.1883]
Fine-tuning Navine AI Video:  90%|######### | 3156/3500 [11:53<01:20,  4.30it/s, loss=0.5169]
Fine-tuning Navine AI Video:  90%|######### | 3157/3500 [11:53<01:09,  4.97it/s, loss=0.5169]
Fine-tuning Navine AI Video:  90%|######### | 3157/3500 [11:53<01:09,  4.97it/s, loss=0.4184]
Fine-tuning Navine AI Video:  90%|######### | 3158/3500 [11:53<01:11,  4.81it/s, loss=0.4184]
Fine-tuning Navine AI Video:  90%|######### | 3158/3500 [11:53<01:11,  4.81it/s, loss=0.0916]
Fine-tuning Navine AI Video:  90%|######### | 3159/3500 [11:54<01:02,  5.48it/s, loss=0.0916]
Fine-tuning Navine AI Video:  90%|######### | 3159/3500 [11:54<01:02,  5.48it/s, loss=0.3687]
Fine-tuning Navine AI Video:  90%|######### | 3160/3500 [11:54<01:48,  3.15it/s, loss=0.3687]
Fine-tuning Navine AI Video:  90%|######### | 3160/3500 [11:54<01:48,  3.15it/s, loss=0.3923]
Fine-tuning Navine AI Video:  90%|######### | 3161/3500 [11:55<01:46,  3.17it/s, loss=0.3923]
Fine-tuning Navine AI Video:  90%|######### | 3161/3500 [11:55<01:46,  3.17it/s, loss=0.2800]
Fine-tuning Navine AI Video:  90%|######### | 3162/3500 [11:55<01:39,  3.41it/s, loss=0.2800]
Fine-tuning Navine AI Video:  90%|######### | 3162/3500 [11:55<01:39,  3.41it/s, loss=0.0902]
Fine-tuning Navine AI Video:  90%|######### | 3163/3500 [11:55<01:28,  3.80it/s, loss=0.0902]
Fine-tuning Navine AI Video:  90%|######### | 3163/3500 [11:55<01:28,  3.80it/s, loss=0.6004]
Fine-tuning Navine AI Video:  90%|######### | 3164/3500 [11:55<01:14,  4.48it/s, loss=0.6004]
Fine-tuning Navine AI Video:  90%|######### | 3164/3500 [11:55<01:14,  4.48it/s, loss=0.3626]
Fine-tuning Navine AI Video:  90%|######### | 3165/3500 [11:55<01:29,  3.74it/s, loss=0.3626]
Fine-tuning Navine AI Video:  90%|######### | 3165/3500 [11:55<01:29,  3.74it/s, loss=0.3817]
Fine-tuning Navine AI Video:  90%|######### | 3166/3500 [11:56<01:19,  4.22it/s, loss=0.3817]
Fine-tuning Navine AI Video:  90%|######### | 3166/3500 [11:56<01:19,  4.22it/s, loss=0.4151]
Fine-tuning Navine AI Video:  90%|######### | 3167/3500 [11:56<01:27,  3.80it/s, loss=0.4151]
Fine-tuning Navine AI Video:  90%|######### | 3167/3500 [11:56<01:27,  3.80it/s, loss=0.3205]
Fine-tuning Navine AI Video:  91%|######### | 3168/3500 [11:56<01:11,  4.64it/s, loss=0.3205]
Fine-tuning Navine AI Video:  91%|######### | 3168/3500 [11:56<01:11,  4.64it/s, loss=0.3771]
Fine-tuning Navine AI Video:  91%|######### | 3169/3500 [11:56<01:08,  4.80it/s, loss=0.3771]
Fine-tuning Navine AI Video:  91%|######### | 3169/3500 [11:56<01:08,  4.80it/s, loss=0.5399]
Fine-tuning Navine AI Video:  91%|######### | 3170/3500 [11:56<01:00,  5.48it/s, loss=0.5399]
Fine-tuning Navine AI Video:  91%|######### | 3170/3500 [11:56<01:00,  5.48it/s, loss=0.3833]
Fine-tuning Navine AI Video:  91%|######### | 3171/3500 [11:57<00:53,  6.11it/s, loss=0.3833]
Fine-tuning Navine AI Video:  91%|######### | 3171/3500 [11:57<00:53,  6.11it/s, loss=0.3759]
Fine-tuning Navine AI Video:  91%|######### | 3172/3500 [11:57<00:49,  6.64it/s, loss=0.3759]
Fine-tuning Navine AI Video:  91%|######### | 3172/3500 [11:57<00:49,  6.64it/s, loss=0.3464]
Fine-tuning Navine AI Video:  91%|######### | 3173/3500 [11:57<01:00,  5.42it/s, loss=0.3464]
Fine-tuning Navine AI Video:  91%|######### | 3173/3500 [11:57<01:00,  5.42it/s, loss=0.0898]
Fine-tuning Navine AI Video:  91%|######### | 3174/3500 [11:57<01:02,  5.24it/s, loss=0.0898]
Fine-tuning Navine AI Video:  91%|######### | 3174/3500 [11:57<01:02,  5.24it/s, loss=0.3297]
Fine-tuning Navine AI Video:  91%|######### | 3175/3500 [11:57<00:55,  5.90it/s, loss=0.3297]
Fine-tuning Navine AI Video:  91%|######### | 3175/3500 [11:57<00:55,  5.90it/s, loss=0.3759]
Fine-tuning Navine AI Video:  91%|######### | 3176/3500 [11:57<00:59,  5.43it/s, loss=0.3759]
Fine-tuning Navine AI Video:  91%|######### | 3176/3500 [11:57<00:59,  5.43it/s, loss=0.3449]
Fine-tuning Navine AI Video:  91%|######### | 3177/3500 [11:58<00:51,  6.28it/s, loss=0.3449]
Fine-tuning Navine AI Video:  91%|######### | 3177/3500 [11:58<00:51,  6.28it/s, loss=0.3875]
Fine-tuning Navine AI Video:  91%|######### | 3178/3500 [11:58<02:01,  2.65it/s, loss=0.3875]
Fine-tuning Navine AI Video:  91%|######### | 3178/3500 [11:58<02:01,  2.65it/s, loss=0.3726]
Fine-tuning Navine AI Video:  91%|######### | 3179/3500 [11:59<01:47,  2.98it/s, loss=0.3726]
Fine-tuning Navine AI Video:  91%|######### | 3179/3500 [11:59<01:47,  2.98it/s, loss=0.3988]
Fine-tuning Navine AI Video:  91%|######### | 3180/3500 [11:59<01:26,  3.69it/s, loss=0.3988]
Fine-tuning Navine AI Video:  91%|######### | 3180/3500 [11:59<01:26,  3.69it/s, loss=0.3728]
Fine-tuning Navine AI Video:  91%|######### | 3181/3500 [11:59<01:24,  3.75it/s, loss=0.3728]
Fine-tuning Navine AI Video:  91%|######### | 3181/3500 [11:59<01:24,  3.75it/s, loss=0.0874]
Fine-tuning Navine AI Video:  91%|######### | 3182/3500 [11:59<01:15,  4.21it/s, loss=0.0874]
Fine-tuning Navine AI Video:  91%|######### | 3182/3500 [11:59<01:15,  4.21it/s, loss=0.3222]
Fine-tuning Navine AI Video:  91%|######### | 3183/3500 [11:59<01:03,  5.01it/s, loss=0.3222]
Fine-tuning Navine AI Video:  91%|######### | 3183/3500 [11:59<01:03,  5.01it/s, loss=0.2943]
Fine-tuning Navine AI Video:  91%|######### | 3184/3500 [11:59<00:54,  5.85it/s, loss=0.2943]
Fine-tuning Navine AI Video:  91%|######### | 3184/3500 [11:59<00:54,  5.85it/s, loss=0.3529]
Fine-tuning Navine AI Video:  91%|#########1| 3185/3500 [12:00<00:47,  6.66it/s, loss=0.3529]
Fine-tuning Navine AI Video:  91%|#########1| 3185/3500 [12:00<00:47,  6.66it/s, loss=0.3046]
Fine-tuning Navine AI Video:  91%|#########1| 3186/3500 [12:00<00:43,  7.20it/s, loss=0.3046]
Fine-tuning Navine AI Video:  91%|#########1| 3186/3500 [12:00<00:43,  7.20it/s, loss=0.3080]
Fine-tuning Navine AI Video:  91%|#########1| 3187/3500 [12:00<00:52,  5.92it/s, loss=0.3080]
Fine-tuning Navine AI Video:  91%|#########1| 3187/3500 [12:00<00:52,  5.92it/s, loss=0.1020]
Fine-tuning Navine AI Video:  91%|#########1| 3188/3500 [12:00<00:49,  6.34it/s, loss=0.1020]
Fine-tuning Navine AI Video:  91%|#########1| 3188/3500 [12:00<00:49,  6.34it/s, loss=0.2969]
Fine-tuning Navine AI Video:  91%|#########1| 3189/3500 [12:00<00:45,  6.91it/s, loss=0.2969]
Fine-tuning Navine AI Video:  91%|#########1| 3189/3500 [12:00<00:45,  6.91it/s, loss=0.3454]
Fine-tuning Navine AI Video:  91%|#########1| 3190/3500 [12:00<00:50,  6.09it/s, loss=0.3454]
Fine-tuning Navine AI Video:  91%|#########1| 3190/3500 [12:00<00:50,  6.09it/s, loss=0.2926]
Fine-tuning Navine AI Video:  91%|#########1| 3191/3500 [12:00<00:49,  6.19it/s, loss=0.2926]
Fine-tuning Navine AI Video:  91%|#########1| 3191/3500 [12:00<00:49,  6.19it/s, loss=0.3115]
Fine-tuning Navine AI Video:  91%|#########1| 3192/3500 [12:01<00:55,  5.50it/s, loss=0.3115]
Fine-tuning Navine AI Video:  91%|#########1| 3192/3500 [12:01<00:55,  5.50it/s, loss=0.1005]
Fine-tuning Navine AI Video:  91%|#########1| 3193/3500 [12:01<00:59,  5.18it/s, loss=0.1005]
Fine-tuning Navine AI Video:  91%|#########1| 3193/3500 [12:01<00:59,  5.18it/s, loss=0.3332]
Fine-tuning Navine AI Video:  91%|#########1| 3194/3500 [12:01<01:08,  4.45it/s, loss=0.3332]
Fine-tuning Navine AI Video:  91%|#########1| 3194/3500 [12:01<01:08,  4.45it/s, loss=0.4554]
Fine-tuning Navine AI Video:  91%|#########1| 3195/3500 [12:02<01:20,  3.77it/s, loss=0.4554]
Fine-tuning Navine AI Video:  91%|#########1| 3195/3500 [12:02<01:20,  3.77it/s, loss=0.4190]
Fine-tuning Navine AI Video:  91%|#########1| 3196/3500 [12:02<01:27,  3.45it/s, loss=0.4190]
Fine-tuning Navine AI Video:  91%|#########1| 3196/3500 [12:02<01:27,  3.45it/s, loss=0.3991]
Fine-tuning Navine AI Video:  91%|#########1| 3197/3500 [12:02<01:15,  4.03it/s, loss=0.3991]
Fine-tuning Navine AI Video:  91%|#########1| 3197/3500 [12:02<01:15,  4.03it/s, loss=0.6099]
Fine-tuning Navine AI Video:  91%|#########1| 3198/3500 [12:02<01:07,  4.45it/s, loss=0.6099]
Fine-tuning Navine AI Video:  91%|#########1| 3198/3500 [12:02<01:07,  4.45it/s, loss=0.4793]
Fine-tuning Navine AI Video:  91%|#########1| 3199/3500 [12:02<00:58,  5.13it/s, loss=0.4793]
Fine-tuning Navine AI Video:  91%|#########1| 3199/3500 [12:02<00:58,  5.13it/s, loss=0.4856]
Fine-tuning Navine AI Video:  91%|#########1| 3200/3500 [12:03<00:56,  5.34it/s, loss=0.4856]
Fine-tuning Navine AI Video:  91%|#########1| 3200/3500 [12:03<00:56,  5.34it/s, loss=0.4019]
Fine-tuning Navine AI Video:  91%|#########1| 3201/3500 [12:03<00:58,  5.09it/s, loss=0.4019]
Fine-tuning Navine AI Video:  91%|#########1| 3201/3500 [12:03<00:58,  5.09it/s, loss=0.3286]
Fine-tuning Navine AI Video:  91%|#########1| 3202/3500 [12:03<00:52,  5.68it/s, loss=0.3286]
Fine-tuning Navine AI Video:  91%|#########1| 3202/3500 [12:03<00:52,  5.68it/s, loss=0.3680]
Fine-tuning Navine AI Video:  92%|#########1| 3203/3500 [12:03<00:46,  6.36it/s, loss=0.3680]
Fine-tuning Navine AI Video:  92%|#########1| 3203/3500 [12:03<00:46,  6.36it/s, loss=0.3151]
Fine-tuning Navine AI Video:  92%|#########1| 3204/3500 [12:03<00:56,  5.20it/s, loss=0.3151]
Fine-tuning Navine AI Video:  92%|#########1| 3204/3500 [12:03<00:56,  5.20it/s, loss=0.3994]
Fine-tuning Navine AI Video:  92%|#########1| 3205/3500 [12:03<00:51,  5.74it/s, loss=0.3994]
Fine-tuning Navine AI Video:  92%|#########1| 3205/3500 [12:03<00:51,  5.74it/s, loss=0.3083]
Fine-tuning Navine AI Video:  92%|#########1| 3206/3500 [12:04<00:58,  5.05it/s, loss=0.3083]
Fine-tuning Navine AI Video:  92%|#########1| 3206/3500 [12:04<00:58,  5.05it/s, loss=0.2620]
Fine-tuning Navine AI Video:  92%|#########1| 3207/3500 [12:04<00:51,  5.69it/s, loss=0.2620]
Fine-tuning Navine AI Video:  92%|#########1| 3207/3500 [12:04<00:51,  5.69it/s, loss=0.3657]
Fine-tuning Navine AI Video:  92%|#########1| 3208/3500 [12:04<00:47,  6.21it/s, loss=0.3657]
Fine-tuning Navine AI Video:  92%|#########1| 3208/3500 [12:04<00:47,  6.21it/s, loss=0.3785]
Fine-tuning Navine AI Video:  92%|#########1| 3209/3500 [12:04<00:43,  6.71it/s, loss=0.3785]
Fine-tuning Navine AI Video:  92%|#########1| 3209/3500 [12:04<00:43,  6.71it/s, loss=0.3974]
Fine-tuning Navine AI Video:  92%|#########1| 3210/3500 [12:04<00:49,  5.89it/s, loss=0.3974]
Fine-tuning Navine AI Video:  92%|#########1| 3210/3500 [12:04<00:49,  5.89it/s, loss=0.3297]
Fine-tuning Navine AI Video:  92%|#########1| 3211/3500 [12:04<00:51,  5.62it/s, loss=0.3297]
Fine-tuning Navine AI Video:  92%|#########1| 3211/3500 [12:04<00:51,  5.62it/s, loss=0.0887]
Fine-tuning Navine AI Video:  92%|#########1| 3212/3500 [12:05<00:46,  6.26it/s, loss=0.0887]
Fine-tuning Navine AI Video:  92%|#########1| 3212/3500 [12:05<00:46,  6.26it/s, loss=0.3201]
Fine-tuning Navine AI Video:  92%|#########1| 3213/3500 [12:05<00:54,  5.27it/s, loss=0.3201]
Fine-tuning Navine AI Video:  92%|#########1| 3213/3500 [12:05<00:54,  5.27it/s, loss=0.4232]
Fine-tuning Navine AI Video:  92%|#########1| 3214/3500 [12:05<00:49,  5.75it/s, loss=0.4232]
Fine-tuning Navine AI Video:  92%|#########1| 3214/3500 [12:05<00:49,  5.75it/s, loss=0.3596]
Fine-tuning Navine AI Video:  92%|#########1| 3215/3500 [12:05<00:46,  6.17it/s, loss=0.3596]
Fine-tuning Navine AI Video:  92%|#########1| 3215/3500 [12:05<00:46,  6.17it/s, loss=0.3704]
Fine-tuning Navine AI Video:  92%|#########1| 3216/3500 [12:05<00:52,  5.43it/s, loss=0.3704]
Fine-tuning Navine AI Video:  92%|#########1| 3216/3500 [12:05<00:52,  5.43it/s, loss=0.3350]
Fine-tuning Navine AI Video:  92%|#########1| 3217/3500 [12:05<00:46,  6.09it/s, loss=0.3350]
Fine-tuning Navine AI Video:  92%|#########1| 3217/3500 [12:05<00:46,  6.09it/s, loss=0.3186]
Fine-tuning Navine AI Video:  92%|#########1| 3218/3500 [12:06<00:56,  5.00it/s, loss=0.3186]
Fine-tuning Navine AI Video:  92%|#########1| 3218/3500 [12:06<00:56,  5.00it/s, loss=0.3371]
Fine-tuning Navine AI Video:  92%|#########1| 3219/3500 [12:06<01:00,  4.65it/s, loss=0.3371]
Fine-tuning Navine AI Video:  92%|#########1| 3219/3500 [12:06<01:00,  4.65it/s, loss=0.0881]
Fine-tuning Navine AI Video:  92%|#########2| 3220/3500 [12:06<00:52,  5.34it/s, loss=0.0881]
Fine-tuning Navine AI Video:  92%|#########2| 3220/3500 [12:06<00:52,  5.34it/s, loss=0.3611]
Fine-tuning Navine AI Video:  92%|#########2| 3221/3500 [12:06<00:57,  4.87it/s, loss=0.3611]
Fine-tuning Navine AI Video:  92%|#########2| 3221/3500 [12:06<00:57,  4.87it/s, loss=0.3804]
Fine-tuning Navine AI Video:  92%|#########2| 3222/3500 [12:06<00:50,  5.54it/s, loss=0.3804]
Fine-tuning Navine AI Video:  92%|#########2| 3222/3500 [12:06<00:50,  5.54it/s, loss=0.4069]
Fine-tuning Navine AI Video:  92%|#########2| 3223/3500 [12:07<00:45,  6.11it/s, loss=0.4069]
Fine-tuning Navine AI Video:  92%|#########2| 3223/3500 [12:07<00:45,  6.11it/s, loss=0.2971]
Fine-tuning Navine AI Video:  92%|#########2| 3224/3500 [12:07<00:41,  6.63it/s, loss=0.2971]
Fine-tuning Navine AI Video:  92%|#########2| 3224/3500 [12:07<00:41,  6.63it/s, loss=0.3747]
Fine-tuning Navine AI Video:  92%|#########2| 3225/3500 [12:07<00:38,  7.06it/s, loss=0.3747]
Fine-tuning Navine AI Video:  92%|#########2| 3225/3500 [12:07<00:38,  7.06it/s, loss=0.3805]
Fine-tuning Navine AI Video:  92%|#########2| 3226/3500 [12:07<00:45,  5.97it/s, loss=0.3805]
Fine-tuning Navine AI Video:  92%|#########2| 3226/3500 [12:07<00:45,  5.97it/s, loss=0.1037]
Fine-tuning Navine AI Video:  92%|#########2| 3227/3500 [12:07<00:49,  5.50it/s, loss=0.1037]
Fine-tuning Navine AI Video:  92%|#########2| 3227/3500 [12:07<00:49,  5.50it/s, loss=0.3006]
Fine-tuning Navine AI Video:  92%|#########2| 3228/3500 [12:07<00:44,  6.12it/s, loss=0.3006]
Fine-tuning Navine AI Video:  92%|#########2| 3228/3500 [12:07<00:44,  6.12it/s, loss=0.3580]
Fine-tuning Navine AI Video:  92%|#########2| 3229/3500 [12:08<00:40,  6.66it/s, loss=0.3580]
Fine-tuning Navine AI Video:  92%|#########2| 3229/3500 [12:08<00:40,  6.66it/s, loss=0.3568]
Fine-tuning Navine AI Video:  92%|#########2| 3230/3500 [12:08<01:17,  3.48it/s, loss=0.3568]
Fine-tuning Navine AI Video:  92%|#########2| 3230/3500 [12:08<01:17,  3.48it/s, loss=0.3907]
Fine-tuning Navine AI Video:  92%|#########2| 3231/3500 [12:08<01:05,  4.13it/s, loss=0.3907]
Fine-tuning Navine AI Video:  92%|#########2| 3231/3500 [12:08<01:05,  4.13it/s, loss=0.3764]
Fine-tuning Navine AI Video:  92%|#########2| 3232/3500 [12:09<01:07,  3.99it/s, loss=0.3764]
Fine-tuning Navine AI Video:  92%|#########2| 3232/3500 [12:09<01:07,  3.99it/s, loss=0.2895]
Fine-tuning Navine AI Video:  92%|#########2| 3233/3500 [12:09<00:56,  4.76it/s, loss=0.2895]
Fine-tuning Navine AI Video:  92%|#########2| 3233/3500 [12:09<00:56,  4.76it/s, loss=0.3775]
Fine-tuning Navine AI Video:  92%|#########2| 3234/3500 [12:09<00:48,  5.48it/s, loss=0.3775]
Fine-tuning Navine AI Video:  92%|#########2| 3234/3500 [12:09<00:48,  5.48it/s, loss=0.3239]
Fine-tuning Navine AI Video:  92%|#########2| 3235/3500 [12:09<00:55,  4.78it/s, loss=0.3239]
Fine-tuning Navine AI Video:  92%|#########2| 3235/3500 [12:09<00:55,  4.78it/s, loss=0.0901]
Fine-tuning Navine AI Video:  92%|#########2| 3236/3500 [12:09<00:49,  5.35it/s, loss=0.0901]
Fine-tuning Navine AI Video:  92%|#########2| 3236/3500 [12:09<00:49,  5.35it/s, loss=0.3361]
Fine-tuning Navine AI Video:  92%|#########2| 3237/3500 [12:09<00:44,  5.86it/s, loss=0.3361]
Fine-tuning Navine AI Video:  92%|#########2| 3237/3500 [12:09<00:44,  5.86it/s, loss=0.3250]
Fine-tuning Navine AI Video:  93%|#########2| 3238/3500 [12:09<00:42,  6.10it/s, loss=0.3250]
Fine-tuning Navine AI Video:  93%|#########2| 3238/3500 [12:09<00:42,  6.10it/s, loss=0.5026]
Fine-tuning Navine AI Video:  93%|#########2| 3239/3500 [12:10<00:44,  5.84it/s, loss=0.5026]
Fine-tuning Navine AI Video:  93%|#########2| 3239/3500 [12:10<00:44,  5.84it/s, loss=0.2998]
Fine-tuning Navine AI Video:  93%|#########2| 3240/3500 [12:10<01:13,  3.54it/s, loss=0.2998]
Fine-tuning Navine AI Video:  93%|#########2| 3240/3500 [12:10<01:13,  3.54it/s, loss=0.3541]
Fine-tuning Navine AI Video:  93%|#########2| 3241/3500 [12:10<01:04,  4.04it/s, loss=0.3541]
Fine-tuning Navine AI Video:  93%|#########2| 3241/3500 [12:10<01:04,  4.04it/s, loss=0.3532]
Fine-tuning Navine AI Video:  93%|#########2| 3242/3500 [12:11<01:01,  4.23it/s, loss=0.3532]
Fine-tuning Navine AI Video:  93%|#########2| 3242/3500 [12:11<01:01,  4.23it/s, loss=0.0920]
Fine-tuning Navine AI Video:  93%|#########2| 3243/3500 [12:11<00:51,  5.01it/s, loss=0.0920]
Fine-tuning Navine AI Video:  93%|#########2| 3243/3500 [12:11<00:51,  5.01it/s, loss=0.3168]
Fine-tuning Navine AI Video:  93%|#########2| 3244/3500 [12:11<00:43,  5.84it/s, loss=0.3168]
Fine-tuning Navine AI Video:  93%|#########2| 3244/3500 [12:11<00:43,  5.84it/s, loss=0.3912]
Fine-tuning Navine AI Video:  93%|#########2| 3245/3500 [12:12<01:47,  2.36it/s, loss=0.3912]
Fine-tuning Navine AI Video:  93%|#########2| 3245/3500 [12:12<01:47,  2.36it/s, loss=0.4721]
Fine-tuning Navine AI Video:  93%|#########2| 3246/3500 [12:13<02:58,  1.42it/s, loss=0.4721]
Fine-tuning Navine AI Video:  93%|#########2| 3246/3500 [12:13<02:58,  1.42it/s, loss=0.4321]
Fine-tuning Navine AI Video:  93%|#########2| 3247/3500 [12:13<02:20,  1.81it/s, loss=0.4321]
Fine-tuning Navine AI Video:  93%|#########2| 3247/3500 [12:13<02:20,  1.81it/s, loss=0.5264]
Fine-tuning Navine AI Video:  93%|#########2| 3248/3500 [12:13<01:46,  2.37it/s, loss=0.5264]
Fine-tuning Navine AI Video:  93%|#########2| 3248/3500 [12:13<01:46,  2.37it/s, loss=0.2058]
Fine-tuning Navine AI Video:  93%|#########2| 3249/3500 [12:14<02:01,  2.06it/s, loss=0.2058]
Fine-tuning Navine AI Video:  93%|#########2| 3249/3500 [12:14<02:01,  2.06it/s, loss=0.3878]
Fine-tuning Navine AI Video:  93%|#########2| 3250/3500 [12:14<02:01,  2.06it/s, loss=0.3443]
Fine-tuning Navine AI Video:  93%|#########2| 3251/3500 [12:14<01:17,  3.20it/s, loss=0.3443]
Fine-tuning Navine AI Video:  93%|#########2| 3251/3500 [12:14<01:17,  3.20it/s, loss=0.2955]
Fine-tuning Navine AI Video:  93%|#########2| 3252/3500 [12:15<01:21,  3.05it/s, loss=0.2955]
Fine-tuning Navine AI Video:  93%|#########2| 3252/3500 [12:15<01:21,  3.05it/s, loss=0.3978]
Fine-tuning Navine AI Video:  93%|#########2| 3253/3500 [12:15<01:08,  3.60it/s, loss=0.3978]
Fine-tuning Navine AI Video:  93%|#########2| 3253/3500 [12:15<01:08,  3.60it/s, loss=0.2996]
Fine-tuning Navine AI Video:  93%|#########2| 3254/3500 [12:15<01:01,  4.00it/s, loss=0.2996]
Fine-tuning Navine AI Video:  93%|#########2| 3254/3500 [12:15<01:01,  4.00it/s, loss=0.2930]
Fine-tuning Navine AI Video:  93%|#########3| 3255/3500 [12:15<00:52,  4.65it/s, loss=0.2930]
Fine-tuning Navine AI Video:  93%|#########3| 3255/3500 [12:15<00:52,  4.65it/s, loss=0.3269]
Fine-tuning Navine AI Video:  93%|#########3| 3256/3500 [12:15<00:51,  4.76it/s, loss=0.3269]
Fine-tuning Navine AI Video:  93%|#########3| 3256/3500 [12:15<00:51,  4.76it/s, loss=0.3706]
Fine-tuning Navine AI Video:  93%|#########3| 3257/3500 [12:16<00:47,  5.13it/s, loss=0.3706]
Fine-tuning Navine AI Video:  93%|#########3| 3257/3500 [12:16<00:47,  5.13it/s, loss=0.3299]
Fine-tuning Navine AI Video:  93%|#########3| 3258/3500 [12:16<00:42,  5.76it/s, loss=0.3299]
Fine-tuning Navine AI Video:  93%|#########3| 3258/3500 [12:16<00:42,  5.76it/s, loss=0.3903]
Fine-tuning Navine AI Video:  93%|#########3| 3259/3500 [12:16<00:37,  6.46it/s, loss=0.3903]
Fine-tuning Navine AI Video:  93%|#########3| 3259/3500 [12:16<00:37,  6.46it/s, loss=0.3897]
Fine-tuning Navine AI Video:  93%|#########3| 3260/3500 [12:17<01:50,  2.18it/s, loss=0.3897]
Fine-tuning Navine AI Video:  93%|#########3| 3260/3500 [12:17<01:50,  2.18it/s, loss=0.4124]
Fine-tuning Navine AI Video:  93%|#########3| 3261/3500 [12:17<01:40,  2.38it/s, loss=0.4124]
Fine-tuning Navine AI Video:  93%|#########3| 3261/3500 [12:17<01:40,  2.38it/s, loss=0.3772]
Fine-tuning Navine AI Video:  93%|#########3| 3262/3500 [12:18<01:34,  2.52it/s, loss=0.3772]
Fine-tuning Navine AI Video:  93%|#########3| 3262/3500 [12:18<01:34,  2.52it/s, loss=0.3477]
Fine-tuning Navine AI Video:  93%|#########3| 3263/3500 [12:18<01:22,  2.87it/s, loss=0.3477]
Fine-tuning Navine AI Video:  93%|#########3| 3263/3500 [12:18<01:22,  2.87it/s, loss=0.2834]
Fine-tuning Navine AI Video:  93%|#########3| 3264/3500 [12:18<01:09,  3.40it/s, loss=0.2834]
Fine-tuning Navine AI Video:  93%|#########3| 3264/3500 [12:18<01:09,  3.40it/s, loss=0.3315]
Fine-tuning Navine AI Video:  93%|#########3| 3265/3500 [12:18<01:03,  3.70it/s, loss=0.3315]
Fine-tuning Navine AI Video:  93%|#########3| 3265/3500 [12:18<01:03,  3.70it/s, loss=0.2803]
Fine-tuning Navine AI Video:  93%|#########3| 3266/3500 [12:18<00:51,  4.51it/s, loss=0.2803]
Fine-tuning Navine AI Video:  93%|#########3| 3266/3500 [12:18<00:51,  4.51it/s, loss=0.3867]
Fine-tuning Navine AI Video:  93%|#########3| 3267/3500 [12:19<00:50,  4.65it/s, loss=0.3867]
Fine-tuning Navine AI Video:  93%|#########3| 3267/3500 [12:19<00:50,  4.65it/s, loss=0.3584]
Fine-tuning Navine AI Video:  93%|#########3| 3268/3500 [12:19<00:49,  4.65it/s, loss=0.4032]
Fine-tuning Navine AI Video:  93%|#########3| 3269/3500 [12:19<00:38,  6.05it/s, loss=0.4032]
Fine-tuning Navine AI Video:  93%|#########3| 3269/3500 [12:19<00:38,  6.05it/s, loss=0.4033]
Fine-tuning Navine AI Video:  93%|#########3| 3270/3500 [12:20<01:20,  2.87it/s, loss=0.4033]
Fine-tuning Navine AI Video:  93%|#########3| 3270/3500 [12:20<01:20,  2.87it/s, loss=0.4175]
Fine-tuning Navine AI Video:  93%|#########3| 3271/3500 [12:20<01:13,  3.13it/s, loss=0.4175]
Fine-tuning Navine AI Video:  93%|#########3| 3271/3500 [12:20<01:13,  3.13it/s, loss=0.2777]
Fine-tuning Navine AI Video:  93%|#########3| 3272/3500 [12:20<01:00,  3.75it/s, loss=0.2777]
Fine-tuning Navine AI Video:  93%|#########3| 3272/3500 [12:20<01:00,  3.75it/s, loss=0.5276]
Fine-tuning Navine AI Video:  94%|#########3| 3273/3500 [12:20<00:53,  4.28it/s, loss=0.5276]
Fine-tuning Navine AI Video:  94%|#########3| 3273/3500 [12:20<00:53,  4.28it/s, loss=0.2204]
Fine-tuning Navine AI Video:  94%|#########3| 3274/3500 [12:20<00:51,  4.42it/s, loss=0.2204]
Fine-tuning Navine AI Video:  94%|#########3| 3274/3500 [12:20<00:51,  4.42it/s, loss=0.0934]
Fine-tuning Navine AI Video:  94%|#########3| 3275/3500 [12:21<01:12,  3.08it/s, loss=0.0934]
Fine-tuning Navine AI Video:  94%|#########3| 3275/3500 [12:21<01:12,  3.08it/s, loss=0.3671]
Fine-tuning Navine AI Video:  94%|#########3| 3276/3500 [12:21<01:07,  3.31it/s, loss=0.3671]
Fine-tuning Navine AI Video:  94%|#########3| 3276/3500 [12:21<01:07,  3.31it/s, loss=0.3282]
Fine-tuning Navine AI Video:  94%|#########3| 3277/3500 [12:21<00:56,  3.97it/s, loss=0.3282]
Fine-tuning Navine AI Video:  94%|#########3| 3277/3500 [12:21<00:56,  3.97it/s, loss=0.3461]
Fine-tuning Navine AI Video:  94%|#########3| 3278/3500 [12:22<00:53,  4.18it/s, loss=0.3461]
Fine-tuning Navine AI Video:  94%|#########3| 3278/3500 [12:22<00:53,  4.18it/s, loss=0.1025]
Fine-tuning Navine AI Video:  94%|#########3| 3279/3500 [12:22<00:44,  4.92it/s, loss=0.1025]
Fine-tuning Navine AI Video:  94%|#########3| 3279/3500 [12:22<00:44,  4.92it/s, loss=0.5419]
Fine-tuning Navine AI Video:  94%|#########3| 3280/3500 [12:22<00:39,  5.63it/s, loss=0.5419]
Fine-tuning Navine AI Video:  94%|#########3| 3280/3500 [12:22<00:39,  5.63it/s, loss=0.3282]
Fine-tuning Navine AI Video:  94%|#########3| 3281/3500 [12:22<00:36,  6.02it/s, loss=0.3282]
Fine-tuning Navine AI Video:  94%|#########3| 3281/3500 [12:22<00:36,  6.02it/s, loss=0.3104]
Fine-tuning Navine AI Video:  94%|#########3| 3282/3500 [12:22<00:33,  6.49it/s, loss=0.3104]
Fine-tuning Navine AI Video:  94%|#########3| 3282/3500 [12:22<00:33,  6.49it/s, loss=0.3250]
Fine-tuning Navine AI Video:  94%|#########3| 3283/3500 [12:22<00:31,  6.85it/s, loss=0.3250]
Fine-tuning Navine AI Video:  94%|#########3| 3283/3500 [12:22<00:31,  6.85it/s, loss=0.4983]
Fine-tuning Navine AI Video:  94%|#########3| 3284/3500 [12:22<00:35,  6.10it/s, loss=0.4983]
Fine-tuning Navine AI Video:  94%|#########3| 3284/3500 [12:22<00:35,  6.10it/s, loss=0.0970]
Fine-tuning Navine AI Video:  94%|#########3| 3285/3500 [12:22<00:31,  6.78it/s, loss=0.0970]
Fine-tuning Navine AI Video:  94%|#########3| 3285/3500 [12:22<00:31,  6.78it/s, loss=0.3648]
Fine-tuning Navine AI Video:  94%|#########3| 3286/3500 [12:23<00:47,  4.49it/s, loss=0.3648]
Fine-tuning Navine AI Video:  94%|#########3| 3286/3500 [12:23<00:47,  4.49it/s, loss=0.3957]
Fine-tuning Navine AI Video:  94%|#########3| 3287/3500 [12:23<00:46,  4.58it/s, loss=0.3957]
Fine-tuning Navine AI Video:  94%|#########3| 3287/3500 [12:23<00:46,  4.58it/s, loss=0.3349]
Fine-tuning Navine AI Video:  94%|#########3| 3288/3500 [12:23<00:47,  4.46it/s, loss=0.3349]
Fine-tuning Navine AI Video:  94%|#########3| 3288/3500 [12:23<00:47,  4.46it/s, loss=0.0995]
Fine-tuning Navine AI Video:  94%|#########3| 3289/3500 [12:23<00:40,  5.26it/s, loss=0.0995]
Fine-tuning Navine AI Video:  94%|#########3| 3289/3500 [12:23<00:40,  5.26it/s, loss=0.1746]
Fine-tuning Navine AI Video:  94%|#########3| 3290/3500 [12:24<00:43,  4.78it/s, loss=0.1746]
Fine-tuning Navine AI Video:  94%|#########3| 3290/3500 [12:24<00:43,  4.78it/s, loss=0.1272]
Fine-tuning Navine AI Video:  94%|#########4| 3291/3500 [12:24<00:38,  5.38it/s, loss=0.1272]
Fine-tuning Navine AI Video:  94%|#########4| 3291/3500 [12:24<00:38,  5.38it/s, loss=0.3219]
Fine-tuning Navine AI Video:  94%|#########4| 3292/3500 [12:24<00:38,  5.38it/s, loss=0.3906]
Fine-tuning Navine AI Video:  94%|#########4| 3293/3500 [12:24<00:42,  4.89it/s, loss=0.3906]
Fine-tuning Navine AI Video:  94%|#########4| 3293/3500 [12:24<00:42,  4.89it/s, loss=0.3709]
Fine-tuning Navine AI Video:  94%|#########4| 3294/3500 [12:24<00:37,  5.49it/s, loss=0.3709]
Fine-tuning Navine AI Video:  94%|#########4| 3294/3500 [12:24<00:37,  5.49it/s, loss=0.3616]
Fine-tuning Navine AI Video:  94%|#########4| 3295/3500 [12:24<00:33,  6.05it/s, loss=0.3616]
Fine-tuning Navine AI Video:  94%|#########4| 3295/3500 [12:24<00:33,  6.05it/s, loss=0.3244]
Fine-tuning Navine AI Video:  94%|#########4| 3296/3500 [12:25<00:39,  5.18it/s, loss=0.3244]
Fine-tuning Navine AI Video:  94%|#########4| 3296/3500 [12:25<00:39,  5.18it/s, loss=0.2843]
Fine-tuning Navine AI Video:  94%|#########4| 3297/3500 [12:25<00:36,  5.61it/s, loss=0.2843]
Fine-tuning Navine AI Video:  94%|#########4| 3297/3500 [12:25<00:36,  5.61it/s, loss=0.5336]
Fine-tuning Navine AI Video:  94%|#########4| 3298/3500 [12:25<00:40,  4.94it/s, loss=0.5336]
Fine-tuning Navine AI Video:  94%|#########4| 3298/3500 [12:25<00:40,  4.94it/s, loss=0.3681]
Fine-tuning Navine AI Video:  94%|#########4| 3299/3500 [12:25<00:48,  4.16it/s, loss=0.3681]
Fine-tuning Navine AI Video:  94%|#########4| 3299/3500 [12:25<00:48,  4.16it/s, loss=0.3796]
Fine-tuning Navine AI Video:  94%|#########4| 3300/3500 [12:26<00:40,  4.98it/s, loss=0.3796]
Fine-tuning Navine AI Video:  94%|#########4| 3300/3500 [12:26<00:40,  4.98it/s, loss=0.3528]
Fine-tuning Navine AI Video:  94%|#########4| 3301/3500 [12:26<00:35,  5.65it/s, loss=0.3528]
Fine-tuning Navine AI Video:  94%|#########4| 3301/3500 [12:26<00:35,  5.65it/s, loss=0.3114]
Fine-tuning Navine AI Video:  94%|#########4| 3302/3500 [12:26<00:46,  4.30it/s, loss=0.3114]
Fine-tuning Navine AI Video:  94%|#########4| 3302/3500 [12:26<00:46,  4.30it/s, loss=0.4284]
Fine-tuning Navine AI Video:  94%|#########4| 3303/3500 [12:26<00:39,  5.02it/s, loss=0.4284]
Fine-tuning Navine AI Video:  94%|#########4| 3303/3500 [12:26<00:39,  5.02it/s, loss=0.3260]
Fine-tuning Navine AI Video:  94%|#########4| 3304/3500 [12:26<00:34,  5.64it/s, loss=0.3260]
Fine-tuning Navine AI Video:  94%|#########4| 3304/3500 [12:26<00:34,  5.64it/s, loss=0.3175]
Fine-tuning Navine AI Video:  94%|#########4| 3305/3500 [12:26<00:31,  6.22it/s, loss=0.3175]
Fine-tuning Navine AI Video:  94%|#########4| 3305/3500 [12:26<00:31,  6.22it/s, loss=0.3814]
Fine-tuning Navine AI Video:  94%|#########4| 3306/3500 [12:27<00:39,  4.86it/s, loss=0.3814]
Fine-tuning Navine AI Video:  94%|#########4| 3306/3500 [12:27<00:39,  4.86it/s, loss=0.3996]
Fine-tuning Navine AI Video:  94%|#########4| 3307/3500 [12:28<01:32,  2.09it/s, loss=0.3996]
Fine-tuning Navine AI Video:  94%|#########4| 3307/3500 [12:28<01:32,  2.09it/s, loss=0.4249]
Fine-tuning Navine AI Video:  95%|#########4| 3308/3500 [12:28<01:11,  2.68it/s, loss=0.4249]
Fine-tuning Navine AI Video:  95%|#########4| 3308/3500 [12:28<01:11,  2.68it/s, loss=0.4978]
Fine-tuning Navine AI Video:  95%|#########4| 3309/3500 [12:28<01:03,  3.03it/s, loss=0.4978]
Fine-tuning Navine AI Video:  95%|#########4| 3309/3500 [12:28<01:03,  3.03it/s, loss=0.1032]
Fine-tuning Navine AI Video:  95%|#########4| 3310/3500 [12:28<00:55,  3.40it/s, loss=0.1032]
Fine-tuning Navine AI Video:  95%|#########4| 3310/3500 [12:28<00:55,  3.40it/s, loss=0.3617]
Fine-tuning Navine AI Video:  95%|#########4| 3311/3500 [12:29<00:54,  3.45it/s, loss=0.3617]
Fine-tuning Navine AI Video:  95%|#########4| 3311/3500 [12:29<00:54,  3.45it/s, loss=0.2386]
Fine-tuning Navine AI Video:  95%|#########4| 3312/3500 [12:29<00:44,  4.19it/s, loss=0.2386]
Fine-tuning Navine AI Video:  95%|#########4| 3312/3500 [12:29<00:44,  4.19it/s, loss=0.3624]
Fine-tuning Navine AI Video:  95%|#########4| 3313/3500 [12:29<00:38,  4.90it/s, loss=0.3624]
Fine-tuning Navine AI Video:  95%|#########4| 3313/3500 [12:29<00:38,  4.90it/s, loss=0.3747]
Fine-tuning Navine AI Video:  95%|#########4| 3314/3500 [12:29<00:33,  5.52it/s, loss=0.3747]
Fine-tuning Navine AI Video:  95%|#########4| 3314/3500 [12:29<00:33,  5.52it/s, loss=0.3886]
Fine-tuning Navine AI Video:  95%|#########4| 3315/3500 [12:29<00:36,  5.01it/s, loss=0.3886]
Fine-tuning Navine AI Video:  95%|#########4| 3315/3500 [12:29<00:36,  5.01it/s, loss=0.0992]
Fine-tuning Navine AI Video:  95%|#########4| 3316/3500 [12:29<00:32,  5.75it/s, loss=0.0992]
Fine-tuning Navine AI Video:  95%|#########4| 3316/3500 [12:29<00:32,  5.75it/s, loss=0.3228]
Fine-tuning Navine AI Video:  95%|#########4| 3317/3500 [12:30<00:29,  6.10it/s, loss=0.3228]
Fine-tuning Navine AI Video:  95%|#########4| 3317/3500 [12:30<00:29,  6.10it/s, loss=0.2700]
Fine-tuning Navine AI Video:  95%|#########4| 3318/3500 [12:30<00:31,  5.73it/s, loss=0.2700]
Fine-tuning Navine AI Video:  95%|#########4| 3318/3500 [12:30<00:31,  5.73it/s, loss=0.0888]
Fine-tuning Navine AI Video:  95%|#########4| 3319/3500 [12:30<00:28,  6.46it/s, loss=0.0888]
Fine-tuning Navine AI Video:  95%|#########4| 3319/3500 [12:30<00:28,  6.46it/s, loss=0.3677]
Fine-tuning Navine AI Video:  95%|#########4| 3320/3500 [12:30<00:25,  6.97it/s, loss=0.3677]
Fine-tuning Navine AI Video:  95%|#########4| 3320/3500 [12:30<00:25,  6.97it/s, loss=0.3539]
Fine-tuning Navine AI Video:  95%|#########4| 3321/3500 [12:30<00:32,  5.47it/s, loss=0.3539]
Fine-tuning Navine AI Video:  95%|#########4| 3321/3500 [12:30<00:32,  5.47it/s, loss=0.3939]
Fine-tuning Navine AI Video:  95%|#########4| 3322/3500 [12:30<00:29,  6.12it/s, loss=0.3939]
Fine-tuning Navine AI Video:  95%|#########4| 3322/3500 [12:30<00:29,  6.12it/s, loss=0.3603]
Fine-tuning Navine AI Video:  95%|#########4| 3323/3500 [12:31<00:31,  5.68it/s, loss=0.3603]
Fine-tuning Navine AI Video:  95%|#########4| 3323/3500 [12:31<00:31,  5.68it/s, loss=0.3284]
Fine-tuning Navine AI Video:  95%|#########4| 3324/3500 [12:31<00:29,  6.06it/s, loss=0.3284]
Fine-tuning Navine AI Video:  95%|#########4| 3324/3500 [12:31<00:29,  6.06it/s, loss=0.4198]
Fine-tuning Navine AI Video:  95%|#########5| 3325/3500 [12:31<00:27,  6.34it/s, loss=0.4198]
Fine-tuning Navine AI Video:  95%|#########5| 3325/3500 [12:31<00:27,  6.34it/s, loss=0.1676]
Fine-tuning Navine AI Video:  95%|#########5| 3326/3500 [12:31<00:32,  5.36it/s, loss=0.1676]
Fine-tuning Navine AI Video:  95%|#########5| 3326/3500 [12:31<00:32,  5.36it/s, loss=0.3544]
Fine-tuning Navine AI Video:  95%|#########5| 3327/3500 [12:31<00:34,  4.98it/s, loss=0.3544]
Fine-tuning Navine AI Video:  95%|#########5| 3327/3500 [12:31<00:34,  4.98it/s, loss=0.2834]
Fine-tuning Navine AI Video:  95%|#########5| 3328/3500 [12:31<00:30,  5.65it/s, loss=0.2834]
Fine-tuning Navine AI Video:  95%|#########5| 3328/3500 [12:31<00:30,  5.65it/s, loss=0.3295]
Fine-tuning Navine AI Video:  95%|#########5| 3329/3500 [12:32<00:34,  4.96it/s, loss=0.3295]
Fine-tuning Navine AI Video:  95%|#########5| 3329/3500 [12:32<00:34,  4.96it/s, loss=0.4336]
Fine-tuning Navine AI Video:  95%|#########5| 3330/3500 [12:32<00:44,  3.84it/s, loss=0.4336]
Fine-tuning Navine AI Video:  95%|#########5| 3330/3500 [12:32<00:44,  3.84it/s, loss=0.4059]
Fine-tuning Navine AI Video:  95%|#########5| 3331/3500 [12:32<00:36,  4.61it/s, loss=0.4059]
Fine-tuning Navine AI Video:  95%|#########5| 3331/3500 [12:32<00:36,  4.61it/s, loss=0.3992]
Fine-tuning Navine AI Video:  95%|#########5| 3332/3500 [12:32<00:30,  5.47it/s, loss=0.3992]
Fine-tuning Navine AI Video:  95%|#########5| 3332/3500 [12:32<00:30,  5.47it/s, loss=0.4138]
Fine-tuning Navine AI Video:  95%|#########5| 3333/3500 [12:33<00:33,  5.03it/s, loss=0.4138]
Fine-tuning Navine AI Video:  95%|#########5| 3333/3500 [12:33<00:33,  5.03it/s, loss=0.3673]
Fine-tuning Navine AI Video:  95%|#########5| 3334/3500 [12:33<00:29,  5.64it/s, loss=0.3673]
Fine-tuning Navine AI Video:  95%|#########5| 3334/3500 [12:33<00:29,  5.64it/s, loss=0.5360]
Fine-tuning Navine AI Video:  95%|#########5| 3335/3500 [12:33<00:26,  6.20it/s, loss=0.5360]
Fine-tuning Navine AI Video:  95%|#########5| 3335/3500 [12:33<00:26,  6.20it/s, loss=0.2909]
Fine-tuning Navine AI Video:  95%|#########5| 3336/3500 [12:33<00:28,  5.76it/s, loss=0.2909]
Fine-tuning Navine AI Video:  95%|#########5| 3336/3500 [12:33<00:28,  5.76it/s, loss=0.3266]
Fine-tuning Navine AI Video:  95%|#########5| 3337/3500 [12:33<00:29,  5.53it/s, loss=0.3266]
Fine-tuning Navine AI Video:  95%|#########5| 3337/3500 [12:33<00:29,  5.53it/s, loss=0.5853]
Fine-tuning Navine AI Video:  95%|#########5| 3338/3500 [12:33<00:26,  6.11it/s, loss=0.5853]
Fine-tuning Navine AI Video:  95%|#########5| 3338/3500 [12:33<00:26,  6.11it/s, loss=0.3216]
Fine-tuning Navine AI Video:  95%|#########5| 3339/3500 [12:34<00:49,  3.26it/s, loss=0.3216]
Fine-tuning Navine AI Video:  95%|#########5| 3339/3500 [12:34<00:49,  3.26it/s, loss=0.3814]
Fine-tuning Navine AI Video:  95%|#########5| 3340/3500 [12:34<00:41,  3.84it/s, loss=0.3814]
Fine-tuning Navine AI Video:  95%|#########5| 3340/3500 [12:34<00:41,  3.84it/s, loss=0.5214]
Fine-tuning Navine AI Video:  95%|#########5| 3341/3500 [12:34<00:36,  4.39it/s, loss=0.5214]
Fine-tuning Navine AI Video:  95%|#########5| 3341/3500 [12:34<00:36,  4.39it/s, loss=0.5584]
Fine-tuning Navine AI Video:  95%|#########5| 3342/3500 [12:35<00:35,  4.44it/s, loss=0.5584]
Fine-tuning Navine AI Video:  95%|#########5| 3342/3500 [12:35<00:35,  4.44it/s, loss=0.3052]
Fine-tuning Navine AI Video:  96%|#########5| 3343/3500 [12:35<00:32,  4.85it/s, loss=0.3052]
Fine-tuning Navine AI Video:  96%|#########5| 3343/3500 [12:35<00:32,  4.85it/s, loss=0.2891]
Fine-tuning Navine AI Video:  96%|#########5| 3344/3500 [12:35<00:28,  5.57it/s, loss=0.2891]
Fine-tuning Navine AI Video:  96%|#########5| 3344/3500 [12:35<00:28,  5.57it/s, loss=0.3862]
Fine-tuning Navine AI Video:  96%|#########5| 3345/3500 [12:35<00:35,  4.35it/s, loss=0.3862]
Fine-tuning Navine AI Video:  96%|#########5| 3345/3500 [12:35<00:35,  4.35it/s, loss=0.3607]
Fine-tuning Navine AI Video:  96%|#########5| 3346/3500 [12:35<00:29,  5.22it/s, loss=0.3607]
Fine-tuning Navine AI Video:  96%|#########5| 3346/3500 [12:35<00:29,  5.22it/s, loss=0.4279]
Fine-tuning Navine AI Video:  96%|#########5| 3347/3500 [12:35<00:26,  5.70it/s, loss=0.4279]
Fine-tuning Navine AI Video:  96%|#########5| 3347/3500 [12:35<00:26,  5.70it/s, loss=0.2917]
Fine-tuning Navine AI Video:  96%|#########5| 3348/3500 [12:36<00:24,  6.25it/s, loss=0.2917]
Fine-tuning Navine AI Video:  96%|#########5| 3348/3500 [12:36<00:24,  6.25it/s, loss=0.1742]
Fine-tuning Navine AI Video:  96%|#########5| 3349/3500 [12:36<00:25,  5.83it/s, loss=0.1742]
Fine-tuning Navine AI Video:  96%|#########5| 3349/3500 [12:36<00:25,  5.83it/s, loss=0.2972]
Fine-tuning Navine AI Video:  96%|#########5| 3350/3500 [12:36<00:24,  6.17it/s, loss=0.2972]
Fine-tuning Navine AI Video:  96%|#########5| 3350/3500 [12:36<00:24,  6.17it/s, loss=0.3632]
Fine-tuning Navine AI Video:  96%|#########5| 3351/3500 [12:36<00:22,  6.77it/s, loss=0.3632]
Fine-tuning Navine AI Video:  96%|#########5| 3351/3500 [12:36<00:22,  6.77it/s, loss=0.3894]
Fine-tuning Navine AI Video:  96%|#########5| 3352/3500 [12:36<00:26,  5.49it/s, loss=0.3894]
Fine-tuning Navine AI Video:  96%|#########5| 3352/3500 [12:36<00:26,  5.49it/s, loss=0.0882]
Fine-tuning Navine AI Video:  96%|#########5| 3353/3500 [12:36<00:28,  5.08it/s, loss=0.0882]
Fine-tuning Navine AI Video:  96%|#########5| 3353/3500 [12:36<00:28,  5.08it/s, loss=0.0913]
Fine-tuning Navine AI Video:  96%|#########5| 3354/3500 [12:37<00:26,  5.60it/s, loss=0.0913]
Fine-tuning Navine AI Video:  96%|#########5| 3354/3500 [12:37<00:26,  5.60it/s, loss=0.3308]
Fine-tuning Navine AI Video:  96%|#########5| 3355/3500 [12:37<00:28,  5.16it/s, loss=0.3308]
Fine-tuning Navine AI Video:  96%|#########5| 3355/3500 [12:37<00:28,  5.16it/s, loss=0.4003]
Fine-tuning Navine AI Video:  96%|#########5| 3356/3500 [12:37<00:24,  5.95it/s, loss=0.4003]
Fine-tuning Navine AI Video:  96%|#########5| 3356/3500 [12:37<00:24,  5.95it/s, loss=0.3011]
Fine-tuning Navine AI Video:  96%|#########5| 3357/3500 [12:37<00:21,  6.51it/s, loss=0.3011]
Fine-tuning Navine AI Video:  96%|#########5| 3357/3500 [12:37<00:21,  6.51it/s, loss=0.1582]
Fine-tuning Navine AI Video:  96%|#########5| 3358/3500 [12:37<00:21,  6.76it/s, loss=0.1582]
Fine-tuning Navine AI Video:  96%|#########5| 3358/3500 [12:37<00:21,  6.76it/s, loss=0.3290]
Fine-tuning Navine AI Video:  96%|#########5| 3359/3500 [12:37<00:18,  7.45it/s, loss=0.3290]
Fine-tuning Navine AI Video:  96%|#########5| 3359/3500 [12:37<00:18,  7.45it/s, loss=0.3534]
Fine-tuning Navine AI Video:  96%|#########6| 3360/3500 [12:37<00:18,  7.72it/s, loss=0.3534]
Fine-tuning Navine AI Video:  96%|#########6| 3360/3500 [12:37<00:18,  7.72it/s, loss=0.3933]
Fine-tuning Navine AI Video:  96%|#########6| 3361/3500 [12:38<00:16,  8.27it/s, loss=0.3933]
Fine-tuning Navine AI Video:  96%|#########6| 3361/3500 [12:38<00:16,  8.27it/s, loss=0.3389]
Fine-tuning Navine AI Video:  96%|#########6| 3362/3500 [12:38<00:20,  6.77it/s, loss=0.3389]
Fine-tuning Navine AI Video:  96%|#########6| 3362/3500 [12:38<00:20,  6.77it/s, loss=0.2638]
Fine-tuning Navine AI Video:  96%|#########6| 3363/3500 [12:38<00:21,  6.25it/s, loss=0.2638]
Fine-tuning Navine AI Video:  96%|#########6| 3363/3500 [12:38<00:21,  6.25it/s, loss=0.3287]
Fine-tuning Navine AI Video:  96%|#########6| 3364/3500 [12:38<00:25,  5.27it/s, loss=0.3287]
Fine-tuning Navine AI Video:  96%|#########6| 3364/3500 [12:38<00:25,  5.27it/s, loss=0.3645]
Fine-tuning Navine AI Video:  96%|#########6| 3365/3500 [12:38<00:29,  4.60it/s, loss=0.3645]
Fine-tuning Navine AI Video:  96%|#########6| 3365/3500 [12:38<00:29,  4.60it/s, loss=0.2797]
Fine-tuning Navine AI Video:  96%|#########6| 3366/3500 [12:39<00:25,  5.36it/s, loss=0.2797]
Fine-tuning Navine AI Video:  96%|#########6| 3366/3500 [12:39<00:25,  5.36it/s, loss=0.3668]
Fine-tuning Navine AI Video:  96%|#########6| 3367/3500 [12:39<00:26,  5.04it/s, loss=0.3668]
Fine-tuning Navine AI Video:  96%|#########6| 3367/3500 [12:39<00:26,  5.04it/s, loss=0.2777]
Fine-tuning Navine AI Video:  96%|#########6| 3368/3500 [12:39<00:22,  5.79it/s, loss=0.2777]
Fine-tuning Navine AI Video:  96%|#########6| 3368/3500 [12:39<00:22,  5.79it/s, loss=0.3034]
Fine-tuning Navine AI Video:  96%|#########6| 3369/3500 [12:39<00:20,  6.44it/s, loss=0.3034]
Fine-tuning Navine AI Video:  96%|#########6| 3369/3500 [12:39<00:20,  6.44it/s, loss=0.5303]
Fine-tuning Navine AI Video:  96%|#########6| 3370/3500 [12:39<00:21,  5.96it/s, loss=0.5303]
Fine-tuning Navine AI Video:  96%|#########6| 3370/3500 [12:39<00:21,  5.96it/s, loss=0.3706]
Fine-tuning Navine AI Video:  96%|#########6| 3371/3500 [12:40<00:34,  3.73it/s, loss=0.3706]
Fine-tuning Navine AI Video:  96%|#########6| 3371/3500 [12:40<00:34,  3.73it/s, loss=0.4023]
Fine-tuning Navine AI Video:  96%|#########6| 3372/3500 [12:40<00:28,  4.41it/s, loss=0.4023]
Fine-tuning Navine AI Video:  96%|#########6| 3372/3500 [12:40<00:28,  4.41it/s, loss=0.3109]
Fine-tuning Navine AI Video:  96%|#########6| 3373/3500 [12:40<00:24,  5.23it/s, loss=0.3109]
Fine-tuning Navine AI Video:  96%|#########6| 3373/3500 [12:40<00:24,  5.23it/s, loss=0.3702]
Fine-tuning Navine AI Video:  96%|#########6| 3374/3500 [12:40<00:27,  4.55it/s, loss=0.3702]
Fine-tuning Navine AI Video:  96%|#########6| 3374/3500 [12:40<00:27,  4.55it/s, loss=0.0965]
Fine-tuning Navine AI Video:  96%|#########6| 3375/3500 [12:41<00:42,  2.92it/s, loss=0.0965]
Fine-tuning Navine AI Video:  96%|#########6| 3375/3500 [12:41<00:42,  2.92it/s, loss=0.3814]
Fine-tuning Navine AI Video:  96%|#########6| 3376/3500 [12:41<00:35,  3.53it/s, loss=0.3814]
Fine-tuning Navine AI Video:  96%|#########6| 3376/3500 [12:41<00:35,  3.53it/s, loss=0.3121]
Fine-tuning Navine AI Video:  96%|#########6| 3377/3500 [12:42<01:03,  1.94it/s, loss=0.3121]
Fine-tuning Navine AI Video:  96%|#########6| 3377/3500 [12:42<01:03,  1.94it/s, loss=0.4303]
Fine-tuning Navine AI Video:  97%|#########6| 3378/3500 [12:42<00:48,  2.50it/s, loss=0.4303]
Fine-tuning Navine AI Video:  97%|#########6| 3378/3500 [12:42<00:48,  2.50it/s, loss=0.3340]
Fine-tuning Navine AI Video:  97%|#########6| 3379/3500 [12:42<00:37,  3.19it/s, loss=0.3340]
Fine-tuning Navine AI Video:  97%|#########6| 3379/3500 [12:42<00:37,  3.19it/s, loss=0.3757]
Fine-tuning Navine AI Video:  97%|#########6| 3380/3500 [12:42<00:31,  3.78it/s, loss=0.3757]
Fine-tuning Navine AI Video:  97%|#########6| 3380/3500 [12:42<00:31,  3.78it/s, loss=0.2869]
Fine-tuning Navine AI Video:  97%|#########6| 3381/3500 [12:43<00:32,  3.62it/s, loss=0.2869]
Fine-tuning Navine AI Video:  97%|#########6| 3381/3500 [12:43<00:32,  3.62it/s, loss=0.3863]
Fine-tuning Navine AI Video:  97%|#########6| 3382/3500 [12:43<00:29,  3.98it/s, loss=0.3863]
Fine-tuning Navine AI Video:  97%|#########6| 3382/3500 [12:43<00:29,  3.98it/s, loss=0.0867]
Fine-tuning Navine AI Video:  97%|#########6| 3383/3500 [12:43<00:24,  4.68it/s, loss=0.0867]
Fine-tuning Navine AI Video:  97%|#########6| 3383/3500 [12:43<00:24,  4.68it/s, loss=0.4426]
Fine-tuning Navine AI Video:  97%|#########6| 3384/3500 [12:43<00:23,  4.85it/s, loss=0.4426]
Fine-tuning Navine AI Video:  97%|#########6| 3384/3500 [12:43<00:23,  4.85it/s, loss=0.2980]
Fine-tuning Navine AI Video:  97%|#########6| 3385/3500 [12:43<00:21,  5.35it/s, loss=0.2980]
Fine-tuning Navine AI Video:  97%|#########6| 3385/3500 [12:43<00:21,  5.35it/s, loss=0.2919]
Fine-tuning Navine AI Video:  97%|#########6| 3386/3500 [12:44<00:21,  5.25it/s, loss=0.2919]
Fine-tuning Navine AI Video:  97%|#########6| 3386/3500 [12:44<00:21,  5.25it/s, loss=0.3595]
Fine-tuning Navine AI Video:  97%|#########6| 3387/3500 [12:44<00:20,  5.62it/s, loss=0.3595]
Fine-tuning Navine AI Video:  97%|#########6| 3387/3500 [12:44<00:20,  5.62it/s, loss=0.4145]
Fine-tuning Navine AI Video:  97%|#########6| 3388/3500 [12:44<00:18,  6.17it/s, loss=0.4145]
Fine-tuning Navine AI Video:  97%|#########6| 3388/3500 [12:44<00:18,  6.17it/s, loss=0.3761]
Fine-tuning Navine AI Video:  97%|#########6| 3389/3500 [12:44<00:17,  6.52it/s, loss=0.3761]
Fine-tuning Navine AI Video:  97%|#########6| 3389/3500 [12:44<00:17,  6.52it/s, loss=0.2663]
Fine-tuning Navine AI Video:  97%|#########6| 3390/3500 [12:44<00:21,  5.16it/s, loss=0.2663]
Fine-tuning Navine AI Video:  97%|#########6| 3390/3500 [12:44<00:21,  5.16it/s, loss=0.4186]
Fine-tuning Navine AI Video:  97%|#########6| 3391/3500 [12:44<00:18,  6.00it/s, loss=0.4186]
Fine-tuning Navine AI Video:  97%|#########6| 3391/3500 [12:44<00:18,  6.00it/s, loss=0.3938]
Fine-tuning Navine AI Video:  97%|#########6| 3392/3500 [12:45<00:19,  5.56it/s, loss=0.3938]
Fine-tuning Navine AI Video:  97%|#########6| 3392/3500 [12:45<00:19,  5.56it/s, loss=0.2589]
Fine-tuning Navine AI Video:  97%|#########6| 3393/3500 [12:45<00:16,  6.30it/s, loss=0.2589]
Fine-tuning Navine AI Video:  97%|#########6| 3393/3500 [12:45<00:16,  6.30it/s, loss=0.4144]
Fine-tuning Navine AI Video:  97%|#########6| 3394/3500 [12:45<00:23,  4.58it/s, loss=0.4144]
Fine-tuning Navine AI Video:  97%|#########6| 3394/3500 [12:45<00:23,  4.58it/s, loss=0.4329]
Fine-tuning Navine AI Video:  97%|#########7| 3395/3500 [12:45<00:20,  5.05it/s, loss=0.4329]
Fine-tuning Navine AI Video:  97%|#########7| 3395/3500 [12:45<00:20,  5.05it/s, loss=0.3259]
Fine-tuning Navine AI Video:  97%|#########7| 3396/3500 [12:46<00:24,  4.27it/s, loss=0.3259]
Fine-tuning Navine AI Video:  97%|#########7| 3396/3500 [12:46<00:24,  4.27it/s, loss=0.3874]
Fine-tuning Navine AI Video:  97%|#########7| 3397/3500 [12:46<00:20,  4.93it/s, loss=0.3874]
Fine-tuning Navine AI Video:  97%|#########7| 3397/3500 [12:46<00:20,  4.93it/s, loss=0.3400]
Fine-tuning Navine AI Video:  97%|#########7| 3398/3500 [12:46<00:18,  5.61it/s, loss=0.3400]
Fine-tuning Navine AI Video:  97%|#########7| 3398/3500 [12:46<00:18,  5.61it/s, loss=0.3991]
Fine-tuning Navine AI Video:  97%|#########7| 3399/3500 [12:46<00:16,  6.26it/s, loss=0.3991]
Fine-tuning Navine AI Video:  97%|#########7| 3399/3500 [12:46<00:16,  6.26it/s, loss=0.3161]
Fine-tuning Navine AI Video:  97%|#########7| 3400/3500 [12:46<00:15,  6.53it/s, loss=0.3161]
Fine-tuning Navine AI Video:  97%|#########7| 3400/3500 [12:46<00:15,  6.53it/s, loss=0.1910]
Fine-tuning Navine AI Video:  97%|#########7| 3401/3500 [12:46<00:21,  4.65it/s, loss=0.1910]
Fine-tuning Navine AI Video:  97%|#########7| 3401/3500 [12:46<00:21,  4.65it/s, loss=0.3833]
Fine-tuning Navine AI Video:  97%|#########7| 3402/3500 [12:47<00:18,  5.32it/s, loss=0.3833]
Fine-tuning Navine AI Video:  97%|#########7| 3402/3500 [12:47<00:18,  5.32it/s, loss=0.3724]
Fine-tuning Navine AI Video:  97%|#########7| 3403/3500 [12:47<00:18,  5.32it/s, loss=0.3044]
Fine-tuning Navine AI Video:  97%|#########7| 3404/3500 [12:47<00:18,  5.27it/s, loss=0.3044]
Fine-tuning Navine AI Video:  97%|#########7| 3404/3500 [12:47<00:18,  5.27it/s, loss=0.4119]
Fine-tuning Navine AI Video:  97%|#########7| 3405/3500 [12:47<00:18,  5.13it/s, loss=0.4119]
Fine-tuning Navine AI Video:  97%|#########7| 3405/3500 [12:47<00:18,  5.13it/s, loss=0.4070]
Fine-tuning Navine AI Video:  97%|#########7| 3406/3500 [12:47<00:18,  4.99it/s, loss=0.4070]
Fine-tuning Navine AI Video:  97%|#########7| 3406/3500 [12:47<00:18,  4.99it/s, loss=0.1023]
Fine-tuning Navine AI Video:  97%|#########7| 3407/3500 [12:48<00:17,  5.46it/s, loss=0.1023]
Fine-tuning Navine AI Video:  97%|#########7| 3407/3500 [12:48<00:17,  5.46it/s, loss=0.3092]
Fine-tuning Navine AI Video:  97%|#########7| 3408/3500 [12:48<00:15,  6.02it/s, loss=0.3092]
Fine-tuning Navine AI Video:  97%|#########7| 3408/3500 [12:48<00:15,  6.02it/s, loss=0.3276]
Fine-tuning Navine AI Video:  97%|#########7| 3409/3500 [12:48<00:16,  5.58it/s, loss=0.3276]
Fine-tuning Navine AI Video:  97%|#########7| 3409/3500 [12:48<00:16,  5.58it/s, loss=0.2741]
Fine-tuning Navine AI Video:  97%|#########7| 3410/3500 [12:48<00:17,  5.28it/s, loss=0.2741]
Fine-tuning Navine AI Video:  97%|#########7| 3410/3500 [12:48<00:17,  5.28it/s, loss=0.0888]
Fine-tuning Navine AI Video:  97%|#########7| 3411/3500 [12:48<00:18,  4.87it/s, loss=0.0888]
Fine-tuning Navine AI Video:  97%|#########7| 3411/3500 [12:48<00:18,  4.87it/s, loss=0.0969]
Fine-tuning Navine AI Video:  97%|#########7| 3412/3500 [12:48<00:16,  5.45it/s, loss=0.0969]
Fine-tuning Navine AI Video:  97%|#########7| 3412/3500 [12:48<00:16,  5.45it/s, loss=0.3586]
Fine-tuning Navine AI Video:  98%|#########7| 3413/3500 [12:49<00:14,  5.84it/s, loss=0.3586]
Fine-tuning Navine AI Video:  98%|#########7| 3413/3500 [12:49<00:14,  5.84it/s, loss=0.6331]
Fine-tuning Navine AI Video:  98%|#########7| 3414/3500 [12:50<00:37,  2.27it/s, loss=0.6331]
Fine-tuning Navine AI Video:  98%|#########7| 3414/3500 [12:50<00:37,  2.27it/s, loss=0.4434]
Fine-tuning Navine AI Video:  98%|#########7| 3415/3500 [12:50<00:29,  2.87it/s, loss=0.4434]
Fine-tuning Navine AI Video:  98%|#########7| 3415/3500 [12:50<00:29,  2.87it/s, loss=0.4040]
Fine-tuning Navine AI Video:  98%|#########7| 3416/3500 [12:50<00:24,  3.46it/s, loss=0.4040]
Fine-tuning Navine AI Video:  98%|#########7| 3416/3500 [12:50<00:24,  3.46it/s, loss=0.4538]
Fine-tuning Navine AI Video:  98%|#########7| 3417/3500 [12:50<00:24,  3.45it/s, loss=0.4538]
Fine-tuning Navine AI Video:  98%|#########7| 3417/3500 [12:50<00:24,  3.45it/s, loss=0.2752]
Fine-tuning Navine AI Video:  98%|#########7| 3418/3500 [12:50<00:20,  4.09it/s, loss=0.2752]
Fine-tuning Navine AI Video:  98%|#########7| 3418/3500 [12:50<00:20,  4.09it/s, loss=0.4405]
Fine-tuning Navine AI Video:  98%|#########7| 3419/3500 [12:51<00:22,  3.55it/s, loss=0.4405]
Fine-tuning Navine AI Video:  98%|#########7| 3419/3500 [12:51<00:22,  3.55it/s, loss=0.3713]
Fine-tuning Navine AI Video:  98%|#########7| 3420/3500 [12:51<00:18,  4.24it/s, loss=0.3713]
Fine-tuning Navine AI Video:  98%|#########7| 3420/3500 [12:51<00:18,  4.24it/s, loss=0.3799]
Fine-tuning Navine AI Video:  98%|#########7| 3421/3500 [12:51<00:17,  4.58it/s, loss=0.3799]
Fine-tuning Navine AI Video:  98%|#########7| 3421/3500 [12:51<00:17,  4.58it/s, loss=0.4945]
Fine-tuning Navine AI Video:  98%|#########7| 3422/3500 [12:51<00:16,  4.81it/s, loss=0.4945]
Fine-tuning Navine AI Video:  98%|#########7| 3422/3500 [12:51<00:16,  4.81it/s, loss=0.5775]
Fine-tuning Navine AI Video:  98%|#########7| 3423/3500 [12:51<00:14,  5.43it/s, loss=0.5775]
Fine-tuning Navine AI Video:  98%|#########7| 3423/3500 [12:51<00:14,  5.43it/s, loss=0.3765]
Fine-tuning Navine AI Video:  98%|#########7| 3424/3500 [12:51<00:12,  6.04it/s, loss=0.3765]
Fine-tuning Navine AI Video:  98%|#########7| 3424/3500 [12:51<00:12,  6.04it/s, loss=0.2674]
Fine-tuning Navine AI Video:  98%|#########7| 3425/3500 [12:52<00:11,  6.43it/s, loss=0.2674]
Fine-tuning Navine AI Video:  98%|#########7| 3425/3500 [12:52<00:11,  6.43it/s, loss=0.3333]
Fine-tuning Navine AI Video:  98%|#########7| 3426/3500 [12:52<00:12,  5.72it/s, loss=0.3333]
Fine-tuning Navine AI Video:  98%|#########7| 3426/3500 [12:52<00:12,  5.72it/s, loss=0.0876]
Fine-tuning Navine AI Video:  98%|#########7| 3427/3500 [12:52<00:22,  3.29it/s, loss=0.0876]
Fine-tuning Navine AI Video:  98%|#########7| 3427/3500 [12:52<00:22,  3.29it/s, loss=0.3783]
Fine-tuning Navine AI Video:  98%|#########7| 3428/3500 [12:53<00:19,  3.77it/s, loss=0.3783]
Fine-tuning Navine AI Video:  98%|#########7| 3428/3500 [12:53<00:19,  3.77it/s, loss=0.2902]
Fine-tuning Navine AI Video:  98%|#########7| 3429/3500 [12:53<00:18,  3.92it/s, loss=0.2902]
Fine-tuning Navine AI Video:  98%|#########7| 3429/3500 [12:53<00:18,  3.92it/s, loss=0.2989]
Fine-tuning Navine AI Video:  98%|#########8| 3430/3500 [12:53<00:15,  4.66it/s, loss=0.2989]
Fine-tuning Navine AI Video:  98%|#########8| 3430/3500 [12:53<00:15,  4.66it/s, loss=0.3531]
Fine-tuning Navine AI Video:  98%|#########8| 3431/3500 [12:53<00:15,  4.42it/s, loss=0.3531]
Fine-tuning Navine AI Video:  98%|#########8| 3431/3500 [12:53<00:15,  4.42it/s, loss=0.2708]
Fine-tuning Navine AI Video:  98%|#########8| 3432/3500 [12:53<00:13,  5.17it/s, loss=0.2708]
Fine-tuning Navine AI Video:  98%|#########8| 3432/3500 [12:53<00:13,  5.17it/s, loss=0.4842]
Fine-tuning Navine AI Video:  98%|#########8| 3433/3500 [12:53<00:11,  5.98it/s, loss=0.4842]
Fine-tuning Navine AI Video:  98%|#########8| 3433/3500 [12:53<00:11,  5.98it/s, loss=0.3417]
Fine-tuning Navine AI Video:  98%|#########8| 3434/3500 [12:54<00:12,  5.44it/s, loss=0.3417]
Fine-tuning Navine AI Video:  98%|#########8| 3434/3500 [12:54<00:12,  5.44it/s, loss=0.3155]
Fine-tuning Navine AI Video:  98%|#########8| 3435/3500 [12:54<00:10,  6.28it/s, loss=0.3155]
Fine-tuning Navine AI Video:  98%|#########8| 3435/3500 [12:54<00:10,  6.28it/s, loss=0.3592]
Fine-tuning Navine AI Video:  98%|#########8| 3436/3500 [12:54<00:09,  6.77it/s, loss=0.3592]
Fine-tuning Navine AI Video:  98%|#########8| 3436/3500 [12:54<00:09,  6.77it/s, loss=0.2906]
Fine-tuning Navine AI Video:  98%|#########8| 3437/3500 [12:54<00:10,  5.95it/s, loss=0.2906]
Fine-tuning Navine AI Video:  98%|#########8| 3437/3500 [12:54<00:10,  5.95it/s, loss=0.3341]
Fine-tuning Navine AI Video:  98%|#########8| 3438/3500 [12:54<00:11,  5.21it/s, loss=0.3341]
Fine-tuning Navine AI Video:  98%|#########8| 3438/3500 [12:54<00:11,  5.21it/s, loss=0.3638]
Fine-tuning Navine AI Video:  98%|#########8| 3439/3500 [12:54<00:10,  6.05it/s, loss=0.3638]
Fine-tuning Navine AI Video:  98%|#########8| 3439/3500 [12:54<00:10,  6.05it/s, loss=0.3400]
Fine-tuning Navine AI Video:  98%|#########8| 3440/3500 [12:55<00:23,  2.59it/s, loss=0.3400]
Fine-tuning Navine AI Video:  98%|#########8| 3440/3500 [12:55<00:23,  2.59it/s, loss=0.4173]
Fine-tuning Navine AI Video:  98%|#########8| 3441/3500 [12:56<00:19,  3.02it/s, loss=0.4173]
Fine-tuning Navine AI Video:  98%|#########8| 3441/3500 [12:56<00:19,  3.02it/s, loss=0.3306]
Fine-tuning Navine AI Video:  98%|#########8| 3442/3500 [12:56<00:15,  3.71it/s, loss=0.3306]
Fine-tuning Navine AI Video:  98%|#########8| 3442/3500 [12:56<00:15,  3.71it/s, loss=0.3621]
Fine-tuning Navine AI Video:  98%|#########8| 3443/3500 [12:57<00:28,  1.97it/s, loss=0.3621]
Fine-tuning Navine AI Video:  98%|#########8| 3443/3500 [12:57<00:28,  1.97it/s, loss=0.3796]
Fine-tuning Navine AI Video:  98%|#########8| 3444/3500 [12:57<00:22,  2.51it/s, loss=0.3796]
Fine-tuning Navine AI Video:  98%|#########8| 3444/3500 [12:57<00:22,  2.51it/s, loss=0.5990]
Fine-tuning Navine AI Video:  98%|#########8| 3445/3500 [12:57<00:17,  3.17it/s, loss=0.5990]
Fine-tuning Navine AI Video:  98%|#########8| 3445/3500 [12:57<00:17,  3.17it/s, loss=0.3316]
Fine-tuning Navine AI Video:  98%|#########8| 3446/3500 [12:57<00:16,  3.32it/s, loss=0.3316]
Fine-tuning Navine AI Video:  98%|#########8| 3446/3500 [12:57<00:16,  3.32it/s, loss=0.3726]
Fine-tuning Navine AI Video:  98%|#########8| 3447/3500 [12:57<00:13,  4.00it/s, loss=0.3726]
Fine-tuning Navine AI Video:  98%|#########8| 3447/3500 [12:57<00:13,  4.00it/s, loss=0.3433]
Fine-tuning Navine AI Video:  99%|#########8| 3448/3500 [12:58<00:11,  4.73it/s, loss=0.3433]
Fine-tuning Navine AI Video:  99%|#########8| 3448/3500 [12:58<00:11,  4.73it/s, loss=0.3110]
Fine-tuning Navine AI Video:  99%|#########8| 3449/3500 [12:58<00:10,  4.74it/s, loss=0.3110]
Fine-tuning Navine AI Video:  99%|#########8| 3449/3500 [12:58<00:10,  4.74it/s, loss=0.5500]
Fine-tuning Navine AI Video:  99%|#########8| 3450/3500 [12:58<00:10,  4.64it/s, loss=0.5500]
Fine-tuning Navine AI Video:  99%|#########8| 3450/3500 [12:58<00:10,  4.64it/s, loss=0.0833]
Fine-tuning Navine AI Video:  99%|#########8| 3451/3500 [12:58<00:08,  5.45it/s, loss=0.0833]
Fine-tuning Navine AI Video:  99%|#########8| 3451/3500 [12:58<00:08,  5.45it/s, loss=0.3286]
Fine-tuning Navine AI Video:  99%|#########8| 3452/3500 [12:58<00:08,  5.52it/s, loss=0.3286]
Fine-tuning Navine AI Video:  99%|#########8| 3452/3500 [12:58<00:08,  5.52it/s, loss=0.2984]
Fine-tuning Navine AI Video:  99%|#########8| 3453/3500 [12:58<00:07,  6.21it/s, loss=0.2984]
Fine-tuning Navine AI Video:  99%|#########8| 3453/3500 [12:58<00:07,  6.21it/s, loss=0.3709]
Fine-tuning Navine AI Video:  99%|#########8| 3454/3500 [12:58<00:07,  6.21it/s, loss=0.3859]
Fine-tuning Navine AI Video:  99%|#########8| 3455/3500 [12:59<00:07,  5.84it/s, loss=0.3859]
Fine-tuning Navine AI Video:  99%|#########8| 3455/3500 [12:59<00:07,  5.84it/s, loss=0.3676]
Fine-tuning Navine AI Video:  99%|#########8| 3456/3500 [12:59<00:07,  6.13it/s, loss=0.3676]
Fine-tuning Navine AI Video:  99%|#########8| 3456/3500 [12:59<00:07,  6.13it/s, loss=0.3019]
Fine-tuning Navine AI Video:  99%|#########8| 3457/3500 [12:59<00:08,  4.79it/s, loss=0.3019]
Fine-tuning Navine AI Video:  99%|#########8| 3457/3500 [12:59<00:08,  4.79it/s, loss=0.3963]
Fine-tuning Navine AI Video:  99%|#########8| 3458/3500 [13:00<00:10,  4.07it/s, loss=0.3963]
Fine-tuning Navine AI Video:  99%|#########8| 3458/3500 [13:00<00:10,  4.07it/s, loss=0.4060]
Fine-tuning Navine AI Video:  99%|#########8| 3459/3500 [13:00<00:16,  2.47it/s, loss=0.4060]
Fine-tuning Navine AI Video:  99%|#########8| 3459/3500 [13:00<00:16,  2.47it/s, loss=0.3595]
Fine-tuning Navine AI Video:  99%|#########8| 3460/3500 [13:01<00:13,  2.94it/s, loss=0.3595]
Fine-tuning Navine AI Video:  99%|#########8| 3460/3500 [13:01<00:13,  2.94it/s, loss=0.4399]
Fine-tuning Navine AI Video:  99%|#########8| 3461/3500 [13:01<00:10,  3.61it/s, loss=0.4399]
Fine-tuning Navine AI Video:  99%|#########8| 3461/3500 [13:01<00:10,  3.61it/s, loss=0.3814]
Fine-tuning Navine AI Video:  99%|#########8| 3462/3500 [13:01<00:08,  4.25it/s, loss=0.3814]
Fine-tuning Navine AI Video:  99%|#########8| 3462/3500 [13:01<00:08,  4.25it/s, loss=0.3194]
Fine-tuning Navine AI Video:  99%|#########8| 3463/3500 [13:01<00:07,  4.96it/s, loss=0.3194]
Fine-tuning Navine AI Video:  99%|#########8| 3463/3500 [13:01<00:07,  4.96it/s, loss=0.3593]
Fine-tuning Navine AI Video:  99%|#########8| 3464/3500 [13:01<00:06,  5.54it/s, loss=0.3593]
Fine-tuning Navine AI Video:  99%|#########8| 3464/3500 [13:01<00:06,  5.54it/s, loss=0.4662]
Fine-tuning Navine AI Video:  99%|#########9| 3465/3500 [13:01<00:05,  6.19it/s, loss=0.4662]
Fine-tuning Navine AI Video:  99%|#########9| 3465/3500 [13:01<00:05,  6.19it/s, loss=0.3778]
Fine-tuning Navine AI Video:  99%|#########9| 3466/3500 [13:01<00:05,  6.67it/s, loss=0.3778]
Fine-tuning Navine AI Video:  99%|#########9| 3466/3500 [13:01<00:05,  6.67it/s, loss=0.5900]
Fine-tuning Navine AI Video:  99%|#########9| 3467/3500 [13:02<00:05,  5.61it/s, loss=0.5900]
Fine-tuning Navine AI Video:  99%|#########9| 3467/3500 [13:02<00:05,  5.61it/s, loss=0.4432]
Fine-tuning Navine AI Video:  99%|#########9| 3468/3500 [13:02<00:06,  4.68it/s, loss=0.4432]
Fine-tuning Navine AI Video:  99%|#########9| 3468/3500 [13:02<00:06,  4.68it/s, loss=0.2750]
Fine-tuning Navine AI Video:  99%|#########9| 3469/3500 [13:02<00:05,  5.39it/s, loss=0.2750]
Fine-tuning Navine AI Video:  99%|#########9| 3469/3500 [13:02<00:05,  5.39it/s, loss=0.5516]
Fine-tuning Navine AI Video:  99%|#########9| 3470/3500 [13:02<00:06,  4.82it/s, loss=0.5516]
Fine-tuning Navine AI Video:  99%|#########9| 3470/3500 [13:02<00:06,  4.82it/s, loss=0.3606]
Fine-tuning Navine AI Video:  99%|#########9| 3471/3500 [13:02<00:06,  4.63it/s, loss=0.3606]
Fine-tuning Navine AI Video:  99%|#########9| 3471/3500 [13:02<00:06,  4.63it/s, loss=0.3971]
Fine-tuning Navine AI Video:  99%|#########9| 3472/3500 [13:03<00:06,  4.32it/s, loss=0.3971]
Fine-tuning Navine AI Video:  99%|#########9| 3472/3500 [13:03<00:06,  4.32it/s, loss=0.0948]
Fine-tuning Navine AI Video:  99%|#########9| 3473/3500 [13:03<00:08,  3.13it/s, loss=0.0948]
Fine-tuning Navine AI Video:  99%|#########9| 3473/3500 [13:03<00:08,  3.13it/s, loss=0.3928]
Fine-tuning Navine AI Video:  99%|#########9| 3474/3500 [13:03<00:06,  3.81it/s, loss=0.3928]
Fine-tuning Navine AI Video:  99%|#########9| 3474/3500 [13:03<00:06,  3.81it/s, loss=0.3304]
Fine-tuning Navine AI Video:  99%|#########9| 3475/3500 [13:04<00:07,  3.51it/s, loss=0.3304]
Fine-tuning Navine AI Video:  99%|#########9| 3475/3500 [13:04<00:07,  3.51it/s, loss=0.3827]
Fine-tuning Navine AI Video:  99%|#########9| 3476/3500 [13:04<00:06,  3.84it/s, loss=0.3827]
Fine-tuning Navine AI Video:  99%|#########9| 3476/3500 [13:04<00:06,  3.84it/s, loss=0.3735]
Fine-tuning Navine AI Video:  99%|#########9| 3477/3500 [13:04<00:05,  4.44it/s, loss=0.3735]
Fine-tuning Navine AI Video:  99%|#########9| 3477/3500 [13:04<00:05,  4.44it/s, loss=0.3247]
Fine-tuning Navine AI Video:  99%|#########9| 3478/3500 [13:04<00:05,  4.33it/s, loss=0.3247]
Fine-tuning Navine AI Video:  99%|#########9| 3478/3500 [13:04<00:05,  4.33it/s, loss=0.2912]
Fine-tuning Navine AI Video:  99%|#########9| 3479/3500 [13:05<00:07,  2.76it/s, loss=0.2912]
Fine-tuning Navine AI Video:  99%|#########9| 3479/3500 [13:05<00:07,  2.76it/s, loss=0.3738]
Fine-tuning Navine AI Video:  99%|#########9| 3480/3500 [13:05<00:05,  3.47it/s, loss=0.3738]
Fine-tuning Navine AI Video:  99%|#########9| 3480/3500 [13:05<00:05,  3.47it/s, loss=0.3575]
Fine-tuning Navine AI Video:  99%|#########9| 3481/3500 [13:05<00:04,  4.14it/s, loss=0.3575]
Fine-tuning Navine AI Video:  99%|#########9| 3481/3500 [13:05<00:04,  4.14it/s, loss=0.4383]
Fine-tuning Navine AI Video:  99%|#########9| 3482/3500 [13:05<00:03,  4.97it/s, loss=0.4383]
Fine-tuning Navine AI Video:  99%|#########9| 3482/3500 [13:05<00:03,  4.97it/s, loss=0.3117]
Fine-tuning Navine AI Video: 100%|#########9| 3483/3500 [13:06<00:03,  4.51it/s, loss=0.3117]
Fine-tuning Navine AI Video: 100%|#########9| 3483/3500 [13:06<00:03,  4.51it/s, loss=0.3968]
Fine-tuning Navine AI Video: 100%|#########9| 3484/3500 [13:07<00:07,  2.27it/s, loss=0.3968]
Fine-tuning Navine AI Video: 100%|#########9| 3484/3500 [13:07<00:07,  2.27it/s, loss=0.4350]
Fine-tuning Navine AI Video: 100%|#########9| 3485/3500 [13:07<00:05,  2.90it/s, loss=0.4350]
Fine-tuning Navine AI Video: 100%|#########9| 3485/3500 [13:07<00:05,  2.90it/s, loss=0.3035]
Fine-tuning Navine AI Video: 100%|#########9| 3486/3500 [13:07<00:03,  3.52it/s, loss=0.3035]
Fine-tuning Navine AI Video: 100%|#########9| 3486/3500 [13:07<00:03,  3.52it/s, loss=0.3021]
Fine-tuning Navine AI Video: 100%|#########9| 3487/3500 [13:07<00:03,  4.14it/s, loss=0.3021]
Fine-tuning Navine AI Video: 100%|#########9| 3487/3500 [13:07<00:03,  4.14it/s, loss=0.3301]
Fine-tuning Navine AI Video: 100%|#########9| 3488/3500 [13:07<00:02,  4.19it/s, loss=0.3301]
Fine-tuning Navine AI Video: 100%|#########9| 3488/3500 [13:07<00:02,  4.19it/s, loss=0.3959]
Fine-tuning Navine AI Video: 100%|#########9| 3489/3500 [13:07<00:02,  4.71it/s, loss=0.3959]
Fine-tuning Navine AI Video: 100%|#########9| 3489/3500 [13:07<00:02,  4.71it/s, loss=0.3308]
Fine-tuning Navine AI Video: 100%|#########9| 3490/3500 [13:08<00:02,  4.68it/s, loss=0.3308]
Fine-tuning Navine AI Video: 100%|#########9| 3490/3500 [13:08<00:02,  4.68it/s, loss=0.3116]
Fine-tuning Navine AI Video: 100%|#########9| 3491/3500 [13:08<00:01,  5.22it/s, loss=0.3116]
Fine-tuning Navine AI Video: 100%|#########9| 3491/3500 [13:08<00:01,  5.22it/s, loss=0.3756]
Fine-tuning Navine AI Video: 100%|#########9| 3492/3500 [13:08<00:01,  6.02it/s, loss=0.3756]
Fine-tuning Navine AI Video: 100%|#########9| 3492/3500 [13:08<00:01,  6.02it/s, loss=0.3791]
Fine-tuning Navine AI Video: 100%|#########9| 3493/3500 [13:08<00:01,  6.49it/s, loss=0.3791]
Fine-tuning Navine AI Video: 100%|#########9| 3493/3500 [13:08<00:01,  6.49it/s, loss=0.4001]
Fine-tuning Navine AI Video: 100%|#########9| 3494/3500 [13:08<00:00,  6.61it/s, loss=0.4001]
Fine-tuning Navine AI Video: 100%|#########9| 3494/3500 [13:08<00:00,  6.61it/s, loss=0.4375]
Fine-tuning Navine AI Video: 100%|#########9| 3495/3500 [13:08<00:00,  5.80it/s, loss=0.4375]
Fine-tuning Navine AI Video: 100%|#########9| 3495/3500 [13:08<00:00,  5.80it/s, loss=0.0888]
Fine-tuning Navine AI Video: 100%|#########9| 3496/3500 [13:09<00:00,  5.28it/s, loss=0.0888]
Fine-tuning Navine AI Video: 100%|#########9| 3496/3500 [13:09<00:00,  5.28it/s, loss=0.3462]
Fine-tuning Navine AI Video: 100%|#########9| 3497/3500 [13:09<00:00,  5.69it/s, loss=0.3462]
Fine-tuning Navine AI Video: 100%|#########9| 3497/3500 [13:09<00:00,  5.69it/s, loss=0.5080]
Fine-tuning Navine AI Video: 100%|#########9| 3498/3500 [13:09<00:00,  5.03it/s, loss=0.5080]
Fine-tuning Navine AI Video: 100%|#########9| 3498/3500 [13:09<00:00,  5.03it/s, loss=0.3964]
Fine-tuning Navine AI Video: 100%|#########9| 3499/3500 [13:09<00:00,  5.71it/s, loss=0.3964]
Fine-tuning Navine AI Video: 100%|#########9| 3499/3500 [13:09<00:00,  5.71it/s, loss=0.3028]
Fine-tuning Navine AI Video: 100%|##########| 3500/3500 [13:09<00:00,  6.30it/s, loss=0.3028]
Fine-tuning Navine AI Video: 100%|##########| 3500/3500 [13:09<00:00,  6.30it/s, loss=0.3322]
Fine-tuning Navine AI Video: 100%|##########| 3500/3500 [13:09<00:00,  4.43it/s, loss=0.3322]
Training complete. Checkpoint saved to C:\Users\hitbo\Downloads\Navine AI\checkpoints\video_enterprise\latest.pt
C:\Users\hitbo\Downloads\Navine AI\navine\image\model.py:260: UserWarning: enable_nested_tensor is True, but self.use_nested_tensor is False because encoder_layer.norm_first was True
  self.encoder = nn.TransformerEncoder(layer, num_layers=num_layers)
Navine AI: video smoke eval skipped (Could not render video keyframe from the image model.)
