Navine train device: cuda | mode=hybrid dtype=torch.float16 | cuda_available=True name=NVIDIA GeForce RTX 4060 Laptop GPU vram_gb=8.0 | cpu_threads=21 dataloader={'num_workers': 0, 'pin_memory': True}
Navine AI: loaded tokenizer from C:\Users\hitbo\Downloads\Navine AI\checkpoints\text_enterprise\tokenizer.json (vocab=12000)
Navine AI: resumed weights from C:\Users\hitbo\Downloads\Navine AI\checkpoints\text_enterprise\latest.pt
Navine Neural Text | params=317,047,808 | device=cuda | tier=medium layers=24 d=1024 rope=True swiglu=True rms=True tie=True
Hybrid compute | CPU threads: 21 | DataLoader: {'num_workers': 0, 'pin_memory': True}

Training Navine AI Text:   0%|          | 0/2000 [00:00<?, ?it/s]
Training Navine AI Text:   0%|          | 1/2000 [00:00<30:23,  1.10it/s]
Training Navine AI Text:   0%|          | 1/2000 [00:00<30:23,  1.10it/s, loss=0.5013]
Training Navine AI Text:   0%|          | 2/2000 [00:01<17:48,  1.87it/s, loss=0.5013]
Training Navine AI Text:   0%|          | 2/2000 [00:01<17:48,  1.87it/s, loss=0.4897]
Training Navine AI Text:   0%|          | 3/2000 [00:01<11:48,  2.82it/s, loss=0.4897]
Training Navine AI Text:   0%|          | 3/2000 [00:01<11:48,  2.82it/s, loss=0.3907]
Training Navine AI Text:   0%|          | 4/2000 [00:01<09:08,  3.64it/s, loss=0.3907]
Training Navine AI Text:   0%|          | 4/2000 [00:01<09:08,  3.64it/s, loss=0.3952]
Training Navine AI Text:   0%|          | 5/2000 [00:01<07:37,  4.36it/s, loss=0.3952]
Training Navine AI Text:   0%|          | 5/2000 [00:01<07:37,  4.36it/s, loss=0.3991]
Training Navine AI Text:   0%|          | 6/2000 [00:01<06:25,  5.18it/s, loss=0.3991]
Training Navine AI Text:   0%|          | 6/2000 [00:01<06:25,  5.18it/s, loss=0.4493]
Training Navine AI Text:   0%|          | 7/2000 [00:01<05:44,  5.79it/s, loss=0.4493]
Training Navine AI Text:   0%|          | 7/2000 [00:01<05:44,  5.79it/s, loss=0.4468]
Training Navine AI Text:   0%|          | 8/2000 [00:02<05:28,  6.06it/s, loss=0.4468]
Training Navine AI Text:   0%|          | 8/2000 [00:02<05:28,  6.06it/s, loss=0.4690]
Training Navine AI Text:   0%|          | 9/2000 [00:02<05:00,  6.63it/s, loss=0.4690]
Training Navine AI Text:   0%|          | 9/2000 [00:02<05:00,  6.63it/s, loss=0.5396]
Training Navine AI Text:   0%|          | 10/2000 [00:02<04:45,  6.96it/s, loss=0.5396]
Training Navine AI Text:   0%|          | 10/2000 [00:02<04:45,  6.96it/s, loss=0.4420]
Training Navine AI Text:   1%|          | 11/2000 [00:02<05:02,  6.57it/s, loss=0.4420]
Training Navine AI Text:   1%|          | 11/2000 [00:02<05:02,  6.57it/s, loss=0.4427]
Training Navine AI Text:   1%|          | 12/2000 [00:02<05:04,  6.52it/s, loss=0.4427]
Training Navine AI Text:   1%|          | 12/2000 [00:02<05:04,  6.52it/s, loss=0.4611]
Training Navine AI Text:   1%|          | 13/2000 [00:02<04:47,  6.90it/s, loss=0.4611]
Training Navine AI Text:   1%|          | 13/2000 [00:02<04:47,  6.90it/s, loss=0.5108]
Training Navine AI Text:   1%|          | 14/2000 [00:02<04:35,  7.21it/s, loss=0.5108]
Training Navine AI Text:   1%|          | 14/2000 [00:02<04:35,  7.21it/s, loss=0.4279]
Training Navine AI Text:   1%|          | 15/2000 [00:02<04:27,  7.43it/s, loss=0.4279]
Training Navine AI Text:   1%|          | 15/2000 [00:02<04:27,  7.43it/s, loss=0.4332]
Training Navine AI Text:   1%|          | 16/2000 [00:03<09:11,  3.60it/s, loss=0.4332]
Training Navine AI Text:   1%|          | 16/2000 [00:03<09:11,  3.60it/s, loss=0.4051]
Training Navine AI Text:   1%|          | 17/2000 [00:04<14:07,  2.34it/s, loss=0.4051]
Training Navine AI Text:   1%|          | 17/2000 [00:04<14:07,  2.34it/s, loss=0.3981]
Training Navine AI Text:   1%|          | 18/2000 [00:04<12:39,  2.61it/s, loss=0.3981]
Training Navine AI Text:   1%|          | 18/2000 [00:04<12:39,  2.61it/s, loss=0.4081]
Training Navine AI Text:   1%|          | 19/2000 [00:04<11:59,  2.75it/s, loss=0.4081]
Training Navine AI Text:   1%|          | 19/2000 [00:04<11:59,  2.75it/s, loss=0.4278]
Training Navine AI Text:   1%|1         | 20/2000 [00:05<11:36,  2.84it/s, loss=0.4278]
Training Navine AI Text:   1%|1         | 20/2000 [00:05<11:36,  2.84it/s, loss=0.5224]
Training Navine AI Text:   1%|1         | 21/2000 [00:05<10:56,  3.01it/s, loss=0.5224]
Training Navine AI Text:   1%|1         | 21/2000 [00:05<10:56,  3.01it/s, loss=0.3698]
Training Navine AI Text:   1%|1         | 22/2000 [00:05<10:34,  3.12it/s, loss=0.3698]
Training Navine AI Text:   1%|1         | 22/2000 [00:05<10:34,  3.12it/s, loss=0.4636]
Training Navine AI Text:   1%|1         | 23/2000 [00:06<10:24,  3.17it/s, loss=0.4636]
Training Navine AI Text:   1%|1         | 23/2000 [00:06<10:24,  3.17it/s, loss=0.5122]
Training Navine AI Text:   1%|1         | 24/2000 [00:06<09:54,  3.32it/s, loss=0.5122]
Training Navine AI Text:   1%|1         | 24/2000 [00:06<09:54,  3.32it/s, loss=0.4783]
Training Navine AI Text:   1%|1         | 25/2000 [00:06<10:04,  3.27it/s, loss=0.4783]
Training Navine AI Text:   1%|1         | 25/2000 [00:06<10:04,  3.27it/s, loss=0.4500]
Training Navine AI Text:   1%|1         | 26/2000 [00:07<09:45,  3.37it/s, loss=0.4500]
Training Navine AI Text:   1%|1         | 26/2000 [00:07<09:45,  3.37it/s, loss=0.4649]
Training Navine AI Text:   1%|1         | 27/2000 [00:07<10:20,  3.18it/s, loss=0.4649]
Training Navine AI Text:   1%|1         | 27/2000 [00:07<10:20,  3.18it/s, loss=0.5334]
Training Navine AI Text:   1%|1         | 28/2000 [00:07<10:10,  3.23it/s, loss=0.5334]
Training Navine AI Text:   1%|1         | 28/2000 [00:07<10:10,  3.23it/s, loss=0.4420]
Training Navine AI Text:   1%|1         | 29/2000 [00:08<10:32,  3.12it/s, loss=0.4420]
Training Navine AI Text:   1%|1         | 29/2000 [00:08<10:32,  3.12it/s, loss=0.4375]
Training Navine AI Text:   2%|1         | 30/2000 [00:08<10:17,  3.19it/s, loss=0.4375]
Training Navine AI Text:   2%|1         | 30/2000 [00:08<10:17,  3.19it/s, loss=0.4863]
Training Navine AI Text:   2%|1         | 31/2000 [00:08<10:12,  3.22it/s, loss=0.4863]
Training Navine AI Text:   2%|1         | 31/2000 [00:08<10:12,  3.22it/s, loss=0.3833]
Training Navine AI Text:   2%|1         | 32/2000 [00:09<17:35,  1.86it/s, loss=0.3833]
Training Navine AI Text:   2%|1         | 32/2000 [00:09<17:35,  1.86it/s, loss=0.5352]
Training Navine AI Text:   2%|1         | 33/2000 [00:10<17:05,  1.92it/s, loss=0.5352]
Training Navine AI Text:   2%|1         | 33/2000 [00:10<17:05,  1.92it/s, loss=0.4588]
Training Navine AI Text:   2%|1         | 34/2000 [00:10<15:31,  2.11it/s, loss=0.4588]
Training Navine AI Text:   2%|1         | 34/2000 [00:10<15:31,  2.11it/s, loss=0.4159]
Training Navine AI Text:   2%|1         | 35/2000 [00:10<14:56,  2.19it/s, loss=0.4159]
Training Navine AI Text:   2%|1         | 35/2000 [00:10<14:56,  2.19it/s, loss=0.4528]
Training Navine AI Text:   2%|1         | 36/2000 [00:11<14:56,  2.19it/s, loss=0.4528]
Training Navine AI Text:   2%|1         | 36/2000 [00:11<14:56,  2.19it/s, loss=0.4107]
Training Navine AI Text:   2%|1         | 37/2000 [00:11<14:54,  2.19it/s, loss=0.4107]
Training Navine AI Text:   2%|1         | 37/2000 [00:11<14:54,  2.19it/s, loss=0.4881]
Training Navine AI Text:   2%|1         | 38/2000 [00:12<14:21,  2.28it/s, loss=0.4881]
Training Navine AI Text:   2%|1         | 38/2000 [00:12<14:21,  2.28it/s, loss=0.4767]
Training Navine AI Text:   2%|1         | 39/2000 [00:12<14:30,  2.25it/s, loss=0.4767]
Training Navine AI Text:   2%|1         | 39/2000 [00:12<14:30,  2.25it/s, loss=0.4439]
Training Navine AI Text:   2%|2         | 40/2000 [00:13<13:48,  2.37it/s, loss=0.4439]
Training Navine AI Text:   2%|2         | 40/2000 [00:13<13:48,  2.37it/s, loss=0.4255]
Training Navine AI Text:   2%|2         | 41/2000 [00:13<15:33,  2.10it/s, loss=0.4255]
Training Navine AI Text:   2%|2         | 41/2000 [00:13<15:33,  2.10it/s, loss=0.4108]
Training Navine AI Text:   2%|2         | 42/2000 [00:14<15:31,  2.10it/s, loss=0.4108]
Training Navine AI Text:   2%|2         | 42/2000 [00:14<15:31,  2.10it/s, loss=0.4669]
Training Navine AI Text:   2%|2         | 43/2000 [00:14<16:13,  2.01it/s, loss=0.4669]
Training Navine AI Text:   2%|2         | 43/2000 [00:14<16:13,  2.01it/s, loss=0.4251]
Training Navine AI Text:   2%|2         | 44/2000 [00:15<14:46,  2.21it/s, loss=0.4251]
Training Navine AI Text:   2%|2         | 44/2000 [00:15<14:46,  2.21it/s, loss=0.4628]
Training Navine AI Text:   2%|2         | 45/2000 [00:15<14:36,  2.23it/s, loss=0.4628]
Training Navine AI Text:   2%|2         | 45/2000 [00:15<14:36,  2.23it/s, loss=0.4670]
Training Navine AI Text:   2%|2         | 46/2000 [00:15<14:23,  2.26it/s, loss=0.4670]
Training Navine AI Text:   2%|2         | 46/2000 [00:15<14:23,  2.26it/s, loss=0.4700]
Training Navine AI Text:   2%|2         | 47/2000 [00:16<18:44,  1.74it/s, loss=0.4700]
Training Navine AI Text:   2%|2         | 47/2000 [00:16<18:44,  1.74it/s, loss=0.4127]
Training Navine AI Text:   2%|2         | 48/2000 [00:17<21:29,  1.51it/s, loss=0.4127]
Training Navine AI Text:   2%|2         | 48/2000 [00:17<21:29,  1.51it/s, loss=0.4236]
Training Navine AI Text:   2%|2         | 49/2000 [00:18<22:01,  1.48it/s, loss=0.4236]
Training Navine AI Text:   2%|2         | 49/2000 [00:18<22:01,  1.48it/s, loss=0.4132]
Training Navine AI Text:   2%|2         | 50/2000 [00:18<20:27,  1.59it/s, loss=0.4132]
Step 50 | Val Loss: 6.9670
Training Navine AI Text:   2%|2         | 50/2000 [00:18<20:27,  1.59it/s, loss=0.4253]
Training Navine AI Text:   3%|2         | 51/2000 [09:58<94:19:26, 174.23s/it, loss=0.4253]
Training Navine AI Text:   3%|2         | 51/2000 [09:58<94:19:26, 174.23s/it, loss=0.4021]
Training Navine AI Text:   3%|2         | 52/2000 [09:58<66:01:08, 122.01s/it, loss=0.4021]
Training Navine AI Text:   3%|2         | 52/2000 [09:58<66:01:08, 122.01s/it, loss=0.3911]
Training Navine AI Text:   3%|2         | 53/2000 [09:58<46:12:53, 85.45s/it, loss=0.3911] 
Training Navine AI Text:   3%|2         | 53/2000 [09:58<46:12:53, 85.45s/it, loss=0.4052]
Training Navine AI Text:   3%|2         | 54/2000 [09:58<32:21:11, 59.85s/it, loss=0.4052]
Training Navine AI Text:   3%|2         | 54/2000 [09:58<32:21:11, 59.85s/it, loss=0.4014]
Training Navine AI Text:   3%|2         | 55/2000 [09:58<22:39:18, 41.93s/it, loss=0.4014]
Training Navine AI Text:   3%|2         | 55/2000 [09:58<22:39:18, 41.93s/it, loss=0.3859]
Training Navine AI Text:   3%|2         | 56/2000 [09:58<15:52:10, 29.39s/it, loss=0.3859]
Training Navine AI Text:   3%|2         | 56/2000 [09:58<15:52:10, 29.39s/it, loss=0.4500]
Training Navine AI Text:   3%|2         | 57/2000 [09:58<11:07:18, 20.61s/it, loss=0.4500]
Training Navine AI Text:   3%|2         | 57/2000 [09:58<11:07:18, 20.61s/it, loss=0.4801]
Training Navine AI Text:   3%|2         | 58/2000 [09:59<7:48:21, 14.47s/it, loss=0.4801] 
Training Navine AI Text:   3%|2         | 58/2000 [09:59<7:48:21, 14.47s/it, loss=0.4081]
Training Navine AI Text:   3%|2         | 59/2000 [09:59<5:29:05, 10.17s/it, loss=0.4081]
Training Navine AI Text:   3%|2         | 59/2000 [09:59<5:29:05, 10.17s/it, loss=0.4384]
Training Navine AI Text:   3%|3         | 60/2000 [09:59<3:51:50,  7.17s/it, loss=0.4384]
Training Navine AI Text:   3%|3         | 60/2000 [09:59<3:51:50,  7.17s/it, loss=0.4009]
Training Navine AI Text:   3%|3         | 61/2000 [09:59<2:43:24,  5.06s/it, loss=0.4009]
Training Navine AI Text:   3%|3         | 61/2000 [09:59<2:43:24,  5.06s/it, loss=0.3586]
Training Navine AI Text:   3%|3         | 62/2000 [10:00<2:05:27,  3.88s/it, loss=0.3586]
Training Navine AI Text:   3%|3         | 62/2000 [10:00<2:05:27,  3.88s/it, loss=0.3998]
Training Navine AI Text:   3%|3         | 63/2000 [10:01<1:33:14,  2.89s/it, loss=0.3998]
Training Navine AI Text:   3%|3         | 63/2000 [10:01<1:33:14,  2.89s/it, loss=0.4484]
Training Navine AI Text:   3%|3         | 64/2000 [10:01<1:10:58,  2.20s/it, loss=0.4484]
Training Navine AI Text:   3%|3         | 64/2000 [10:01<1:10:58,  2.20s/it, loss=0.4076]
Training Navine AI Text:   3%|3         | 65/2000 [10:03<1:04:50,  2.01s/it, loss=0.4076]
Training Navine AI Text:   3%|3         | 65/2000 [10:03<1:04:50,  2.01s/it, loss=0.4252]
Training Navine AI Text:   3%|3         | 66/2000 [10:03<48:32,  1.51s/it, loss=0.4252]  
Training Navine AI Text:   3%|3         | 66/2000 [10:03<48:32,  1.51s/it, loss=0.4308]
Training Navine AI Text:   3%|3         | 67/2000 [10:04<37:54,  1.18s/it, loss=0.4308]
Training Navine AI Text:   3%|3         | 67/2000 [10:04<37:54,  1.18s/it, loss=0.4695]
Training Navine AI Text:   3%|3         | 68/2000 [10:04<30:08,  1.07it/s, loss=0.4695]
Training Navine AI Text:   3%|3         | 68/2000 [10:04<30:08,  1.07it/s, loss=0.3719]
Training Navine AI Text:   3%|3         | 69/2000 [10:04<24:40,  1.30it/s, loss=0.3719]
Training Navine AI Text:   3%|3         | 69/2000 [10:04<24:40,  1.30it/s, loss=0.4530]
Training Navine AI Text:   4%|3         | 70/2000 [10:05<20:40,  1.56it/s, loss=0.4530]
Training Navine AI Text:   4%|3         | 70/2000 [10:05<20:40,  1.56it/s, loss=0.5516]
Training Navine AI Text:   4%|3         | 71/2000 [10:05<18:39,  1.72it/s, loss=0.5516]
Training Navine AI Text:   4%|3         | 71/2000 [10:05<18:39,  1.72it/s, loss=0.4880]
Training Navine AI Text:   4%|3         | 72/2000 [10:06<16:47,  1.91it/s, loss=0.4880]
Training Navine AI Text:   4%|3         | 72/2000 [10:06<16:47,  1.91it/s, loss=0.3488]
Training Navine AI Text:   4%|3         | 73/2000 [10:06<15:45,  2.04it/s, loss=0.3488]
Training Navine AI Text:   4%|3         | 73/2000 [10:06<15:45,  2.04it/s, loss=0.5648]
Training Navine AI Text:   4%|3         | 74/2000 [10:06<15:10,  2.11it/s, loss=0.5648]
Training Navine AI Text:   4%|3         | 74/2000 [10:06<15:10,  2.11it/s, loss=0.4584]
Training Navine AI Text:   4%|3         | 75/2000 [10:07<14:47,  2.17it/s, loss=0.4584]
Training Navine AI Text:   4%|3         | 75/2000 [10:07<14:47,  2.17it/s, loss=0.3937]
Training Navine AI Text:   4%|3         | 76/2000 [10:07<13:54,  2.31it/s, loss=0.3937]
Training Navine AI Text:   4%|3         | 76/2000 [10:07<13:54,  2.31it/s, loss=0.3947]
Training Navine AI Text:   4%|3         | 77/2000 [10:08<13:37,  2.35it/s, loss=0.3947]
Training Navine AI Text:   4%|3         | 77/2000 [10:08<13:37,  2.35it/s, loss=0.4215]
Training Navine AI Text:   4%|3         | 78/2000 [10:08<12:57,  2.47it/s, loss=0.4215]
Training Navine AI Text:   4%|3         | 78/2000 [10:08<12:57,  2.47it/s, loss=0.4806]
Training Navine AI Text:   4%|3         | 79/2000 [10:08<13:07,  2.44it/s, loss=0.4806]
Training Navine AI Text:   4%|3         | 79/2000 [10:08<13:07,  2.44it/s, loss=0.5245]
Training Navine AI Text:   4%|4         | 80/2000 [10:10<19:46,  1.62it/s, loss=0.5245]
Training Navine AI Text:   4%|4         | 80/2000 [10:10<19:46,  1.62it/s, loss=0.4804]
Training Navine AI Text:   4%|4         | 81/2000 [10:11<25:20,  1.26it/s, loss=0.4804]
Training Navine AI Text:   4%|4         | 81/2000 [10:11<25:20,  1.26it/s, loss=0.4474]
Training Navine AI Text:   4%|4         | 82/2000 [10:11<20:55,  1.53it/s, loss=0.4474]
Training Navine AI Text:   4%|4         | 82/2000 [10:11<20:55,  1.53it/s, loss=0.4186]
Training Navine AI Text:   4%|4         | 83/2000 [10:12<20:58,  1.52it/s, loss=0.4186]
Training Navine AI Text:   4%|4         | 83/2000 [10:12<20:58,  1.52it/s, loss=0.4091]
Training Navine AI Text:   4%|4         | 84/2000 [10:12<19:24,  1.64it/s, loss=0.4091]
Training Navine AI Text:   4%|4         | 84/2000 [10:12<19:24,  1.64it/s, loss=0.4913]
Training Navine AI Text:   4%|4         | 85/2000 [10:13<17:31,  1.82it/s, loss=0.4913]
Training Navine AI Text:   4%|4         | 85/2000 [10:13<17:31,  1.82it/s, loss=0.4352]
Training Navine AI Text:   4%|4         | 86/2000 [10:13<17:08,  1.86it/s, loss=0.4352]
Training Navine AI Text:   4%|4         | 86/2000 [10:13<17:08,  1.86it/s, loss=0.3538]
Training Navine AI Text:   4%|4         | 87/2000 [10:14<16:18,  1.96it/s, loss=0.3538]
Training Navine AI Text:   4%|4         | 87/2000 [10:14<16:18,  1.96it/s, loss=0.3954]
Training Navine AI Text:   4%|4         | 88/2000 [10:14<16:02,  1.99it/s, loss=0.3954]
Training Navine AI Text:   4%|4         | 88/2000 [10:14<16:02,  1.99it/s, loss=0.4628]
Training Navine AI Text:   4%|4         | 89/2000 [10:14<15:03,  2.11it/s, loss=0.4628]
Training Navine AI Text:   4%|4         | 89/2000 [10:14<15:03,  2.11it/s, loss=0.3978]
Training Navine AI Text:   4%|4         | 90/2000 [10:15<15:17,  2.08it/s, loss=0.3978]
Training Navine AI Text:   4%|4         | 90/2000 [10:15<15:17,  2.08it/s, loss=0.4883]
Training Navine AI Text:   5%|4         | 91/2000 [10:15<15:24,  2.07it/s, loss=0.4883]
Training Navine AI Text:   5%|4         | 91/2000 [10:15<15:24,  2.07it/s, loss=0.3430]
Training Navine AI Text:   5%|4         | 92/2000 [10:16<15:19,  2.08it/s, loss=0.3430]
Training Navine AI Text:   5%|4         | 92/2000 [10:16<15:19,  2.08it/s, loss=0.4325]
Training Navine AI Text:   5%|4         | 93/2000 [10:16<15:17,  2.08it/s, loss=0.4325]
Training Navine AI Text:   5%|4         | 93/2000 [10:16<15:17,  2.08it/s, loss=0.3503]
Training Navine AI Text:   5%|4         | 94/2000 [10:17<20:06,  1.58it/s, loss=0.3503]
Training Navine AI Text:   5%|4         | 94/2000 [10:17<20:06,  1.58it/s, loss=0.4151]
Training Navine AI Text:   5%|4         | 95/2000 [10:18<21:03,  1.51it/s, loss=0.4151]
Training Navine AI Text:   5%|4         | 95/2000 [10:18<21:03,  1.51it/s, loss=0.4510]
Training Navine AI Text:   5%|4         | 96/2000 [10:19<25:58,  1.22it/s, loss=0.4510]
Training Navine AI Text:   5%|4         | 96/2000 [10:19<25:58,  1.22it/s, loss=0.3646]
Training Navine AI Text:   5%|4         | 97/2000 [10:21<30:24,  1.04it/s, loss=0.3646]
Training Navine AI Text:   5%|4         | 97/2000 [10:21<30:24,  1.04it/s, loss=0.3501]
Training Navine AI Text:   5%|4         | 98/2000 [10:21<24:39,  1.29it/s, loss=0.3501]
Training Navine AI Text:   5%|4         | 98/2000 [10:21<24:39,  1.29it/s, loss=0.4296]
Training Navine AI Text:   5%|4         | 99/2000 [10:21<21:16,  1.49it/s, loss=0.4296]
Training Navine AI Text:   5%|4         | 99/2000 [10:21<21:16,  1.49it/s, loss=0.4583]
Training Navine AI Text:   5%|5         | 100/2000 [10:22<20:45,  1.53it/s, loss=0.4583]
Step 100 | Val Loss: 6.6494
Training Navine AI Text:   5%|5         | 100/2000 [10:22<20:45,  1.53it/s, loss=0.4181]
Training Navine AI Text:   5%|5         | 101/2000 [17:19<66:09:49, 125.43s/it, loss=0.4181]
Training Navine AI Text:   5%|5         | 101/2000 [17:19<66:09:49, 125.43s/it, loss=0.4049]
Training Navine AI Text:   5%|5         | 102/2000 [17:19<46:18:47, 87.84s/it, loss=0.4049] 
Training Navine AI Text:   5%|5         | 102/2000 [17:19<46:18:47, 87.84s/it, loss=0.4047]
Training Navine AI Text:   5%|5         | 103/2000 [17:19<32:25:34, 61.54s/it, loss=0.4047]
Training Navine AI Text:   5%|5         | 103/2000 [17:19<32:25:34, 61.54s/it, loss=0.4156]
Training Navine AI Text:   5%|5         | 104/2000 [17:19<22:42:26, 43.12s/it, loss=0.4156]
Training Navine AI Text:   5%|5         | 104/2000 [17:19<22:42:26, 43.12s/it, loss=0.3636]
Training Navine AI Text:   5%|5         | 105/2000 [17:19<15:54:35, 30.22s/it, loss=0.3636]
Training Navine AI Text:   5%|5         | 105/2000 [17:19<15:54:35, 30.22s/it, loss=0.4453]
Training Navine AI Text:   5%|5         | 106/2000 [17:19<11:09:08, 21.20s/it, loss=0.4453]
Training Navine AI Text:   5%|5         | 106/2000 [17:19<11:09:08, 21.20s/it, loss=0.4547]
Training Navine AI Text:   5%|5         | 107/2000 [17:19<7:49:36, 14.88s/it, loss=0.4547] 
Training Navine AI Text:   5%|5         | 107/2000 [17:19<7:49:36, 14.88s/it, loss=0.4399]
Training Navine AI Text:   5%|5         | 108/2000 [17:20<5:29:50, 10.46s/it, loss=0.4399]
Training Navine AI Text:   5%|5         | 108/2000 [17:20<5:29:50, 10.46s/it, loss=0.4062]
Training Navine AI Text:   5%|5         | 109/2000 [17:20<3:52:12,  7.37s/it, loss=0.4062]
Training Navine AI Text:   5%|5         | 109/2000 [17:20<3:52:12,  7.37s/it, loss=0.4546]
Training Navine AI Text:   6%|5         | 110/2000 [17:20<2:43:54,  5.20s/it, loss=0.4546]
Training Navine AI Text:   6%|5         | 110/2000 [17:20<2:43:54,  5.20s/it, loss=0.4307]
Training Navine AI Text:   6%|5         | 111/2000 [17:20<1:56:14,  3.69s/it, loss=0.4307]
Training Navine AI Text:   6%|5         | 111/2000 [17:20<1:56:14,  3.69s/it, loss=0.4156]
Training Navine AI Text:   6%|5         | 112/2000 [17:20<1:24:10,  2.68s/it, loss=0.4156]
Training Navine AI Text:   6%|5         | 112/2000 [17:20<1:24:10,  2.68s/it, loss=0.4279]
Training Navine AI Text:   6%|5         | 113/2000 [17:21<1:08:10,  2.17s/it, loss=0.4279]
Training Navine AI Text:   6%|5         | 113/2000 [17:21<1:08:10,  2.17s/it, loss=0.3974]
Training Navine AI Text:   6%|5         | 114/2000 [17:22<50:29,  1.61s/it, loss=0.3974]  
Training Navine AI Text:   6%|5         | 114/2000 [17:22<50:29,  1.61s/it, loss=0.3630]
Training Navine AI Text:   6%|5         | 115/2000 [17:22<38:16,  1.22s/it, loss=0.3630]
Training Navine AI Text:   6%|5         | 115/2000 [17:22<38:16,  1.22s/it, loss=0.4080]
Training Navine AI Text:   6%|5         | 116/2000 [17:22<29:47,  1.05it/s, loss=0.4080]
Training Navine AI Text:   6%|5         | 116/2000 [17:22<29:47,  1.05it/s, loss=0.3956]
Training Navine AI Text:   6%|5         | 117/2000 [17:23<23:57,  1.31it/s, loss=0.3956]
Training Navine AI Text:   6%|5         | 117/2000 [17:23<23:57,  1.31it/s, loss=0.4112]
Training Navine AI Text:   6%|5         | 118/2000 [17:23<19:43,  1.59it/s, loss=0.4112]
Training Navine AI Text:   6%|5         | 118/2000 [17:23<19:43,  1.59it/s, loss=0.4113]
Training Navine AI Text:   6%|5         | 119/2000 [17:23<16:08,  1.94it/s, loss=0.4113]
Training Navine AI Text:   6%|5         | 119/2000 [17:23<16:08,  1.94it/s, loss=0.3667]
Training Navine AI Text:   6%|6         | 120/2000 [17:24<14:37,  2.14it/s, loss=0.3667]
Training Navine AI Text:   6%|6         | 120/2000 [17:24<14:37,  2.14it/s, loss=0.4542]
Training Navine AI Text:   6%|6         | 121/2000 [17:24<13:13,  2.37it/s, loss=0.4542]
Training Navine AI Text:   6%|6         | 121/2000 [17:24<13:13,  2.37it/s, loss=0.4344]
Training Navine AI Text:   6%|6         | 122/2000 [17:24<12:47,  2.45it/s, loss=0.4344]
Training Navine AI Text:   6%|6         | 122/2000 [17:24<12:47,  2.45it/s, loss=0.3919]
Training Navine AI Text:   6%|6         | 123/2000 [17:25<11:39,  2.68it/s, loss=0.3919]
Training Navine AI Text:   6%|6         | 123/2000 [17:25<11:39,  2.68it/s, loss=0.4069]
Training Navine AI Text:   6%|6         | 124/2000 [17:25<11:09,  2.80it/s, loss=0.4069]
Training Navine AI Text:   6%|6         | 124/2000 [17:25<11:09,  2.80it/s, loss=0.4431]
Training Navine AI Text:   6%|6         | 125/2000 [17:25<10:47,  2.90it/s, loss=0.4431]
Training Navine AI Text:   6%|6         | 125/2000 [17:25<10:47,  2.90it/s, loss=0.3447]
Training Navine AI Text:   6%|6         | 126/2000 [17:25<10:26,  2.99it/s, loss=0.3447]
Training Navine AI Text:   6%|6         | 126/2000 [17:25<10:26,  2.99it/s, loss=0.3788]
Training Navine AI Text:   6%|6         | 127/2000 [17:26<10:05,  3.09it/s, loss=0.3788]
Training Navine AI Text:   6%|6         | 127/2000 [17:26<10:05,  3.09it/s, loss=0.3480]
Training Navine AI Text:   6%|6         | 128/2000 [17:27<17:33,  1.78it/s, loss=0.3480]
Training Navine AI Text:   6%|6         | 128/2000 [17:27<17:33,  1.78it/s, loss=0.4004]
Training Navine AI Text:   6%|6         | 129/2000 [17:27<16:22,  1.90it/s, loss=0.4004]
Training Navine AI Text:   6%|6         | 129/2000 [17:27<16:22,  1.90it/s, loss=0.3942]
Training Navine AI Text:   6%|6         | 130/2000 [17:28<17:18,  1.80it/s, loss=0.3942]
Training Navine AI Text:   6%|6         | 130/2000 [17:28<17:18,  1.80it/s, loss=0.4437]
Training Navine AI Text:   7%|6         | 131/2000 [17:28<15:44,  1.98it/s, loss=0.4437]
Training Navine AI Text:   7%|6         | 131/2000 [17:28<15:44,  1.98it/s, loss=0.4267]
Training Navine AI Text:   7%|6         | 132/2000 [17:29<14:28,  2.15it/s, loss=0.4267]
Training Navine AI Text:   7%|6         | 132/2000 [17:29<14:28,  2.15it/s, loss=0.4698]
Training Navine AI Text:   7%|6         | 133/2000 [17:29<15:28,  2.01it/s, loss=0.4698]
Training Navine AI Text:   7%|6         | 133/2000 [17:29<15:28,  2.01it/s, loss=0.3440]
Training Navine AI Text:   7%|6         | 134/2000 [17:30<16:12,  1.92it/s, loss=0.3440]
Training Navine AI Text:   7%|6         | 134/2000 [17:30<16:12,  1.92it/s, loss=0.4157]
Training Navine AI Text:   7%|6         | 135/2000 [17:30<15:46,  1.97it/s, loss=0.4157]
Training Navine AI Text:   7%|6         | 135/2000 [17:30<15:46,  1.97it/s, loss=0.3994]
Training Navine AI Text:   7%|6         | 136/2000 [17:31<15:13,  2.04it/s, loss=0.3994]
Training Navine AI Text:   7%|6         | 136/2000 [17:31<15:13,  2.04it/s, loss=0.4081]
Training Navine AI Text:   7%|6         | 137/2000 [17:31<15:08,  2.05it/s, loss=0.4081]
Training Navine AI Text:   7%|6         | 137/2000 [17:31<15:08,  2.05it/s, loss=0.4418]
Training Navine AI Text:   7%|6         | 138/2000 [17:32<14:58,  2.07it/s, loss=0.4418]
Training Navine AI Text:   7%|6         | 138/2000 [17:32<14:58,  2.07it/s, loss=0.3507]
Training Navine AI Text:   7%|6         | 139/2000 [17:32<14:35,  2.13it/s, loss=0.3507]
Training Navine AI Text:   7%|6         | 139/2000 [17:32<14:35,  2.13it/s, loss=0.3931]
Training Navine AI Text:   7%|7         | 140/2000 [17:33<15:31,  2.00it/s, loss=0.3931]
Training Navine AI Text:   7%|7         | 140/2000 [17:33<15:31,  2.00it/s, loss=0.3608]
Training Navine AI Text:   7%|7         | 141/2000 [17:33<15:26,  2.01it/s, loss=0.3608]
Training Navine AI Text:   7%|7         | 141/2000 [17:33<15:26,  2.01it/s, loss=0.4199]
Training Navine AI Text:   7%|7         | 142/2000 [17:34<14:38,  2.12it/s, loss=0.4199]
Training Navine AI Text:   7%|7         | 142/2000 [17:34<14:38,  2.12it/s, loss=0.4247]
Training Navine AI Text:   7%|7         | 143/2000 [17:34<15:21,  2.01it/s, loss=0.4247]
Training Navine AI Text:   7%|7         | 143/2000 [17:34<15:21,  2.01it/s, loss=0.3519]
Training Navine AI Text:   7%|7         | 144/2000 [17:35<19:28,  1.59it/s, loss=0.3519]
Training Navine AI Text:   7%|7         | 144/2000 [17:35<19:28,  1.59it/s, loss=0.3749]
Training Navine AI Text:   7%|7         | 145/2000 [17:36<20:20,  1.52it/s, loss=0.3749]
Training Navine AI Text:   7%|7         | 145/2000 [17:36<20:20,  1.52it/s, loss=0.4481]
Training Navine AI Text:   7%|7         | 146/2000 [17:37<20:23,  1.52it/s, loss=0.4481]
Training Navine AI Text:   7%|7         | 146/2000 [17:37<20:23,  1.52it/s, loss=0.4744]
Training Navine AI Text:   7%|7         | 147/2000 [17:37<17:40,  1.75it/s, loss=0.4744]
Training Navine AI Text:   7%|7         | 147/2000 [17:37<17:40,  1.75it/s, loss=0.4044]
Training Navine AI Text:   7%|7         | 148/2000 [17:37<16:11,  1.91it/s, loss=0.4044]
Training Navine AI Text:   7%|7         | 148/2000 [17:37<16:11,  1.91it/s, loss=0.4375]
Training Navine AI Text:   7%|7         | 149/2000 [17:38<15:49,  1.95it/s, loss=0.4375]
Training Navine AI Text:   7%|7         | 149/2000 [17:38<15:49,  1.95it/s, loss=0.4366]
Training Navine AI Text:   8%|7         | 150/2000 [17:38<14:31,  2.12it/s, loss=0.4366]
Step 150 | Val Loss: 6.4722
Training Navine AI Text:   8%|7         | 150/2000 [17:38<14:31,  2.12it/s, loss=0.3630]
Training Navine AI Text:   8%|7         | 151/2000 [21:19<34:09:54, 66.52s/it, loss=0.3630]
Training Navine AI Text:   8%|7         | 151/2000 [21:19<34:09:54, 66.52s/it, loss=0.3391]
Training Navine AI Text:   8%|7         | 152/2000 [21:19<23:55:33, 46.61s/it, loss=0.3391]
Training Navine AI Text:   8%|7         | 152/2000 [21:19<23:55:33, 46.61s/it, loss=0.3607]
Training Navine AI Text:   8%|7         | 153/2000 [21:19<16:45:28, 32.66s/it, loss=0.3607]
Training Navine AI Text:   8%|7         | 153/2000 [21:19<16:45:28, 32.66s/it, loss=0.4239]
Training Navine AI Text:   8%|7         | 154/2000 [21:19<11:44:37, 22.90s/it, loss=0.4239]
Training Navine AI Text:   8%|7         | 154/2000 [21:19<11:44:37, 22.90s/it, loss=0.3672]
Training Navine AI Text:   8%|7         | 155/2000 [21:19<8:14:02, 16.07s/it, loss=0.3672] 
Training Navine AI Text:   8%|7         | 155/2000 [21:19<8:14:02, 16.07s/it, loss=0.3813]
Training Navine AI Text:   8%|7         | 156/2000 [21:19<5:46:43, 11.28s/it, loss=0.3813]
Training Navine AI Text:   8%|7         | 156/2000 [21:19<5:46:43, 11.28s/it, loss=0.4257]
Training Navine AI Text:   8%|7         | 157/2000 [21:20<4:03:42,  7.93s/it, loss=0.4257]
Training Navine AI Text:   8%|7         | 157/2000 [21:20<4:03:42,  7.93s/it, loss=0.3719]
Training Navine AI Text:   8%|7         | 158/2000 [21:20<2:51:37,  5.59s/it, loss=0.3719]
Training Navine AI Text:   8%|7         | 158/2000 [21:20<2:51:37,  5.59s/it, loss=0.4166]
Training Navine AI Text:   8%|7         | 159/2000 [21:20<2:01:14,  3.95s/it, loss=0.4166]
Training Navine AI Text:   8%|7         | 159/2000 [21:20<2:01:14,  3.95s/it, loss=0.4331]
Training Navine AI Text:   8%|8         | 160/2000 [21:20<1:26:41,  2.83s/it, loss=0.4331]
Training Navine AI Text:   8%|8         | 160/2000 [21:20<1:26:41,  2.83s/it, loss=0.3682]
Training Navine AI Text:   8%|8         | 161/2000 [21:21<1:07:54,  2.22s/it, loss=0.3682]
Training Navine AI Text:   8%|8         | 161/2000 [21:21<1:07:54,  2.22s/it, loss=0.3473]
Training Navine AI Text:   8%|8         | 162/2000 [21:21<49:32,  1.62s/it, loss=0.3473]  
Training Navine AI Text:   8%|8         | 162/2000 [21:21<49:32,  1.62s/it, loss=0.3382]
Training Navine AI Text:   8%|8         | 163/2000 [21:22<39:30,  1.29s/it, loss=0.3382]
Training Navine AI Text:   8%|8         | 163/2000 [21:22<39:30,  1.29s/it, loss=0.4280]
Training Navine AI Text:   8%|8         | 164/2000 [21:22<31:57,  1.04s/it, loss=0.4280]
Training Navine AI Text:   8%|8         | 164/2000 [21:22<31:57,  1.04s/it, loss=0.4906]
Training Navine AI Text:   8%|8         | 165/2000 [21:22<26:12,  1.17it/s, loss=0.4906]
Training Navine AI Text:   8%|8         | 165/2000 [21:22<26:12,  1.17it/s, loss=0.4589]
Training Navine AI Text:   8%|8         | 166/2000 [21:23<22:17,  1.37it/s, loss=0.4589]
Training Navine AI Text:   8%|8         | 166/2000 [21:23<22:17,  1.37it/s, loss=0.3854]
Training Navine AI Text:   8%|8         | 167/2000 [21:23<20:17,  1.51it/s, loss=0.3854]
Training Navine AI Text:   8%|8         | 167/2000 [21:23<20:17,  1.51it/s, loss=0.3572]
Training Navine AI Text:   8%|8         | 168/2000 [21:24<17:53,  1.71it/s, loss=0.3572]
Training Navine AI Text:   8%|8         | 168/2000 [21:24<17:53,  1.71it/s, loss=0.3843]
Training Navine AI Text:   8%|8         | 169/2000 [21:24<15:46,  1.93it/s, loss=0.3843]
Training Navine AI Text:   8%|8         | 169/2000 [21:24<15:46,  1.93it/s, loss=0.4213]
Training Navine AI Text:   8%|8         | 170/2000 [21:25<14:59,  2.04it/s, loss=0.4213]
Training Navine AI Text:   8%|8         | 170/2000 [21:25<14:59,  2.04it/s, loss=0.3993]
Training Navine AI Text:   9%|8         | 171/2000 [21:25<13:37,  2.24it/s, loss=0.3993]
Training Navine AI Text:   9%|8         | 171/2000 [21:25<13:37,  2.24it/s, loss=0.3974]
Training Navine AI Text:   9%|8         | 172/2000 [21:25<12:35,  2.42it/s, loss=0.3974]
Training Navine AI Text:   9%|8         | 172/2000 [21:25<12:35,  2.42it/s, loss=0.4219]
Training Navine AI Text:   9%|8         | 173/2000 [21:26<12:24,  2.45it/s, loss=0.4219]
Training Navine AI Text:   9%|8         | 173/2000 [21:26<12:24,  2.45it/s, loss=0.4145]
Training Navine AI Text:   9%|8         | 174/2000 [21:26<11:50,  2.57it/s, loss=0.4145]
Training Navine AI Text:   9%|8         | 174/2000 [21:26<11:50,  2.57it/s, loss=0.3920]
Training Navine AI Text:   9%|8         | 175/2000 [21:26<11:06,  2.74it/s, loss=0.3920]
Training Navine AI Text:   9%|8         | 175/2000 [21:26<11:06,  2.74it/s, loss=0.4539]
Training Navine AI Text:   9%|8         | 176/2000 [21:27<15:34,  1.95it/s, loss=0.4539]
Training Navine AI Text:   9%|8         | 176/2000 [21:27<15:34,  1.95it/s, loss=0.3684]
Training Navine AI Text:   9%|8         | 177/2000 [21:28<15:20,  1.98it/s, loss=0.3684]
Training Navine AI Text:   9%|8         | 177/2000 [21:28<15:20,  1.98it/s, loss=0.3537]
Training Navine AI Text:   9%|8         | 178/2000 [21:28<13:23,  2.27it/s, loss=0.3537]
Training Navine AI Text:   9%|8         | 178/2000 [21:28<13:23,  2.27it/s, loss=0.3978]
Training Navine AI Text:   9%|8         | 179/2000 [21:28<12:23,  2.45it/s, loss=0.3978]
Training Navine AI Text:   9%|8         | 179/2000 [21:28<12:23,  2.45it/s, loss=0.3550]
Training Navine AI Text:   9%|9         | 180/2000 [21:29<12:52,  2.36it/s, loss=0.3550]
Training Navine AI Text:   9%|9         | 180/2000 [21:29<12:52,  2.36it/s, loss=0.3951]
Training Navine AI Text:   9%|9         | 181/2000 [21:29<12:28,  2.43it/s, loss=0.3951]
Training Navine AI Text:   9%|9         | 181/2000 [21:29<12:28,  2.43it/s, loss=0.3906]
Training Navine AI Text:   9%|9         | 182/2000 [21:29<11:33,  2.62it/s, loss=0.3906]
Training Navine AI Text:   9%|9         | 182/2000 [21:29<11:33,  2.62it/s, loss=0.3428]
Training Navine AI Text:   9%|9         | 183/2000 [21:30<11:00,  2.75it/s, loss=0.3428]
Training Navine AI Text:   9%|9         | 183/2000 [21:30<11:00,  2.75it/s, loss=0.1781]
Training Navine AI Text:   9%|9         | 184/2000 [21:30<12:28,  2.43it/s, loss=0.1781]
Training Navine AI Text:   9%|9         | 184/2000 [21:30<12:28,  2.43it/s, loss=0.4076]
Training Navine AI Text:   9%|9         | 185/2000 [21:31<12:05,  2.50it/s, loss=0.4076]
Training Navine AI Text:   9%|9         | 185/2000 [21:31<12:05,  2.50it/s, loss=0.4086]
Training Navine AI Text:   9%|9         | 186/2000 [21:31<11:40,  2.59it/s, loss=0.4086]
Training Navine AI Text:   9%|9         | 186/2000 [21:31<11:40,  2.59it/s, loss=0.4121]
Training Navine AI Text:   9%|9         | 187/2000 [21:31<12:09,  2.49it/s, loss=0.4121]
Training Navine AI Text:   9%|9         | 187/2000 [21:31<12:09,  2.49it/s, loss=0.3504]
Training Navine AI Text:   9%|9         | 188/2000 [21:32<11:49,  2.55it/s, loss=0.3504]
Training Navine AI Text:   9%|9         | 188/2000 [21:32<11:49,  2.55it/s, loss=0.3446]
Training Navine AI Text:   9%|9         | 189/2000 [21:32<11:48,  2.56it/s, loss=0.3446]
Training Navine AI Text:   9%|9         | 189/2000 [21:32<11:48,  2.56it/s, loss=0.4068]
Training Navine AI Text:  10%|9         | 190/2000 [21:33<12:15,  2.46it/s, loss=0.4068]
Training Navine AI Text:  10%|9         | 190/2000 [21:33<12:15,  2.46it/s, loss=0.4204]
Training Navine AI Text:  10%|9         | 191/2000 [21:33<12:12,  2.47it/s, loss=0.4204]
Training Navine AI Text:  10%|9         | 191/2000 [21:33<12:12,  2.47it/s, loss=0.4443]
Training Navine AI Text:  10%|9         | 192/2000 [21:34<17:16,  1.74it/s, loss=0.4443]
Training Navine AI Text:  10%|9         | 192/2000 [21:34<17:16,  1.74it/s, loss=0.4010]
Training Navine AI Text:  10%|9         | 193/2000 [21:35<17:23,  1.73it/s, loss=0.4010]
Training Navine AI Text:  10%|9         | 193/2000 [21:35<17:23,  1.73it/s, loss=0.4188]
Training Navine AI Text:  10%|9         | 194/2000 [21:35<14:48,  2.03it/s, loss=0.4188]
Training Navine AI Text:  10%|9         | 194/2000 [21:35<14:48,  2.03it/s, loss=0.3843]
Training Navine AI Text:  10%|9         | 195/2000 [21:35<14:30,  2.07it/s, loss=0.3843]
Training Navine AI Text:  10%|9         | 195/2000 [21:35<14:30,  2.07it/s, loss=0.3653]
Training Navine AI Text:  10%|9         | 196/2000 [21:36<14:11,  2.12it/s, loss=0.3653]
Training Navine AI Text:  10%|9         | 196/2000 [21:36<14:11,  2.12it/s, loss=0.3455]
Training Navine AI Text:  10%|9         | 197/2000 [21:36<13:31,  2.22it/s, loss=0.3455]
Training Navine AI Text:  10%|9         | 197/2000 [21:36<13:31,  2.22it/s, loss=0.3589]
Training Navine AI Text:  10%|9         | 198/2000 [21:37<13:22,  2.25it/s, loss=0.3589]
Training Navine AI Text:  10%|9         | 198/2000 [21:37<13:22,  2.25it/s, loss=0.4313]
Training Navine AI Text:  10%|9         | 199/2000 [21:37<13:19,  2.25it/s, loss=0.4313]
Training Navine AI Text:  10%|9         | 199/2000 [21:37<13:19,  2.25it/s, loss=0.3958]
Training Navine AI Text:  10%|#         | 200/2000 [21:38<13:20,  2.25it/s, loss=0.3958]
Step 200 | Val Loss: 6.3039
Training Navine AI Text:  10%|#         | 200/2000 [21:38<13:20,  2.25it/s, loss=0.3746]
Training Navine AI Text:  10%|#         | 201/2000 [25:12<32:15:32, 64.55s/it, loss=0.3746]
Training Navine AI Text:  10%|#         | 201/2000 [25:12<32:15:32, 64.55s/it, loss=0.4280]
Training Navine AI Text:  10%|#         | 202/2000 [25:12<22:35:56, 45.25s/it, loss=0.4280]
Training Navine AI Text:  10%|#         | 202/2000 [25:12<22:35:56, 45.25s/it, loss=0.3713]
Training Navine AI Text:  10%|#         | 203/2000 [25:12<15:50:02, 31.72s/it, loss=0.3713]
Training Navine AI Text:  10%|#         | 203/2000 [25:12<15:50:02, 31.72s/it, loss=0.3906]
Training Navine AI Text:  10%|#         | 204/2000 [25:12<11:05:48, 22.24s/it, loss=0.3906]
Training Navine AI Text:  10%|#         | 204/2000 [25:12<11:05:48, 22.24s/it, loss=0.3230]
Training Navine AI Text:  10%|#         | 205/2000 [25:12<7:47:00, 15.61s/it, loss=0.3230] 
Training Navine AI Text:  10%|#         | 205/2000 [25:12<7:47:00, 15.61s/it, loss=0.4277]
Training Navine AI Text:  10%|#         | 206/2000 [25:12<5:27:54, 10.97s/it, loss=0.4277]
Training Navine AI Text:  10%|#         | 206/2000 [25:12<5:27:54, 10.97s/it, loss=0.3579]
Training Navine AI Text:  10%|#         | 207/2000 [25:13<3:50:28,  7.71s/it, loss=0.3579]
Training Navine AI Text:  10%|#         | 207/2000 [25:13<3:50:28,  7.71s/it, loss=0.3649]
Training Navine AI Text:  10%|#         | 208/2000 [25:13<2:49:31,  5.68s/it, loss=0.3649]
Training Navine AI Text:  10%|#         | 208/2000 [25:13<2:49:31,  5.68s/it, loss=0.4053]
Training Navine AI Text:  10%|#         | 209/2000 [25:14<2:07:10,  4.26s/it, loss=0.4053]
Training Navine AI Text:  10%|#         | 209/2000 [25:14<2:07:10,  4.26s/it, loss=0.3640]
Training Navine AI Text:  10%|#         | 210/2000 [25:15<1:31:58,  3.08s/it, loss=0.3640]
Training Navine AI Text:  10%|#         | 210/2000 [25:15<1:31:58,  3.08s/it, loss=0.4156]
Training Navine AI Text:  11%|#         | 211/2000 [25:15<1:06:44,  2.24s/it, loss=0.4156]
Training Navine AI Text:  11%|#         | 211/2000 [25:15<1:06:44,  2.24s/it, loss=0.4284]
Training Navine AI Text:  11%|#         | 212/2000 [25:15<49:58,  1.68s/it, loss=0.4284]  
Training Navine AI Text:  11%|#         | 212/2000 [25:15<49:58,  1.68s/it, loss=0.3569]
Training Navine AI Text:  11%|#         | 213/2000 [25:16<38:25,  1.29s/it, loss=0.3569]
Training Navine AI Text:  11%|#         | 213/2000 [25:16<38:25,  1.29s/it, loss=0.4258]
Training Navine AI Text:  11%|#         | 214/2000 [25:16<31:23,  1.05s/it, loss=0.4258]
Training Navine AI Text:  11%|#         | 214/2000 [25:16<31:23,  1.05s/it, loss=0.3891]
Training Navine AI Text:  11%|#         | 215/2000 [25:17<25:39,  1.16it/s, loss=0.3891]
Training Navine AI Text:  11%|#         | 215/2000 [25:17<25:39,  1.16it/s, loss=0.3558]
Training Navine AI Text:  11%|#         | 216/2000 [25:17<21:27,  1.39it/s, loss=0.3558]
Training Navine AI Text:  11%|#         | 216/2000 [25:17<21:27,  1.39it/s, loss=0.3925]
Training Navine AI Text:  11%|#         | 217/2000 [25:17<17:47,  1.67it/s, loss=0.3925]
Training Navine AI Text:  11%|#         | 217/2000 [25:17<17:47,  1.67it/s, loss=0.4348]
Training Navine AI Text:  11%|#         | 218/2000 [25:18<14:35,  2.03it/s, loss=0.4348]
Training Navine AI Text:  11%|#         | 218/2000 [25:18<14:35,  2.03it/s, loss=0.3632]
Training Navine AI Text:  11%|#         | 219/2000 [25:18<14:16,  2.08it/s, loss=0.3632]
Training Navine AI Text:  11%|#         | 219/2000 [25:18<14:16,  2.08it/s, loss=0.4492]
Training Navine AI Text:  11%|#1        | 220/2000 [25:18<13:30,  2.19it/s, loss=0.4492]
Training Navine AI Text:  11%|#1        | 220/2000 [25:18<13:30,  2.19it/s, loss=0.4217]
Training Navine AI Text:  11%|#1        | 221/2000 [25:19<15:19,  1.94it/s, loss=0.4217]
Training Navine AI Text:  11%|#1        | 221/2000 [25:19<15:19,  1.94it/s, loss=0.3850]
Training Navine AI Text:  11%|#1        | 222/2000 [25:20<14:41,  2.02it/s, loss=0.3850]
Training Navine AI Text:  11%|#1        | 222/2000 [25:20<14:41,  2.02it/s, loss=0.3265]
Training Navine AI Text:  11%|#1        | 223/2000 [25:20<13:25,  2.21it/s, loss=0.3265]
Training Navine AI Text:  11%|#1        | 223/2000 [25:20<13:25,  2.21it/s, loss=0.4317]
Training Navine AI Text:  11%|#1        | 224/2000 [25:21<16:47,  1.76it/s, loss=0.4317]
Training Navine AI Text:  11%|#1        | 224/2000 [25:21<16:47,  1.76it/s, loss=0.3975]
Training Navine AI Text:  11%|#1        | 225/2000 [25:21<16:08,  1.83it/s, loss=0.3975]
Training Navine AI Text:  11%|#1        | 225/2000 [25:21<16:08,  1.83it/s, loss=0.4102]
Training Navine AI Text:  11%|#1        | 226/2000 [25:22<15:53,  1.86it/s, loss=0.4102]
Training Navine AI Text:  11%|#1        | 226/2000 [25:22<15:53,  1.86it/s, loss=0.4214]
Training Navine AI Text:  11%|#1        | 227/2000 [25:22<15:36,  1.89it/s, loss=0.4214]
Training Navine AI Text:  11%|#1        | 227/2000 [25:22<15:36,  1.89it/s, loss=0.3497]
Training Navine AI Text:  11%|#1        | 228/2000 [25:23<14:31,  2.03it/s, loss=0.3497]
Training Navine AI Text:  11%|#1        | 228/2000 [25:23<14:31,  2.03it/s, loss=0.4160]
Training Navine AI Text:  11%|#1        | 229/2000 [25:23<13:39,  2.16it/s, loss=0.4160]
Training Navine AI Text:  11%|#1        | 229/2000 [25:23<13:39,  2.16it/s, loss=0.3306]
Training Navine AI Text:  12%|#1        | 230/2000 [25:23<12:24,  2.38it/s, loss=0.3306]
Training Navine AI Text:  12%|#1        | 230/2000 [25:23<12:24,  2.38it/s, loss=0.3878]
Training Navine AI Text:  12%|#1        | 231/2000 [25:24<12:44,  2.31it/s, loss=0.3878]
Training Navine AI Text:  12%|#1        | 231/2000 [25:24<12:44,  2.31it/s, loss=0.3524]
Training Navine AI Text:  12%|#1        | 232/2000 [25:24<12:06,  2.43it/s, loss=0.3524]
Training Navine AI Text:  12%|#1        | 232/2000 [25:24<12:06,  2.43it/s, loss=0.3327]
Training Navine AI Text:  12%|#1        | 233/2000 [25:25<13:11,  2.23it/s, loss=0.3327]
Training Navine AI Text:  12%|#1        | 233/2000 [25:25<13:11,  2.23it/s, loss=0.3877]
Training Navine AI Text:  12%|#1        | 234/2000 [25:25<12:30,  2.35it/s, loss=0.3877]
Training Navine AI Text:  12%|#1        | 234/2000 [25:25<12:30,  2.35it/s, loss=0.3957]
Training Navine AI Text:  12%|#1        | 235/2000 [25:26<17:22,  1.69it/s, loss=0.3957]
Training Navine AI Text:  12%|#1        | 235/2000 [25:26<17:22,  1.69it/s, loss=0.3734]
Training Navine AI Text:  12%|#1        | 236/2000 [25:26<15:11,  1.93it/s, loss=0.3734]
Training Navine AI Text:  12%|#1        | 236/2000 [25:26<15:11,  1.93it/s, loss=0.4036]
Training Navine AI Text:  12%|#1        | 237/2000 [25:27<12:56,  2.27it/s, loss=0.4036]
Training Navine AI Text:  12%|#1        | 237/2000 [25:27<12:56,  2.27it/s, loss=0.3772]
Training Navine AI Text:  12%|#1        | 238/2000 [25:27<12:35,  2.33it/s, loss=0.3772]
Training Navine AI Text:  12%|#1        | 238/2000 [25:27<12:35,  2.33it/s, loss=0.4198]
Training Navine AI Text:  12%|#1        | 239/2000 [25:28<12:26,  2.36it/s, loss=0.4198]
Training Navine AI Text:  12%|#1        | 239/2000 [25:28<12:26,  2.36it/s, loss=0.3880]
Training Navine AI Text:  12%|#2        | 240/2000 [25:29<19:00,  1.54it/s, loss=0.3880]
Training Navine AI Text:  12%|#2        | 240/2000 [25:29<19:00,  1.54it/s, loss=0.3967]
Training Navine AI Text:  12%|#2        | 241/2000 [25:29<19:42,  1.49it/s, loss=0.3967]
Training Navine AI Text:  12%|#2        | 241/2000 [25:29<19:42,  1.49it/s, loss=0.3820]
Training Navine AI Text:  12%|#2        | 242/2000 [25:30<16:40,  1.76it/s, loss=0.3820]
Training Navine AI Text:  12%|#2        | 242/2000 [25:30<16:40,  1.76it/s, loss=0.3904]
Training Navine AI Text:  12%|#2        | 243/2000 [25:30<17:05,  1.71it/s, loss=0.3904]
Training Navine AI Text:  12%|#2        | 243/2000 [25:30<17:05,  1.71it/s, loss=0.3577]
Training Navine AI Text:  12%|#2        | 244/2000 [25:31<16:35,  1.76it/s, loss=0.3577]
Training Navine AI Text:  12%|#2        | 244/2000 [25:31<16:35,  1.76it/s, loss=0.3864]
Training Navine AI Text:  12%|#2        | 245/2000 [25:31<15:05,  1.94it/s, loss=0.3864]
Training Navine AI Text:  12%|#2        | 245/2000 [25:31<15:05,  1.94it/s, loss=0.3873]
Training Navine AI Text:  12%|#2        | 246/2000 [25:32<15:11,  1.92it/s, loss=0.3873]
Training Navine AI Text:  12%|#2        | 246/2000 [25:32<15:11,  1.92it/s, loss=0.3290]
Training Navine AI Text:  12%|#2        | 247/2000 [25:32<13:44,  2.13it/s, loss=0.3290]
Training Navine AI Text:  12%|#2        | 247/2000 [25:32<13:44,  2.13it/s, loss=0.3900]
Training Navine AI Text:  12%|#2        | 248/2000 [25:33<13:23,  2.18it/s, loss=0.3900]
Training Navine AI Text:  12%|#2        | 248/2000 [25:33<13:23,  2.18it/s, loss=0.3489]
Training Navine AI Text:  12%|#2        | 249/2000 [25:33<12:39,  2.31it/s, loss=0.3489]
Training Navine AI Text:  12%|#2        | 249/2000 [25:33<12:39,  2.31it/s, loss=0.3253]
Training Navine AI Text:  12%|#2        | 250/2000 [25:33<12:17,  2.37it/s, loss=0.3253]
Step 250 | Val Loss: 6.0679
Training Navine AI Text:  12%|#2        | 250/2000 [25:33<12:17,  2.37it/s, loss=0.4398]
Training Navine AI Text:  13%|#2        | 251/2000 [29:00<30:19:01, 62.40s/it, loss=0.4398]
Training Navine AI Text:  13%|#2        | 251/2000 [29:00<30:19:01, 62.40s/it, loss=0.3860]
Training Navine AI Text:  13%|#2        | 252/2000 [29:01<21:13:42, 43.72s/it, loss=0.3860]
Training Navine AI Text:  13%|#2        | 252/2000 [29:01<21:13:42, 43.72s/it, loss=0.3898]
Training Navine AI Text:  13%|#2        | 253/2000 [29:01<14:52:08, 30.64s/it, loss=0.3898]
Training Navine AI Text:  13%|#2        | 253/2000 [29:01<14:52:08, 30.64s/it, loss=0.4092]
Training Navine AI Text:  13%|#2        | 254/2000 [29:01<10:25:07, 21.48s/it, loss=0.4092]
Training Navine AI Text:  13%|#2        | 254/2000 [29:01<10:25:07, 21.48s/it, loss=0.3712]
Training Navine AI Text:  13%|#2        | 255/2000 [29:01<7:18:24, 15.07s/it, loss=0.3712] 
Training Navine AI Text:  13%|#2        | 255/2000 [29:01<7:18:24, 15.07s/it, loss=0.3558]
Training Navine AI Text:  13%|#2        | 256/2000 [29:01<5:08:29, 10.61s/it, loss=0.3558]
Training Navine AI Text:  13%|#2        | 256/2000 [29:01<5:08:29, 10.61s/it, loss=0.4040]
Training Navine AI Text:  13%|#2        | 257/2000 [29:02<3:43:22,  7.69s/it, loss=0.4040]
Training Navine AI Text:  13%|#2        | 257/2000 [29:02<3:43:22,  7.69s/it, loss=0.2752]
Training Navine AI Text:  13%|#2        | 258/2000 [29:02<2:38:27,  5.46s/it, loss=0.2752]
Training Navine AI Text:  13%|#2        | 258/2000 [29:02<2:38:27,  5.46s/it, loss=0.3864]
Training Navine AI Text:  13%|#2        | 259/2000 [29:03<1:54:13,  3.94s/it, loss=0.3864]
Training Navine AI Text:  13%|#2        | 259/2000 [29:03<1:54:13,  3.94s/it, loss=0.3536]
Training Navine AI Text:  13%|#3        | 260/2000 [29:03<1:22:48,  2.86s/it, loss=0.3536]
Training Navine AI Text:  13%|#3        | 260/2000 [29:03<1:22:48,  2.86s/it, loss=0.3646]
Training Navine AI Text:  13%|#3        | 261/2000 [29:03<1:01:08,  2.11s/it, loss=0.3646]
Training Navine AI Text:  13%|#3        | 261/2000 [29:03<1:01:08,  2.11s/it, loss=0.3606]
Training Navine AI Text:  13%|#3        | 262/2000 [29:04<45:43,  1.58s/it, loss=0.3606]  
Training Navine AI Text:  13%|#3        | 262/2000 [29:04<45:43,  1.58s/it, loss=0.4140]
Training Navine AI Text:  13%|#3        | 263/2000 [29:04<34:54,  1.21s/it, loss=0.4140]
Training Navine AI Text:  13%|#3        | 263/2000 [29:04<34:54,  1.21s/it, loss=0.5603]
Training Navine AI Text:  13%|#3        | 264/2000 [29:04<27:45,  1.04it/s, loss=0.5603]
Training Navine AI Text:  13%|#3        | 264/2000 [29:04<27:45,  1.04it/s, loss=0.3806]
Training Navine AI Text:  13%|#3        | 265/2000 [29:05<22:25,  1.29it/s, loss=0.3806]
Training Navine AI Text:  13%|#3        | 265/2000 [29:05<22:25,  1.29it/s, loss=0.4345]
Training Navine AI Text:  13%|#3        | 266/2000 [29:05<18:46,  1.54it/s, loss=0.4345]
Training Navine AI Text:  13%|#3        | 266/2000 [29:05<18:46,  1.54it/s, loss=0.3670]
Training Navine AI Text:  13%|#3        | 267/2000 [29:05<15:57,  1.81it/s, loss=0.3670]
Training Navine AI Text:  13%|#3        | 267/2000 [29:05<15:57,  1.81it/s, loss=0.4350]
Training Navine AI Text:  13%|#3        | 268/2000 [29:06<14:38,  1.97it/s, loss=0.4350]
Training Navine AI Text:  13%|#3        | 268/2000 [29:06<14:38,  1.97it/s, loss=0.3667]
Training Navine AI Text:  13%|#3        | 269/2000 [29:06<13:18,  2.17it/s, loss=0.3667]
Training Navine AI Text:  13%|#3        | 269/2000 [29:06<13:18,  2.17it/s, loss=0.3546]
Training Navine AI Text:  14%|#3        | 270/2000 [29:06<12:06,  2.38it/s, loss=0.3546]
Training Navine AI Text:  14%|#3        | 270/2000 [29:06<12:06,  2.38it/s, loss=0.3276]
Training Navine AI Text:  14%|#3        | 271/2000 [29:07<11:16,  2.56it/s, loss=0.3276]
Training Navine AI Text:  14%|#3        | 271/2000 [29:07<11:16,  2.56it/s, loss=0.4016]
Training Navine AI Text:  14%|#3        | 272/2000 [29:08<15:45,  1.83it/s, loss=0.4016]
Training Navine AI Text:  14%|#3        | 272/2000 [29:08<15:45,  1.83it/s, loss=0.3840]
Training Navine AI Text:  14%|#3        | 273/2000 [29:08<15:28,  1.86it/s, loss=0.3840]
Training Navine AI Text:  14%|#3        | 273/2000 [29:08<15:28,  1.86it/s, loss=0.4107]
Training Navine AI Text:  14%|#3        | 274/2000 [29:09<13:52,  2.07it/s, loss=0.4107]
Training Navine AI Text:  14%|#3        | 274/2000 [29:09<13:52,  2.07it/s, loss=0.3650]
Training Navine AI Text:  14%|#3        | 275/2000 [29:09<12:47,  2.25it/s, loss=0.3650]
Training Navine AI Text:  14%|#3        | 275/2000 [29:09<12:47,  2.25it/s, loss=0.3291]
Training Navine AI Text:  14%|#3        | 276/2000 [29:09<11:56,  2.41it/s, loss=0.3291]
Training Navine AI Text:  14%|#3        | 276/2000 [29:09<11:56,  2.41it/s, loss=0.3568]
Training Navine AI Text:  14%|#3        | 277/2000 [29:10<11:14,  2.55it/s, loss=0.3568]
Training Navine AI Text:  14%|#3        | 277/2000 [29:10<11:14,  2.55it/s, loss=0.3632]
Training Navine AI Text:  14%|#3        | 278/2000 [29:10<11:17,  2.54it/s, loss=0.3632]
Training Navine AI Text:  14%|#3        | 278/2000 [29:10<11:17,  2.54it/s, loss=0.3813]
Training Navine AI Text:  14%|#3        | 279/2000 [29:10<11:11,  2.56it/s, loss=0.3813]
Training Navine AI Text:  14%|#3        | 279/2000 [29:10<11:11,  2.56it/s, loss=0.3401]
Training Navine AI Text:  14%|#4        | 280/2000 [29:11<11:06,  2.58it/s, loss=0.3401]
Training Navine AI Text:  14%|#4        | 280/2000 [29:11<11:06,  2.58it/s, loss=0.3517]
Training Navine AI Text:  14%|#4        | 281/2000 [29:11<10:40,  2.68it/s, loss=0.3517]
Training Navine AI Text:  14%|#4        | 281/2000 [29:11<10:40,  2.68it/s, loss=0.3849]
Training Navine AI Text:  14%|#4        | 282/2000 [29:11<10:19,  2.78it/s, loss=0.3849]
Training Navine AI Text:  14%|#4        | 282/2000 [29:11<10:19,  2.78it/s, loss=0.4633]
Training Navine AI Text:  14%|#4        | 283/2000 [29:12<10:52,  2.63it/s, loss=0.4633]
Training Navine AI Text:  14%|#4        | 283/2000 [29:12<10:52,  2.63it/s, loss=0.3678]
Training Navine AI Text:  14%|#4        | 284/2000 [29:12<10:42,  2.67it/s, loss=0.3678]
Training Navine AI Text:  14%|#4        | 284/2000 [29:12<10:42,  2.67it/s, loss=0.3529]
Training Navine AI Text:  14%|#4        | 285/2000 [29:13<10:41,  2.68it/s, loss=0.3529]
Training Navine AI Text:  14%|#4        | 285/2000 [29:13<10:41,  2.68it/s, loss=0.3946]
Training Navine AI Text:  14%|#4        | 286/2000 [29:13<10:15,  2.79it/s, loss=0.3946]
Training Navine AI Text:  14%|#4        | 286/2000 [29:13<10:15,  2.79it/s, loss=0.4493]
Training Navine AI Text:  14%|#4        | 287/2000 [29:13<09:56,  2.87it/s, loss=0.4493]
Training Navine AI Text:  14%|#4        | 287/2000 [29:13<09:56,  2.87it/s, loss=0.3325]
Training Navine AI Text:  14%|#4        | 288/2000 [29:14<14:04,  2.03it/s, loss=0.3325]
Training Navine AI Text:  14%|#4        | 288/2000 [29:14<14:04,  2.03it/s, loss=0.3671]
Training Navine AI Text:  14%|#4        | 289/2000 [29:15<14:30,  1.97it/s, loss=0.3671]
Training Navine AI Text:  14%|#4        | 289/2000 [29:15<14:30,  1.97it/s, loss=0.3422]
Training Navine AI Text:  14%|#4        | 290/2000 [29:15<13:24,  2.13it/s, loss=0.3422]
Training Navine AI Text:  14%|#4        | 290/2000 [29:15<13:24,  2.13it/s, loss=0.3728]
Training Navine AI Text:  15%|#4        | 291/2000 [29:16<13:29,  2.11it/s, loss=0.3728]
Training Navine AI Text:  15%|#4        | 291/2000 [29:16<13:29,  2.11it/s, loss=0.3293]
Training Navine AI Text:  15%|#4        | 292/2000 [29:16<13:29,  2.11it/s, loss=0.3293]
Training Navine AI Text:  15%|#4        | 292/2000 [29:16<13:29,  2.11it/s, loss=0.4119]
Training Navine AI Text:  15%|#4        | 293/2000 [29:16<13:23,  2.12it/s, loss=0.4119]
Training Navine AI Text:  15%|#4        | 293/2000 [29:16<13:23,  2.12it/s, loss=0.4210]
Training Navine AI Text:  15%|#4        | 294/2000 [29:17<12:47,  2.22it/s, loss=0.4210]
Training Navine AI Text:  15%|#4        | 294/2000 [29:17<12:47,  2.22it/s, loss=0.3884]
Training Navine AI Text:  15%|#4        | 295/2000 [29:17<13:05,  2.17it/s, loss=0.3884]
Training Navine AI Text:  15%|#4        | 295/2000 [29:17<13:05,  2.17it/s, loss=0.3310]
Training Navine AI Text:  15%|#4        | 296/2000 [29:18<12:59,  2.19it/s, loss=0.3310]
Training Navine AI Text:  15%|#4        | 296/2000 [29:18<12:59,  2.19it/s, loss=0.3374]
Training Navine AI Text:  15%|#4        | 297/2000 [29:18<13:08,  2.16it/s, loss=0.3374]
Training Navine AI Text:  15%|#4        | 297/2000 [29:18<13:08,  2.16it/s, loss=0.3841]
Training Navine AI Text:  15%|#4        | 298/2000 [29:19<12:50,  2.21it/s, loss=0.3841]
Training Navine AI Text:  15%|#4        | 298/2000 [29:19<12:50,  2.21it/s, loss=0.3911]
Training Navine AI Text:  15%|#4        | 299/2000 [29:19<12:53,  2.20it/s, loss=0.3911]
Training Navine AI Text:  15%|#4        | 299/2000 [29:19<12:53,  2.20it/s, loss=0.3216]
Training Navine AI Text:  15%|#5        | 300/2000 [29:20<12:48,  2.21it/s, loss=0.3216]
Step 300 | Val Loss: 5.9066
Training Navine AI Text:  15%|#5        | 300/2000 [29:20<12:48,  2.21it/s, loss=0.3986]
Training Navine AI Text:  15%|#5        | 301/2000 [32:59<31:13:11, 66.15s/it, loss=0.3986]
Training Navine AI Text:  15%|#5        | 301/2000 [32:59<31:13:11, 66.15s/it, loss=0.3504]
Training Navine AI Text:  15%|#5        | 302/2000 [32:59<21:51:45, 46.35s/it, loss=0.3504]
Training Navine AI Text:  15%|#5        | 302/2000 [32:59<21:51:45, 46.35s/it, loss=0.3555]
Training Navine AI Text:  15%|#5        | 303/2000 [32:59<15:18:56, 32.49s/it, loss=0.3555]
Training Navine AI Text:  15%|#5        | 303/2000 [32:59<15:18:56, 32.49s/it, loss=0.3616]
Training Navine AI Text:  15%|#5        | 304/2000 [33:00<10:45:21, 22.83s/it, loss=0.3616]
Training Navine AI Text:  15%|#5        | 304/2000 [33:00<10:45:21, 22.83s/it, loss=0.3461]
Training Navine AI Text:  15%|#5        | 305/2000 [33:01<7:39:27, 16.26s/it, loss=0.3461] 
Training Navine AI Text:  15%|#5        | 305/2000 [33:01<7:39:27, 16.26s/it, loss=0.4182]
Training Navine AI Text:  15%|#5        | 306/2000 [33:01<5:24:43, 11.50s/it, loss=0.4182]
Training Navine AI Text:  15%|#5        | 306/2000 [33:01<5:24:43, 11.50s/it, loss=0.2815]
Training Navine AI Text:  15%|#5        | 307/2000 [33:01<3:49:59,  8.15s/it, loss=0.2815]
Training Navine AI Text:  15%|#5        | 307/2000 [33:01<3:49:59,  8.15s/it, loss=0.3933]
Training Navine AI Text:  15%|#5        | 308/2000 [33:02<2:43:47,  5.81s/it, loss=0.3933]
Training Navine AI Text:  15%|#5        | 308/2000 [33:02<2:43:47,  5.81s/it, loss=0.3669]
Training Navine AI Text:  15%|#5        | 309/2000 [33:02<1:57:47,  4.18s/it, loss=0.3669]
Training Navine AI Text:  15%|#5        | 309/2000 [33:02<1:57:47,  4.18s/it, loss=0.4167]
Training Navine AI Text:  16%|#5        | 310/2000 [33:02<1:26:15,  3.06s/it, loss=0.4167]
Training Navine AI Text:  16%|#5        | 310/2000 [33:02<1:26:15,  3.06s/it, loss=0.3674]
Training Navine AI Text:  16%|#5        | 311/2000 [33:03<1:04:35,  2.29s/it, loss=0.3674]
Training Navine AI Text:  16%|#5        | 311/2000 [33:03<1:04:35,  2.29s/it, loss=0.3833]
Training Navine AI Text:  16%|#5        | 312/2000 [33:03<48:11,  1.71s/it, loss=0.3833]  
Training Navine AI Text:  16%|#5        | 312/2000 [33:03<48:11,  1.71s/it, loss=0.4189]
Training Navine AI Text:  16%|#5        | 313/2000 [33:04<36:26,  1.30s/it, loss=0.4189]
Training Navine AI Text:  16%|#5        | 313/2000 [33:04<36:26,  1.30s/it, loss=0.4003]
Training Navine AI Text:  16%|#5        | 314/2000 [33:04<29:00,  1.03s/it, loss=0.4003]
Training Navine AI Text:  16%|#5        | 314/2000 [33:04<29:00,  1.03s/it, loss=0.3008]
Training Navine AI Text:  16%|#5        | 315/2000 [33:04<23:09,  1.21it/s, loss=0.3008]
Training Navine AI Text:  16%|#5        | 315/2000 [33:04<23:09,  1.21it/s, loss=0.3592]
Training Navine AI Text:  16%|#5        | 316/2000 [33:05<19:02,  1.47it/s, loss=0.3592]
Training Navine AI Text:  16%|#5        | 316/2000 [33:05<19:02,  1.47it/s, loss=0.4106]
Training Navine AI Text:  16%|#5        | 317/2000 [33:05<15:52,  1.77it/s, loss=0.4106]
Training Navine AI Text:  16%|#5        | 317/2000 [33:05<15:52,  1.77it/s, loss=0.4237]
Training Navine AI Text:  16%|#5        | 318/2000 [33:06<16:03,  1.75it/s, loss=0.4237]
Training Navine AI Text:  16%|#5        | 318/2000 [33:06<16:03,  1.75it/s, loss=0.3431]
Training Navine AI Text:  16%|#5        | 319/2000 [33:06<14:54,  1.88it/s, loss=0.3431]
Training Navine AI Text:  16%|#5        | 319/2000 [33:06<14:54,  1.88it/s, loss=0.3717]
Training Navine AI Text:  16%|#6        | 320/2000 [33:07<18:57,  1.48it/s, loss=0.3717]
Training Navine AI Text:  16%|#6        | 320/2000 [33:07<18:57,  1.48it/s, loss=0.4259]
Training Navine AI Text:  16%|#6        | 321/2000 [33:08<16:45,  1.67it/s, loss=0.4259]
Training Navine AI Text:  16%|#6        | 321/2000 [33:08<16:45,  1.67it/s, loss=0.3750]
Training Navine AI Text:  16%|#6        | 322/2000 [33:08<16:12,  1.73it/s, loss=0.3750]
Training Navine AI Text:  16%|#6        | 322/2000 [33:08<16:12,  1.73it/s, loss=0.3428]
Training Navine AI Text:  16%|#6        | 323/2000 [33:08<14:07,  1.98it/s, loss=0.3428]
Training Navine AI Text:  16%|#6        | 323/2000 [33:08<14:07,  1.98it/s, loss=0.3974]
Training Navine AI Text:  16%|#6        | 324/2000 [33:09<13:38,  2.05it/s, loss=0.3974]
Training Navine AI Text:  16%|#6        | 324/2000 [33:09<13:38,  2.05it/s, loss=0.3548]
Training Navine AI Text:  16%|#6        | 325/2000 [33:09<13:25,  2.08it/s, loss=0.3548]
Training Navine AI Text:  16%|#6        | 325/2000 [33:09<13:25,  2.08it/s, loss=0.3614]
Training Navine AI Text:  16%|#6        | 326/2000 [33:10<12:21,  2.26it/s, loss=0.3614]
Training Navine AI Text:  16%|#6        | 326/2000 [33:10<12:21,  2.26it/s, loss=0.3225]
Training Navine AI Text:  16%|#6        | 327/2000 [33:10<11:40,  2.39it/s, loss=0.3225]
Training Navine AI Text:  16%|#6        | 327/2000 [33:10<11:40,  2.39it/s, loss=0.3248]
Training Navine AI Text:  16%|#6        | 328/2000 [33:10<11:58,  2.33it/s, loss=0.3248]
Training Navine AI Text:  16%|#6        | 328/2000 [33:10<11:58,  2.33it/s, loss=0.4339]
Training Navine AI Text:  16%|#6        | 329/2000 [33:11<11:12,  2.49it/s, loss=0.4339]
Training Navine AI Text:  16%|#6        | 329/2000 [33:11<11:12,  2.49it/s, loss=0.3881]
Training Navine AI Text:  16%|#6        | 330/2000 [33:11<11:13,  2.48it/s, loss=0.3881]
Training Navine AI Text:  16%|#6        | 330/2000 [33:11<11:13,  2.48it/s, loss=0.4030]
Training Navine AI Text:  17%|#6        | 331/2000 [33:12<11:43,  2.37it/s, loss=0.4030]
Training Navine AI Text:  17%|#6        | 331/2000 [33:12<11:43,  2.37it/s, loss=0.3689]
Training Navine AI Text:  17%|#6        | 332/2000 [33:12<11:43,  2.37it/s, loss=0.3689]
Training Navine AI Text:  17%|#6        | 332/2000 [33:12<11:43,  2.37it/s, loss=0.3458]
Training Navine AI Text:  17%|#6        | 333/2000 [33:13<12:10,  2.28it/s, loss=0.3458]
Training Navine AI Text:  17%|#6        | 333/2000 [33:13<12:10,  2.28it/s, loss=0.3766]
Training Navine AI Text:  17%|#6        | 334/2000 [33:13<11:55,  2.33it/s, loss=0.3766]
Training Navine AI Text:  17%|#6        | 334/2000 [33:13<11:55,  2.33it/s, loss=0.3434]
Training Navine AI Text:  17%|#6        | 335/2000 [33:13<11:14,  2.47it/s, loss=0.3434]
Training Navine AI Text:  17%|#6        | 335/2000 [33:13<11:14,  2.47it/s, loss=0.4536]
Training Navine AI Text:  17%|#6        | 336/2000 [33:14<15:15,  1.82it/s, loss=0.4536]
Training Navine AI Text:  17%|#6        | 336/2000 [33:14<15:15,  1.82it/s, loss=0.3620]
Training Navine AI Text:  17%|#6        | 337/2000 [33:15<15:46,  1.76it/s, loss=0.3620]
Training Navine AI Text:  17%|#6        | 337/2000 [33:15<15:46,  1.76it/s, loss=0.3937]
Training Navine AI Text:  17%|#6        | 338/2000 [33:15<13:51,  2.00it/s, loss=0.3937]
Training Navine AI Text:  17%|#6        | 338/2000 [33:15<13:51,  2.00it/s, loss=0.3937]
Training Navine AI Text:  17%|#6        | 339/2000 [33:16<13:48,  2.01it/s, loss=0.3937]
Training Navine AI Text:  17%|#6        | 339/2000 [33:16<13:48,  2.01it/s, loss=0.3713]
Training Navine AI Text:  17%|#7        | 340/2000 [33:16<13:29,  2.05it/s, loss=0.3713]
Training Navine AI Text:  17%|#7        | 340/2000 [33:16<13:29,  2.05it/s, loss=0.3776]
Training Navine AI Text:  17%|#7        | 341/2000 [33:17<12:31,  2.21it/s, loss=0.3776]
Training Navine AI Text:  17%|#7        | 341/2000 [33:17<12:31,  2.21it/s, loss=0.3393]
Training Navine AI Text:  17%|#7        | 342/2000 [33:17<12:26,  2.22it/s, loss=0.3393]
Training Navine AI Text:  17%|#7        | 342/2000 [33:17<12:26,  2.22it/s, loss=0.3228]
Training Navine AI Text:  17%|#7        | 343/2000 [33:17<13:00,  2.12it/s, loss=0.3228]
Training Navine AI Text:  17%|#7        | 343/2000 [33:17<13:00,  2.12it/s, loss=0.3421]
Training Navine AI Text:  17%|#7        | 344/2000 [33:18<13:18,  2.07it/s, loss=0.3421]
Training Navine AI Text:  17%|#7        | 344/2000 [33:18<13:18,  2.07it/s, loss=0.3226]
Training Navine AI Text:  17%|#7        | 345/2000 [33:18<12:46,  2.16it/s, loss=0.3226]
Training Navine AI Text:  17%|#7        | 345/2000 [33:18<12:46,  2.16it/s, loss=0.3822]
Training Navine AI Text:  17%|#7        | 346/2000 [33:19<14:28,  1.90it/s, loss=0.3822]
Training Navine AI Text:  17%|#7        | 346/2000 [33:19<14:28,  1.90it/s, loss=0.3209]
Training Navine AI Text:  17%|#7        | 347/2000 [33:19<13:39,  2.02it/s, loss=0.3209]
Training Navine AI Text:  17%|#7        | 347/2000 [33:19<13:39,  2.02it/s, loss=0.4183]
Training Navine AI Text:  17%|#7        | 348/2000 [33:20<12:59,  2.12it/s, loss=0.4183]
Training Navine AI Text:  17%|#7        | 348/2000 [33:20<12:59,  2.12it/s, loss=0.3562]
Training Navine AI Text:  17%|#7        | 349/2000 [33:20<13:29,  2.04it/s, loss=0.3562]
Training Navine AI Text:  17%|#7        | 349/2000 [33:20<13:29,  2.04it/s, loss=0.4132]
Training Navine AI Text:  18%|#7        | 350/2000 [33:21<12:50,  2.14it/s, loss=0.4132]
Step 350 | Val Loss: 5.7193
Training Navine AI Text:  18%|#7        | 350/2000 [33:21<12:50,  2.14it/s, loss=0.3541]
Training Navine AI Text:  18%|#7        | 351/2000 [37:38<35:27:18, 77.40s/it, loss=0.3541]
Training Navine AI Text:  18%|#7        | 351/2000 [37:38<35:27:18, 77.40s/it, loss=0.4031]
Training Navine AI Text:  18%|#7        | 352/2000 [37:39<24:55:54, 54.46s/it, loss=0.4031]
Training Navine AI Text:  18%|#7        | 352/2000 [37:39<24:55:54, 54.46s/it, loss=0.3158]
Training Navine AI Text:  18%|#7        | 353/2000 [37:40<17:33:39, 38.38s/it, loss=0.3158]
Training Navine AI Text:  18%|#7        | 353/2000 [37:40<17:33:39, 38.38s/it, loss=0.2605]
Training Navine AI Text:  18%|#7        | 354/2000 [37:40<12:19:11, 26.94s/it, loss=0.2605]
Training Navine AI Text:  18%|#7        | 354/2000 [37:40<12:19:11, 26.94s/it, loss=0.3135]
Training Navine AI Text:  18%|#7        | 355/2000 [37:40<8:39:50, 18.96s/it, loss=0.3135] 
Training Navine AI Text:  18%|#7        | 355/2000 [37:40<8:39:50, 18.96s/it, loss=0.3102]
Training Navine AI Text:  18%|#7        | 356/2000 [37:40<6:06:20, 13.37s/it, loss=0.3102]
Training Navine AI Text:  18%|#7        | 356/2000 [37:40<6:06:20, 13.37s/it, loss=0.4568]
Training Navine AI Text:  18%|#7        | 357/2000 [37:41<4:19:01,  9.46s/it, loss=0.4568]
Training Navine AI Text:  18%|#7        | 357/2000 [37:41<4:19:01,  9.46s/it, loss=0.3994]
Training Navine AI Text:  18%|#7        | 358/2000 [37:41<3:04:15,  6.73s/it, loss=0.3994]
Training Navine AI Text:  18%|#7        | 358/2000 [37:41<3:04:15,  6.73s/it, loss=0.3314]
Training Navine AI Text:  18%|#7        | 359/2000 [37:42<2:11:40,  4.81s/it, loss=0.3314]
Training Navine AI Text:  18%|#7        | 359/2000 [37:42<2:11:40,  4.81s/it, loss=0.3368]
Training Navine AI Text:  18%|#8        | 360/2000 [37:42<1:34:38,  3.46s/it, loss=0.3368]
Training Navine AI Text:  18%|#8        | 360/2000 [37:42<1:34:38,  3.46s/it, loss=0.3814]
Training Navine AI Text:  18%|#8        | 361/2000 [37:42<1:08:52,  2.52s/it, loss=0.3814]
Training Navine AI Text:  18%|#8        | 361/2000 [37:42<1:08:52,  2.52s/it, loss=0.3559]
Training Navine AI Text:  18%|#8        | 362/2000 [37:43<52:35,  1.93s/it, loss=0.3559]  
Training Navine AI Text:  18%|#8        | 362/2000 [37:43<52:35,  1.93s/it, loss=0.3982]
Training Navine AI Text:  18%|#8        | 363/2000 [37:43<40:40,  1.49s/it, loss=0.3982]
Training Navine AI Text:  18%|#8        | 363/2000 [37:43<40:40,  1.49s/it, loss=0.3429]
Training Navine AI Text:  18%|#8        | 364/2000 [37:43<30:35,  1.12s/it, loss=0.3429]
Training Navine AI Text:  18%|#8        | 364/2000 [37:43<30:35,  1.12s/it, loss=0.3581]
Training Navine AI Text:  18%|#8        | 365/2000 [37:44<24:06,  1.13it/s, loss=0.3581]
Training Navine AI Text:  18%|#8        | 365/2000 [37:44<24:06,  1.13it/s, loss=0.3343]
Training Navine AI Text:  18%|#8        | 366/2000 [37:44<19:03,  1.43it/s, loss=0.3343]
Training Navine AI Text:  18%|#8        | 366/2000 [37:44<19:03,  1.43it/s, loss=0.3195]
Training Navine AI Text:  18%|#8        | 367/2000 [37:44<16:01,  1.70it/s, loss=0.3195]
Training Navine AI Text:  18%|#8        | 367/2000 [37:44<16:01,  1.70it/s, loss=0.3434]
Training Navine AI Text:  18%|#8        | 368/2000 [37:45<17:46,  1.53it/s, loss=0.3434]
Training Navine AI Text:  18%|#8        | 368/2000 [37:45<17:46,  1.53it/s, loss=0.3563]
Training Navine AI Text:  18%|#8        | 369/2000 [37:46<19:46,  1.38it/s, loss=0.3563]
Training Navine AI Text:  18%|#8        | 369/2000 [37:46<19:46,  1.38it/s, loss=0.3320]
Training Navine AI Text:  18%|#8        | 370/2000 [37:47<17:20,  1.57it/s, loss=0.3320]
Training Navine AI Text:  18%|#8        | 370/2000 [37:47<17:20,  1.57it/s, loss=0.3671]
Training Navine AI Text:  19%|#8        | 371/2000 [37:47<14:40,  1.85it/s, loss=0.3671]
Training Navine AI Text:  19%|#8        | 371/2000 [37:47<14:40,  1.85it/s, loss=0.3581]
Training Navine AI Text:  19%|#8        | 372/2000 [37:47<12:37,  2.15it/s, loss=0.3581]
Training Navine AI Text:  19%|#8        | 372/2000 [37:47<12:37,  2.15it/s, loss=0.3034]
Training Navine AI Text:  19%|#8        | 373/2000 [37:47<11:28,  2.36it/s, loss=0.3034]
Training Navine AI Text:  19%|#8        | 373/2000 [37:47<11:28,  2.36it/s, loss=0.3868]
Training Navine AI Text:  19%|#8        | 374/2000 [37:48<10:31,  2.58it/s, loss=0.3868]
Training Navine AI Text:  19%|#8        | 374/2000 [37:48<10:31,  2.58it/s, loss=0.3354]
Training Navine AI Text:  19%|#8        | 375/2000 [37:48<09:37,  2.82it/s, loss=0.3354]
Training Navine AI Text:  19%|#8        | 375/2000 [37:48<09:37,  2.82it/s, loss=0.3290]
Training Navine AI Text:  19%|#8        | 376/2000 [37:48<09:14,  2.93it/s, loss=0.3290]
Training Navine AI Text:  19%|#8        | 376/2000 [37:48<09:14,  2.93it/s, loss=0.1673]
Training Navine AI Text:  19%|#8        | 377/2000 [37:49<08:36,  3.14it/s, loss=0.1673]
Training Navine AI Text:  19%|#8        | 377/2000 [37:49<08:36,  3.14it/s, loss=0.3393]
Training Navine AI Text:  19%|#8        | 378/2000 [37:49<08:13,  3.29it/s, loss=0.3393]
Training Navine AI Text:  19%|#8        | 378/2000 [37:49<08:13,  3.29it/s, loss=0.3170]
Training Navine AI Text:  19%|#8        | 379/2000 [37:49<07:58,  3.39it/s, loss=0.3170]
Training Navine AI Text:  19%|#8        | 379/2000 [37:49<07:58,  3.39it/s, loss=0.3468]
Training Navine AI Text:  19%|#9        | 380/2000 [37:50<09:03,  2.98it/s, loss=0.3468]
Training Navine AI Text:  19%|#9        | 380/2000 [37:50<09:03,  2.98it/s, loss=0.3425]
Training Navine AI Text:  19%|#9        | 381/2000 [37:50<09:02,  2.98it/s, loss=0.3425]
Training Navine AI Text:  19%|#9        | 381/2000 [37:50<09:02,  2.98it/s, loss=0.3953]
Training Navine AI Text:  19%|#9        | 382/2000 [37:50<09:13,  2.92it/s, loss=0.3953]
Training Navine AI Text:  19%|#9        | 382/2000 [37:50<09:13,  2.92it/s, loss=0.3057]
Training Navine AI Text:  19%|#9        | 383/2000 [37:51<08:57,  3.01it/s, loss=0.3057]
Training Navine AI Text:  19%|#9        | 383/2000 [37:51<08:57,  3.01it/s, loss=0.4313]
Training Navine AI Text:  19%|#9        | 384/2000 [37:51<11:46,  2.29it/s, loss=0.4313]
Training Navine AI Text:  19%|#9        | 384/2000 [37:51<11:46,  2.29it/s, loss=0.3818]
Training Navine AI Text:  19%|#9        | 385/2000 [37:52<14:32,  1.85it/s, loss=0.3818]
Training Navine AI Text:  19%|#9        | 385/2000 [37:52<14:32,  1.85it/s, loss=0.3448]
Training Navine AI Text:  19%|#9        | 386/2000 [37:52<12:59,  2.07it/s, loss=0.3448]
Training Navine AI Text:  19%|#9        | 386/2000 [37:52<12:59,  2.07it/s, loss=0.3427]
Training Navine AI Text:  19%|#9        | 387/2000 [37:53<11:49,  2.27it/s, loss=0.3427]
Training Navine AI Text:  19%|#9        | 387/2000 [37:53<11:49,  2.27it/s, loss=0.3340]
Training Navine AI Text:  19%|#9        | 388/2000 [37:53<11:13,  2.39it/s, loss=0.3340]
Training Navine AI Text:  19%|#9        | 388/2000 [37:53<11:13,  2.39it/s, loss=0.3249]
Training Navine AI Text:  19%|#9        | 389/2000 [37:53<10:20,  2.59it/s, loss=0.3249]
Training Navine AI Text:  19%|#9        | 389/2000 [37:53<10:20,  2.59it/s, loss=0.3917]
Training Navine AI Text:  20%|#9        | 390/2000 [37:54<10:20,  2.59it/s, loss=0.3917]
Training Navine AI Text:  20%|#9        | 390/2000 [37:54<10:20,  2.59it/s, loss=0.3200]
Training Navine AI Text:  20%|#9        | 391/2000 [37:54<09:51,  2.72it/s, loss=0.3200]
Training Navine AI Text:  20%|#9        | 391/2000 [37:54<09:51,  2.72it/s, loss=0.3713]
Training Navine AI Text:  20%|#9        | 392/2000 [37:54<09:50,  2.72it/s, loss=0.3713]
Training Navine AI Text:  20%|#9        | 392/2000 [37:54<09:50,  2.72it/s, loss=0.3866]
Training Navine AI Text:  20%|#9        | 393/2000 [37:55<11:59,  2.23it/s, loss=0.3866]
Training Navine AI Text:  20%|#9        | 393/2000 [37:55<11:59,  2.23it/s, loss=0.3168]
Training Navine AI Text:  20%|#9        | 394/2000 [37:55<11:23,  2.35it/s, loss=0.3168]
Training Navine AI Text:  20%|#9        | 394/2000 [37:55<11:23,  2.35it/s, loss=0.3515]
Training Navine AI Text:  20%|#9        | 395/2000 [37:56<10:56,  2.44it/s, loss=0.3515]
Training Navine AI Text:  20%|#9        | 395/2000 [37:56<10:56,  2.44it/s, loss=0.3646]
Training Navine AI Text:  20%|#9        | 396/2000 [37:56<10:30,  2.54it/s, loss=0.3646]
Training Navine AI Text:  20%|#9        | 396/2000 [37:56<10:30,  2.54it/s, loss=0.4062]
Training Navine AI Text:  20%|#9        | 397/2000 [37:57<10:36,  2.52it/s, loss=0.4062]
Training Navine AI Text:  20%|#9        | 397/2000 [37:57<10:36,  2.52it/s, loss=0.3350]
Training Navine AI Text:  20%|#9        | 398/2000 [37:57<10:19,  2.59it/s, loss=0.3350]
Training Navine AI Text:  20%|#9        | 398/2000 [37:57<10:19,  2.59it/s, loss=0.3509]
Training Navine AI Text:  20%|#9        | 399/2000 [37:57<09:56,  2.68it/s, loss=0.3509]
Training Navine AI Text:  20%|#9        | 399/2000 [37:57<09:56,  2.68it/s, loss=0.3686]
Training Navine AI Text:  20%|##        | 400/2000 [37:58<13:10,  2.02it/s, loss=0.3686]
Step 400 | Val Loss: 5.4982
Training Navine AI Text:  20%|##        | 400/2000 [37:58<13:10,  2.02it/s, loss=0.3434]
Training Navine AI Text:  20%|##        | 401/2000 [40:07<17:21:46, 39.09s/it, loss=0.3434]
Training Navine AI Text:  20%|##        | 401/2000 [40:07<17:21:46, 39.09s/it, loss=0.3123]
Training Navine AI Text:  20%|##        | 402/2000 [40:07<12:10:04, 27.41s/it, loss=0.3123]
Training Navine AI Text:  20%|##        | 402/2000 [40:07<12:10:04, 27.41s/it, loss=0.3851]
Training Navine AI Text:  20%|##        | 403/2000 [40:08<8:31:46, 19.23s/it, loss=0.3851] 
Training Navine AI Text:  20%|##        | 403/2000 [40:08<8:31:46, 19.23s/it, loss=0.3632]
Training Navine AI Text:  20%|##        | 404/2000 [40:08<5:59:00, 13.50s/it, loss=0.3632]
Training Navine AI Text:  20%|##        | 404/2000 [40:08<5:59:00, 13.50s/it, loss=0.3843]
Training Navine AI Text:  20%|##        | 405/2000 [40:08<4:12:15,  9.49s/it, loss=0.3843]
Training Navine AI Text:  20%|##        | 405/2000 [40:08<4:12:15,  9.49s/it, loss=0.4175]
Training Navine AI Text:  20%|##        | 406/2000 [40:08<2:57:21,  6.68s/it, loss=0.4175]
Training Navine AI Text:  20%|##        | 406/2000 [40:08<2:57:21,  6.68s/it, loss=0.3790]
Training Navine AI Text:  20%|##        | 407/2000 [40:08<2:05:05,  4.71s/it, loss=0.3790]
Training Navine AI Text:  20%|##        | 407/2000 [40:08<2:05:05,  4.71s/it, loss=0.3363]
Training Navine AI Text:  20%|##        | 408/2000 [40:08<1:29:14,  3.36s/it, loss=0.3363]
Training Navine AI Text:  20%|##        | 408/2000 [40:08<1:29:14,  3.36s/it, loss=0.3379]
Training Navine AI Text:  20%|##        | 409/2000 [40:09<1:06:19,  2.50s/it, loss=0.3379]
Training Navine AI Text:  20%|##        | 409/2000 [40:09<1:06:19,  2.50s/it, loss=0.3498]
Training Navine AI Text:  20%|##        | 410/2000 [40:09<50:16,  1.90s/it, loss=0.3498]  
Training Navine AI Text:  20%|##        | 410/2000 [40:09<50:16,  1.90s/it, loss=0.3114]
Training Navine AI Text:  21%|##        | 411/2000 [40:09<36:56,  1.40s/it, loss=0.3114]
Training Navine AI Text:  21%|##        | 411/2000 [40:09<36:56,  1.40s/it, loss=0.3447]
Training Navine AI Text:  21%|##        | 412/2000 [40:10<27:03,  1.02s/it, loss=0.3447]
Training Navine AI Text:  21%|##        | 412/2000 [40:10<27:03,  1.02s/it, loss=0.3675]
Training Navine AI Text:  21%|##        | 413/2000 [40:10<20:55,  1.26it/s, loss=0.3675]
Training Navine AI Text:  21%|##        | 413/2000 [40:10<20:55,  1.26it/s, loss=0.3388]
Training Navine AI Text:  21%|##        | 414/2000 [40:10<16:13,  1.63it/s, loss=0.3388]
Training Navine AI Text:  21%|##        | 414/2000 [40:10<16:13,  1.63it/s, loss=0.3089]
Training Navine AI Text:  21%|##        | 415/2000 [40:10<12:48,  2.06it/s, loss=0.3089]
Training Navine AI Text:  21%|##        | 415/2000 [40:10<12:48,  2.06it/s, loss=0.3193]
Training Navine AI Text:  21%|##        | 416/2000 [40:11<11:53,  2.22it/s, loss=0.3193]
Training Navine AI Text:  21%|##        | 416/2000 [40:11<11:53,  2.22it/s, loss=0.3190]
Training Navine AI Text:  21%|##        | 417/2000 [40:12<16:05,  1.64it/s, loss=0.3190]
Training Navine AI Text:  21%|##        | 417/2000 [40:12<16:05,  1.64it/s, loss=0.3022]
Training Navine AI Text:  21%|##        | 418/2000 [40:12<13:35,  1.94it/s, loss=0.3022]
Training Navine AI Text:  21%|##        | 418/2000 [40:12<13:35,  1.94it/s, loss=0.3481]
Training Navine AI Text:  21%|##        | 419/2000 [40:12<11:45,  2.24it/s, loss=0.3481]
Training Navine AI Text:  21%|##        | 419/2000 [40:12<11:45,  2.24it/s, loss=0.4312]
Training Navine AI Text:  21%|##1       | 420/2000 [40:12<10:34,  2.49it/s, loss=0.4312]
Training Navine AI Text:  21%|##1       | 420/2000 [40:12<10:34,  2.49it/s, loss=0.3618]
Training Navine AI Text:  21%|##1       | 421/2000 [40:13<09:59,  2.64it/s, loss=0.3618]
Training Navine AI Text:  21%|##1       | 421/2000 [40:13<09:59,  2.64it/s, loss=0.3900]
Training Navine AI Text:  21%|##1       | 422/2000 [40:13<09:39,  2.72it/s, loss=0.3900]
Training Navine AI Text:  21%|##1       | 422/2000 [40:13<09:39,  2.72it/s, loss=0.4527]
Training Navine AI Text:  21%|##1       | 423/2000 [40:13<09:14,  2.84it/s, loss=0.4527]
Training Navine AI Text:  21%|##1       | 423/2000 [40:13<09:14,  2.84it/s, loss=0.3246]
Training Navine AI Text:  21%|##1       | 424/2000 [40:14<09:03,  2.90it/s, loss=0.3246]
Training Navine AI Text:  21%|##1       | 424/2000 [40:14<09:03,  2.90it/s, loss=0.3191]
Training Navine AI Text:  21%|##1       | 425/2000 [40:14<08:45,  3.00it/s, loss=0.3191]
Training Navine AI Text:  21%|##1       | 425/2000 [40:14<08:45,  3.00it/s, loss=0.3503]
Training Navine AI Text:  21%|##1       | 426/2000 [40:14<08:44,  3.00it/s, loss=0.3503]
Training Navine AI Text:  21%|##1       | 426/2000 [40:14<08:44,  3.00it/s, loss=0.3334]
Training Navine AI Text:  21%|##1       | 427/2000 [40:15<08:24,  3.12it/s, loss=0.3334]
Training Navine AI Text:  21%|##1       | 427/2000 [40:15<08:24,  3.12it/s, loss=0.3710]
Training Navine AI Text:  21%|##1       | 428/2000 [40:15<08:16,  3.17it/s, loss=0.3710]
Training Navine AI Text:  21%|##1       | 428/2000 [40:15<08:16,  3.17it/s, loss=0.3110]
Training Navine AI Text:  21%|##1       | 429/2000 [40:15<08:18,  3.15it/s, loss=0.3110]
Training Navine AI Text:  21%|##1       | 429/2000 [40:15<08:18,  3.15it/s, loss=0.2942]
Training Navine AI Text:  22%|##1       | 430/2000 [40:16<07:59,  3.27it/s, loss=0.2942]
Training Navine AI Text:  22%|##1       | 430/2000 [40:16<07:59,  3.27it/s, loss=0.2884]
Training Navine AI Text:  22%|##1       | 431/2000 [40:16<08:07,  3.22it/s, loss=0.2884]
Training Navine AI Text:  22%|##1       | 431/2000 [40:16<08:07,  3.22it/s, loss=0.4284]
Training Navine AI Text:  22%|##1       | 432/2000 [40:17<13:07,  1.99it/s, loss=0.4284]
Training Navine AI Text:  22%|##1       | 432/2000 [40:17<13:07,  1.99it/s, loss=0.3588]
Training Navine AI Text:  22%|##1       | 433/2000 [40:18<14:24,  1.81it/s, loss=0.3588]
Training Navine AI Text:  22%|##1       | 433/2000 [40:18<14:24,  1.81it/s, loss=0.3154]
Training Navine AI Text:  22%|##1       | 434/2000 [40:18<13:30,  1.93it/s, loss=0.3154]
Training Navine AI Text:  22%|##1       | 434/2000 [40:18<13:30,  1.93it/s, loss=0.3639]
Training Navine AI Text:  22%|##1       | 435/2000 [40:18<11:58,  2.18it/s, loss=0.3639]
Training Navine AI Text:  22%|##1       | 435/2000 [40:18<11:58,  2.18it/s, loss=0.3229]
Training Navine AI Text:  22%|##1       | 436/2000 [40:19<10:38,  2.45it/s, loss=0.3229]
Training Navine AI Text:  22%|##1       | 436/2000 [40:19<10:38,  2.45it/s, loss=0.3439]
Training Navine AI Text:  22%|##1       | 437/2000 [40:19<10:24,  2.50it/s, loss=0.3439]
Training Navine AI Text:  22%|##1       | 437/2000 [40:19<10:24,  2.50it/s, loss=0.3076]
Training Navine AI Text:  22%|##1       | 438/2000 [40:19<09:21,  2.78it/s, loss=0.3076]
Training Navine AI Text:  22%|##1       | 438/2000 [40:19<09:21,  2.78it/s, loss=0.3162]
Training Navine AI Text:  22%|##1       | 439/2000 [40:20<09:09,  2.84it/s, loss=0.3162]
Training Navine AI Text:  22%|##1       | 439/2000 [40:20<09:09,  2.84it/s, loss=0.2886]
Training Navine AI Text:  22%|##2       | 440/2000 [40:20<09:17,  2.80it/s, loss=0.2886]
Training Navine AI Text:  22%|##2       | 440/2000 [40:20<09:17,  2.80it/s, loss=0.3151]
Training Navine AI Text:  22%|##2       | 441/2000 [40:20<09:03,  2.87it/s, loss=0.3151]
Training Navine AI Text:  22%|##2       | 441/2000 [40:20<09:03,  2.87it/s, loss=0.3487]
Training Navine AI Text:  22%|##2       | 442/2000 [40:21<09:41,  2.68it/s, loss=0.3487]
Training Navine AI Text:  22%|##2       | 442/2000 [40:21<09:41,  2.68it/s, loss=0.3453]
Training Navine AI Text:  22%|##2       | 443/2000 [40:21<09:08,  2.84it/s, loss=0.3453]
Training Navine AI Text:  22%|##2       | 443/2000 [40:21<09:08,  2.84it/s, loss=0.2896]
Training Navine AI Text:  22%|##2       | 444/2000 [40:21<09:53,  2.62it/s, loss=0.2896]
Training Navine AI Text:  22%|##2       | 444/2000 [40:21<09:53,  2.62it/s, loss=0.3209]
Training Navine AI Text:  22%|##2       | 445/2000 [40:22<12:03,  2.15it/s, loss=0.3209]
Training Navine AI Text:  22%|##2       | 445/2000 [40:22<12:03,  2.15it/s, loss=0.3382]
Training Navine AI Text:  22%|##2       | 446/2000 [40:22<10:44,  2.41it/s, loss=0.3382]
Training Navine AI Text:  22%|##2       | 446/2000 [40:22<10:44,  2.41it/s, loss=0.3442]
Training Navine AI Text:  22%|##2       | 447/2000 [40:23<10:45,  2.41it/s, loss=0.3442]
Training Navine AI Text:  22%|##2       | 447/2000 [40:23<10:45,  2.41it/s, loss=0.3406]
Training Navine AI Text:  22%|##2       | 448/2000 [40:24<14:22,  1.80it/s, loss=0.3406]
Training Navine AI Text:  22%|##2       | 448/2000 [40:24<14:22,  1.80it/s, loss=0.3156]
Training Navine AI Text:  22%|##2       | 449/2000 [40:24<15:28,  1.67it/s, loss=0.3156]
Training Navine AI Text:  22%|##2       | 449/2000 [40:24<15:28,  1.67it/s, loss=0.3101]
Training Navine AI Text:  22%|##2       | 450/2000 [40:25<16:08,  1.60it/s, loss=0.3101]
Step 450 | Val Loss: 5.3675
Training Navine AI Text:  22%|##2       | 450/2000 [40:25<16:08,  1.60it/s, loss=0.3314]
Training Navine AI Text:  23%|##2       | 451/2000 [43:16<22:12:55, 51.63s/it, loss=0.3314]
Training Navine AI Text:  23%|##2       | 451/2000 [43:16<22:12:55, 51.63s/it, loss=0.3665]
Training Navine AI Text:  23%|##2       | 452/2000 [43:16<15:33:18, 36.18s/it, loss=0.3665]
Training Navine AI Text:  23%|##2       | 452/2000 [43:16<15:33:18, 36.18s/it, loss=0.4189]
Training Navine AI Text:  23%|##2       | 453/2000 [43:16<10:53:49, 25.36s/it, loss=0.4189]
Training Navine AI Text:  23%|##2       | 453/2000 [43:16<10:53:49, 25.36s/it, loss=0.3532]
Training Navine AI Text:  23%|##2       | 454/2000 [43:16<7:38:22, 17.79s/it, loss=0.3532] 
Training Navine AI Text:  23%|##2       | 454/2000 [43:16<7:38:22, 17.79s/it, loss=0.3583]
Training Navine AI Text:  23%|##2       | 455/2000 [43:16<5:21:31, 12.49s/it, loss=0.3583]
Training Navine AI Text:  23%|##2       | 455/2000 [43:16<5:21:31, 12.49s/it, loss=0.3832]
Training Navine AI Text:  23%|##2       | 456/2000 [43:16<3:45:57,  8.78s/it, loss=0.3832]
Training Navine AI Text:  23%|##2       | 456/2000 [43:16<3:45:57,  8.78s/it, loss=0.3148]
Training Navine AI Text:  23%|##2       | 457/2000 [43:17<2:43:53,  6.37s/it, loss=0.3148]
Training Navine AI Text:  23%|##2       | 457/2000 [43:17<2:43:53,  6.37s/it, loss=0.2993]
Training Navine AI Text:  23%|##2       | 458/2000 [43:17<1:56:55,  4.55s/it, loss=0.2993]
Training Navine AI Text:  23%|##2       | 458/2000 [43:17<1:56:55,  4.55s/it, loss=0.3953]
Training Navine AI Text:  23%|##2       | 459/2000 [43:18<1:24:00,  3.27s/it, loss=0.3953]
Training Navine AI Text:  23%|##2       | 459/2000 [43:18<1:24:00,  3.27s/it, loss=0.3556]
Training Navine AI Text:  23%|##3       | 460/2000 [43:18<1:00:43,  2.37s/it, loss=0.3556]
Training Navine AI Text:  23%|##3       | 460/2000 [43:18<1:00:43,  2.37s/it, loss=0.4024]
Training Navine AI Text:  23%|##3       | 461/2000 [43:18<45:14,  1.76s/it, loss=0.4024]  
Training Navine AI Text:  23%|##3       | 461/2000 [43:18<45:14,  1.76s/it, loss=0.3246]
Training Navine AI Text:  23%|##3       | 462/2000 [43:19<33:26,  1.30s/it, loss=0.3246]
Training Navine AI Text:  23%|##3       | 462/2000 [43:19<33:26,  1.30s/it, loss=0.3741]
Training Navine AI Text:  23%|##3       | 463/2000 [43:19<25:43,  1.00s/it, loss=0.3741]
Training Navine AI Text:  23%|##3       | 463/2000 [43:19<25:43,  1.00s/it, loss=0.4174]
Training Navine AI Text:  23%|##3       | 464/2000 [43:19<20:43,  1.24it/s, loss=0.4174]
Training Navine AI Text:  23%|##3       | 464/2000 [43:19<20:43,  1.24it/s, loss=0.3261]
Training Navine AI Text:  23%|##3       | 465/2000 [43:20<21:25,  1.19it/s, loss=0.3261]
Training Navine AI Text:  23%|##3       | 465/2000 [43:20<21:25,  1.19it/s, loss=0.3256]
Training Navine AI Text:  23%|##3       | 466/2000 [43:20<16:46,  1.52it/s, loss=0.3256]
Training Navine AI Text:  23%|##3       | 466/2000 [43:20<16:46,  1.52it/s, loss=0.2453]
Training Navine AI Text:  23%|##3       | 467/2000 [43:21<13:47,  1.85it/s, loss=0.2453]
Training Navine AI Text:  23%|##3       | 467/2000 [43:21<13:47,  1.85it/s, loss=0.2650]
Training Navine AI Text:  23%|##3       | 468/2000 [43:21<11:59,  2.13it/s, loss=0.2650]
Training Navine AI Text:  23%|##3       | 468/2000 [43:21<11:59,  2.13it/s, loss=0.3678]
Training Navine AI Text:  23%|##3       | 469/2000 [43:21<10:38,  2.40it/s, loss=0.3678]
Training Navine AI Text:  23%|##3       | 469/2000 [43:21<10:38,  2.40it/s, loss=0.3096]
Training Navine AI Text:  24%|##3       | 470/2000 [43:22<10:01,  2.55it/s, loss=0.3096]
Training Navine AI Text:  24%|##3       | 470/2000 [43:22<10:01,  2.55it/s, loss=0.3054]
Training Navine AI Text:  24%|##3       | 471/2000 [43:22<08:56,  2.85it/s, loss=0.3054]
Training Navine AI Text:  24%|##3       | 471/2000 [43:22<08:56,  2.85it/s, loss=0.3669]
Training Navine AI Text:  24%|##3       | 472/2000 [43:22<08:28,  3.01it/s, loss=0.3669]
Training Navine AI Text:  24%|##3       | 472/2000 [43:22<08:28,  3.01it/s, loss=0.3212]
Training Navine AI Text:  24%|##3       | 473/2000 [43:22<08:08,  3.12it/s, loss=0.3212]
Training Navine AI Text:  24%|##3       | 473/2000 [43:22<08:08,  3.12it/s, loss=0.2580]
Training Navine AI Text:  24%|##3       | 474/2000 [43:23<08:47,  2.90it/s, loss=0.2580]
Training Navine AI Text:  24%|##3       | 474/2000 [43:23<08:47,  2.90it/s, loss=0.3082]
Training Navine AI Text:  24%|##3       | 475/2000 [43:23<08:18,  3.06it/s, loss=0.3082]
Training Navine AI Text:  24%|##3       | 475/2000 [43:23<08:18,  3.06it/s, loss=0.3138]
Training Navine AI Text:  24%|##3       | 476/2000 [43:23<08:33,  2.97it/s, loss=0.3138]
Training Navine AI Text:  24%|##3       | 476/2000 [43:23<08:33,  2.97it/s, loss=0.3007]
Training Navine AI Text:  24%|##3       | 477/2000 [43:24<07:59,  3.18it/s, loss=0.3007]
Training Navine AI Text:  24%|##3       | 477/2000 [43:24<07:59,  3.18it/s, loss=0.3221]
Training Navine AI Text:  24%|##3       | 478/2000 [43:24<08:17,  3.06it/s, loss=0.3221]
Training Navine AI Text:  24%|##3       | 478/2000 [43:24<08:17,  3.06it/s, loss=0.3244]
Training Navine AI Text:  24%|##3       | 479/2000 [43:24<07:48,  3.25it/s, loss=0.3244]
Training Navine AI Text:  24%|##3       | 479/2000 [43:24<07:48,  3.25it/s, loss=0.2677]
Training Navine AI Text:  24%|##4       | 480/2000 [43:25<13:07,  1.93it/s, loss=0.2677]
Training Navine AI Text:  24%|##4       | 480/2000 [43:25<13:07,  1.93it/s, loss=0.3463]
Training Navine AI Text:  24%|##4       | 481/2000 [43:26<15:21,  1.65it/s, loss=0.3463]
Training Navine AI Text:  24%|##4       | 481/2000 [43:26<15:21,  1.65it/s, loss=0.3616]
Training Navine AI Text:  24%|##4       | 482/2000 [43:26<12:58,  1.95it/s, loss=0.3616]
Training Navine AI Text:  24%|##4       | 482/2000 [43:26<12:58,  1.95it/s, loss=0.3492]
Training Navine AI Text:  24%|##4       | 483/2000 [43:27<12:21,  2.05it/s, loss=0.3492]
Training Navine AI Text:  24%|##4       | 483/2000 [43:27<12:21,  2.05it/s, loss=0.4357]
Training Navine AI Text:  24%|##4       | 484/2000 [43:27<12:09,  2.08it/s, loss=0.4357]
Training Navine AI Text:  24%|##4       | 484/2000 [43:27<12:09,  2.08it/s, loss=0.3620]
Training Navine AI Text:  24%|##4       | 485/2000 [43:28<12:40,  1.99it/s, loss=0.3620]
Training Navine AI Text:  24%|##4       | 485/2000 [43:28<12:40,  1.99it/s, loss=0.3296]
Training Navine AI Text:  24%|##4       | 486/2000 [43:28<11:54,  2.12it/s, loss=0.3296]
Training Navine AI Text:  24%|##4       | 486/2000 [43:28<11:54,  2.12it/s, loss=0.3474]
Training Navine AI Text:  24%|##4       | 487/2000 [43:29<11:16,  2.24it/s, loss=0.3474]
Training Navine AI Text:  24%|##4       | 487/2000 [43:29<11:16,  2.24it/s, loss=0.3933]
Training Navine AI Text:  24%|##4       | 488/2000 [43:29<11:14,  2.24it/s, loss=0.3933]
Training Navine AI Text:  24%|##4       | 488/2000 [43:29<11:14,  2.24it/s, loss=0.2915]
Training Navine AI Text:  24%|##4       | 489/2000 [43:30<10:52,  2.32it/s, loss=0.2915]
Training Navine AI Text:  24%|##4       | 489/2000 [43:30<10:52,  2.32it/s, loss=0.3549]
Training Navine AI Text:  24%|##4       | 490/2000 [43:30<11:13,  2.24it/s, loss=0.3549]
Training Navine AI Text:  24%|##4       | 490/2000 [43:30<11:13,  2.24it/s, loss=0.3000]
Training Navine AI Text:  25%|##4       | 491/2000 [43:30<10:29,  2.40it/s, loss=0.3000]
Training Navine AI Text:  25%|##4       | 491/2000 [43:30<10:29,  2.40it/s, loss=0.3562]
Training Navine AI Text:  25%|##4       | 492/2000 [43:31<10:42,  2.35it/s, loss=0.3562]
Training Navine AI Text:  25%|##4       | 492/2000 [43:31<10:42,  2.35it/s, loss=0.3247]
Training Navine AI Text:  25%|##4       | 493/2000 [43:31<10:29,  2.39it/s, loss=0.3247]
Training Navine AI Text:  25%|##4       | 493/2000 [43:31<10:29,  2.39it/s, loss=0.3562]
Training Navine AI Text:  25%|##4       | 494/2000 [43:32<10:56,  2.29it/s, loss=0.3562]
Training Navine AI Text:  25%|##4       | 494/2000 [43:32<10:56,  2.29it/s, loss=0.3081]
Training Navine AI Text:  25%|##4       | 495/2000 [43:32<10:39,  2.35it/s, loss=0.3081]
Training Navine AI Text:  25%|##4       | 495/2000 [43:32<10:39,  2.35it/s, loss=0.3480]
Training Navine AI Text:  25%|##4       | 496/2000 [43:33<13:36,  1.84it/s, loss=0.3480]
Training Navine AI Text:  25%|##4       | 496/2000 [43:33<13:36,  1.84it/s, loss=0.4007]
Training Navine AI Text:  25%|##4       | 497/2000 [43:34<15:54,  1.57it/s, loss=0.4007]
Training Navine AI Text:  25%|##4       | 497/2000 [43:34<15:54,  1.57it/s, loss=0.3404]
Training Navine AI Text:  25%|##4       | 498/2000 [43:34<13:05,  1.91it/s, loss=0.3404]
Training Navine AI Text:  25%|##4       | 498/2000 [43:34<13:05,  1.91it/s, loss=0.3429]
Training Navine AI Text:  25%|##4       | 499/2000 [43:34<12:06,  2.07it/s, loss=0.3429]
Training Navine AI Text:  25%|##4       | 499/2000 [43:34<12:06,  2.07it/s, loss=0.3053]
Training Navine AI Text:  25%|##5       | 500/2000 [43:35<10:55,  2.29it/s, loss=0.3053]
Step 500 | Val Loss: 5.2702
Training Navine AI Text:  25%|##5       | 500/2000 [43:35<10:55,  2.29it/s, loss=0.3116]
Training Navine AI Text:  25%|##5       | 501/2000 [55:32<89:45:02, 215.55s/it, loss=0.3116]
Training Navine AI Text:  25%|##5       | 501/2000 [55:32<89:45:02, 215.55s/it, loss=0.3382]
Training Navine AI Text:  25%|##5       | 502/2000 [55:33<62:51:43, 151.07s/it, loss=0.3382]
Training Navine AI Text:  25%|##5       | 502/2000 [55:33<62:51:43, 151.07s/it, loss=0.2564]
Training Navine AI Text:  25%|##5       | 503/2000 [55:33<43:59:26, 105.79s/it, loss=0.2564]
Training Navine AI Text:  25%|##5       | 503/2000 [55:33<43:59:26, 105.79s/it, loss=0.3317]
Training Navine AI Text:  25%|##5       | 504/2000 [55:33<30:48:00, 74.12s/it, loss=0.3317] 
Training Navine AI Text:  25%|##5       | 504/2000 [55:33<30:48:00, 74.12s/it, loss=0.3831]
Training Navine AI Text:  25%|##5       | 505/2000 [55:40<22:20:28, 53.80s/it, loss=0.3831]
Training Navine AI Text:  25%|##5       | 505/2000 [55:40<22:20:28, 53.80s/it, loss=0.3725]
Training Navine AI Text:  25%|##5       | 506/2000 [55:42<15:52:51, 38.27s/it, loss=0.3725]
Training Navine AI Text:  25%|##5       | 506/2000 [55:42<15:52:51, 38.27s/it, loss=0.3156]
Training Navine AI Text:  25%|##5       | 507/2000 [55:43<11:20:08, 27.33s/it, loss=0.3156]
Training Navine AI Text:  25%|##5       | 507/2000 [55:43<11:20:08, 27.33s/it, loss=0.3060]
Training Navine AI Text:  25%|##5       | 508/2000 [55:45<8:06:08, 19.55s/it, loss=0.3060] 
Training Navine AI Text:  25%|##5       | 508/2000 [55:45<8:06:08, 19.55s/it, loss=0.3291]
Training Navine AI Text:  25%|##5       | 509/2000 [55:48<6:04:17, 14.66s/it, loss=0.3291]
Training Navine AI Text:  25%|##5       | 509/2000 [55:48<6:04:17, 14.66s/it, loss=0.3342]
Training Navine AI Text:  26%|##5       | 510/2000 [55:50<4:31:49, 10.95s/it, loss=0.3342]
Training Navine AI Text:  26%|##5       | 510/2000 [55:50<4:31:49, 10.95s/it, loss=0.3300]
Training Navine AI Text:  26%|##5       | 511/2000 [55:53<3:32:27,  8.56s/it, loss=0.3300]
Training Navine AI Text:  26%|##5       | 511/2000 [55:53<3:32:27,  8.56s/it, loss=0.3317]
Training Navine AI Text:  26%|##5       | 512/2000 [56:07<4:10:23, 10.10s/it, loss=0.3317]
Training Navine AI Text:  26%|##5       | 512/2000 [56:07<4:10:23, 10.10s/it, loss=0.2302]
Training Navine AI Text:  26%|##5       | 513/2000 [56:08<3:00:20,  7.28s/it, loss=0.2302]
Training Navine AI Text:  26%|##5       | 513/2000 [56:08<3:00:20,  7.28s/it, loss=0.3062]
Training Navine AI Text:  26%|##5       | 514/2000 [56:09<2:13:59,  5.41s/it, loss=0.3062]
Training Navine AI Text:  26%|##5       | 514/2000 [56:09<2:13:59,  5.41s/it, loss=0.3698]
Training Navine AI Text:  26%|##5       | 515/2000 [56:10<1:44:15,  4.21s/it, loss=0.3698]
Training Navine AI Text:  26%|##5       | 515/2000 [56:10<1:44:15,  4.21s/it, loss=0.2999]
Training Navine AI Text:  26%|##5       | 516/2000 [56:10<1:15:08,  3.04s/it, loss=0.2999]
Training Navine AI Text:  26%|##5       | 516/2000 [56:10<1:15:08,  3.04s/it, loss=0.3133]
Training Navine AI Text:  26%|##5       | 517/2000 [56:11<55:15,  2.24s/it, loss=0.3133]  
Training Navine AI Text:  26%|##5       | 517/2000 [56:11<55:15,  2.24s/it, loss=0.3108]
Training Navine AI Text:  26%|##5       | 518/2000 [56:11<41:07,  1.66s/it, loss=0.3108]
Training Navine AI Text:  26%|##5       | 518/2000 [56:11<41:07,  1.66s/it, loss=0.3475]
Training Navine AI Text:  26%|##5       | 519/2000 [56:12<35:02,  1.42s/it, loss=0.3475]
Training Navine AI Text:  26%|##5       | 519/2000 [56:12<35:02,  1.42s/it, loss=0.2946]
Training Navine AI Text:  26%|##6       | 520/2000 [56:13<34:12,  1.39s/it, loss=0.2946]
Training Navine AI Text:  26%|##6       | 520/2000 [56:13<34:12,  1.39s/it, loss=0.3597]
Training Navine AI Text:  26%|##6       | 521/2000 [56:14<26:26,  1.07s/it, loss=0.3597]
Training Navine AI Text:  26%|##6       | 521/2000 [56:14<26:26,  1.07s/it, loss=0.3168]
Training Navine AI Text:  26%|##6       | 522/2000 [56:14<20:29,  1.20it/s, loss=0.3168]
Training Navine AI Text:  26%|##6       | 522/2000 [56:14<20:29,  1.20it/s, loss=0.4094]
Training Navine AI Text:  26%|##6       | 523/2000 [56:14<16:17,  1.51it/s, loss=0.4094]
Training Navine AI Text:  26%|##6       | 523/2000 [56:14<16:17,  1.51it/s, loss=0.3322]
Training Navine AI Text:  26%|##6       | 524/2000 [56:14<13:31,  1.82it/s, loss=0.3322]
Training Navine AI Text:  26%|##6       | 524/2000 [56:14<13:31,  1.82it/s, loss=0.2843]
Training Navine AI Text:  26%|##6       | 525/2000 [56:15<12:19,  2.00it/s, loss=0.2843]
Training Navine AI Text:  26%|##6       | 525/2000 [56:15<12:19,  2.00it/s, loss=0.3937]
Training Navine AI Text:  26%|##6       | 526/2000 [56:15<11:03,  2.22it/s, loss=0.3937]
Training Navine AI Text:  26%|##6       | 526/2000 [56:15<11:03,  2.22it/s, loss=0.2546]
Training Navine AI Text:  26%|##6       | 527/2000 [56:16<11:50,  2.07it/s, loss=0.2546]
Training Navine AI Text:  26%|##6       | 527/2000 [56:16<11:50,  2.07it/s, loss=0.3104]
Training Navine AI Text:  26%|##6       | 528/2000 [56:17<14:51,  1.65it/s, loss=0.3104]
Training Navine AI Text:  26%|##6       | 528/2000 [56:17<14:51,  1.65it/s, loss=0.2859]
Training Navine AI Text:  26%|##6       | 529/2000 [56:18<16:50,  1.46it/s, loss=0.2859]
Training Navine AI Text:  26%|##6       | 529/2000 [56:18<16:50,  1.46it/s, loss=0.3230]
Training Navine AI Text:  26%|##6       | 530/2000 [56:18<15:18,  1.60it/s, loss=0.3230]
Training Navine AI Text:  26%|##6       | 530/2000 [56:18<15:18,  1.60it/s, loss=0.3867]
Training Navine AI Text:  27%|##6       | 531/2000 [56:18<12:50,  1.91it/s, loss=0.3867]
Training Navine AI Text:  27%|##6       | 531/2000 [56:18<12:50,  1.91it/s, loss=0.3681]
Training Navine AI Text:  27%|##6       | 532/2000 [56:20<24:28,  1.00s/it, loss=0.3681]
Training Navine AI Text:  27%|##6       | 532/2000 [56:20<24:28,  1.00s/it, loss=0.3575]
Training Navine AI Text:  27%|##6       | 533/2000 [56:24<39:56,  1.63s/it, loss=0.3575]
Training Navine AI Text:  27%|##6       | 533/2000 [56:24<39:56,  1.63s/it, loss=0.2855]
Training Navine AI Text:  27%|##6       | 534/2000 [56:26<45:50,  1.88s/it, loss=0.2855]
Training Navine AI Text:  27%|##6       | 534/2000 [56:26<45:50,  1.88s/it, loss=0.3418]
Training Navine AI Text:  27%|##6       | 535/2000 [56:28<50:20,  2.06s/it, loss=0.3418]
Training Navine AI Text:  27%|##6       | 535/2000 [56:28<50:20,  2.06s/it, loss=0.3336]
Training Navine AI Text:  27%|##6       | 536/2000 [56:32<1:01:11,  2.51s/it, loss=0.3336]
Training Navine AI Text:  27%|##6       | 536/2000 [56:32<1:01:11,  2.51s/it, loss=0.3340]
Training Navine AI Text:  27%|##6       | 537/2000 [56:35<1:07:46,  2.78s/it, loss=0.3340]
Training Navine AI Text:  27%|##6       | 537/2000 [56:35<1:07:46,  2.78s/it, loss=0.2256]
Training Navine AI Text:  27%|##6       | 538/2000 [56:38<1:07:59,  2.79s/it, loss=0.2256]
Training Navine AI Text:  27%|##6       | 538/2000 [56:38<1:07:59,  2.79s/it, loss=0.3407]
Training Navine AI Text:  27%|##6       | 539/2000 [56:41<1:04:20,  2.64s/it, loss=0.3407]
Training Navine AI Text:  27%|##6       | 539/2000 [56:41<1:04:20,  2.64s/it, loss=0.3634]
Training Navine AI Text:  27%|##7       | 540/2000 [56:44<1:07:19,  2.77s/it, loss=0.3634]
Training Navine AI Text:  27%|##7       | 540/2000 [56:44<1:07:19,  2.77s/it, loss=0.3682]
Training Navine AI Text:  27%|##7       | 541/2000 [56:47<1:09:09,  2.84s/it, loss=0.3682]
Training Navine AI Text:  27%|##7       | 541/2000 [56:47<1:09:09,  2.84s/it, loss=0.2821]
Training Navine AI Text:  27%|##7       | 542/2000 [56:48<1:00:52,  2.51s/it, loss=0.2821]
Training Navine AI Text:  27%|##7       | 542/2000 [56:48<1:00:52,  2.51s/it, loss=0.2987]
Training Navine AI Text:  27%|##7       | 543/2000 [56:51<1:00:27,  2.49s/it, loss=0.2987]
Training Navine AI Text:  27%|##7       | 543/2000 [56:51<1:00:27,  2.49s/it, loss=0.3477]
Training Navine AI Text:  27%|##7       | 544/2000 [56:59<1:42:46,  4.24s/it, loss=0.3477]
Training Navine AI Text:  27%|##7       | 544/2000 [56:59<1:42:46,  4.24s/it, loss=0.3620]
Training Navine AI Text:  27%|##7       | 545/2000 [57:10<2:29:30,  6.16s/it, loss=0.3620]
Training Navine AI Text:  27%|##7       | 545/2000 [57:10<2:29:30,  6.16s/it, loss=0.3290]
Training Navine AI Text:  27%|##7       | 546/2000 [57:13<2:06:34,  5.22s/it, loss=0.3290]
Training Navine AI Text:  27%|##7       | 546/2000 [57:13<2:06:34,  5.22s/it, loss=0.3001]
Training Navine AI Text:  27%|##7       | 547/2000 [57:18<2:03:04,  5.08s/it, loss=0.3001]
Training Navine AI Text:  27%|##7       | 547/2000 [57:18<2:03:04,  5.08s/it, loss=0.3332]
Training Navine AI Text:  27%|##7       | 548/2000 [57:21<1:52:15,  4.64s/it, loss=0.3332]
Training Navine AI Text:  27%|##7       | 548/2000 [57:21<1:52:15,  4.64s/it, loss=0.3646]
Training Navine AI Text:  27%|##7       | 549/2000 [57:25<1:49:51,  4.54s/it, loss=0.3646]
Training Navine AI Text:  27%|##7       | 549/2000 [57:25<1:49:51,  4.54s/it, loss=0.3071]
Training Navine AI Text:  28%|##7       | 550/2000 [57:28<1:33:46,  3.88s/it, loss=0.3071]
Step 550 | Val Loss: 5.2341
Training Navine AI Text:  28%|##7       | 550/2000 [57:28<1:33:46,  3.88s/it, loss=0.3298]
Training Navine AI Text:  28%|##7       | 551/2000 [1:01:39<31:25:25, 78.07s/it, loss=0.3298]
Training Navine AI Text:  28%|##7       | 551/2000 [1:01:39<31:25:25, 78.07s/it, loss=0.3380]
Training Navine AI Text:  28%|##7       | 552/2000 [1:01:39<22:00:09, 54.70s/it, loss=0.3380]
Training Navine AI Text:  28%|##7       | 552/2000 [1:01:39<22:00:09, 54.70s/it, loss=0.2885]
Training Navine AI Text:  28%|##7       | 553/2000 [1:01:39<15:24:28, 38.33s/it, loss=0.2885]
Training Navine AI Text:  28%|##7       | 553/2000 [1:01:39<15:24:28, 38.33s/it, loss=0.4340]
Training Navine AI Text:  28%|##7       | 554/2000 [1:01:39<10:47:35, 26.87s/it, loss=0.4340]
Training Navine AI Text:  28%|##7       | 554/2000 [1:01:39<10:47:35, 26.87s/it, loss=0.2881]
Training Navine AI Text:  28%|##7       | 555/2000 [1:01:40<7:34:27, 18.87s/it, loss=0.2881] 
Training Navine AI Text:  28%|##7       | 555/2000 [1:01:40<7:34:27, 18.87s/it, loss=0.3727]
Training Navine AI Text:  28%|##7       | 556/2000 [1:01:40<5:19:00, 13.26s/it, loss=0.3727]
Training Navine AI Text:  28%|##7       | 556/2000 [1:01:40<5:19:00, 13.26s/it, loss=0.2582]
Training Navine AI Text:  28%|##7       | 557/2000 [1:01:40<3:44:14,  9.32s/it, loss=0.2582]
Training Navine AI Text:  28%|##7       | 557/2000 [1:01:40<3:44:14,  9.32s/it, loss=0.2828]
Training Navine AI Text:  28%|##7       | 558/2000 [1:01:40<2:37:59,  6.57s/it, loss=0.2828]
Training Navine AI Text:  28%|##7       | 558/2000 [1:01:40<2:37:59,  6.57s/it, loss=0.3165]
Training Navine AI Text:  28%|##7       | 559/2000 [1:01:40<1:51:33,  4.65s/it, loss=0.3165]
Training Navine AI Text:  28%|##7       | 559/2000 [1:01:40<1:51:33,  4.65s/it, loss=0.3556]
Training Navine AI Text:  28%|##8       | 560/2000 [1:01:41<1:20:37,  3.36s/it, loss=0.3556]
Training Navine AI Text:  28%|##8       | 560/2000 [1:01:41<1:20:37,  3.36s/it, loss=0.3343]
Training Navine AI Text:  28%|##8       | 561/2000 [1:01:42<1:04:51,  2.70s/it, loss=0.3343]
Training Navine AI Text:  28%|##8       | 561/2000 [1:01:42<1:04:51,  2.70s/it, loss=0.3031]
Training Navine AI Text:  28%|##8       | 562/2000 [1:01:42<47:34,  1.98s/it, loss=0.3031]  
Training Navine AI Text:  28%|##8       | 562/2000 [1:01:42<47:34,  1.98s/it, loss=0.3626]
Training Navine AI Text:  28%|##8       | 563/2000 [1:01:42<35:48,  1.50s/it, loss=0.3626]
Training Navine AI Text:  28%|##8       | 563/2000 [1:01:42<35:48,  1.50s/it, loss=0.3066]
Training Navine AI Text:  28%|##8       | 564/2000 [1:01:43<27:23,  1.14s/it, loss=0.3066]
Training Navine AI Text:  28%|##8       | 564/2000 [1:01:43<27:23,  1.14s/it, loss=0.2849]
Training Navine AI Text:  28%|##8       | 565/2000 [1:01:43<21:22,  1.12it/s, loss=0.2849]
Training Navine AI Text:  28%|##8       | 565/2000 [1:01:43<21:22,  1.12it/s, loss=0.3003]
Training Navine AI Text:  28%|##8       | 566/2000 [1:01:43<17:16,  1.38it/s, loss=0.3003]
Training Navine AI Text:  28%|##8       | 566/2000 [1:01:43<17:16,  1.38it/s, loss=0.2967]
Training Navine AI Text:  28%|##8       | 567/2000 [1:01:44<14:19,  1.67it/s, loss=0.2967]
Training Navine AI Text:  28%|##8       | 567/2000 [1:01:44<14:19,  1.67it/s, loss=0.3443]
Training Navine AI Text:  28%|##8       | 568/2000 [1:01:44<12:13,  1.95it/s, loss=0.3443]
Training Navine AI Text:  28%|##8       | 568/2000 [1:01:44<12:13,  1.95it/s, loss=0.3281]
Training Navine AI Text:  28%|##8       | 569/2000 [1:01:44<10:59,  2.17it/s, loss=0.3281]
Training Navine AI Text:  28%|##8       | 569/2000 [1:01:44<10:59,  2.17it/s, loss=0.3857]
Training Navine AI Text:  28%|##8       | 570/2000 [1:01:45<10:13,  2.33it/s, loss=0.3857]
Training Navine AI Text:  28%|##8       | 570/2000 [1:01:45<10:13,  2.33it/s, loss=0.3243]
Training Navine AI Text:  29%|##8       | 571/2000 [1:01:45<09:34,  2.49it/s, loss=0.3243]
Training Navine AI Text:  29%|##8       | 571/2000 [1:01:45<09:34,  2.49it/s, loss=0.3333]
Training Navine AI Text:  29%|##8       | 572/2000 [1:01:45<08:52,  2.68it/s, loss=0.3333]
Training Navine AI Text:  29%|##8       | 572/2000 [1:01:45<08:52,  2.68it/s, loss=0.3648]
Training Navine AI Text:  29%|##8       | 573/2000 [1:01:46<08:19,  2.86it/s, loss=0.3648]
Training Navine AI Text:  29%|##8       | 573/2000 [1:01:46<08:19,  2.86it/s, loss=0.2757]
Training Navine AI Text:  29%|##8       | 574/2000 [1:01:46<07:54,  3.01it/s, loss=0.2757]
Training Navine AI Text:  29%|##8       | 574/2000 [1:01:46<07:54,  3.01it/s, loss=0.3574]
Training Navine AI Text:  29%|##8       | 575/2000 [1:01:46<07:50,  3.03it/s, loss=0.3574]
Training Navine AI Text:  29%|##8       | 575/2000 [1:01:46<07:50,  3.03it/s, loss=0.3483]
Training Navine AI Text:  29%|##8       | 576/2000 [1:01:47<12:38,  1.88it/s, loss=0.3483]
Training Navine AI Text:  29%|##8       | 576/2000 [1:01:47<12:38,  1.88it/s, loss=0.3326]
Training Navine AI Text:  29%|##8       | 577/2000 [1:01:48<13:29,  1.76it/s, loss=0.3326]
Training Navine AI Text:  29%|##8       | 577/2000 [1:01:48<13:29,  1.76it/s, loss=0.3056]
Training Navine AI Text:  29%|##8       | 578/2000 [1:01:48<11:58,  1.98it/s, loss=0.3056]
Training Navine AI Text:  29%|##8       | 578/2000 [1:01:48<11:58,  1.98it/s, loss=0.3363]
Training Navine AI Text:  29%|##8       | 579/2000 [1:01:49<12:54,  1.83it/s, loss=0.3363]
Training Navine AI Text:  29%|##8       | 579/2000 [1:01:49<12:54,  1.83it/s, loss=0.3384]
Training Navine AI Text:  29%|##9       | 580/2000 [1:01:50<14:46,  1.60it/s, loss=0.3384]
Training Navine AI Text:  29%|##9       | 580/2000 [1:01:50<14:46,  1.60it/s, loss=0.3248]
Training Navine AI Text:  29%|##9       | 581/2000 [1:01:50<14:50,  1.59it/s, loss=0.3248]
Training Navine AI Text:  29%|##9       | 581/2000 [1:01:50<14:50,  1.59it/s, loss=0.3463]
Training Navine AI Text:  29%|##9       | 582/2000 [1:01:51<14:54,  1.59it/s, loss=0.3463]
Training Navine AI Text:  29%|##9       | 582/2000 [1:01:51<14:54,  1.59it/s, loss=0.2819]
Training Navine AI Text:  29%|##9       | 583/2000 [1:01:52<14:26,  1.64it/s, loss=0.2819]
Training Navine AI Text:  29%|##9       | 583/2000 [1:01:52<14:26,  1.64it/s, loss=0.3047]
Training Navine AI Text:  29%|##9       | 584/2000 [1:01:52<14:37,  1.61it/s, loss=0.3047]
Training Navine AI Text:  29%|##9       | 584/2000 [1:01:52<14:37,  1.61it/s, loss=0.3074]
Training Navine AI Text:  29%|##9       | 585/2000 [1:01:53<15:40,  1.51it/s, loss=0.3074]
Training Navine AI Text:  29%|##9       | 585/2000 [1:01:53<15:40,  1.51it/s, loss=0.3233]
Training Navine AI Text:  29%|##9       | 586/2000 [1:01:54<14:53,  1.58it/s, loss=0.3233]
Training Navine AI Text:  29%|##9       | 586/2000 [1:01:54<14:53,  1.58it/s, loss=0.3471]
Training Navine AI Text:  29%|##9       | 587/2000 [1:01:54<14:39,  1.61it/s, loss=0.3471]
Training Navine AI Text:  29%|##9       | 587/2000 [1:01:54<14:39,  1.61it/s, loss=0.2439]
Training Navine AI Text:  29%|##9       | 588/2000 [1:01:55<16:28,  1.43it/s, loss=0.2439]
Training Navine AI Text:  29%|##9       | 588/2000 [1:01:55<16:28,  1.43it/s, loss=0.2836]
Training Navine AI Text:  29%|##9       | 589/2000 [1:01:56<16:08,  1.46it/s, loss=0.2836]
Training Navine AI Text:  29%|##9       | 589/2000 [1:01:56<16:08,  1.46it/s, loss=0.2987]
Training Navine AI Text:  30%|##9       | 590/2000 [1:01:56<15:17,  1.54it/s, loss=0.2987]
Training Navine AI Text:  30%|##9       | 590/2000 [1:01:56<15:17,  1.54it/s, loss=0.3841]
Training Navine AI Text:  30%|##9       | 591/2000 [1:01:57<13:39,  1.72it/s, loss=0.3841]
Training Navine AI Text:  30%|##9       | 591/2000 [1:01:57<13:39,  1.72it/s, loss=0.2887]
Training Navine AI Text:  30%|##9       | 592/2000 [1:01:58<17:52,  1.31it/s, loss=0.2887]
Training Navine AI Text:  30%|##9       | 592/2000 [1:01:58<17:52,  1.31it/s, loss=0.2884]
Training Navine AI Text:  30%|##9       | 593/2000 [1:01:59<18:56,  1.24it/s, loss=0.2884]
Training Navine AI Text:  30%|##9       | 593/2000 [1:01:59<18:56,  1.24it/s, loss=0.3454]
Training Navine AI Text:  30%|##9       | 594/2000 [1:01:59<15:50,  1.48it/s, loss=0.3454]
Training Navine AI Text:  30%|##9       | 594/2000 [1:01:59<15:50,  1.48it/s, loss=0.3037]
Training Navine AI Text:  30%|##9       | 595/2000 [1:02:00<15:18,  1.53it/s, loss=0.3037]
Training Navine AI Text:  30%|##9       | 595/2000 [1:02:00<15:18,  1.53it/s, loss=0.2815]
Training Navine AI Text:  30%|##9       | 596/2000 [1:02:01<17:04,  1.37it/s, loss=0.2815]
Training Navine AI Text:  30%|##9       | 596/2000 [1:02:01<17:04,  1.37it/s, loss=0.2697]
Training Navine AI Text:  30%|##9       | 597/2000 [1:02:01<16:48,  1.39it/s, loss=0.2697]
Training Navine AI Text:  30%|##9       | 597/2000 [1:02:01<16:48,  1.39it/s, loss=0.3201]
Training Navine AI Text:  30%|##9       | 598/2000 [1:02:02<15:51,  1.47it/s, loss=0.3201]
Training Navine AI Text:  30%|##9       | 598/2000 [1:02:02<15:51,  1.47it/s, loss=0.3186]
Training Navine AI Text:  30%|##9       | 599/2000 [1:02:02<14:39,  1.59it/s, loss=0.3186]
Training Navine AI Text:  30%|##9       | 599/2000 [1:02:02<14:39,  1.59it/s, loss=0.3393]
Training Navine AI Text:  30%|###       | 600/2000 [1:02:03<15:07,  1.54it/s, loss=0.3393]
Step 600 | Val Loss: 5.1733
Training Navine AI Text:  30%|###       | 600/2000 [1:02:03<15:07,  1.54it/s, loss=0.3199]
Training Navine AI Text:  30%|###       | 601/2000 [1:05:52<26:54:40, 69.25s/it, loss=0.3199]
Training Navine AI Text:  30%|###       | 601/2000 [1:05:52<26:54:40, 69.25s/it, loss=0.3848]
Training Navine AI Text:  30%|###       | 602/2000 [1:05:54<18:58:14, 48.85s/it, loss=0.3848]
Training Navine AI Text:  30%|###       | 602/2000 [1:05:54<18:58:14, 48.85s/it, loss=0.3635]
Training Navine AI Text:  30%|###       | 603/2000 [1:05:54<13:18:24, 34.29s/it, loss=0.3635]
Training Navine AI Text:  30%|###       | 603/2000 [1:05:54<13:18:24, 34.29s/it, loss=0.3241]
Training Navine AI Text:  30%|###       | 604/2000 [1:05:54<9:20:58, 24.11s/it, loss=0.3241] 
Training Navine AI Text:  30%|###       | 604/2000 [1:05:54<9:20:58, 24.11s/it, loss=0.3064]
Training Navine AI Text:  30%|###       | 605/2000 [1:05:55<6:34:38, 16.97s/it, loss=0.3064]
Training Navine AI Text:  30%|###       | 605/2000 [1:05:55<6:34:38, 16.97s/it, loss=0.3527]
Training Navine AI Text:  30%|###       | 606/2000 [1:05:55<4:41:49, 12.13s/it, loss=0.3527]
Training Navine AI Text:  30%|###       | 606/2000 [1:05:55<4:41:49, 12.13s/it, loss=0.3064]
Training Navine AI Text:  30%|###       | 607/2000 [1:05:56<3:21:17,  8.67s/it, loss=0.3064]
Training Navine AI Text:  30%|###       | 607/2000 [1:05:56<3:21:17,  8.67s/it, loss=0.3223]
Training Navine AI Text:  30%|###       | 608/2000 [1:05:58<2:31:14,  6.52s/it, loss=0.3223]
Training Navine AI Text:  30%|###       | 608/2000 [1:05:58<2:31:14,  6.52s/it, loss=0.2882]
Training Navine AI Text:  30%|###       | 609/2000 [1:05:58<1:47:17,  4.63s/it, loss=0.2882]
Training Navine AI Text:  30%|###       | 609/2000 [1:05:58<1:47:17,  4.63s/it, loss=0.2589]
Training Navine AI Text:  30%|###       | 610/2000 [1:05:58<1:17:50,  3.36s/it, loss=0.2589]
Training Navine AI Text:  30%|###       | 610/2000 [1:05:58<1:17:50,  3.36s/it, loss=0.3052]
Training Navine AI Text:  31%|###       | 611/2000 [1:05:59<57:08,  2.47s/it, loss=0.3052]  
Training Navine AI Text:  31%|###       | 611/2000 [1:05:59<57:08,  2.47s/it, loss=0.3575]
Training Navine AI Text:  31%|###       | 612/2000 [1:05:59<42:12,  1.82s/it, loss=0.3575]
Training Navine AI Text:  31%|###       | 612/2000 [1:05:59<42:12,  1.82s/it, loss=0.4464]
Training Navine AI Text:  31%|###       | 613/2000 [1:05:59<31:16,  1.35s/it, loss=0.4464]
Training Navine AI Text:  31%|###       | 613/2000 [1:05:59<31:16,  1.35s/it, loss=0.2571]
Training Navine AI Text:  31%|###       | 614/2000 [1:06:00<24:32,  1.06s/it, loss=0.2571]
Training Navine AI Text:  31%|###       | 614/2000 [1:06:00<24:32,  1.06s/it, loss=0.2924]
Training Navine AI Text:  31%|###       | 615/2000 [1:06:00<19:40,  1.17it/s, loss=0.2924]
Training Navine AI Text:  31%|###       | 615/2000 [1:06:00<19:40,  1.17it/s, loss=0.3600]
Training Navine AI Text:  31%|###       | 616/2000 [1:06:00<17:05,  1.35it/s, loss=0.3600]
Training Navine AI Text:  31%|###       | 616/2000 [1:06:00<17:05,  1.35it/s, loss=0.3071]
Training Navine AI Text:  31%|###       | 617/2000 [1:06:01<15:02,  1.53it/s, loss=0.3071]
Training Navine AI Text:  31%|###       | 617/2000 [1:06:01<15:02,  1.53it/s, loss=0.3833]
Training Navine AI Text:  31%|###       | 618/2000 [1:06:01<13:15,  1.74it/s, loss=0.3833]
Training Navine AI Text:  31%|###       | 618/2000 [1:06:01<13:15,  1.74it/s, loss=0.3011]
Training Navine AI Text:  31%|###       | 619/2000 [1:06:02<12:59,  1.77it/s, loss=0.3011]
Training Navine AI Text:  31%|###       | 619/2000 [1:06:02<12:59,  1.77it/s, loss=0.3848]
Training Navine AI Text:  31%|###1      | 620/2000 [1:06:02<11:50,  1.94it/s, loss=0.3848]
Training Navine AI Text:  31%|###1      | 620/2000 [1:06:02<11:50,  1.94it/s, loss=0.3004]
Training Navine AI Text:  31%|###1      | 621/2000 [1:06:03<11:31,  2.00it/s, loss=0.3004]
Training Navine AI Text:  31%|###1      | 621/2000 [1:06:03<11:31,  2.00it/s, loss=0.2455]
Training Navine AI Text:  31%|###1      | 622/2000 [1:06:03<10:56,  2.10it/s, loss=0.2455]
Training Navine AI Text:  31%|###1      | 622/2000 [1:06:03<10:56,  2.10it/s, loss=0.2972]
Training Navine AI Text:  31%|###1      | 623/2000 [1:06:03<10:22,  2.21it/s, loss=0.2972]
Training Navine AI Text:  31%|###1      | 623/2000 [1:06:03<10:22,  2.21it/s, loss=0.3265]
Training Navine AI Text:  31%|###1      | 624/2000 [1:06:04<12:25,  1.85it/s, loss=0.3265]
Training Navine AI Text:  31%|###1      | 624/2000 [1:06:04<12:25,  1.85it/s, loss=0.3023]
Training Navine AI Text:  31%|###1      | 625/2000 [1:06:05<14:32,  1.58it/s, loss=0.3023]
Training Navine AI Text:  31%|###1      | 625/2000 [1:06:05<14:32,  1.58it/s, loss=0.3045]
Training Navine AI Text:  31%|###1      | 626/2000 [1:06:05<12:40,  1.81it/s, loss=0.3045]
Training Navine AI Text:  31%|###1      | 626/2000 [1:06:05<12:40,  1.81it/s, loss=0.3423]
Training Navine AI Text:  31%|###1      | 627/2000 [1:06:06<12:09,  1.88it/s, loss=0.3423]
Training Navine AI Text:  31%|###1      | 627/2000 [1:06:06<12:09,  1.88it/s, loss=0.3181]
Training Navine AI Text:  31%|###1      | 628/2000 [1:06:06<11:01,  2.07it/s, loss=0.3181]
Training Navine AI Text:  31%|###1      | 628/2000 [1:06:06<11:01,  2.07it/s, loss=0.4442]
Training Navine AI Text:  31%|###1      | 629/2000 [1:06:07<10:39,  2.14it/s, loss=0.4442]
Training Navine AI Text:  31%|###1      | 629/2000 [1:06:07<10:39,  2.14it/s, loss=0.4071]
Training Navine AI Text:  32%|###1      | 630/2000 [1:06:07<10:10,  2.25it/s, loss=0.4071]
Training Navine AI Text:  32%|###1      | 630/2000 [1:06:07<10:10,  2.25it/s, loss=0.2839]
Training Navine AI Text:  32%|###1      | 631/2000 [1:06:07<09:53,  2.31it/s, loss=0.2839]
Training Navine AI Text:  32%|###1      | 631/2000 [1:06:07<09:53,  2.31it/s, loss=0.3009]
Training Navine AI Text:  32%|###1      | 632/2000 [1:06:08<10:26,  2.18it/s, loss=0.3009]
Training Navine AI Text:  32%|###1      | 632/2000 [1:06:08<10:26,  2.18it/s, loss=0.4148]
Training Navine AI Text:  32%|###1      | 633/2000 [1:06:08<10:26,  2.18it/s, loss=0.4148]
Training Navine AI Text:  32%|###1      | 633/2000 [1:06:08<10:26,  2.18it/s, loss=0.3564]
Training Navine AI Text:  32%|###1      | 634/2000 [1:06:09<10:21,  2.20it/s, loss=0.3564]
Training Navine AI Text:  32%|###1      | 634/2000 [1:06:09<10:21,  2.20it/s, loss=0.2797]
Training Navine AI Text:  32%|###1      | 635/2000 [1:06:09<10:45,  2.12it/s, loss=0.2797]
Training Navine AI Text:  32%|###1      | 635/2000 [1:06:09<10:45,  2.12it/s, loss=0.2917]
Training Navine AI Text:  32%|###1      | 636/2000 [1:06:10<09:45,  2.33it/s, loss=0.2917]
Training Navine AI Text:  32%|###1      | 636/2000 [1:06:10<09:45,  2.33it/s, loss=0.3082]
Training Navine AI Text:  32%|###1      | 637/2000 [1:06:10<08:48,  2.58it/s, loss=0.3082]
Training Navine AI Text:  32%|###1      | 637/2000 [1:06:10<08:48,  2.58it/s, loss=0.3101]
Training Navine AI Text:  32%|###1      | 638/2000 [1:06:10<08:35,  2.64it/s, loss=0.3101]
Training Navine AI Text:  32%|###1      | 638/2000 [1:06:10<08:35,  2.64it/s, loss=0.3419]
Training Navine AI Text:  32%|###1      | 639/2000 [1:06:11<09:13,  2.46it/s, loss=0.3419]
Training Navine AI Text:  32%|###1      | 639/2000 [1:06:11<09:13,  2.46it/s, loss=0.2963]
Training Navine AI Text:  32%|###2      | 640/2000 [1:06:12<11:09,  2.03it/s, loss=0.2963]
Training Navine AI Text:  32%|###2      | 640/2000 [1:06:12<11:09,  2.03it/s, loss=0.2991]
Training Navine AI Text:  32%|###2      | 641/2000 [1:06:12<13:12,  1.71it/s, loss=0.2991]
Training Navine AI Text:  32%|###2      | 641/2000 [1:06:12<13:12,  1.71it/s, loss=0.3493]
Training Navine AI Text:  32%|###2      | 642/2000 [1:06:13<12:03,  1.88it/s, loss=0.3493]
Training Navine AI Text:  32%|###2      | 642/2000 [1:06:13<12:03,  1.88it/s, loss=0.3344]
Training Navine AI Text:  32%|###2      | 643/2000 [1:06:13<10:37,  2.13it/s, loss=0.3344]
Training Navine AI Text:  32%|###2      | 643/2000 [1:06:13<10:37,  2.13it/s, loss=0.2977]
Training Navine AI Text:  32%|###2      | 644/2000 [1:06:14<14:01,  1.61it/s, loss=0.2977]
Training Navine AI Text:  32%|###2      | 644/2000 [1:06:14<14:01,  1.61it/s, loss=0.3479]
Training Navine AI Text:  32%|###2      | 645/2000 [1:06:14<12:21,  1.83it/s, loss=0.3479]
Training Navine AI Text:  32%|###2      | 645/2000 [1:06:14<12:21,  1.83it/s, loss=0.3601]
Training Navine AI Text:  32%|###2      | 646/2000 [1:06:15<11:01,  2.05it/s, loss=0.3601]
Training Navine AI Text:  32%|###2      | 646/2000 [1:06:15<11:01,  2.05it/s, loss=0.3235]
Training Navine AI Text:  32%|###2      | 647/2000 [1:06:15<10:28,  2.15it/s, loss=0.3235]
Training Navine AI Text:  32%|###2      | 647/2000 [1:06:15<10:28,  2.15it/s, loss=0.3550]
Training Navine AI Text:  32%|###2      | 648/2000 [1:06:16<10:29,  2.15it/s, loss=0.3550]
Training Navine AI Text:  32%|###2      | 648/2000 [1:06:16<10:29,  2.15it/s, loss=0.3864]
Training Navine AI Text:  32%|###2      | 649/2000 [1:06:16<10:17,  2.19it/s, loss=0.3864]
Training Navine AI Text:  32%|###2      | 649/2000 [1:06:16<10:17,  2.19it/s, loss=0.3587]
Training Navine AI Text:  32%|###2      | 650/2000 [1:06:17<09:55,  2.27it/s, loss=0.3587]
